flow_id,spi,scenario_id,traffic_type,dscp_label,label_source,pkt_len_min,pkt_len_max,pkt_len_mean,pkt_len_var,pkt_len_std,pkt_len_median,pkt_len_q25,pkt_len_q75,pkt_len_iqr,iat_min,iat_max,iat_mean,iat_var,iat_std,burst_count,burst_len_mean,burst_len_max,burst_bytes_mean,flow_duration_s,total_packets,total_bytes,packet_rate_pps,byte_rate_bps,forward_packet_ratio,forward_byte_ratio
flow_0005,0x10000005,06,VoIP,46,correlator,133.1212,216.0741,166.4767,322.9842,17.9718,166.1673,153.8964,179.0569,25.1605,0.012138,0.035399,0.021442,2.164e-05,0.004652,60,4.1671,7.3094,693.7212,8.8403,412,68588,46.6045,7758.5192,0.4797,0.4797
flow_0017,0x10000011,06,VoIP,46,correlator,74.531,106.7577,88.6543,20.9351,4.5755,89.4317,85.4515,91.8572,6.4057,0.021107,0.042081,0.029497,1.76e-05,0.004195,65,2.0634,5.277,182.9333,13.6837,463,41046,33.8359,2999.6283,0.4805,0.4626
flow_0029,0x1000001d,06,VoIP,46,correlator,95.5022,128.6245,106.2783,22.7736,4.7722,105.9203,102.9378,109.6188,6.681,0.014512,0.056056,0.03113,6.903e-05,0.008309,151,3.8489,5.2118,409.0573,30.6271,983,104471,32.0957,3411.0626,0.523,0.5314
flow_0041,0x10000029,06,VoIP,46,correlator,183.4233,238.1034,203.3203,94.4743,9.7198,201.5453,196.5164,210.1241,13.6077,0.008899,0.037238,0.020235,3.212e-05,0.005668,50,4.4062,9.6235,895.8657,11.1383,550,111826,49.3791,10039.7609,0.5194,0.5008
flow_0053,0x10000035,06,VoIP,46,correlator,139.7859,221.7937,169.5432,293.2987,17.126,169.5553,157.555,181.5314,23.9764,0.014389,0.051994,0.029431,5.656e-05,0.007521,46,4.9753,5.02,843.5323,14.3989,489,82906,33.9609,5757.7907,0.471,0.4907
flow_0065,0x10000041,06,VoIP,46,correlator,95.6236,132.1312,109.7151,34.5161,5.875,110.1669,105.6026,113.8276,8.2251,0.009832,0.039657,0.021762,3.558e-05,0.005965,49,4.3834,8.1135,480.922,9.8539,452,49591,45.8699,5032.6024,0.5151,0.5268
flow_0077,0x1000004d,06,VoIP,46,correlator,106.6097,191.9717,141.3935,144.3845,12.016,141.1496,132.9823,149.8047,16.8224,0.017913,0.052087,0.031582,4.672e-05,0.006835,66,2.2783,6.9724,322.1324,27.9408,884,124991,31.6383,4473.4151,0.5143,0.5046
flow_0089,0x10000059,06,VoIP,46,correlator,84.2221,121.8655,97.0441,41.3301,6.4288,98.277,92.5439,101.5443,9.0004,0.020814,0.044054,0.03011,2.16e-05,0.004648,31,4.5132,6.422,437.9746,12.3808,411,39885,33.1967,3221.5292,0.4882,0.5032
flow_0101,0x10000065,06,VoIP,46,correlator,183.8793,237.1071,206.4848,54.7814,7.4014,207.3628,201.3038,211.6658,10.362,0.021159,0.04435,0.030435,2.151e-05,0.004638,67,2.3818,7.7512,491.8113,18.1169,595,122858,32.8423,6781.4034,0.5123,0.4951
flow_0113,0x10000071,06,VoIP,46,correlator,169.1793,217.6705,190.5615,193.0163,13.893,189.8653,180.8364,200.2866,19.4502,0.012934,0.056191,0.030237,7.485e-05,0.008651,46,3.1483,9.8999,599.9543,18.5099,612,116623,33.0634,6300.5748,0.523,0.5151
flow_0125,0x1000007d,06,VoIP,46,correlator,81.4622,113.5436,95.2081,28.3312,5.3227,95.2191,91.4822,98.934,7.4518,0.015275,0.051003,0.029566,5.106e-05,0.007146,102,4.278,7.7699,407.3024,24.5124,829,78927,33.8196,3219.8744,0.4713,0.4639
flow_0137,0x10000089,06,VoIP,46,correlator,133.802,200.7539,160.1626,447.7992,21.1613,160.1772,145.3497,174.9754,29.6258,0.007501,0.043532,0.021913,5.193e-05,0.007206,88,3.3448,6.3974,535.7048,26.6682,1216,194757,45.5974,7302.9747,0.5213,0.5169
flow_0149,0x10000095,06,VoIP,46,correlator,125.9369,194.4032,154.7551,152.8565,12.3635,154.5748,146.1007,163.4096,17.3089,0.010362,0.036659,0.020881,2.766e-05,0.005259,92,4.3156,6.8943,667.8584,20.7792,995,153981,47.8845,7410.3482,0.5053,0.5239
flow_0161,0x100000a1,06,VoIP,46,correlator,186.9903,236.4638,202.9596,139.3724,11.8056,203.4641,194.6957,211.2236,16.5279,0.01055,0.036863,0.021076,2.769e-05,0.005263,127,4.1551,7.9309,843.3078,36.0219,1709,346858,47.4433,9629.079,0.4893,0.4972
flow_0173,0x100000ad,06,VoIP,46,correlator,121.9679,189.0594,158.2698,137.5902,11.7299,160.2905,150.0589,166.4807,16.4218,0.016989,0.048761,0.029698,4.038e-05,0.006354,50,4.4578,7.4642,705.5318,20.9952,706,111738,33.6267,5322.0614,0.5164,0.5072
flow_0185,0x100000b9,06,VoIP,46,correlator,135.2404,200.9274,165.5116,334.9859,18.3026,164.9262,152.6998,178.3234,25.6237,0.008624,0.038608,0.020618,3.596e-05,0.005997,79,2.2254,8.6992,368.3325,22.2603,1079,178587,48.4719,8022.6586,0.5293,0.5432
flow_0197,0x100000c5,06,VoIP,46,correlator,74.5581,105.0905,87.519,38.0907,6.1718,88.3276,83.1988,91.8393,8.6405,0.0149,0.052275,0.02985,5.588e-05,0.007475,48,3.9524,5.6409,345.9135,14.7828,495,43321,33.4849,2930.5059,0.5258,0.5261
flow_0209,0x100000d1,06,VoIP,46,correlator,99.5821,133.1705,109.9004,43.0071,6.558,108.3293,105.3098,114.491,9.1812,0.00822,0.040508,0.021135,4.17e-05,0.006458,116,3.7956,6.7693,417.1363,14.8003,700,76930,47.2963,5197.8653,0.4774,0.4649
flow_0221,0x100000dd,06,VoIP,46,correlator,131.287,213.4149,168.3072,406.526,20.1625,168.4931,154.1935,182.421,28.2275,0.012427,0.035226,0.021546,2.079e-05,0.00456,52,2.8249,5.131,475.4532,16.2523,754,126903,46.3933,7808.2926,0.4846,0.4792
flow_0233,0x100000e9,06,VoIP,46,correlator,105.3526,187.9801,140.0257,282.4185,16.8053,142.8401,128.262,151.7894,23.5274,0.018625,0.050637,0.03143,4.099e-05,0.006403,39,4.1218,9.9397,577.1581,18.2887,581,81354,31.7682,4448.3109,0.5283,0.545
flow_0245,0x100000f5,06,VoIP,46,correlator,120.9605,186.0792,147.3789,459.1348,21.4274,148.837,132.3797,162.3781,29.9984,0.01047,0.034656,0.020144,2.34e-05,0.004837,219,3.6276,8.7598,534.6363,30.2101,1499,220920,49.6191,7312.7834,0.4954,0.4874
flow_0257,0x10000101,06,VoIP,46,correlator,190.2363,236.9347,208.4776,64.9491,8.0591,206.5918,202.8362,214.119,11.2827,0.007317,0.040028,0.020401,4.28e-05,0.006542,108,2.3596,9.9952,491.9315,15.5365,761,158651,48.9814,10211.4981,0.4947,0.4748
flow_0269,0x1000010d,06,VoIP,46,correlator,130.3254,195.2596,159.2224,173.7368,13.1809,160.2106,149.9957,168.449,18.4533,0.018958,0.049445,0.031153,3.718e-05,0.006097,96,3.3458,9.141,532.7252,32.7544,1051,167342,32.0873,5108.9953,0.521,0.5127
flow_0281,0x10000119,06,VoIP,46,correlator,76.0965,111.4923,90.4603,22.1448,4.7058,90.8101,87.1662,93.7544,6.5882,0.006045,0.040351,0.019767,4.707e-05,0.006861,37,4.319,5.3358,390.6972,9.212,466,42154,50.5861,4575.9791,0.4803,0.4757
flow_0293,0x10000125,06,VoIP,46,correlator,83.7307,120.9007,96.7084,30.2767,5.5024,96.7087,92.8567,100.5601,7.7034,0.010998,0.032229,0.01949,1.803e-05,0.004246,40,2.452,6.2851,237.1251,9.9344,509,49224,51.2359,4954.887,0.5165,0.5179
flow_0305,0x10000131,06,VoIP,46,correlator,130.3447,209.5246,166.8806,439.0216,20.9528,167.11,152.2136,181.5476,29.334,0.018024,0.05209,0.031651,4.642e-05,0.006813,66,2.6082,6.0567,435.2523,26.3793,833,139011,31.5778,5269.7005,0.5287,0.5261
flow_0317,0x1000013d,06,VoIP,46,correlator,128.449,204.0067,157.5363,283.4422,16.8357,158.5282,145.7513,169.3213,23.57,0.014954,0.05539,0.031128,6.54e-05,0.008087,120,3.3397,5.0303,526.1308,22.7014,729,114843,32.1126,5058.8613,0.4745,0.4717
flow_0329,0x10000149,06,VoIP,46,correlator,84.2843,119.2394,98.2876,50.8705,7.1324,98.0421,93.295,103.2803,9.9853,0.019268,0.048782,0.031073,3.484e-05,0.005903,140,4.9419,6.1389,485.7296,35.4474,1140,112047,32.1604,3160.9394,0.4842,0.4985
flow_0341,0x10000155,06,VoIP,46,correlator,181.1578,223.1687,196.5764,59.4525,7.7105,197.0011,191.1791,201.9738,10.7948,0.02091,0.048459,0.03193,3.036e-05,0.00551,56,3.4333,9.3725,674.8974,14.4819,453,89049,31.2805,6149.0031,0.5,0.4822
flow_0353,0x10000161,06,VoIP,46,correlator,72.1453,110.2934,85.3064,26.8137,5.1782,84.2292,81.6817,88.9312,7.2495,0.006136,0.040409,0.019845,4.698e-05,0.006854,95,3.9146,6.7251,333.9422,17.2838,870,74216,50.3362,4293.9685,0.4938,0.4754
flow_0365,0x1000016d,06,VoIP,46,correlator,136.6648,227.3666,175.3535,137.3149,11.7181,175.4911,167.1508,183.5562,16.4054,0.010722,0.037011,0.021238,2.764e-05,0.005258,188,2.9703,9.3021,520.8451,32.5398,1532,268641,47.0808,8255.765,0.485,0.5036
flow_0377,0x10000179,06,VoIP,46,correlator,164.3376,210.1552,186.298,172.531,13.1351,186.6552,177.1035,195.4926,18.3891,0.008222,0.041409,0.021497,4.405e-05,0.006637,201,3.6474,7.5795,679.5075,40.1474,1867,347818,46.5036,8663.5174,0.5242,0.5108
flow_0389,0x10000185,06,VoIP,46,correlator,82.1109,120.9703,96.5569,23.7938,4.8779,93.425,93.1424,99.9714,6.8291,0.017987,0.05141,0.031356,4.469e-05,0.006685,205,2.7538,5.2167,265.8974,39.9532,1274,123013,31.8873,3078.9271,0.5192,0.5225
flow_0401,0x10000191,06,VoIP,46,correlator,91.6105,122.4828,105.9659,19.9556,4.4672,106.8631,102.8389,109.0929,6.254,0.020248,0.043432,0.029521,2.15e-05,0.004637,118,2.0619,9.9705,218.4915,24.8714,842,89223,33.8541,3587.3678,0.5226,0.5391
flow_0413,0x1000019d,06,VoIP,46,correlator,126.4821,186.6155,155.8307,406.1275,20.1526,155.9861,141.7238,169.9375,28.2136,0.02181,0.04541,0.03125,2.228e-05,0.00472,117,2.4662,7.6669,384.3094,30.1514,964,150220,31.9719,4982.1818,0.5117,0.4996
flow_0425,0x100001a9,06,VoIP,46,correlator,171.9878,222.9152,188.2716,57.9596,7.6131,188.1453,182.9424,193.6008,10.6584,0.02157,0.044839,0.030878,2.166e-05,0.004654,36,4.277,8.966,805.2292,12.9339,418,78697,32.3181,6084.5433,0.4793,0.4816
flow_0437,0x100001b5,06,VoIP,46,correlator,125.82,212.5272,160.0686,338.2564,18.3917,159.6337,147.1944,172.9429,25.7484,0.016571,0.052482,0.030936,5.158e-05,0.007182,66,3.3307,8.7881,533.1421,24.0255,776,124213,32.299,5170.0518,0.5281,0.5465
flow_0449,0x100001c1,06,VoIP,46,correlator,85.8693,120.0658,98.1466,16.543,4.0673,98.5623,95.2995,100.9937,5.6942,0.019593,0.04894,0.031332,3.445e-05,0.005869,114,4.3962,9.4259,431.4709,24.2185,772,75769,31.8765,3128.5647,0.4948,0.4846
flow_0461,0x100001cd,06,VoIP,46,correlator,96.2586,132.551,107.8034,24.6603,4.9659,109.35,104.3273,111.2796,6.9523,0.009554,0.037473,0.020722,3.118e-05,0.005584,124,4.7166,7.8173,508.4701,31.8264,1535,165478,48.2303,5199.387,0.4741,0.4649
flow_0473,0x100001d9,06,VoIP,46,correlator,132.6654,196.4109,162.7276,462.0367,21.495,164.1687,147.6811,177.7741,30.0931,0.021567,0.045243,0.031037,2.242e-05,0.004735,86,3.1481,8.4501,512.2878,37.8417,1219,198364,32.2131,5241.9379,0.4838,0.4899
flow_0485,0x100001e5,06,VoIP,46,correlator,75.0466,104.7903,87.918,29.9596,5.4735,88.104,84.0865,91.7494,7.663,0.01787,0.051912,0.031487,4.636e-05,0.006809,68,4.0612,5.3962,357.0492,31.9086,1013,89060,31.7469,2791.0945,0.5245,0.5302
flow_0497,0x100001f1,06,VoIP,46,correlator,110.4882,192.1598,147.2078,147.0885,12.128,148.259,138.7182,155.6974,16.9792,0.011232,0.033303,0.02006,1.949e-05,0.004414,104,3.4404,6.3729,506.4576,22.3303,1113,163842,49.8425,7337.1909,0.4955,0.5118
flow_0509,0x100001fd,06,VoIP,46,correlator,83.0394,116.6276,94.625,52.9857,7.2791,93.0312,89.5296,99.7204,10.1908,0.012104,0.033305,0.020585,1.798e-05,0.00424,60,4.3802,8.882,414.476,15.9275,773,73145,48.5325,4592.3816,0.4785,0.4806
flow_0521,0x10000209,06,VoIP,46,correlator,108.7982,180.5067,145.8635,466.814,21.6059,145.0398,130.7394,160.9876,30.2482,0.017857,0.046391,0.02927,3.257e-05,0.005707,114,2.7822,8.5938,405.8226,30.334,1036,151114,34.1531,4981.676,0.5145,0.5076
flow_0533,0x10000215,06,VoIP,46,correlator,91.1831,126.2626,105.3836,61.838,7.8637,104.3473,99.879,110.8882,11.0092,0.017807,0.050866,0.031031,4.372e-05,0.006612,31,4.2918,8.5494,452.2811,8.0836,260,27399,32.164,3389.4689,0.4899,0.4949
flow_0545,0x10000221,06,VoIP,46,correlator,122.1699,206.5712,156.5293,324.7757,18.0215,158.5698,143.9142,169.1444,25.2301,0.002,0.045777,0.019342,7.764e-05,0.008812,200,3.8742,6.0641,606.4301,41.4451,2142,335285,51.6828,8089.8564,0.4969,0.485
flow_0557,0x1000022d,06,VoIP,46,correlator,140.2631,203.2042,170.278,226.9,15.0632,169.591,159.7337,180.8222,21.0885,0.004222,0.042712,0.019618,5.926e-05,0.007698,143,4.1695,9.182,709.9708,31.52,1606,273466,50.9518,8675.9482,0.4945,0.4915
flow_0569,0x10000239,06,VoIP,46,correlator,125.8893,208.5841,162.0432,299.3854,17.3028,162.33,149.9313,174.1551,24.2239,0.017816,0.051769,0.031397,4.611e-05,0.006791,162,4.033,8.6851,653.5237,37.2957,1187,192345,31.8267,5157.3008,0.488,0.503
flow_0581,0x10000245,06,VoIP,46,correlator,127.4806,193.4495,154.3686,160.7887,12.6802,154.0444,145.4924,163.2448,17.7523,0.014755,0.053205,0.030135,5.913e-05,0.00769,141,3.6124,6.6758,557.6448,36.2379,1202,185551,33.1697,5120.3517,0.5171,0.5227
flow_0593,0x10000251,06,VoIP,46,correlator,140.8977,208.4066,172.541,208.0064,14.4224,172.5502,162.4453,182.6367,20.1914,0.010661,0.036163,0.020862,2.601e-05,0.0051,137,3.606,6.0973,622.1901,23.9583,1148,198077,47.9167,8267.587,0.5221,0.5319
flow_0605,0x1000025d,06,VoIP,46,correlator,92.8661,124.7442,105.4993,44.2046,6.6487,105.4278,100.8452,110.1533,9.3081,0.011404,0.032064,0.019668,1.707e-05,0.004132,151,3.1628,7.7832,333.6683,30.1982,1535,161941,50.8308,5362.5968,0.5282,0.5208
flow_0617,0x10000269,06,VoIP,46,correlator,96.4902,129.3807,106.8121,59.0763,7.6861,107.7042,101.4318,112.1924,10.7606,0.018107,0.049846,0.030803,4.029e-05,0.006348,200,2.9405,9.6293,314.0841,39.6732,1287,137467,32.44,3464.982,0.527,0.5467
flow_0629,0x10000275,06,VoIP,46,correlator,166.0146,214.1954,190.4364,153.9638,12.4082,191.1529,181.7507,199.1222,17.3715,0.009724,0.036909,0.020598,2.956e-05,0.005437,99,3.7604,9.8669,716.1139,15.5691,755,143779,48.4934,9234.8842,0.5226,0.5036
flow_0641,0x10000281,06,VoIP,46,correlator,176.9461,234.3667,199.8363,61.646,7.8515,198.8347,194.3403,205.3324,10.9921,0.021786,0.044656,0.030934,2.092e-05,0.004574,70,3.8313,6.477,765.6389,29.1351,941,188045,32.2978,6454.2412,0.5134,0.4993
flow_0653,0x1000028d,06,VoIP,46,correlator,184.9238,228.7561,203.0327,121.8116,11.0368,203.542,195.3069,210.7585,15.4516,0.014132,0.033554,0.021901,1.509e-05,0.003884,67,3.1987,9.4213,649.4332,8.9869,410,83243,45.6221,9262.7417,0.5192,0.5357
flow_0665,0x10000299,06,VoIP,46,correlator,80.56,110.9885,92.2934,20.7937,4.56,93.3956,89.1014,95.4855,6.384,0.009917,0.035975,0.02034,2.716e-05,0.005212,74,3.4427,8.6036,317.7408,14.1178,694,64051,49.1577,4536.8845,0.5127,0.5008
flow_0677,0x100002a5,06,VoIP,46,correlator,176.9326,228.4224,195.1117,56.4828,7.5155,195.6806,189.8508,200.3725,10.5217,0.007866,0.040851,0.02106,4.352e-05,0.006597,198,3.9828,9.3652,777.0919,35.0976,1666,325056,47.4677,9261.4918,0.5066,0.4951
flow_0689,0x100002b1,06,VoIP,46,correlator,167.998,216.323,187.9204,142.5676,11.9402,188.7445,179.5623,196.2785,16.7162,0.019599,0.048204,0.031041,3.273e-05,0.005721,86,4.1283,9.1165,775.7965,32.3949,1043,196000,32.1965,6050.3419,0.5024,0.4902
flow_0701,0x100002bd,06,VoIP,46,correlator,141.8442,206.4409,167.8247,346.145,18.605,168.3863,154.8012,180.8482,26.047,0.019329,0.046119,0.030045,2.871e-05,0.005358,114,4.8706,9.6267,817.4023,36.695,1221,204913,33.2743,5584.2192,0.4984,0.4848
flow_0713,0x100002c9,06,VoIP,46,correlator,93.5848,125.7348,105.7597,22.1266,4.7039,106.4574,102.467,109.0524,6.5854,0.01633,0.050223,0.029887,4.595e-05,0.006779,197,3.6917,5.8672,390.438,36.3626,1216,128603,33.4409,3536.6817,0.4868,0.4682
flow_0725,0x100002d5,06,VoIP,46,correlator,123.0366,203.4169,151.6654,242.3052,15.5662,151.9136,140.7691,162.5617,21.7926,0.011249,0.037843,0.021886,2.829e-05,0.005319,266,2.3123,5.8093,350.7032,36.1644,1652,250551,45.6803,6928.1148,0.4887,0.4849
flow_0737,0x100002e1,06,VoIP,46,correlator,98.5164,132.8216,109.1029,28.1817,5.3086,108.0435,105.3868,112.8189,7.4321,0.010107,0.034704,0.019946,2.42e-05,0.00492,169,4.259,8.2865,464.6659,27.2415,1365,148925,50.1073,5466.8329,0.5112,0.4989
flow_0749,0x100002ed,06,VoIP,46,correlator,121.7928,194.5026,158.5003,153.7556,12.3998,158.9642,149.8205,167.1802,17.3598,0.019753,0.043249,0.029152,2.208e-05,0.004699,69,2.8083,7.8032,445.1181,21.0871,723,114595,34.2864,5434.3698,0.5227,0.5245
flow_0761,0x100002f9,06,VoIP,46,correlator,119.7621,193.3147,145.2884,406.9333,20.1726,145.6152,131.1676,159.4092,28.2416,0.021916,0.043675,0.03062,1.894e-05,0.004352,42,4.5479,6.6062,660.7502,16.8231,549,79763,32.6336,4741.2676,0.4864,0.4771
flow_0773,0x10000305,06,VoIP,46,correlator,164.1513,219.7894,186.9268,51.2465,7.1587,187.464,181.9157,191.9379,10.0221,0.020952,0.042171,0.02944,1.801e-05,0.004244,43,3.0364,7.4778,567.5918,16.8506,572,106922,33.9455,6345.3071,0.5104,0.5233
flow_0785,0x10000311,06,VoIP,46,correlator,138.4524,212.821,166.0916,355.0866,18.8437,167.1745,152.901,179.2823,26.3812,0.017675,0.04854,0.030021,3.811e-05,0.006173,48,3.2282,8.5136,536.1774,18.7285,623,103475,33.2647,5524.9904,0.5144,0.5214
flow_0797,0x1000031d,06,VoIP,46,correlator,147.8133,210.2297,177.6334,165.9888,12.8837,176.8363,168.6148,186.6519,18.0371,0.007232,0.040167,0.020406,4.339e-05,0.006587,187,2.7001,7.2564,479.6288,40.7837,1998,354911,48.9902,8702.2749,0.4818,0.4689
flow_0809,0x10000329,06,VoIP,46,correlator,92.8781,127.558,105.5001,19.4981,4.4157,106.3741,102.4092,108.5911,6.1819,0.02379,0.04218,0.031146,1.353e-05,0.003678,229,3.8855,5.8588,409.9241,44.2855,1421,149915,32.0872,3385.1935,0.5132,0.496
flow_0821,0x10000335,06,VoIP,46,correlator,182.7025,222.0262,200.7154,98.3194,9.9156,199.4392,193.7745,207.6563,13.8819,0.018532,0.048567,0.030546,3.608e-05,0.006007,100,4.8376,5.5087,970.9759,30.9522,1013,203324,32.7279,6568.9671,0.5228,0.5348
flow_0833,0x10000341,06,VoIP,46,correlator,90.0092,125.0303,102.5558,36.6203,6.0515,102.1555,98.3198,106.7918,8.4721,0.010358,0.032741,0.019311,2.004e-05,0.004477,107,4.8159,6.1986,493.8998,22.8289,1182,121220,51.7766,5309.9447,0.51,0.4961
flow_0845,0x1000034d,06,VoIP,46,correlator,168.6155,220.8426,188.7404,133.0273,11.5337,188.7177,180.6668,196.814,16.1472,0.018092,0.051156,0.031318,4.373e-05,0.006613,71,4.0929,8.3503,772.5041,27.8343,888,167601,31.9031,6021.3841,0.4929,0.5061
flow_0857,0x10000359,06,VoIP,46,correlator,140.56,210.9141,170.9976,384.093,19.5983,171.8758,157.2788,184.7164,27.4376,0.012058,0.034291,0.020951,1.977e-05,0.004447,46,2.956,9.333,505.4677,11.8579,565,96613,47.6474,8147.5414,0.5251,0.5391
flow_0869,0x10000365,06,VoIP,46,correlator,171.0105,208.8308,188.445,110.8811,10.53,188.2361,181.074,195.816,14.742,0.011616,0.034212,0.020655,2.042e-05,0.004519,183,4.8836,6.75,920.2939,42.8341,2073,390646,48.3961,9119.9871,0.4701,0.4814
flow_0881,0x10000371,06,VoIP,46,correlator,92.6895,119.8271,103.7232,44.5786,6.6767,102.4258,99.0495,108.3969,9.3474,0.017479,0.047141,0.029344,3.519e-05,0.005932,44,2.4718,6.4927,256.3811,19.5736,667,69183,34.0765,3534.5048,0.5252,0.5438
flow_0893,0x1000037d,06,VoIP,46,correlator,119.9138,201.4244,149.4011,218.0344,14.766,147.2659,139.0649,159.7373,20.6724,0.007022,0.040991,0.02061,4.616e-05,0.006794,121,3.5797,7.2587,534.8146,37.2373,1806,269818,48.4997,7245.9051,0.4906,0.5095
flow_0905,0x10000389,06,VoIP,46,correlator,139.8317,209.9402,171.8366,395.5132,19.8875,171.3132,157.9153,185.7579,27.8425,0.006778,0.041997,0.020866,4.962e-05,0.007044,48,2.6683,5.9979,458.5178,9.9538,477,81966,47.9213,8234.6264,0.5093,0.4898
flow_0917,0x10000395,06,VoIP,46,correlator,144.5121,215.9025,175.0489,404.5541,20.1135,174.923,160.9694,189.1283,28.1589,0.01804,0.049897,0.030783,4.059e-05,0.006371,115,2.0317,9.1974,355.6413,44.4743,1444,252770,32.4682,5683.5087,0.5122,0.5146
flow_0929,0x100003a1,06,VoIP,46,correlator,96.2044,126.6225,109.3499,30.8942,5.5583,109.3299,105.4591,113.2407,7.7816,0.012017,0.055652,0.029471,7.616e-05,0.008727,38,3.4512,9.2031,377.3852,15.5953,529,57846,33.9204,3709.1897,0.5275,0.5244
flow_0941,0x100003ad,06,VoIP,46,correlator,173.4594,229.0491,194.432,64.1435,8.009,194.9362,188.8257,200.0383,11.2126,0.019145,0.047579,0.030519,3.234e-05,0.005687,79,3.7063,9.1872,720.6169,31.8108,1042,202598,32.7562,6368.8415,0.492,0.5085
flow_0953,0x100003b9,06,VoIP,46,correlator,109.1163,191.355,143.3554,304.649,17.4542,143.724,131.1375,155.5734,24.4359,0.017408,0.050725,0.030735,4.44e-05,0.006663,143,3.379,8.1795,484.3926,39.9408,1299,186218,32.5232,4662.356,0.4889,0.476
flow_0965,0x100003c5,06,VoIP,46,correlator,125.6677,201.7497,165.6545,245.6906,15.6745,165.9368,154.6823,176.6267,21.9443,0.002,0.045388,0.019309,7.557e-05,0.008693,96,3.8641,8.3572,640.108,26.0618,1349,223467,51.7617,8574.5178,0.5164,0.4991
flow_0977,0x100003d1,06,VoIP,46,correlator,74.3257,109.4133,87.2093,20.3447,4.5105,87.0938,84.052,90.3667,6.3147,0.01793,0.052087,0.031593,4.667e-05,0.006831,107,3.182,9.6023,277.4967,42.6013,1348,117558,31.6422,2759.4922,0.4835,0.4869
flow_0989,0x100003dd,06,VoIP,46,correlator,87.2222,117.424,100.2956,24.6895,4.9689,100.5635,96.8174,103.7738,6.9564,0.01784,0.047524,0.029713,3.525e-05,0.005937,88,2.4548,5.6361,246.2097,19.4165,653,65492,33.6312,3373.0045,0.4964,0.4765
flow_1001,0x100003e9,06,VoIP,46,correlator,102.3119,171.7385,140.3488,216.0871,14.6999,139.8999,130.0589,150.6388,20.5799,0.018109,0.048394,0.030223,3.669e-05,0.006057,36,3.7474,9.4543,525.9463,11.7111,387,54315,33.0457,4637.9247,0.4756,0.4692
flow_1013,0x100003f5,06,VoIP,46,correlator,174.1962,225.1566,193.554,36.0664,6.0055,193.5394,189.3501,197.7579,8.4077,0.005093,0.041244,0.019553,5.228e-05,0.00723,161,3.6261,6.5753,701.844,33.1736,1696,328267,51.1249,9895.4146,0.4888,0.4986
flow_1025,0x10000401,06,VoIP,46,correlator,94.0472,125.8146,108.1616,61.5315,7.8442,107.9457,102.6707,113.6526,10.9819,0.007567,0.038345,0.019878,3.789e-05,0.006156,58,3.672,9.4723,397.1708,14.0978,709,76686,50.2916,5439.5748,0.4845,0.4713
flow_1037,0x1000040d,06,VoIP,46,correlator,77.7574,108.1826,92.7129,40.0475,6.3283,94.0834,88.283,97.1427,8.8596,0.016396,0.04848,0.02923,4.117e-05,0.006417,165,4.4031,8.1253,408.2217,33.687,1152,106805,34.1972,3170.5153,0.4761,0.4675
flow_1049,0x10000419,06,VoIP,46,correlator,80.2518,107.2686,91.6336,46.6543,6.8304,91.2425,86.8524,96.4149,9.5626,0.004657,0.042754,0.019896,5.806e-05,0.00762,105,3.1594,6.451,289.5091,22.2751,1119,102538,50.2355,4603.2639,0.4704,0.4845
flow_1061,0x10000425,06,VoIP,46,correlator,156.0473,208.72,180.0642,140.766,11.8645,180.343,171.7591,188.3694,16.6103,0.0038,0.044835,0.020214,6.736e-05,0.008207,69,2.7008,6.0456,486.3255,17.2857,855,153954,49.4629,8906.4401,0.4707,0.462
flow_1073,0x10000431,06,VoIP,46,correlator,108.2135,201.4042,148.165,385.189,19.6262,148.2701,134.4267,161.9034,27.4767,0.015047,0.032071,0.021856,1.159e-05,0.003405,59,4.379,9.4182,648.8176,14.9575,684,101344,45.7297,6775.4778,0.488,0.4837
flow_1085,0x1000043d,06,VoIP,46,correlator,106.9395,181.9656,146.3675,221.2154,14.8733,147.4595,135.9562,156.7788,20.8226,0.009424,0.038638,0.021109,3.414e-05,0.005843,79,4.2784,7.5994,626.2244,23.305,1104,161589,47.3717,6933.6481,0.4981,0.5165
flow_1097,0x10000449,06,VoIP,46,correlator,140.9082,221.6248,173.0905,206.6789,14.3763,172.6134,163.027,183.1539,20.1269,0.018553,0.05085,0.031472,4.172e-05,0.006459,34,4.8409,8.0991,837.9205,16.0715,510,88276,31.7333,5492.715,0.529,0.5291
flow_1109,0x10000455,06,VoIP,46,correlator,128.1781,201.9654,156.2991,232.3569,15.2433,155.5004,145.6288,166.9694,21.3406,0.023613,0.044457,0.031951,1.738e-05,0.004169,70,2.3453,8.6971,366.5634,26.9057,842,131603,31.2945,4891.2671,0.5089,0.5086
flow_1121,0x10000461,06,VoIP,46,correlator,85.6758,116.1394,97.6861,56.124,7.4916,97.5604,92.4419,102.9302,10.4882,0.006145,0.041303,0.020209,4.944e-05,0.007032,119,2.493,6.2737,243.5321,32.2984,1598,156102,49.4762,4833.1228,0.4762,0.4627
flow_1133,0x1000046d,06,VoIP,46,correlator,91.7118,125.7896,104.1366,29.5155,5.4328,102.2132,100.3336,107.9395,7.6059,0.006561,0.037925,0.019107,3.935e-05,0.006273,275,2.042,9.5623,212.6418,37.5569,1965,204628,52.3205,5448.4727,0.4859,0.4892
flow_1145,0x10000479,06,VoIP,46,correlator,79.1538,115.1877,91.1209,56.9627,7.5474,89.6249,85.8377,96.404,10.5663,0.017623,0.050971,0.030962,4.448e-05,0.00667,37,4.6856,5.4135,426.9533,15.8027,510,46471,32.273,2940.7029,0.5224,0.5316
flow_1157,0x10000485,06,VoIP,46,correlator,135.7061,213.9499,171.7569,432.7477,20.8026,173.0165,157.1951,186.3187,29.1236,0.016164,0.055231,0.031791,6.105e-05,0.007813,66,4.2226,8.4292,725.255,13.5596,426,73168,31.4168,5396.018,0.5061,0.5252
flow_1169,0x10000491,06,VoIP,46,correlator,71.8585,101.0013,85.0645,52.4258,7.2406,85.0814,79.9961,90.1329,10.1368,0.015113,0.054455,0.03085,6.191e-05,0.007868,85,3.4978,5.6686,297.5396,21.7448,704,59885,32.3755,2753.9898,0.5103,0.5091
flow_1181,0x1000049d,06,VoIP,46,correlator,83.9441,113.4455,96.6498,47.5284,6.8941,97.1452,91.8239,101.4757,9.6517,0.022029,0.046096,0.031656,2.317e-05,0.004813,69,4.2138,7.7042,407.2647,31.4901,994,96069,31.5655,3050.7664,0.4942,0.4926
flow_1193,0x100004a9,06,VoIP,46,correlator,179.3129,221.4083,197.8091,180.2027,13.424,198.7747,188.4124,207.2059,18.7935,0.005665,0.042725,0.020489,5.494e-05,0.007412,120,4.7507,8.1646,939.7355,23.3815,1141,225700,48.7992,9652.9163,0.5158,0.5123
flow_1205,0x100004b5,06,VoIP,46,correlator,184.2643,229.2051,203.4548,125.5325,11.2041,203.0042,195.6119,211.2977,15.6858,0.020995,0.043864,0.030142,2.092e-05,0.004574,151,3.3435,7.9809,680.2448,32.1109,1065,216679,33.1663,6747.831,0.52,0.529
flow_1217,0x100004c1,06,VoIP,46,correlator,167.6639,206.8206,185.3025,74.8516,8.6517,184.2484,179.2463,191.3587,12.1124,0.017496,0.049106,0.03014,3.997e-05,0.006322,82,4.4719,5.1341,828.6565,25.083,832,154171,33.1698,6146.4226,0.5219,0.5213
flow_1229,0x100004cd,06,VoIP,46,correlator,93.1224,123.4399,105.7233,30.7259,5.5431,106.3276,101.8431,109.6035,7.7603,0.004755,0.043864,0.020399,6.118e-05,0.007822,151,2.2622,9.2788,239.1683,25.9401,1271,134374,48.9975,5180.1667,0.495,0.4927
flow_1241,0x100004d9,06,VoIP,46,correlator,84.5969,116.3554,99.5638,18.3985,4.2893,100.2533,96.5613,102.5664,6.0051,0.014768,0.052552,0.029882,5.711e-05,0.007557,83,4.6797,5.7102,465.9334,22.493,752,74872,33.4327,3328.686,0.4813,0.4881
flow_1253,0x100004e5,06,VoIP,46,correlator,175.4201,222.5419,198.4189,122.3224,11.0599,200.2771,190.677,206.1609,15.4839,0.008066,0.03933,0.020572,3.91e-05,0.006253,121,3.2086,8.3981,636.6387,28.3382,1377,273222,48.5916,9641.4602,0.496,0.5111
flow_1265,0x100004f1,06,VoIP,46,correlator,131.9646,196.5133,166.2274,474.7678,21.7892,167.5778,150.975,181.4798,30.5048,0.007228,0.038767,0.019844,3.979e-05,0.006308,128,3.7577,5.0947,624.6361,36.508,1839,305692,50.3726,8373.2992,0.5108,0.4946
flow_1277,0x100004fd,06,VoIP,46,correlator,141.857,215.058,170.2063,281.2638,16.7709,170.9583,158.4667,181.946,23.4793,0.004695,0.044142,0.020474,6.224e-05,0.007889,108,4.3537,8.2173,741.021,33.1796,1620,275734,48.8252,8310.3509,0.5038,0.5213
flow_1289,0x10000509,06,VoIP,46,correlator,137.6258,222.5171,171.3062,464.4611,21.5514,172.9255,156.2203,186.3922,30.1719,0.011123,0.032553,0.019695,1.837e-05,0.004286,247,4.6806,9.3914,801.8082,40.0517,2033,348265,50.7594,8695.3952,0.5077,0.5118
flow_1301,0x10000515,06,VoIP,46,correlator,160.876,202.1402,181.6225,137.2065,11.7135,182.8039,173.423,189.822,16.3989,0.007872,0.039914,0.020689,4.107e-05,0.006409,171,3.5447,7.838,643.7929,40.4017,1952,354527,48.3148,8775.053,0.475,0.4846
flow_1313,0x10000521,06,VoIP,46,correlator,97.5283,128.6017,109.0424,51.9856,7.2101,108.1712,103.9953,114.0895,10.0941,0.016674,0.050378,0.030155,4.544e-05,0.006741,81,2.9553,5.1212,322.2551,29.1776,967,105444,33.1419,3613.8693,0.5142,0.5188
flow_1325,0x1000052d,06,VoIP,46,correlator,113.0471,180.393,142.3976,217.2716,14.7401,141.2114,132.0795,152.7157,20.6362,0.015709,0.050504,0.029627,4.843e-05,0.006959,130,2.6267,9.801,374.0403,44.6751,1507,214593,33.7325,4803.4172,0.4902,0.4721
flow_1337,0x10000539,06,VoIP,46,correlator,75.7188,108.2187,86.0512,42.7804,6.5407,85.6785,81.4727,90.6297,9.1569,0.016655,0.049249,0.029693,4.25e-05,0.006519,65,2.4925,7.0255,214.4836,28.6599,965,83039,33.6708,2897.3951,0.4901,0.5003
flow_1349,0x10000545,06,VoIP,46,correlator,75.303,112.8435,89.9681,19.8689,4.4575,89.6705,86.8479,93.0883,6.2404,0.00633,0.044376,0.021548,5.79e-05,0.007609,298,4.3262,5.3821,389.2231,42.9852,1994,179396,46.3881,4173.4391,0.4902,0.5002
flow_1361,0x10000551,06,VoIP,46,correlator,176.0987,224.5301,191.325,151.0651,12.2909,192.1999,182.7214,199.9286,17.2072,0.017079,0.050978,0.030639,4.597e-05,0.00678,101,2.6317,9.2318,503.5118,23.2477,758,145024,32.6053,6238.1977,0.4917,0.5043
flow_1373,0x1000055d,06,VoIP,46,correlator,186.3309,231.5133,206.2819,118.6684,10.8935,205.1019,198.6564,213.9073,15.2509,0.018387,0.050047,0.031051,4.009e-05,0.006332,43,4.9213,8.7312,1015.1802,8.9899,289,59615,32.147,6631.2978,0.5269,0.5205
flow_1385,0x10000569,06,VoIP,46,correlator,173.8855,224.4903,189.5331,180.497,13.4349,188.5737,180.1286,198.9375,18.8089,0.017031,0.048461,0.029603,3.951e-05,0.006286,71,2.1277,5.8674,403.2765,31.3393,1058,200525,33.7595,6398.5126,0.5106,0.5269
flow_1397,0x10000575,06,VoIP,46,correlator,89.8472,127.2769,104.8338,55.6474,7.4597,104.7921,99.612,110.0556,10.4436,0.006147,0.041081,0.020121,4.882e-05,0.006987,220,3.5102,5.569,367.9837,35.7285,1775,186079,49.6803,5208.1419,0.483,0.4983
flow_1409,0x10000581,06,VoIP,46,correlator,80.0037,109.9026,91.064,33.448,5.7834,92.6953,87.0156,95.1124,8.0968,0.014358,0.052071,0.029443,5.689e-05,0.007543,41,4.2546,7.6817,387.4446,16.7106,567,51633,33.9306,3089.8424,0.496,0.5092
flow_1421,0x1000058d,06,VoIP,46,correlator,77.8318,109.0902,92.0814,56.4967,7.5164,92.901,86.8199,97.3429,10.523,0.019078,0.050207,0.03153,3.876e-05,0.006226,67,3.2546,6.1014,299.6916,30.512,967,89042,31.6925,2918.2625,0.4755,0.4791
flow_1433,0x10000599,06,VoIP,46,correlator,188.8708,243.2585,208.4472,150.781,12.2793,207.8179,199.8517,217.0427,17.191,0.013384,0.055667,0.030297,7.151e-05,0.008457,106,4.9914,6.2473,1040.4514,36.2731,1197,249511,32.9997,6878.6807,0.5085,0.5014
flow_1445,0x100005a5,06,VoIP,46,correlator,91.3733,124.238,104.0341,22.6313,4.7572,106.2193,100.704,107.3641,6.6601,0.007366,0.041646,0.021078,4.7e-05,0.006856,51,4.3643,9.0746,454.0343,14.5568,690,71783,47.4004,4931.2181,0.5049,0.499
flow_1457,0x100005b1,06,VoIP,46,correlator,79.9229,116.8876,93.6219,29.0361,5.3885,92.0516,89.85,97.3939,7.5439,0.016992,0.053671,0.031664,5.382e-05,0.007336,56,2.408,9.0529,225.4432,25.0343,790,73961,31.5567,2954.3836,0.4994,0.4812
flow_1469,0x100005bd,06,VoIP,46,correlator,80.4901,109.2133,92.3972,48.7964,6.9854,90.7136,87.5074,97.287,9.7796,0.005348,0.046122,0.021657,6.65e-05,0.008155,79,3.2319,5.5941,298.6203,13.7666,635,58672,46.1262,4261.9113,0.5114,0.5209
flow_1481,0x100005c9,06,VoIP,46,correlator,89.6293,117.628,100.4068,52.6065,7.253,100.4922,95.3297,105.4839,10.1542,0.01032,0.032736,0.019287,2.01e-05,0.004483,180,3.7263,9.2021,374.1461,42.6002,2208,221698,51.8308,5204.1567,0.5096,0.5221
flow_1493,0x100005d5,06,VoIP,46,correlator,128.9401,200.0735,156.8659,377.38,19.4263,154.9317,143.2675,170.4643,27.1968,0.019589,0.048754,0.031255,3.402e-05,0.005833,71,3.2516,9.2624,510.0591,30.3549,971,152316,31.9883,5017.8456,0.5237,0.5312
flow_1505,0x100005e1,06,VoIP,46,correlator,133.8671,210.7533,165.0636,169.7861,13.0302,164.2832,155.9425,174.1848,18.2423,0.014001,0.05304,0.029617,6.096e-05,0.007808,111,3.9189,5.4516,646.8674,26.854,906,149547,33.738,5568.8902,0.496,0.5107
flow_1517,0x100005ed,06,VoIP,46,correlator,162.3921,210.3722,180.8096,80.3353,8.963,180.8644,174.5355,187.0836,12.5482,0.021616,0.045497,0.031168,2.281e-05,0.004776,62,2.3243,7.3488,420.263,27.18,872,157665,32.0825,5800.78,0.4843,0.4658
flow_1529,0x100005f9,06,VoIP,46,correlator,81.1823,113.9585,93.9072,35.544,5.9619,94.0702,89.7339,98.0805,8.3466,0.010852,0.034561,0.020335,2.249e-05,0.004742,95,2.3777,9.5839,223.2843,22.9798,1130,106115,49.1735,4617.7415,0.5078,0.4965
flow_1541,0x10000605,06,VoIP,46,correlator,146.2772,212.6835,173.1024,365.6507,19.122,172.9632,159.717,186.4878,26.7708,0.009533,0.036465,0.020305,2.901e-05,0.005386,218,4.6335,8.8892,802.0707,43.0183,2118,366630,49.2348,8522.6471,0.5217,0.5024
flow_1553,0x10000611,06,VoIP,46,correlator,173.1313,226.9896,192.0374,47.531,6.8943,191.6727,187.2114,196.8634,9.652,0.024203,0.042768,0.031629,1.379e-05,0.003713,110,3.5845,6.392,688.356,41.952,1326,254641,31.6075,6069.8114,0.4916,0.5046
flow_1565,0x1000061d,06,VoIP,46,correlator,141.176,226.3188,177.7987,186.437,13.6542,179.9412,168.2408,187.3567,19.1159,0.010592,0.037946,0.021534,2.993e-05,0.005471,157,2.2195,5.5968,394.6235,34.2901,1592,283055,46.4274,8254.7168,0.47,0.4644
flow_1577,0x10000629,06,VoIP,46,correlator,138.0666,220.4033,166.374,195.289,13.9746,167.0648,156.5918,176.1562,19.5644,0.008407,0.039308,0.020768,3.82e-05,0.00618,154,2.4157,8.5224,401.9176,35.1538,1692,281504,48.1314,8007.7911,0.5048,0.5074
flow_1589,0x10000635,06,VoIP,46,correlator,96.023,131.8325,109.59,18.5273,4.3043,109.3778,106.577,112.6031,6.0261,0.015642,0.053415,0.030751,5.707e-05,0.007554,78,2.6204,7.142,287.1711,36.2159,1177,128987,32.4996,3561.6141,0.522,0.5355
flow_1601,0x10000641,06,VoIP,46,correlator,99.1585,134.2055,109.4678,18.2767,4.2751,110.3681,106.4752,112.4604,5.9852,0.007164,0.038634,0.019752,3.961e-05,0.006294,223,2.3585,9.9114,258.1834,44.8028,2268,248273,50.6219,5541.4653,0.4846,0.4675
flow_1613,0x1000064d,06,VoIP,46,correlator,133.512,204.6246,166.9355,227.87,15.0954,165.6824,156.3688,177.5023,21.1335,0.018886,0.049474,0.031121,3.742e-05,0.006118,70,3.9503,6.716,659.4402,23.2972,748,124867,32.1069,5359.7492,0.4966,0.5001
flow_1625,0x10000659,06,VoIP,46,correlator,82.933,111.2614,93.2518,18.93,4.3509,91.6682,90.2062,96.2974,6.0912,0.020987,0.047596,0.031631,2.832e-05,0.005322,54,3.8948,8.9599,363.1945,22.2671,703,65556,31.5712,2944.0746,0.5007,0.519
flow_1637,0x10000665,06,VoIP,46,correlator,82.8779,115.6915,97.8567,17.9253,4.2338,97.7499,94.893,100.8204,5.9274,0.016016,0.050881,0.029962,4.862e-05,0.006973,32,4.7026,8.9843,460.1821,10.8945,363,35521,33.3194,3260.4378,0.5103,0.5168
flow_1649,0x10000671,06,VoIP,46,correlator,83.2725,112.7976,94.0227,62.2737,7.8914,93.7243,88.4987,99.5466,11.0479,0.017809,0.046231,0.029178,3.231e-05,0.005684,70,2.1363,9.1317,200.8585,13.3118,456,42874,34.2554,3220.757,0.4792,0.4663
flow_1661,0x1000067d,06,VoIP,46,correlator,174.9318,211.7068,190.7577,95.1365,9.7538,189.3111,183.93,197.5854,13.6553,0.009631,0.033844,0.019317,2.345e-05,0.004843,208,4.2764,7.7117,815.7584,38.7129,2004,382278,51.7657,9874.695,0.5062,0.4927
flow_1673,0x10000689,06,VoIP,46,correlator,145.806,205.3091,172.8653,255.6792,15.99,173.2465,161.6724,184.0583,22.386,0.017382,0.051923,0.031198,4.772e-05,0.006908,154,3.7334,9.3211,645.3801,42.4451,1360,235096,32.0414,5538.8205,0.5014,0.5115
flow_1685,0x10000695,06,VoIP,46,correlator,180.0224,233.3686,202.8342,143.1239,11.9634,202.2437,194.4598,211.2086,16.7488,0.011837,0.036826,0.021833,2.498e-05,0.004998,148,3.8948,7.1565,790.0036,19.8154,907,183970,45.7725,9284.2027,0.4788,0.4674
flow_1697,0x100006a1,06,VoIP,46,correlator,75.7435,104.6095,89.4618,27.2266,5.2179,90.5416,85.8092,93.1143,7.3051,0.011078,0.036461,0.021231,2.577e-05,0.005077,247,2.0004,5.1911,178.9607,44.5717,2099,187780,47.0927,4212.9868,0.4759,0.4949
flow_1709,0x100006ad,06,VoIP,46,correlator,172.3025,224.9461,194.2967,162.7305,12.7566,194.5047,185.367,203.2263,17.8592,0.012026,0.055269,0.029323,7.48e-05,0.008649,23,2.7661,7.4624,537.4391,10.103,344,66838,34.0494,6615.6707,0.527,0.5341
flow_1721,0x100006b9,06,VoIP,46,correlator,81.0442,115.6286,92.5686,62.055,7.8775,93.0669,87.0543,98.0828,11.0285,0.019236,0.044479,0.029333,2.549e-05,0.005049,92,3.5128,5.0805,325.1748,36.1162,1231,113951,34.0845,3155.124,0.5001,0.4814
flow_1733,0x100006c5,06,VoIP,46,correlator,129.692,195.9292,162.4976,167.7533,12.952,162.1602,153.4312,171.5639,18.1327,0.009741,0.037343,0.020782,3.047e-05,0.00552,141,3.1208,5.1086,507.1163,34.3804,1654,268770,48.1088,7817.528,0.4892,0.4822
flow_1745,0x100006d1,06,VoIP,46,correlator,122.2634,199.0584,157.103,374.2972,19.3468,156.2426,143.5603,170.6458,27.0855,0.003385,0.0434,0.019391,6.405e-05,0.008003,107,2.6497,7.1155,416.2789,23.6688,1220,191665,51.5446,8097.7756,0.519,0.5361
flow_1757,0x100006dd,06,VoIP,46,correlator,129.482,211.4942,168.9634,457.9113,21.3989,168.8344,153.9842,183.9426,29.9584,0.015905,0.054966,0.031529,6.103e-05,0.007812,68,3.666,8.8813,619.4211,27.4449,870,146998,31.6999,5356.1149,0.5158,0.5262
flow_1769,0x100006e9,06,VoIP,46,correlator,103.8709,181.402,143.5367,160.4969,12.6687,142.0236,134.6686,152.4048,17.7362,0.0081,0.036538,0.019475,3.235e-05,0.005688,109,4.433,7.1782,636.3052,19.2992,990,142101,51.2975,7363.0544,0.5142,0.5236
flow_1781,0x100006f5,06,VoIP,46,correlator,169.1301,213.0249,192.0246,50.1113,7.0789,191.2653,187.0694,196.9799,9.9105,0.007357,0.042534,0.021428,4.95e-05,0.007035,156,4.4343,6.2087,851.497,23.3989,1091,209498,46.6261,8953.3245,0.5248,0.5358
flow_1793,0x10000701,06,VoIP,46,correlator,138.4317,216.9629,163.4488,470.5476,21.6921,164.5646,148.2643,178.6333,30.369,0.019627,0.048501,0.031177,3.335e-05,0.005775,58,4.0679,7.7975,664.8983,12.3181,395,64562,32.0667,5241.2371,0.5108,0.5136
flow_1805,0x1000070d,06,VoIP,46,correlator,181.1552,230.2777,197.5456,87.4417,9.351,196.4524,190.9998,204.0913,13.0914,0.011668,0.035698,0.02128,2.31e-05,0.004806,127,2.9338,6.2687,579.557,34.5132,1621,320221,46.9675,9278.2058,0.5194,0.5265
flow_1817,0x10000719,06,VoIP,46,correlator,81.8971,117.5915,94.4657,17.5002,4.1833,94.1944,91.5374,97.394,5.8567,0.020811,0.044399,0.030246,2.225e-05,0.004717,72,3.7549,8.3492,354.7069,24.3495,805,76044,33.0602,3123.0171,0.4746,0.473
flow_1829,0x10000725,06,VoIP,46,correlator,165.9393,208.6305,181.62,126.8172,11.2613,181.3206,173.7371,189.5029,15.7658,0.012162,0.054505,0.029099,7.172e-05,0.008468,46,4.2024,5.6265,763.2415,13.4069,460,83545,34.3108,6231.5085,0.4966,0.481
flow_1841,0x10000731,06,VoIP,46,correlator,87.7946,124.9529,100.3853,38.8069,6.2295,101.3573,96.0246,104.7459,8.7213,0.016157,0.054881,0.031647,5.998e-05,0.007745,74,3.0466,7.1043,305.8354,28.6524,905,90848,31.5855,3170.6941,0.4817,0.4959
flow_1853,0x1000073d,06,VoIP,46,correlator,125.8142,203.0458,151.8795,430.3115,20.744,150.573,137.3587,166.4003,29.0415,0.011082,0.037559,0.021673,2.804e-05,0.005295,152,4.8755,8.4614,740.487,24.3005,1121,170256,46.1307,7006.2768,0.4913,0.4764
flow_1865,0x10000749,06,VoIP,46,correlator,170.0857,218.0439,191.924,52.4393,7.2415,194.2619,186.8549,196.993,10.1381,0.01681,0.052521,0.031094,5.101e-05,0.007142,99,3.7486,5.3012,719.4381,42.3844,1363,261592,32.1581,6171.895,0.471,0.4766
flow_1877,0x10000755,06,VoIP,46,correlator,111.3463,198.0796,148.2221,384.5567,19.6101,146.8637,134.495,161.9492,27.4542,0.021318,0.045729,0.031082,2.384e-05,0.004882,178,2.7635,9.9634,409.606,40.5189,1303,193133,32.1579,4766.4971,0.5276,0.5279
flow_1889,0x10000761,06,VoIP,46,correlator,141.4498,209.7828,175.2757,344.4662,18.5598,176.1608,162.2838,188.2675,25.9837,0.016653,0.050625,0.030242,4.616e-05,0.006794,95,4.0172,6.2373,704.1259,25.9283,857,150211,33.0526,5793.3126,0.4896,0.4859
flow_1901,0x1000076d,06,VoIP,46,correlator,85.6015,123.6061,98.9364,21.9975,4.6901,98.8513,95.6533,102.2195,6.5662,0.016398,0.053551,0.031259,5.522e-05,0.007431,54,4.0558,7.4718,401.2627,14.8802,476,47093,31.9887,3164.8028,0.5236,0.5371
flow_1913,0x10000779,06,VoIP,46,correlator,79.3286,113.806,93.1343,18.7016,4.3245,91.73,90.1072,96.1615,6.0543,0.006894,0.037752,0.019237,3.809e-05,0.006172,227,3.3602,7.5017,312.9471,36.4513,1894,176396,51.9597,4839.2221,0.5212,0.5061
flow_1925,0x10000785,06,VoIP,46,correlator,75.4214,101.2602,85.7948,26.2215,5.1207,85.7803,82.2103,89.3793,7.169,0.00702,0.037609,0.019256,3.743e-05,0.006118,53,4.4684,7.7689,383.3696,9.4133,488,41867,51.8413,4447.6257,0.4739,0.4689
flow_1937,0x10000791,06,VoIP,46,correlator,184.6245,231.0471,208.8526,54.5451,7.3855,209.4786,203.6828,214.0224,10.3397,0.023478,0.042955,0.031269,1.517e-05,0.003895,34,4.9007,6.5413,1023.5174,10.3895,332,69339,31.9553,6673.9404,0.5135,0.4992
flow_1949,0x1000079d,06,VoIP,46,correlator,151.348,230.0311,177.3154,168.5643,12.9832,175.4135,168.2272,186.4037,18.1765,0.01624,0.05092,0.030112,4.811e-05,0.006936,76,2.446,6.7976,433.7122,24.2218,804,142561,33.1933,5885.6591,0.4909,0.4979
flow_1961,0x100007a9,06,VoIP,46,correlator,180.7722,222.323,202.2,91.9161,9.5873,202.2868,195.4889,208.9111,13.4222,0.013803,0.055638,0.030537,7.001e-05,0.008367,87,4.4777,9.9529,905.3888,19.8566,650,131430,32.7348,6618.9728,0.5168,0.5023
flow_1973,0x100007b5,06,VoIP,46,correlator,169.7815,221.4875,191.3901,94.122,9.7017,191.0122,184.5989,198.1812,13.5823,0.005447,0.042475,0.020259,5.484e-05,0.007406,123,2.9482,7.3888,564.2474,20.8259,1028,196748,49.3617,9447.2904,0.4929,0.4963
flow_1985,0x100007c1,06,VoIP,46,correlator,77.2141,113.63,92.1733,20.8839,4.5699,92.5548,88.9744,95.3722,6.3978,0.016919,0.052774,0.031261,5.142e-05,0.007171,40,2.3736,7.0902,218.7784,16.6382,532,49036,31.9747,2947.2026,0.519,0.5311
flow_1997,0x100007cd,06,VoIP,46,correlator,146.7935,218.1258,178.6175,455.0299,21.3314,177.8492,163.6855,193.5495,29.864,0.00576,0.042969,0.020644,5.538e-05,0.007442,288,3.0414,7.1051,543.2431,43.994,2131,380633,48.4384,8651.9319,0.5291,0.5124
flow_2009,0x100007d9,06,Video,34,correlator,136.5195,1409.6076,1291.617,174503.2201,417.7358,1108.5228,883.5857,1399.6076,516.0219,0.000513,0.070068,0.011569,0.00155059,0.039377,177,29.3486,43.4334,37907.1592,50.3571,4352,5621117,86.4229,111625.2236,0.7911,0.9456
flow_2021,0x100007e5,06,Video,34,correlator,132.3103,1389.0818,1003.5079,67486.8527,259.7823,1098.0135,796.921,1379.0818,582.1608,0.000464,0.121396,0.00647,0.00157831,0.039728,401,11.1316,81.3097,11170.6767,45.9981,7109,7133937,154.5498,155091.9706,0.8602,0.8727
flow_2033,0x100007f1,06,Video,34,correlator,250.0474,1406.8927,939.0644,164469.2583,405.5481,1304.8953,694.0516,1396.8927,702.8412,0.000581,0.117141,0.014072,0.00086051,0.029334,118,18.841,75.8841,17692.935,25.8292,1835,1723183,71.0435,66714.433,0.9037,0.9059
flow_2045,0x100007fd,06,Video,34,correlator,187.0095,1384.4583,1113.9542,166049.4422,407.4916,1216.7232,854.9632,1374.4583,519.4952,0.000813,0.106056,0.014477,0.00101708,0.031892,118,29.1919,79.9668,32518.4468,42.0337,2903,3233808,69.0636,76933.646,0.8704,0.8928
flow_2057,0x10000809,06,Video,34,correlator,225.2592,1412.9938,1297.0622,118729.1496,344.571,1348.434,750.0716,1400.0,649.9284,0.000602,0.051459,0.003842,0.00047566,0.02181,226,22.4859,44.1053,29165.6661,19.5549,5089,6600749,260.2414,337549.2873,0.835,0.9362
flow_2069,0x10000815,06,Video,34,correlator,212.1844,1418.4058,1261.081,131451.7495,362.5628,1247.2475,870.2496,1400.0,529.7504,0.000909,0.143629,0.006144,0.00095924,0.030972,168,20.0772,49.1837,25318.9652,33.3143,5422,6837581,162.7529,205244.5292,0.7702,0.9087
flow_2081,0x10000821,06,Video,34,correlator,120.4834,1402.0332,1336.9515,111059.4099,333.2558,1240.114,721.6953,1392.0332,670.338,0.000782,0.114329,0.006039,0.00123493,0.035142,430,28.6818,60.011,38346.2344,48.1106,7966,10650155,165.5767,221367.9963,0.8937,0.9457
flow_2093,0x1000082d,06,Video,34,correlator,220.2801,1386.9111,918.5651,68630.999,261.9752,1131.6806,759.6011,1376.9111,617.3101,0.000976,0.085164,0.011323,0.00117305,0.03425,40,24.6128,38.7467,22608.4169,14.8488,1311,1204238,88.2897,81099.7681,0.7367,0.912
flow_2105,0x10000839,06,Video,34,correlator,177.2977,1399.6571,1135.2065,105660.5496,325.0547,1072.6068,660.9901,1389.6571,728.6671,0.000679,0.141542,0.014398,0.00078292,0.027981,97,20.4608,44.6786,23227.2012,38.4414,2669,3029866,69.4304,78817.883,0.7823,0.965
flow_2117,0x10000845,06,Video,34,correlator,182.2369,1388.3348,1016.7805,99752.7129,315.8365,1066.9918,788.0322,1378.3348,590.3026,0.000649,0.077678,0.007219,0.00035762,0.018911,242,23.6103,81.9784,24006.4749,34.8606,4829,4910032,138.523,140847.4644,0.7363,0.9566
flow_2129,0x10000851,06,Video,34,correlator,143.3594,1385.2352,1103.0192,67700.1161,260.1925,1198.1473,801.3433,1375.2352,573.8918,0.000174,0.053516,0.011728,0.00145614,0.038159,73,20.5072,35.2357,22619.8735,18.6787,1592,1756006,85.231,94011.3791,0.8585,0.9744
flow_2141,0x1000085d,06,Video,34,correlator,243.7499,1410.1616,928.6938,198903.9614,445.9865,1067.96,833.0933,1400.0,566.9067,0.000236,0.070799,0.013838,0.00121474,0.034853,57,11.2203,37.9501,10420.2509,13.9766,1010,937980,72.2637,67110.7647,0.8324,0.86
flow_2153,0x10000869,06,Video,34,correlator,244.9053,1390.4249,906.7184,181974.7755,426.585,1270.5645,686.5941,1380.4249,693.8309,0.00016,0.147376,0.003755,0.00170132,0.041247,388,23.0009,62.2826,20855.3211,32.1902,8572,7772390,266.2923,241452.1029,0.798,0.9332
flow_2165,0x10000875,06,Video,34,correlator,185.7662,1409.3176,968.4484,179850.3113,424.0876,1150.4766,677.5795,1399.3176,721.7381,0.000483,0.116353,0.004545,0.00090208,0.030035,530,15.935,84.294,15432.2008,41.3695,9101,8813848,219.9927,213051.6048,0.8733,0.9632
flow_2177,0x10000881,06,Video,34,correlator,230.1836,1380.6838,1056.3175,145291.8326,381.1717,1100.2907,784.2524,1370.6838,586.4314,0.000753,0.063118,0.006589,0.00029926,0.017299,334,10.0335,86.9708,10598.5475,57.1058,8666,9154047,151.7534,160299.7702,0.7466,0.9584
flow_2189,0x1000088d,06,Video,34,correlator,174.8541,1402.0261,933.4625,95635.3421,309.2496,1182.2676,884.2667,1392.0261,507.7594,0.000395,0.099143,0.012077,0.00039196,0.019798,143,14.3228,37.7753,13369.7536,52.8041,4372,4081097,82.7966,77287.5195,0.7465,0.9154
flow_2201,0x10000899,06,Video,34,correlator,191.7604,1387.0299,912.972,112219.2007,334.9913,1057.3782,881.39,1377.0299,495.6399,0.000159,0.075064,0.013595,0.00033249,0.018234,33,21.4779,64.9112,19608.7109,13.3628,982,896538,73.4875,67092.0178,0.8904,0.9552
flow_2213,0x100008a5,06,Video,34,correlator,178.9776,1407.6948,1267.0369,90046.1205,300.0769,1241.825,703.3605,1397.6948,694.3343,0.000231,0.119381,0.003174,0.00097041,0.031151,501,21.8392,83.6707,27671.066,45.1522,14226,18024866,315.0675,399202.1322,0.7351,0.9711
flow_2225,0x100008b1,06,Video,34,correlator,255.8479,1381.3048,1166.1445,70232.4375,265.014,1103.6519,834.1124,1371.3048,537.1924,0.000234,0.103593,0.01178,0.00060273,0.024551,126,16.92,76.3057,19731.1306,25.2671,2144,2500213,84.8535,98951.4474,0.7908,0.8553
flow_2237,0x100008bd,06,Video,34,correlator,202.7213,1395.9114,1175.0329,172809.642,415.7038,1206.3536,777.5279,1385.9114,608.3835,0.000918,0.08553,0.006914,0.00086923,0.029483,192,14.5483,66.1691,17094.6898,29.105,4209,4945713,144.6142,169926.4242,0.7411,0.9585
flow_2249,0x100008c9,06,Video,34,correlator,228.6119,1396.6995,1335.8693,180338.1533,424.6624,1142.4829,750.4941,1386.6995,636.2054,0.000469,0.115337,0.010784,0.00106128,0.032577,243,12.5668,72.1662,16787.5577,55.6574,5161,6894421,92.7281,123872.5801,0.8379,0.9677
flow_2261,0x100008d5,06,Video,34,correlator,187.0221,1387.2717,1249.763,168227.6099,410.1556,1297.5301,708.928,1377.2717,668.3437,0.000623,0.149907,0.008183,0.00103986,0.032247,187,17.7572,63.4907,22192.341,25.2615,3087,3858018,122.2017,152723.1867,0.7974,0.8915
flow_2273,0x100008e1,06,Video,34,correlator,204.5105,1380.394,963.878,118056.6266,343.5937,1059.1004,760.7029,1370.394,609.6911,0.000548,0.075387,0.013494,0.00033452,0.01829,65,24.9655,83.0307,24063.7389,24.5295,1817,1751366,74.0742,71398.4418,0.7756,0.8592
flow_2285,0x100008ed,06,Video,34,correlator,145.8143,1402.7671,1208.2463,171276.964,413.8562,1078.5476,873.9915,1392.7671,518.7756,0.0002,0.115369,0.014296,0.00121232,0.034818,96,10.7353,74.8659,12970.8622,29.0913,2034,2457572,69.9178,84477.9499,0.8333,0.9086
flow_2297,0x100008f9,06,Video,34,correlator,235.5641,1403.5725,1198.7398,170931.3363,413.4384,1097.038,803.6459,1393.5725,589.9266,0.000622,0.055418,0.007409,0.00135758,0.036845,169,15.2558,70.999,18287.6962,37.6102,5076,6084803,134.9634,161785.9488,0.8882,0.8585
flow_2309,0x10000905,06,Video,34,correlator,230.857,1407.5005,1300.8483,108265.4467,329.0372,1355.1303,675.9726,1397.5005,721.5279,0.000943,0.13692,0.012918,0.00044097,0.020999,138,14.2891,60.4059,18587.9866,48.589,3761,4892490,77.4044,100691.3313,0.727,0.9422
flow_2321,0x10000911,06,Video,34,correlator,146.564,1384.6262,1012.4766,160156.7719,400.1959,1214.3009,775.8868,1374.6262,598.7395,0.000276,0.131205,0.012505,0.00196563,0.044335,132,15.1304,56.9613,15319.1776,29.7642,2380,2409694,79.9617,80959.3611,0.8998,0.9122
flow_2333,0x1000091d,06,Video,34,correlator,196.2408,1411.6607,1148.6959,186834.1173,432.2431,1167.0887,650.5161,1400.0,749.4839,0.000818,0.063959,0.014108,0.00024348,0.015604,41,27.2811,37.0316,31337.7206,12.9928,920,1056800,70.8082,81337.0993,0.7725,0.8863
flow_2345,0x10000929,06,Video,34,correlator,207.0731,1385.7354,1208.5432,140172.3575,374.396,1171.9886,854.0444,1375.7354,521.691,0.000477,0.14957,0.01416,0.00126759,0.035603,136,13.6516,54.1369,16498.6026,33.572,2370,2864247,70.5946,85316.6443,0.7542,0.9512
flow_2357,0x10000935,06,Video,34,correlator,192.1653,1391.4016,1140.505,175864.363,419.3619,1123.1934,876.1812,1381.4016,505.2204,0.000651,0.132904,0.009423,0.00116175,0.034084,305,17.8055,86.61,20307.2692,43.8307,4651,5304488,106.1128,121022.1937,0.8103,0.9577
flow_2369,0x10000941,06,Video,34,correlator,236.9673,1406.1627,1299.9535,151894.5792,389.7366,1095.1512,842.0877,1396.1627,554.0749,0.000545,0.066638,0.013308,0.0005576,0.023613,61,11.7769,76.9333,15309.4803,26.6169,2000,2599906,75.1401,97678.636,0.7395,0.888
flow_2381,0x1000094d,06,Video,34,correlator,216.5804,1401.9329,1133.5442,138329.7255,371.927,1061.6901,814.7,1391.9329,577.2328,0.000822,0.104891,0.014636,0.00072112,0.026854,147,29.3373,46.833,33255.108,45.7919,3128,3545726,68.309,77431.2269,0.7518,0.8559
flow_2393,0x10000959,06,Video,34,correlator,137.2651,1391.0316,1167.4388,196935.1994,443.7738,1256.6337,873.0291,1381.0316,508.0025,0.000717,0.136222,0.013754,0.00057956,0.024074,43,15.4401,80.1919,18025.3284,16.8644,1226,1431279,72.6977,84870.0324,0.7646,0.8985
flow_2405,0x10000965,06,Video,34,correlator,246.8221,1398.0529,1135.991,119139.9963,345.1666,1108.2355,767.401,1388.0529,620.6518,0.000898,0.098641,0.008915,0.00173131,0.041609,187,28.9677,54.8882,32907.0485,53.6432,6017,6835257,112.167,127420.6746,0.7624,0.9727
flow_2417,0x10000971,06,Video,34,correlator,247.3725,1384.6933,1290.3117,95793.6427,309.5055,1253.8967,715.927,1374.6933,658.7663,0.000145,0.059648,0.005821,0.00123969,0.035209,220,10.6808,36.2605,13781.5296,43.6869,7504,9682498,171.7678,221633.9303,0.735,0.8502
flow_2429,0x1000097d,06,Video,34,correlator,164.4578,1417.7171,924.3258,68518.217,261.7598,1113.8873,679.184,1400.0,720.816,0.000605,0.090839,0.007736,0.00023952,0.015476,151,29.838,57.9366,27580.063,40.7004,5260,4861953,129.237,119457.1083,0.7934,0.9386
flow_2441,0x10000989,06,Video,34,correlator,249.6957,1409.2384,1061.933,78260.2021,279.7502,1058.9941,731.2516,1399.2384,667.9869,0.000295,0.12813,0.009147,0.00155605,0.039447,118,27.2613,82.1732,28949.678,35.0842,3835,4072513,109.3086,116078.4196,0.8003,0.895
flow_2453,0x10000995,06,Video,34,correlator,217.9185,1411.6065,1237.4582,89183.419,298.6359,1182.0691,788.999,1400.0,611.001,0.000976,0.135527,0.009594,0.00108368,0.032919,170,25.8667,72.3562,32008.9159,51.736,5392,6672374,104.2214,128969.6706,0.7713,0.9612
flow_2465,0x100009a1,06,Video,34,correlator,150.1107,1381.6184,1339.3356,129968.7778,360.5118,1072.1186,723.2088,1371.6184,648.4096,0.000826,0.10469,0.005217,0.00159984,0.039998,492,27.2994,60.7148,36562.997,57.6855,11056,14807694,191.6599,256696.897,0.8897,0.9671
flow_2477,0x100009ad,06,Video,34,correlator,229.6907,1413.7862,1033.5113,141732.9554,376.4744,1164.5995,747.3187,1400.0,652.6813,0.000848,0.073109,0.011509,0.00159927,0.039991,186,22.5688,55.1963,23325.1231,43.5854,3787,3913907,86.8869,89798.6218,0.878,0.9719
flow_2489,0x100009b9,06,Video,34,correlator,120.3263,1405.4841,1282.1898,186589.7896,431.9604,1316.2749,817.779,1395.4841,577.7051,0.000161,0.064948,0.003325,0.00183303,0.042814,522,25.0952,69.8229,32176.759,42.1393,12672,16247908,300.7172,385576.5564,0.7208,0.9336
flow_2501,0x100009c5,06,Video,34,correlator,159.3512,1417.9209,1326.4167,164768.225,405.9165,1108.1544,720.1102,1400.0,679.8898,0.000229,0.108457,0.013912,0.0013841,0.037203,65,13.4716,54.3552,17869.0082,25.2957,1818,2411425,71.87,95329.5324,0.7977,0.9199
flow_2513,0x100009d1,06,Video,34,correlator,157.5388,1411.0086,1174.3537,85562.0786,292.51,1119.083,697.3365,1400.0,702.6635,0.000379,0.127796,0.00528,0.00100805,0.03175,420,13.8263,89.8899,16236.9651,54.9174,10401,12214453,189.3937,222415.1377,0.7294,0.9215
flow_2525,0x100009dd,06,Video,34,correlator,136.381,1410.4072,1121.2252,143261.5298,378.499,1174.4119,823.3768,1400.0,576.6232,0.000789,0.145582,0.007112,0.0010476,0.032367,272,24.4248,79.2464,27385.7162,42.667,5999,6726230,140.6006,157644.9033,0.8029,0.8971
flow_2537,0x100009e9,06,Video,34,correlator,211.0907,1396.0971,903.2755,104664.2446,323.5185,1320.7913,818.7509,1386.0971,567.3463,0.000429,0.130878,0.003207,0.00093356,0.030554,201,24.2414,67.75,21896.6672,17.5125,5460,4931884,311.7767,281620.2534,0.7749,0.9531
flow_2549,0x100009f5,06,Video,34,correlator,149.6784,1396.9286,995.7134,123891.1899,351.9818,1054.2459,759.737,1386.9286,627.1915,0.000658,0.066019,0.003399,0.00152143,0.039005,578,20.2141,49.087,20127.4828,48.8912,14385,14323336,294.2247,292963.4535,0.7988,0.9642
flow_2561,0x10000a01,06,Video,34,correlator,179.403,1397.3411,967.4533,83141.6788,288.343,1198.5567,781.8557,1387.3411,605.4854,0.000136,0.128629,0.009454,0.00151675,0.038946,101,24.7088,69.0915,23904.6132,28.8868,3055,2955569,105.7577,102315.6119,0.8462,0.9363
flow_2573,0x10000a0d,06,Video,34,correlator,207.8603,1382.3482,1244.3788,139183.2285,373.0727,1298.5,683.1201,1372.3482,689.2281,0.00041,0.102518,0.014385,0.00108869,0.032995,81,13.1292,81.4556,16337.7348,28.2871,1966,2446448,69.5016,86486.2783,0.7979,0.9107
flow_2585,0x10000a19,06,Video,34,correlator,200.38,1402.2,1179.4591,188736.9015,434.4386,1125.285,700.3929,1392.2,691.8071,0.000914,0.082679,0.005283,0.00110054,0.033174,177,12.9056,83.3755,15221.6433,32.1924,6093,7186444,189.2685,223234.4689,0.9119,0.9539
flow_2597,0x10000a25,06,Video,34,correlator,140.9967,1415.6636,1096.8534,150850.1417,388.3943,1231.0788,813.3429,1400.0,586.6571,0.000108,0.076325,0.007186,0.00092009,0.030333,103,12.9165,65.1054,14167.4652,17.9328,2495,2736649,139.1306,152605.8477,0.7561,0.9039
flow_2609,0x10000a31,06,Video,34,correlator,145.6125,1396.5791,949.3154,110534.4394,332.4672,1182.2692,684.3254,1386.5791,702.2537,0.000983,0.12133,0.00879,0.00089895,0.029982,58,10.4318,63.1167,9903.0653,12.5841,1431,1358470,113.7148,107951.2237,0.7876,0.9675
flow_2621,0x10000a3d,06,Video,34,correlator,201.1414,1388.0212,1161.4417,192884.8576,439.1866,1054.408,892.6308,1378.0212,485.3905,0.000567,0.056978,0.011713,0.00031639,0.017787,145,25.4485,66.8686,29556.9791,40.9629,3497,4061561,85.3698,99152.0667,0.8773,0.8979
flow_2633,0x10000a49,06,Video,34,correlator,126.6963,1407.6611,1144.5232,86266.8978,293.7123,1335.2375,790.4082,1397.6611,607.2529,0.000479,0.10294,0.010409,0.00051373,0.022666,179,12.2607,59.793,14032.6949,50.9779,4897,5604730,96.0612,109944.2475,0.7791,0.9201
flow_2645,0x10000a55,06,Video,34,correlator,121.9482,1404.13,901.0055,91115.3967,301.8533,1209.7618,800.0789,1394.13,594.0511,0.000964,0.061921,0.004601,0.00139227,0.037313,410,20.048,61.8985,18063.3286,51.5452,11203,10093965,217.3433,195827.5382,0.87,0.8772
flow_2657,0x10000a61,06,Video,34,correlator,239.1918,1406.8785,921.2713,90650.0809,301.0815,1156.2435,748.1365,1396.8785,648.742,0.000653,0.103227,0.01289,0.00016716,0.012929,191,12.0364,42.1818,11088.7891,52.2468,4053,3733912,77.5742,71466.8584,0.8461,0.9209
flow_2669,0x10000a6d,06,Video,34,correlator,128.6832,1405.2036,1090.8009,121659.1958,348.7968,1159.4833,754.8865,1395.2036,640.3172,0.000668,0.071012,0.008791,0.0010268,0.032044,199,25.7323,79.322,28068.7832,55.281,6288,6858955,113.7462,124074.4714,0.8251,0.9739
flow_2681,0x10000a79,06,Video,34,correlator,178.8781,1414.1925,1103.1073,103988.7203,322.4728,1165.9125,848.3638,1400.0,551.6362,0.000339,0.105672,0.003369,0.00079492,0.028194,301,20.6652,75.7995,22795.8898,22.3302,6627,7310291,296.7735,327372.957,0.9092,0.8816
flow_2693,0x10000a85,06,Video,34,correlator,245.7572,1410.1148,1055.0095,94432.6925,307.299,1165.7923,881.2087,1400.0,518.7913,0.000669,0.090126,0.010003,0.00029382,0.017141,37,12.2979,57.7423,12974.424,12.8356,1283,1353577,99.9561,105454.6698,0.8515,0.9262
flow_2705,0x10000a91,06,Video,34,correlator,235.4871,1397.6554,978.0791,139237.2568,373.1451,1070.8246,652.5929,1387.6554,735.0625,0.000137,0.08648,0.006827,0.00112401,0.033526,307,19.5761,62.5192,19147.0063,46.9743,6880,6729184,146.4632,143252.5495,0.9016,0.9639
flow_2717,0x10000a9d,06,Video,34,correlator,174.2139,1403.0616,1100.2601,180821.4365,425.231,1104.6697,880.6623,1393.0616,512.3993,0.000194,0.064526,0.009462,0.00099728,0.03158,150,20.3771,44.2139,22420.119,47.1634,4984,5483696,105.6752,116270.1772,0.8794,0.9693
flow_2729,0x10000aa9,06,Video,34,correlator,198.8762,1381.5359,1293.9702,136592.8889,369.5848,1197.6901,708.0663,1371.5359,663.4695,0.000879,0.138184,0.008271,0.00097874,0.031285,218,24.1475,87.2813,31246.0954,33.6926,4073,5270340,120.8872,156424.393,0.9116,0.9794
flow_2741,0x10000ab5,06,Video,34,correlator,143.7761,1383.8329,1193.5281,163865.2153,404.8027,1189.4584,881.7231,1373.8329,492.1097,0.000228,0.05859,0.013476,0.00045923,0.02143,153,28.8278,75.1079,34406.8487,54.0202,4008,4783660,74.1945,88553.1593,0.8664,0.8663
flow_2753,0x10000ac1,06,Video,34,correlator,186.449,1392.2849,1318.6266,165896.034,407.3034,1228.287,826.1724,1382.2849,556.1124,0.00088,0.111731,0.011767,0.00071884,0.026811,264,20.7583,55.0301,27372.5126,47.4256,4030,5314065,84.9752,112050.4991,0.7311,0.934
flow_2765,0x10000acd,06,Video,34,correlator,225.4765,1409.3087,1126.2506,72342.3211,268.9653,1177.9844,859.9807,1399.3087,539.3279,0.000328,0.082871,0.006644,0.00108726,0.032974,239,17.0233,74.7989,19172.4895,28.1782,4241,4776428,150.5062,169507.6269,0.8003,0.889
flow_2777,0x10000ad9,06,Video,34,correlator,120.1747,1414.0272,1086.7694,104227.929,322.8435,1171.7403,860.9404,1400.0,539.0596,0.00072,0.130353,0.012853,0.00092215,0.030367,98,14.8946,48.0929,16187.0361,30.4822,2371,2576730,77.7832,84532.3989,0.9069,0.9489
flow_2789,0x10000ae5,06,Video,34,correlator,259.2063,1385.9511,1072.7758,116468.0248,341.2741,1076.9887,818.8683,1375.9511,557.0828,0.00016,0.079684,0.006392,0.00115601,0.034,326,10.6857,78.4248,11463.3735,47.7914,7476,8020071,156.4297,167814.0111,0.9131,0.8989
flow_2801,0x10000af1,06,Video,34,correlator,201.1673,1408.937,907.6345,186280.2872,431.602,1211.5751,652.2633,1398.937,746.6737,0.000358,0.052776,0.005519,0.00066295,0.025748,140,21.7767,52.9832,19765.326,25.4514,4611,4185102,181.1691,164435.289,0.7376,0.9477
flow_2813,0x10000afd,06,Video,34,correlator,187.7332,1391.4742,945.774,192533.2923,438.7862,1245.6672,721.6371,1381.4742,659.8371,0.000776,0.090182,0.012111,0.00045685,0.021374,126,16.4041,65.3146,15514.5778,53.4685,4414,4174646,82.5533,78076.8013,0.7676,0.954
flow_2825,0x10000b09,06,Video,34,correlator,189.9999,1397.1724,978.7218,103899.5236,322.3345,1089.2947,701.131,1387.1724,686.0413,0.000867,0.137417,0.013667,0.00131123,0.036211,139,19.851,36.0373,19428.5798,40.3006,2948,2885271,73.1502,71593.7045,0.8835,0.9543
flow_2837,0x10000b15,06,Video,34,correlator,209.021,1387.9444,1172.9496,143872.2547,379.305,1173.5513,886.9052,1377.9444,491.0392,0.000533,0.128743,0.008565,0.00147266,0.038375,240,19.9972,65.1399,23455.6911,30.9908,3618,4243731,116.7445,136935.3681,0.7431,0.9365
flow_2849,0x10000b21,06,Video,34,correlator,205.4031,1386.4154,1181.7033,177440.722,421.2371,1074.463,874.8949,1376.4154,501.5205,0.00063,0.090606,0.004031,0.00122336,0.034977,578,10.4949,63.6324,12401.9135,56.3269,13972,16510758,248.052,293123.8107,0.8265,0.9468
flow_2861,0x10000b2d,06,Video,34,correlator,191.0071,1417.444,1106.5836,97019.9432,311.4802,1192.5176,677.6744,1400.0,722.3256,0.00019,0.060238,0.01121,0.00079991,0.028283,95,14.4533,42.2234,15993.8389,26.0622,2324,2571700,89.1713,98675.5235,0.7393,0.8897
flow_2873,0x10000b39,06,Video,34,correlator,256.1031,1380.7682,1227.6152,150567.7745,388.0306,1287.091,801.7333,1370.7682,569.0349,0.000213,0.068763,0.011012,0.00108056,0.032872,207,23.1885,80.7711,28466.5187,38.6863,3513,4312612,90.8072,111476.329,0.8875,0.892
flow_2885,0x10000b45,06,Video,34,correlator,134.1873,1396.7681,1305.8283,144020.3862,379.5002,1314.8351,841.9317,1386.7681,544.8364,0.000106,0.138266,0.012288,0.00106174,0.032584,142,27.5632,45.1314,35992.7907,51.8844,4222,5513207,81.3733,106259.5108,0.7764,0.8704
flow_2897,0x10000b51,06,Video,34,correlator,163.5199,1412.1735,1219.8923,90993.6262,301.6515,1170.2319,760.8142,1400.0,639.1858,0.000412,0.102855,0.012009,0.00027763,0.016662,219,11.8945,74.5164,14510.0393,43.5644,3627,4424549,83.256,101563.3026,0.7932,0.8715
flow_2909,0x10000b5d,06,Video,34,correlator,232.7097,1407.7722,1152.2107,193002.9637,439.321,1284.8122,730.669,1397.7722,667.1032,0.000776,0.081936,0.01168,0.00127922,0.035766,95,29.5143,54.7966,34006.6758,36.4599,3121,3596049,85.6008,98630.1873,0.8173,0.893
flow_2921,0x10000b69,06,Video,34,correlator,233.4295,1385.307,1064.7624,116885.4018,341.8851,1156.3505,673.2616,1375.307,702.0454,0.000271,0.12521,0.010303,0.00093064,0.030506,53,24.0267,85.1664,25582.7495,16.7905,1629,1734497,97.0191,103302.1976,0.8827,0.9598
flow_2933,0x10000b75,06,Video,34,correlator,155.9415,1413.864,1060.4286,165985.7067,407.4134,1123.5826,899.9984,1400.0,500.0016,0.000194,0.091383,0.010921,0.00159155,0.039894,74,12.895,76.149,13674.2088,28.1242,2575,2730603,91.5581,97090.801,0.8462,0.9607
flow_2945,0x10000b81,06,Video,34,correlator,125.4118,1404.4943,1237.0402,82070.6523,286.4798,1331.132,691.614,1394.4943,702.8803,0.000607,0.103329,0.008852,0.00103674,0.032198,127,13.1112,78.2999,16219.075,33.0742,3736,4621582,112.9581,139733.7382,0.7275,0.9595
flow_2957,0x10000b8d,06,Video,34,correlator,249.4929,1394.0544,1324.6039,102512.3478,320.1755,1318.8417,848.2584,1384.0544,535.796,0.00044,0.130094,0.005713,0.00094836,0.030795,350,22.6026,74.6689,29939.5502,54.9079,9610,12729443,175.0203,231832.622,0.819,0.9112
flow_2969,0x10000b99,06,Video,34,correlator,153.3718,1386.8513,945.0504,90922.8373,301.5341,1194.972,697.2896,1376.8513,679.5617,0.00051,0.133155,0.003883,0.00189627,0.043546,667,20.2456,66.2322,19133.0777,47.4612,12223,11551350,257.5369,243385.3374,0.7516,0.8645
flow_2981,0x10000ba5,06,Video,34,correlator,205.7846,1411.3918,1010.7536,127168.0237,356.6063,1344.7222,773.279,1400.0,626.721,0.000264,0.141035,0.007688,0.00041626,0.020403,163,12.8545,45.0372,12992.7813,20.2415,2633,2661314,130.0793,131478.1326,0.805,0.9683
flow_2993,0x10000bb1,06,Video,34,correlator,174.8779,1418.3517,1044.0757,84171.5252,290.1233,1179.7777,740.9053,1400.0,659.0947,0.000512,0.082136,0.011818,0.00055374,0.023532,115,19.9623,58.5962,20842.1106,27.33,2312,2413902,84.5957,88324.2441,0.7315,0.971
flow_3005,0x10000bbd,06,Video,34,correlator,132.1697,1419.6745,1200.3127,158948.4087,398.6833,1135.4094,669.273,1400.0,730.727,0.000969,0.122769,0.011849,0.00078983,0.028104,172,19.9602,86.9604,23958.4996,56.6248,4778,5735094,84.38,101282.4292,0.8838,0.8546
flow_3017,0x10000bc9,06,Video,34,correlator,187.5374,1395.8573,1265.1223,94585.8969,307.5482,1206.4257,866.5715,1385.8573,519.2858,0.000272,0.135439,0.006073,0.00178619,0.042263,195,21.0281,46.2701,26603.0913,30.8866,5085,6433146,164.6347,208283.0626,0.7546,0.9425
flow_3029,0x10000bd5,06,Video,34,correlator,135.7886,1416.5081,998.0486,134799.3115,367.1503,1163.0615,789.4644,1400.0,610.5356,0.00079,0.066119,0.012393,0.00124882,0.035339,33,19.0304,69.9621,18993.3012,13.4574,1085,1082882,80.6245,80467.1055,0.7346,0.942
flow_3041,0x10000be1,06,Video,34,correlator,175.9322,1391.4242,1180.1806,64388.5952,253.7491,1207.9342,828.7096,1381.4242,552.7146,0.000539,0.103656,0.005487,0.00049203,0.022182,288,18.1966,52.1761,21475.3109,33.0746,6027,7112948,182.2242,215057.4011,0.7699,0.9114
flow_3053,0x10000bed,06,Video,34,correlator,185.092,1408.8535,934.0208,81815.079,286.0334,1100.9483,840.3889,1398.8535,558.4646,0.000431,0.080933,0.010464,0.00055804,0.023623,191,25.3721,73.2232,23698.0267,43.3196,4139,3865911,95.5458,89241.7002,0.7685,0.8921
flow_3065,0x10000bf9,06,Video,34,correlator,213.4884,1401.0833,1090.0267,196455.1453,443.2326,1262.4293,689.3322,1391.0833,701.7512,0.000366,0.071175,0.007466,0.00045781,0.021397,86,29.7867,43.8016,32468.2831,20.9145,2801,3053164,133.9263,145983.1772,0.8783,0.8796
flow_3077,0x10000c05,06,Video,34,correlator,234.234,1385.8119,1190.8474,150018.5126,387.3222,1134.0879,687.415,1375.8119,688.3969,0.000462,0.100886,0.012369,0.0002829,0.01682,38,12.3925,48.2797,14757.6103,12.8367,1037,1234908,80.7842,96201.6114,0.9187,0.9228
flow_3089,0x10000c11,06,Video,34,correlator,141.2739,1401.6745,1035.5984,165652.8542,407.0047,1236.4922,842.7779,1391.6745,548.8966,0.000903,0.084922,0.007962,0.0003756,0.019381,75,24.8792,61.2902,25764.8966,16.0024,2009,2080517,125.5434,130012.5432,0.8428,0.9042
flow_3101,0x10000c1d,06,Video,34,correlator,255.0356,1381.2832,1314.6958,85785.6251,292.8918,1117.1109,795.0258,1371.2832,576.2574,0.000484,0.063583,0.008129,0.00138684,0.03724,272,18.9442,66.7504,24905.8607,38.2395,4704,6184328,123.0143,161726.3591,0.9091,0.8881
flow_3113,0x10000c29,06,Video,34,correlator,134.9576,1388.9113,1186.2057,111554.4259,333.9976,1238.7573,712.0095,1378.9113,666.9018,0.000335,0.113937,0.012073,0.00173101,0.041605,155,15.8227,46.7935,18769.0264,48.7228,4035,4786339,82.8154,98236.107,0.8493,0.9124
flow_3125,0x10000c35,06,Video,34,correlator,229.7683,1414.8093,1161.2905,75373.1842,274.5418,1352.3403,731.5874,1400.0,668.4126,0.000765,0.133302,0.003339,0.00028491,0.016879,578,22.6377,84.8746,26288.9072,50.5458,15139,17580777,299.5103,347818.4989,0.8527,0.8957
flow_3137,0x10000c41,06,Video,34,correlator,187.506,1409.499,1177.2433,68288.4917,261.3207,1169.5629,759.5011,1399.499,639.9978,0.000617,0.126111,0.011308,0.00141545,0.037622,114,26.2157,48.6019,30862.2705,42.8879,3792,4464106,88.4166,104087.8882,0.7645,0.9685
flow_3149,0x10000c4d,06,Video,34,correlator,229.2449,1384.9003,1004.0776,159597.0404,399.496,1117.2074,845.9806,1374.9003,528.9197,0.00049,0.064569,0.013725,0.00095409,0.030888,48,24.6161,77.3001,24716.4991,23.3272,1699,1705927,72.8334,73130.3401,0.8828,0.9259
flow_3161,0x10000c59,06,Video,34,correlator,131.1565,1406.542,1292.0499,166408.1275,407.9315,1272.0257,860.6904,1396.542,535.8516,0.000286,0.101976,0.004279,0.00081802,0.028601,391,24.6907,51.6029,31901.6101,29.2104,6825,8818240,233.6495,301886.7314,0.7446,0.9643
flow_3173,0x10000c65,06,Video,34,correlator,123.0776,1387.7569,1276.1088,82292.4933,286.8667,1202.3435,856.7007,1377.7569,521.0562,0.000578,0.075587,0.004857,0.00142112,0.037698,142,18.4952,55.236,23601.9081,13.9947,2881,3676469,205.8636,262704.3127,0.8634,0.9033
flow_3185,0x10000c71,06,Video,34,correlator,142.1336,1383.9233,968.5031,79919.4037,282.7002,1092.1842,744.4786,1373.9233,629.4448,0.000904,0.085197,0.006047,0.00055367,0.02353,127,16.4322,41.7103,15914.5909,25.7507,4258,4123886,165.3545,160146.3046,0.8438,0.8866
flow_3197,0x10000c7d,06,Video,34,correlator,141.4908,1394.4551,1194.9883,144311.471,379.8835,1122.9951,805.0552,1384.4551,579.3999,0.000441,0.089105,0.014979,0.00048659,0.022059,48,24.1461,46.9333,28854.2572,22.2495,1485,1774557,66.743,79757.0659,0.8916,0.9054
flow_3209,0x10000c89,06,Video,34,correlator,123.3745,1387.0259,920.4956,70946.2702,266.3574,1189.9893,826.8966,1377.0259,550.1293,0.000833,0.072792,0.004606,0.00038394,0.019594,664,26.7386,75.2921,24612.7199,51.7394,11233,10339926,217.1075,199846.4416,0.7495,0.8939
flow_3221,0x10000c95,06,Video,34,correlator,238.1573,1396.9156,1027.8147,121823.443,349.0322,1076.777,781.3927,1386.9156,605.5229,0.000649,0.081426,0.013333,0.00044506,0.021097,143,20.6598,89.1931,21234.4844,28.9639,2172,2232413,74.9898,77075.6204,0.7494,0.8805
flow_3233,0x10000ca1,06,Video,34,correlator,181.2525,1391.1846,1248.0037,151585.4586,389.3398,1279.9577,857.6738,1381.1846,523.5107,0.000689,0.094622,0.003051,0.00043171,0.020778,354,28.867,81.6647,36026.1236,17.6377,5780,7213461,327.7068,408979.2184,0.7838,0.9331
flow_3245,0x10000cad,06,Video,34,correlator,179.054,1416.283,984.0528,73864.1524,271.7796,1258.2879,682.202,1400.0,717.798,0.000475,0.076092,0.010899,0.00082396,0.028705,172,20.4935,58.3081,20166.6996,55.2845,5072,4991115,91.7436,90280.5271,0.7921,0.9019
flow_3257,0x10000cb9,06,Video,34,correlator,195.6139,1403.5317,1112.0379,168566.2916,410.5683,1317.1725,713.8883,1393.5317,679.6434,0.000291,0.136623,0.00463,0.00133983,0.036604,217,13.633,35.6516,15160.387,16.9249,3655,4064498,215.9542,240149.2573,0.8695,0.9016
flow_3269,0x10000cc5,06,Video,34,correlator,130.7336,1414.8328,955.5119,109788.5078,331.3435,1267.798,892.6372,1400.0,507.3628,0.000263,0.093801,0.008602,0.00023652,0.015379,196,27.5221,49.607,26297.7238,45.1192,5244,5010704,116.2255,111054.8161,0.828,0.8688
flow_3281,0x10000cd1,06,Video,34,correlator,188.4472,1416.9261,933.2961,157598.011,396.9862,1277.1867,866.344,1400.0,533.656,0.000192,0.08454,0.007873,0.00039395,0.019848,250,13.4087,48.3,12514.2985,50.0623,6358,5933896,127.0018,118530.2589,0.7897,0.9124
flow_3293,0x10000cdd,06,Video,34,correlator,200.2599,1394.4144,1148.1489,189041.8512,434.7894,1184.4498,816.6588,1384.4144,567.7556,0.000992,0.130203,0.010921,0.00109736,0.033126,40,29.9978,37.0855,34441.976,13.9033,1273,1461593,91.5613,105125.9253,0.8394,0.9279
flow_3305,0x10000ce9,06,Video,34,correlator,209.9874,1403.5689,965.505,129388.4307,359.706,1125.9783,877.6021,1393.5689,515.9669,0.000327,0.144452,0.013276,0.00026133,0.016166,63,11.0093,56.3288,10629.5196,26.3512,1984,1915561,75.2907,72693.4987,0.843,0.9019
flow_3317,0x10000cf5,06,Video,34,correlator,178.9588,1416.9852,983.0081,116837.9669,341.8157,1248.737,776.4265,1400.0,623.5735,0.000729,0.08504,0.008288,0.00035224,0.018768,307,14.4312,82.2806,14185.9571,58.5877,7068,6947901,120.6396,118589.6843,0.7617,0.8719
flow_3329,0x10000d01,06,Video,34,correlator,171.4487,1387.2946,1093.2703,156002.8704,394.972,1080.9543,756.4879,1377.2946,620.8067,0.000809,0.139232,0.010894,0.00077914,0.027913,61,27.7073,55.0114,30291.5969,22.2116,2038,2228084,91.7537,100311.5838,0.8827,0.917
flow_3341,0x10000d0d,06,Video,34,correlator,205.0797,1400.1658,972.8058,166851.901,408.4751,1191.3485,873.6698,1390.1658,516.496,0.000144,0.093886,0.00958,0.0012918,0.035942,177,21.2328,76.2776,20655.3436,32.1187,3352,3260845,104.3628,101524.7032,0.8187,0.9582
flow_3353,0x10000d19,06,Video,34,correlator,217.712,1404.9179,996.0549,111985.4741,334.6423,1301.5969,838.0554,1394.9179,556.8625,0.000688,0.094408,0.005184,0.00033767,0.018376,394,17.6331,44.8286,17563.5401,31.7027,6114,6089879,192.854,192093.1022,0.7269,0.9019
flow_3365,0x10000d25,06,Video,34,correlator,201.0481,1391.541,1186.7276,79058.4407,281.1733,1279.0093,809.8499,1381.541,571.691,0.000677,0.123339,0.005303,0.00086038,0.029332,205,15.2135,51.7752,18054.3013,32.0337,6040,7167834,188.5514,223759.1014,0.7224,0.9134
flow_3377,0x10000d31,06,Video,34,correlator,181.5304,1381.5686,1216.8978,73264.3906,270.674,1273.8333,804.0127,1371.5686,567.5559,0.000773,0.06737,0.011618,0.00052873,0.022994,239,15.3645,71.897,18697.0655,53.2964,4587,5581910,86.0659,104733.3634,0.7867,0.8902
flow_3389,0x10000d3d,06,Video,34,correlator,210.8206,1389.3145,1317.7116,133222.2274,364.9962,1176.4046,864.6636,1379.3145,514.6509,0.000376,0.104934,0.008563,0.00098533,0.03139,214,14.2169,36.0805,18733.7178,46.3587,5413,7132773,116.7634,153860.546,0.7636,0.9605
flow_3401,0x10000d49,06,Video,34,correlator,147.6006,1416.6075,986.6751,123585.6707,351.5475,1280.893,716.2496,1400.0,683.7504,0.000933,0.124441,0.008003,0.00046008,0.02145,111,29.8759,56.7847,29477.8256,13.8422,1729,1705961,124.9082,123243.792,0.8405,0.9732
flow_3413,0x10000d55,06,Video,34,correlator,145.3303,1394.2397,1263.0563,63165.0794,251.3266,1311.2427,715.6192,1384.2397,668.6204,0.000424,0.058881,0.005873,0.00023909,0.015463,123,18.3066,35.6018,23122.3071,20.858,3551,4485112,170.2463,215030.56,0.7834,0.8508
flow_3425,0x10000d61,06,Video,34,correlator,234.9575,1401.7342,1323.5731,136773.6183,369.8292,1296.382,682.6192,1391.7342,709.1149,0.000469,0.052132,0.0128,0.00045186,0.021257,96,15.0411,79.477,19908.0489,34.4661,2692,3563058,78.1057,103378.643,0.9052,0.9242
flow_3437,0x10000d6d,06,Video,34,correlator,234.21,1400.2837,1140.4375,170164.3161,412.5098,1309.3061,825.6194,1390.2837,564.6643,0.00033,0.054348,0.003563,0.0007342,0.027096,479,11.2222,69.199,12798.2149,43.1325,12107,13807276,280.6935,320113.388,0.758,0.9718
flow_3449,0x10000d79,06,Video,34,correlator,221.2912,1384.6517,1010.4066,89840.2662,299.7337,1165.6611,836.3116,1374.6517,538.34,0.000907,0.147225,0.010666,0.00029483,0.017171,248,25.8741,63.6886,26143.4117,50.0142,4689,4737796,93.7534,94729.0857,0.7257,0.9368
flow_3461,0x10000d85,06,Video,34,correlator,170.5161,1386.12,1119.5798,69299.4952,263.248,1312.7866,699.6815,1376.12,676.4385,0.0006,0.118302,0.014167,0.00061693,0.024838,45,15.6324,44.2692,17501.6892,15.1175,1067,1194591,70.5803,79020.2333,0.8538,0.8715
flow_3473,0x10000d91,06,Video,34,correlator,239.9789,1380.8667,1024.5711,143699.2475,379.0768,1098.6703,867.9799,1370.8667,502.8868,0.000118,0.080879,0.007307,0.00045336,0.021292,263,21.1072,60.0088,21625.8327,30.202,4133,4234552,136.8451,140207.5258,0.8186,0.8674
flow_3485,0x10000d9d,06,Video,34,correlator,172.0109,1400.7551,1328.4807,83750.9974,289.3976,1209.4212,733.1025,1390.7551,657.6527,0.000223,0.077453,0.004981,0.00102217,0.031971,302,28.2111,70.8034,37477.9269,35.3932,7105,9438855,200.7446,266685.296,0.7339,0.8686
flow_3497,0x10000da9,06,Video,34,correlator,141.7573,1413.4359,1039.5856,81962.2404,286.2905,1141.9697,816.9017,1400.0,583.0983,0.000103,0.14831,0.004697,0.00083265,0.028856,96,27.3851,89.7927,28469.1708,13.7082,2918,3033510,212.8655,221291.846,0.85,0.9289
flow_3509,0x10000db5,06,Video,34,correlator,254.6382,1393.1002,989.5627,149641.117,386.8347,1067.5969,784.2733,1383.1002,598.8269,0.000655,0.091646,0.004913,0.0011946,0.034563,349,24.6996,74.5809,24441.8254,56.3919,11478,11358200,203.54,201415.5623,0.7336,0.8921
flow_3521,0x10000dc1,06,Video,34,correlator,256.836,1391.3919,1031.4883,178768.2789,422.81,1254.0679,891.4007,1381.3919,489.9912,0.000514,0.097113,0.011634,0.00101867,0.031917,29,21.3525,67.2832,22024.8761,12.0596,1036,1068621,85.9063,88611.2882,0.7561,0.9062
flow_3533,0x10000dcd,06,Video,34,correlator,203.0434,1405.596,1034.4899,68918.6093,262.5235,1295.8731,765.1393,1395.596,630.4567,0.000113,0.062692,0.013102,0.00063928,0.025284,50,10.6414,80.0628,11008.4017,19.5471,1491,1542424,76.2774,78908.1471,0.8581,0.892
flow_3545,0x10000dd9,06,Video,34,correlator,133.8056,1381.6282,1211.5017,126997.9918,356.3678,1315.6681,675.8902,1371.6282,695.738,0.000128,0.139899,0.014876,0.00040612,0.020152,117,21.436,55.7641,25969.7795,36.1941,2433,2947583,67.221,81438.3061,0.9177,0.9506
flow_3557,0x10000de5,06,Video,34,correlator,220.4269,1388.0498,1314.3171,80694.9516,284.0686,1129.6348,828.0707,1378.0498,549.9792,0.000684,0.069096,0.010588,0.00140227,0.037447,270,11.6764,86.6729,15346.543,52.0971,4920,6466440,94.439,124122.8388,0.8368,0.8931
flow_3569,0x10000df1,06,Video,34,correlator,231.5579,1419.2418,1198.8823,200508.4424,447.7817,1204.4674,770.9163,1400.0,629.0837,0.00023,0.080797,0.01322,0.00116166,0.034083,197,20.2079,47.8666,24226.8914,40.0659,3030,3632613,75.6255,90666.0526,0.7674,0.9664
flow_3581,0x10000dfd,06,Video,34,correlator,205.0539,1381.4825,1176.2013,139537.9718,373.5478,1133.3204,655.9745,1371.4825,715.5079,0.000578,0.077118,0.003386,0.00124393,0.035269,505,26.3231,69.2,30961.2083,55.8974,16509,19417906,295.3446,347384.6947,0.843,0.919
flow_3593,0x10000e09,06,Video,34,correlator,155.8115,1403.5323,1059.7131,137577.1969,370.914,1240.8584,660.6481,1393.5323,732.8841,0.000819,0.07498,0.013929,0.0018527,0.043043,70,16.1148,56.326,17077.0288,28.7079,2061,2184068,71.792,76078.9013,0.8536,0.8544
flow_3605,0x10000e15,06,Video,34,correlator,169.3013,1410.5538,1155.7748,67394.2867,259.6041,1083.5068,855.7762,1400.0,544.2238,0.000245,0.082778,0.00965,0.0010682,0.032683,204,23.3815,46.3547,27023.7764,52.8549,5477,6330178,103.6234,119765.2582,0.8312,0.9454
flow_3617,0x10000e21,06,Video,34,correlator,126.4863,1413.8424,1215.8231,139261.2111,373.1772,1061.9061,695.3012,1400.0,704.6988,0.000252,0.135379,0.006599,0.00037391,0.019337,461,21.566,58.8261,26220.4091,56.3959,8546,10390424,151.5357,184240.6087,0.7953,0.9739
flow_3629,0x10000e2d,06,Video,34,correlator,259.2605,1383.3197,917.9089,62672.2814,250.3443,1078.5138,870.3127,1373.3197,503.0069,0.000964,0.12261,0.007809,0.00148673,0.038558,74,18.7639,60.5483,17223.5148,20.1057,2574,2362697,128.0232,117513.6372,0.8474,0.9431
flow_3641,0x10000e39,06,Video,34,correlator,214.8633,1398.2941,1049.5168,97610.4611,312.4267,1265.7403,754.7104,1388.2941,633.5837,0.000811,0.109974,0.009384,0.00030757,0.017538,207,21.9875,68.7931,23076.2835,58.7002,6255,6564727,106.5584,111834.8623,0.7866,0.9079
flow_3653,0x10000e45,06,Video,34,correlator,215.5022,1415.7485,1281.0385,161328.9987,401.6578,1072.7994,840.6269,1400.0,559.3731,0.000477,0.118476,0.004534,0.00122488,0.034998,190,12.1316,55.6534,15541.1078,14.9054,3287,4210773,220.5245,282500.3794,0.7539,0.851
flow_3665,0x10000e51,06,Video,34,correlator,156.5968,1410.4986,1129.2362,111113.9752,333.3376,1171.1776,844.7881,1400.0,555.2119,0.000414,0.13072,0.00765,0.0004683,0.02164,311,22.4623,44.6168,25365.2761,36.373,4754,5368389,130.7015,147592.8546,0.7415,0.8896
flow_3677,0x10000e5d,06,Video,34,correlator,149.6807,1395.9143,1211.3186,97862.2701,312.8295,1199.9608,851.1369,1385.9143,534.7774,0.000398,0.098802,0.004699,0.00098432,0.031374,294,27.2123,84.5052,32962.7872,46.3709,9867,11952080,212.7843,257749.5667,0.7299,0.9047
flow_3689,0x10000e69,06,Video,34,correlator,185.2563,1398.0574,1076.7988,101399.5426,318.4329,1189.3588,827.935,1388.0574,560.1224,0.000423,0.147108,0.006973,0.00079282,0.028157,200,18.642,49.0991,20073.6327,44.8192,6427,6920585,143.3983,154411.0916,0.7358,0.9562
flow_3701,0x10000e75,06,Video,34,correlator,125.521,1384.636,1036.2295,98052.2473,313.133,1333.9291,709.6986,1374.636,664.9374,0.000804,0.147425,0.011896,0.00177468,0.042127,58,20.4406,82.8497,21181.1888,20.0373,1684,1745010,84.0432,87088.0671,0.8686,0.9513
flow_3713,0x10000e81,06,Video,34,correlator,143.215,1418.2498,1252.4261,120783.3661,347.539,1255.0797,799.0028,1400.0,600.9972,0.000379,0.073114,0.007986,0.0014291,0.037803,329,12.1563,43.6144,15224.8801,54.9216,6877,8612934,125.2149,156822.3825,0.7914,0.9642
flow_3725,0x10000e8d,06,Video,34,correlator,178.5471,1380.8605,1238.5769,104537.0705,323.3219,1078.9928,892.7659,1370.8605,478.0946,0.000467,0.119698,0.006587,0.00031855,0.017848,139,14.2617,66.8304,17664.2337,30.4191,4618,5719748,151.8127,188031.7581,0.7414,0.8653
flow_3737,0x10000e99,06,Video,34,correlator,135.1533,1383.6239,1211.1701,118709.5261,344.5425,1178.3417,704.3856,1373.6239,669.2382,0.000436,0.122219,0.011548,0.00039998,0.019999,265,22.7188,38.5295,27516.3634,59.0711,5115,6195135,86.5905,104875.8594,0.7734,0.8625
flow_3749,0x10000ea5,06,Video,34,correlator,214.5408,1412.3463,1240.6651,197786.4356,444.7319,1152.1672,783.1747,1400.0,616.8253,0.00067,0.144199,0.010591,0.0007508,0.027401,103,22.6248,78.0394,28069.7514,35.228,3326,4126452,94.4136,117135.6195,0.7856,0.8928
flow_3761,0x10000eb1,06,Video,34,correlator,164.6289,1380.4158,1040.9522,92518.6842,304.1688,1137.1434,680.6348,1370.4158,689.7811,0.000606,0.142967,0.005001,0.00103256,0.032133,316,11.9029,75.4836,12390.368,37.5471,7508,7815469,199.9623,208151.2112,0.8092,0.9487
flow_3773,0x10000ebd,06,Video,34,correlator,223.1555,1405.2884,906.0375,139313.5816,373.2473,1096.7239,734.1607,1395.2884,661.1277,0.000393,0.131932,0.008324,0.001667,0.040829,172,18.6802,39.9425,16924.9281,28.1789,3385,3066936,120.1255,108838.212,0.8839,0.9148
flow_3785,0x10000ec9,06,Video,34,correlator,230.4377,1380.1465,1108.4675,109770.8854,331.3169,1262.6276,736.8668,1370.1465,633.2797,0.000984,0.126839,0.01077,0.00114879,0.033894,44,22.3248,41.784,24746.3454,13.1324,1219,1351221,92.8242,102892.504,0.87,0.8987
flow_3797,0x10000ed5,06,Video,34,correlator,220.5118,1405.3909,1205.1504,91794.8731,302.9767,1319.7578,791.5113,1395.3909,603.8796,0.000409,0.13986,0.013962,0.00058992,0.024288,219,18.7737,39.1652,22625.1138,51.1547,3663,4414465,71.6063,86296.3671,0.894,0.9122
flow_3809,0x10000ee1,06,Video,34,correlator,224.6362,1410.6013,1178.1935,114199.2395,337.9338,1355.0663,672.6035,1400.0,727.3965,0.000843,0.112919,0.012086,0.00069982,0.026454,48,11.5269,79.5905,13580.9366,18.6687,1544,1819130,82.7053,97442.776,0.8334,0.8696
flow_3821,0x10000eed,06,Video,34,correlator,216.5687,1380.0257,945.0564,146355.4352,382.5643,1134.6072,875.2256,1370.0257,494.8001,0.000611,0.0718,0.00677,0.00170732,0.04132,371,22.2204,64.9287,20999.5704,52.8509,7806,7377110,147.6986,139583.5117,0.8772,0.8833
flow_3833,0x10000ef9,06,Video,34,correlator,229.0331,1400.5246,1075.2805,170461.6287,412.87,1236.4327,733.0014,1390.5246,657.5232,0.000619,0.0567,0.007109,0.0009092,0.030153,341,20.9416,86.0179,22518.1306,38.5141,5417,5824794,140.6498,151237.9306,0.7384,0.9129
flow_3845,0x10000f05,06,Video,34,correlator,212.1268,1403.1842,1050.2339,142324.4466,377.2591,1249.9272,650.0399,1393.1842,743.1443,0.000168,0.100771,0.004019,0.00113529,0.033694,111,21.0907,46.2068,22150.1701,14.1357,3517,3693672,248.803,261301.3223,0.8925,0.8656
flow_3857,0x10000f11,06,Video,34,correlator,138.0243,1403.8088,926.3847,190403.8335,436.3529,1117.7423,857.5906,1393.8088,536.2182,0.000643,0.096264,0.003793,0.00112351,0.033519,244,24.0619,70.5745,22290.6206,29.9401,7894,7312880,263.6593,244249.9515,0.9055,0.8587
flow_3869,0x10000f1d,06,Video,34,correlator,186.7414,1407.7461,1077.1159,78387.7099,279.9781,1119.2041,872.2574,1397.7461,525.4887,0.000459,0.093809,0.007683,0.00050187,0.022402,240,17.3455,84.3236,18683.1499,28.2895,3682,3965940,130.1541,140191.0144,0.775,0.8971
flow_3881,0x10000f29,06,Video,34,correlator,170.0571,1395.9482,1191.7497,185076.3346,430.205,1271.3236,760.1991,1385.9482,625.7491,0.00056,0.138486,0.012424,0.00107243,0.032748,122,23.3422,58.8446,27818.0785,36.2244,2915,3473950,80.4707,95900.8894,0.7774,0.917
flow_3893,0x10000f35,06,Video,34,correlator,221.575,1411.898,933.2121,177591.7268,421.4163,1178.6402,863.8126,1400.0,536.1874,0.000807,0.125339,0.013606,0.00156708,0.039586,102,20.3306,63.3626,18972.7849,36.5033,2682,2502874,73.4728,68565.717,0.7621,0.8926
flow_3905,0x10000f41,06,Video,34,correlator,130.4692,1417.6587,936.3426,121584.3675,348.6895,1304.7393,869.6368,1400.0,530.3632,0.000783,0.071755,0.011766,0.00045714,0.021381,59,29.3638,74.2891,27494.5984,12.7183,1080,1011249,84.9169,79511.2105,0.7494,0.8904
flow_3917,0x10000f4d,06,Video,34,correlator,156.0093,1399.8757,1187.489,74501.7403,272.9501,1051.6806,744.037,1389.8757,645.8386,0.000394,0.139421,0.003835,0.00097726,0.031261,185,22.6309,89.733,26873.9172,20.5599,5360,6364941,260.701,309579.6034,0.8338,0.9549
flow_3929,0x10000f59,06,Video,34,correlator,141.3393,1390.5034,1087.1285,99714.4407,315.7759,1076.755,770.3112,1380.5034,610.1922,0.000857,0.147334,0.008827,0.00084978,0.029151,88,29.4465,66.2171,32012.1745,16.9858,1924,2091635,113.2709,123140.0059,0.7994,0.9065
flow_3941,0x10000f65,06,Video,34,correlator,187.8383,1392.6599,1136.4296,91862.1651,303.0877,1178.8292,812.9145,1382.6599,569.7454,0.000347,0.087677,0.009684,0.00116685,0.034159,120,22.2395,50.8321,25273.65,38.5655,3982,4525262,103.2529,117339.5961,0.7274,0.9169
flow_3953,0x10000f71,06,Video,34,correlator,257.0073,1397.0121,1282.9144,124278.8325,352.532,1184.122,708.858,1387.0121,678.1541,0.000596,0.064191,0.004831,0.00053462,0.023122,328,15.3287,70.4448,19665.4322,54.4372,11269,14457161,207.009,265574.8594,0.802,0.918
flow_3965,0x10000f7d,06,Video,34,correlator,147.2046,1382.9213,1097.6524,136965.5427,370.0886,1279.761,671.7608,1372.9213,701.1605,0.000514,0.080821,0.006374,0.00088947,0.029824,110,14.6966,72.6478,16131.7385,20.5344,3221,3535538,156.8585,172176.0875,0.9033,0.8781
flow_3977,0x10000f89,06,Video,34,correlator,141.351,1389.7115,1097.0288,191594.6165,437.7152,1329.6136,718.9511,1379.7115,660.7604,0.000309,0.071108,0.003809,0.00135985,0.036876,653,25.6719,85.9341,28162.7622,47.3113,12421,13626194,262.5376,288011.2558,0.7507,0.9211
flow_3989,0x10000f95,06,Video,34,correlator,182.6197,1384.7117,1043.6237,122342.3013,349.7746,1197.4629,865.7492,1374.7117,508.9625,0.000783,0.105838,0.013591,0.00062338,0.024968,118,26.5566,43.9844,27715.0763,46.8576,3447,3597371,73.5633,76772.373,0.8792,0.8792
flow_4001,0x10000fa1,06,Web,0,correlator,96.5273,1369.9271,816.4006,172792.7145,415.6834,567.2315,131.5422,1132.8125,1001.2703,0.003534,1.216111,0.168339,0.04135427,0.203357,7,5.5755,14.8589,4551.8343,14.3052,84,68577,5.872,4793.8402,0.3278,0.2925
flow_4013,0x10000fad,06,Web,0,correlator,91.7628,1371.5414,726.1778,193847.7118,440.2814,556.4496,150.7572,1190.6715,1039.9142,0.00197,2.45765,0.092338,0.05501519,0.234553,10,6.8491,16.4257,4973.6552,12.1005,131,95129,10.826,7861.547,0.3634,0.3034
flow_4025,0x10000fb9,06,Web,0,correlator,125.7618,1378.3562,479.777,156487.7858,395.5854,541.253,113.4835,1370.0,1256.5165,0.001707,3.185664,0.042007,0.12839744,0.358326,40,7.1135,15.9079,3412.8964,20.1002,478,229333,23.7809,11409.4942,0.2899,0.2251
flow_4037,0x10000fc5,06,Web,0,correlator,86.831,1407.4664,838.3136,230766.5724,480.3817,476.2441,168.4281,1259.8457,1091.4176,0.001148,3.100808,0.072733,0.04310727,0.207623,38,6.527,17.0843,5471.6963,32.5482,447,374726,13.7335,11512.9552,0.4447,0.2589
flow_4049,0x10000fd1,06,Web,0,correlator,81.0544,1390.154,489.2341,261555.2788,511.4248,386.8381,102.0936,1244.13,1142.0363,0.002286,2.527112,0.138814,0.12019448,0.346691,9,3.7605,21.4058,1839.7766,17.3636,125,61154,7.199,3521.9657,0.4695,0.2287
flow_4061,0x10000fdd,06,Web,0,correlator,101.7485,1405.6676,839.453,163624.2429,404.5049,568.8533,127.2813,1209.1053,1081.824,0.002192,2.502366,0.168426,0.15186333,0.389696,13,8.1773,30.7569,6864.451,23.2071,137,115005,5.9034,4955.6021,0.4358,0.2906
flow_4073,0x10000fe9,06,Web,0,correlator,86.7788,1394.2773,738.7332,135963.2446,368.7319,312.4414,195.1338,1172.6487,977.5149,0.002314,3.13248,0.098588,0.0448304,0.211732,6,7.5475,17.453,5575.5825,8.0148,81,59837,10.1063,7465.8462,0.4019,0.135
flow_4085,0x10000ff5,06,Web,0,correlator,104.0538,1371.0502,742.841,198371.4863,445.3891,308.9887,128.2708,1193.234,1064.9632,0.003459,0.465847,0.121675,0.03397343,0.184319,21,6.5769,17.9548,4885.5931,32.3622,265,196852,8.1886,6082.7824,0.3328,0.1353
flow_4097,0x10001001,06,Web,0,correlator,87.3552,1371.4137,822.5433,167933.376,409.7967,255.9908,149.6814,1285.4525,1135.7711,0.002163,1.718974,0.078654,0.06532769,0.255593,48,7.9356,14.5734,6527.3611,34.542,439,361096,12.7092,10453.8191,0.438,0.2517
flow_4109,0x1000100d,06,Web,0,correlator,102.3314,1396.2413,561.9493,191167.6775,437.2273,417.2943,127.4293,1266.1028,1138.6736,0.001277,0.792731,0.102072,0.04296561,0.207281,42,4.2371,13.334,2381.0419,29.3996,288,161841,9.796,5504.8695,0.4433,0.3437
flow_4121,0x10001019,06,Web,0,correlator,102.4957,1407.1303,531.5006,258520.8351,508.4494,542.1119,127.1262,1276.1804,1149.0542,0.001088,2.032547,0.146585,0.0529558,0.230121,16,8.6393,31.2069,4591.8091,27.4445,187,99390,6.8138,3621.4916,0.3217,0.2042
flow_4133,0x10001025,06,Web,0,correlator,99.4563,1370.3112,501.574,109487.4268,330.8888,292.9947,155.4419,1318.6076,1163.1657,0.001408,0.800018,0.052708,0.07282706,0.269865,37,5.8137,23.8462,2916.0016,12.4242,235,117869,18.9147,9487.0539,0.3156,0.3221
flow_4145,0x10001031,06,Web,0,correlator,84.508,1410.4973,705.7438,179918.2982,424.1678,541.9607,130.9124,1222.1041,1091.1917,0.001362,1.148645,0.044561,0.01657991,0.128763,79,3.5371,15.9149,2496.2806,24.976,560,395216,22.4215,15823.8249,0.3415,0.1568
flow_4157,0x1000103d,06,Web,0,correlator,129.7486,1416.0833,487.5675,129851.9277,360.3497,522.5579,168.9688,1163.0686,994.0998,0.004826,2.21956,0.114049,0.156425,0.395506,12,8.5509,30.9845,4169.1308,16.8827,148,72159,8.7664,4274.1444,0.288,0.1389
flow_4169,0x10001049,06,Web,0,correlator,91.7653,1396.5783,796.3775,162103.9824,402.6214,294.4451,186.8485,1368.7608,1181.9123,0.001612,1.066173,0.073481,0.16194583,0.402425,53,8.6389,12.4128,6879.8362,33.7175,458,364740,13.5834,10817.5255,0.3593,0.1502
flow_4181,0x10001055,06,Web,0,correlator,108.2404,1408.0081,503.9588,187019.2924,432.4573,625.3674,140.8689,1120.552,979.6831,0.004398,1.057929,0.137642,0.06788273,0.260543,20,7.9108,24.0189,3986.7334,33.2838,241,121454,7.2408,3649.0448,0.3079,0.1641
flow_4193,0x10001061,06,Web,0,correlator,85.0042,1403.9644,711.2352,250656.7588,500.6563,528.6132,101.2825,1348.6907,1247.4082,0.003212,0.435501,0.152329,0.14004284,0.374223,24,7.7832,26.2644,5535.7017,34.9898,229,162872,6.5448,4654.8476,0.379,0.1652
flow_4205,0x1000106d,06,Web,0,correlator,117.974,1383.547,808.6027,202643.9644,450.1599,296.4719,197.6294,1317.0544,1119.425,0.001944,1.359953,0.106073,0.00976929,0.09884,52,4.4417,22.7208,3591.5469,31.9529,301,243389,9.4201,7617.1262,0.4394,0.364
flow_4217,0x10001079,06,Web,0,correlator,84.1962,1384.7047,710.8484,219484.6128,468.4918,293.5119,157.1072,1315.0684,1157.9612,0.003464,1.839878,0.101745,0.14032337,0.374598,18,3.8289,20.0471,2721.7571,12.6954,124,88145,9.7673,6943.0442,0.4129,0.2563
flow_4229,0x10001085,06,Web,0,correlator,124.3094,1376.8735,824.2338,204168.385,451.85,498.6837,155.4982,1161.2699,1005.7716,0.001029,2.129105,0.16808,0.16436477,0.405419,6,6.1287,21.7674,5051.443,8.2413,49,40387,5.9456,4900.5345,0.317,0.2974
flow_4241,0x10001091,06,Web,0,correlator,91.4508,1380.0002,777.0155,131309.86,362.367,491.9981,150.8535,1370.0,1219.1465,0.004049,2.621255,0.145414,0.19515211,0.44176,17,5.0944,30.2439,3958.4502,13.4318,92,71485,6.8494,5322.0683,0.4198,0.1605
flow_4253,0x1000109d,06,Web,0,correlator,107.2959,1414.1169,814.547,200820.123,448.1296,311.8075,116.7294,1189.8531,1073.1236,0.003899,3.005789,0.131608,0.16213854,0.402664,8,5.0012,25.1035,4073.6784,12.9493,98,79825,7.5679,6164.4032,0.2857,0.2785
flow_4265,0x100010a9,06,Web,0,correlator,97.1784,1363.4391,684.4174,156925.0335,396.1376,272.7755,166.6894,1370.0,1203.3106,0.001428,1.08353,0.078168,0.11398249,0.337613,18,6.0459,12.469,4137.9412,17.2063,220,150571,12.786,8750.9455,0.3148,0.2032
flow_4277,0x100010b5,06,Web,0,correlator,119.3239,1401.1348,773.2318,267223.2969,516.9365,638.1695,191.8691,1326.3169,1134.4478,0.004973,1.8721,0.060079,0.15136053,0.389051,19,8.4588,27.6901,6540.5861,11.019,183,141501,16.6076,12841.4931,0.3431,0.1807
flow_4289,0x100010c1,06,Web,0,correlator,104.7634,1374.9107,659.0477,179358.6077,423.5075,574.8386,178.1426,1224.3035,1046.1609,0.001687,1.185078,0.110285,0.20039818,0.447659,31,8.9583,28.7115,5903.9671,25.6902,232,152899,9.0307,5951.6386,0.3686,0.2979
flow_4301,0x100010cd,06,Web,0,correlator,108.4783,1370.984,514.3825,122075.8411,349.3935,464.2723,191.2164,1250.5118,1059.2954,0.002639,1.048979,0.164034,0.20893189,0.457091,16,8.5231,22.5019,4384.1584,26.5972,162,83329,6.0909,3132.9934,0.3491,0.1686
flow_4313,0x100010d9,06,Web,0,correlator,102.9337,1388.9313,711.4325,135544.4479,368.1636,392.624,113.956,1102.43,988.474,0.001749,0.539804,0.073925,0.04940132,0.222264,7,4.2416,29.125,3017.6307,7.8572,106,75411,13.4907,9597.6388,0.4229,0.32
flow_4325,0x100010e5,06,Web,0,correlator,99.7583,1405.2648,675.8534,198618.0289,445.6658,523.9907,115.7036,1321.9612,1206.2576,0.001381,3.419765,0.059923,0.21099835,0.459346,25,6.6378,21.59,4486.1628,13.2688,221,149363,16.6556,11256.6769,0.4214,0.2959
flow_4337,0x100010f1,06,Web,0,correlator,106.3634,1409.7841,667.9594,144342.4302,379.9242,298.153,135.0551,1290.3686,1155.3135,0.004927,2.711173,0.126655,0.02802071,0.167394,21,7.5643,19.3096,5052.6597,26.503,209,139603,7.8859,5267.4424,0.3756,0.2568
flow_4349,0x100010fd,06,Web,0,correlator,88.4877,1360.322,493.2683,166921.0482,408.5597,474.0529,169.7529,1268.2645,1098.5116,0.003539,0.762287,0.101471,0.12732829,0.356831,20,5.0172,19.5838,2474.808,15.4029,151,74483,9.8033,4835.6358,0.2808,0.3551
flow_4361,0x10001109,06,Web,0,correlator,118.9085,1398.9132,497.2262,193949.8864,440.3974,427.0494,141.57,1131.2223,989.6524,0.003339,0.941426,0.079085,0.15403965,0.392479,7,5.6433,17.6911,2805.9807,7.6632,96,47733,12.5274,6228.8528,0.3809,0.1891
flow_4373,0x10001115,06,Web,0,correlator,126.0155,1413.0628,711.4727,223463.2099,472.719,307.8453,156.752,1334.7249,1177.9729,0.001942,0.788658,0.123983,0.18514845,0.430289,31,6.0703,24.5255,4318.8825,34.2366,276,196366,8.0615,5735.5536,0.2875,0.2611
flow_4385,0x10001121,06,Web,0,correlator,112.1045,1408.648,649.3703,256118.9664,506.082,614.5424,181.6883,1266.5506,1084.8623,0.001758,2.41762,0.138836,0.07511074,0.274063,41,8.1981,30.0758,5323.6103,34.0415,245,159095,7.1971,4673.5649,0.4056,0.3508
flow_4397,0x1000112d,06,Web,0,correlator,87.6645,1374.222,672.9097,209375.9935,457.5762,442.6382,178.7288,1145.4944,966.7656,0.004749,2.259754,0.086505,0.08415307,0.290091,17,5.0755,24.4815,3415.3574,18.8195,217,146021,11.5306,7759.0405,0.4261,0.3728
flow_4409,0x10001139,06,Web,0,correlator,94.6474,1395.4998,840.0377,259342.9217,509.2572,298.3006,139.3766,1168.1833,1028.8068,0.004089,2.136426,0.1642,0.019394,0.139262,15,6.7227,28.3268,5647.3312,24.0111,146,122645,6.0805,5107.8419,0.449,0.12
flow_4421,0x10001145,06,Web,0,correlator,105.9664,1363.2421,611.0335,190564.1927,436.5366,299.4686,146.1129,1192.1865,1046.0735,0.001446,3.239645,0.090116,0.07401303,0.272053,36,6.6157,16.9169,4042.4101,21.2178,235,143592,11.0756,6767.5103,0.401,0.1505
flow_4433,0x10001151,06,Web,0,correlator,104.0187,1408.1277,829.4365,137066.1652,370.2245,285.8741,128.0764,1264.4011,1136.3247,0.003782,3.424589,0.149862,0.01628734,0.127622,17,4.6835,29.8464,3884.6476,32.6965,218,180817,6.6674,5530.1585,0.3254,0.2564
flow_4445,0x1000115d,06,Web,0,correlator,94.1161,1382.9895,603.1332,126653.0822,355.8835,453.794,161.3811,1283.5025,1122.1214,0.004209,0.63921,0.061965,0.06178617,0.248568,47,5.1464,15.1879,3103.982,20.0017,322,194208,16.0986,9709.5643,0.3885,0.2441
flow_4457,0x10001169,06,Web,0,correlator,91.4101,1415.5742,815.7341,143847.336,379.2721,530.0781,168.6703,1226.5295,1057.8592,0.003855,3.175208,0.14843,0.08439659,0.290511,13,7.6236,30.7804,6218.7965,24.4225,164,133780,6.7151,5477.7358,0.4479,0.1349
flow_4469,0x10001175,06,Web,0,correlator,104.4021,1392.6563,630.3579,148212.5963,384.9839,575.6306,157.1327,1329.6898,1172.557,0.001637,1.164546,0.096764,0.03069387,0.175197,21,4.7488,12.2613,2993.4713,23.6973,244,153807,10.2965,6490.4868,0.4013,0.3751
flow_4481,0x10001181,06,Web,0,correlator,87.134,1390.5139,733.7771,237231.7993,487.0645,254.7374,143.3606,1227.0478,1083.6872,0.003778,2.118222,0.152384,0.11938939,0.345528,18,7.0435,16.5375,5168.3912,19.9367,130,95391,6.5206,4784.6958,0.4095,0.1593
flow_4493,0x1000118d,06,Web,0,correlator,88.0268,1411.1551,738.8733,141425.693,376.0661,467.5122,139.919,1102.0435,962.1245,0.002911,1.130391,0.061618,0.01578188,0.125626,17,5.4731,14.7813,4043.9195,12.4794,202,149252,16.1867,11959.8935,0.3139,0.2896
flow_4505,0x10001199,06,Web,0,correlator,128.7022,1388.9889,652.7393,122007.2391,349.2953,437.4136,196.3644,1359.471,1163.1066,0.002927,3.130086,0.099037,0.09787025,0.312842,15,7.3606,14.077,4804.5456,17.0884,172,112271,10.0653,6570.0273,0.4597,0.1852
flow_4517,0x100011a5,06,Web,0,correlator,82.2519,1380.9554,536.977,118727.0079,344.5679,360.1717,157.1441,1345.0759,1187.9318,0.00454,1.440162,0.072263,0.09297697,0.304921,35,8.0648,19.9161,4330.5994,25.3264,350,187941,13.8196,7420.769,0.3463,0.2674
flow_4529,0x100011b1,06,Web,0,correlator,90.3205,1385.9792,798.8869,188707.7259,434.405,369.394,116.8017,1285.498,1168.6962,0.001723,0.619295,0.044623,0.11860149,0.344386,72,5.0353,16.087,4022.6278,31.7048,710,567209,22.3941,17890.2959,0.3353,0.1993
flow_4541,0x100011bd,06,Web,0,correlator,116.5964,1395.8198,747.1759,258074.0225,508.0099,341.7549,175.8413,1181.5566,1005.7153,0.001983,2.632209,0.080113,0.0086074,0.092776,27,3.6324,18.9888,2714.0138,18.2354,227,169608,12.4483,9301.027,0.3523,0.2583
flow_4553,0x100011c9,06,Web,0,correlator,120.8135,1360.4476,806.6032,181687.9642,426.2487,495.4685,147.6103,1173.0669,1025.4566,0.002511,1.95711,0.099788,0.09413241,0.30681,6,6.5108,30.2508,5251.6268,6.9126,69,55655,9.9818,8051.2321,0.3788,0.1296
flow_4565,0x100011d5,06,Web,0,correlator,87.3387,1368.7819,646.3445,227916.6747,477.4062,446.5186,182.1943,1139.8288,957.6345,0.001989,2.658518,0.111272,0.06043425,0.245834,43,5.7449,30.0667,3713.2165,30.2362,271,175159,8.9628,5793.0263,0.4621,0.2154
flow_4577,0x100011e1,06,Web,0,correlator,85.1771,1362.1573,766.7326,141531.9677,376.2073,485.6862,184.1017,1370.0,1185.8983,0.00488,2.897349,0.11308,0.03530885,0.187906,8,4.8007,22.5238,3680.8417,6.505,57,43703,8.7625,6718.3624,0.4055,0.3748
flow_4589,0x100011ed,06,Web,0,correlator,87.2229,1419.0652,493.3313,129269.2765,359.5404,280.0891,137.3529,1152.2523,1014.8994,0.004968,2.058141,0.148726,0.04091877,0.202284,9,7.7757,24.5962,3835.9881,13.6188,91,44893,6.6819,3296.3989,0.376,0.1572
flow_4601,0x100011f9,06,Web,0,correlator,126.3475,1404.8683,614.8211,264950.8256,514.7337,261.6965,178.4595,1302.0694,1123.6099,0.001362,1.282603,0.102777,0.03170215,0.178051,50,6.5754,22.9485,4042.6907,33.073,321,197357,9.7058,5967.3081,0.3868,0.1559
flow_4613,0x10001205,06,Web,0,correlator,83.717,1375.5544,633.6879,147287.171,383.7801,537.8892,107.7398,1296.7833,1189.0435,0.002255,0.969903,0.072654,0.02602546,0.161324,55,7.9705,17.8028,5050.7899,30.9674,426,269951,13.7564,8717.2776,0.2807,0.1218
flow_4625,0x10001211,06,Web,0,correlator,126.1146,1370.1686,655.0196,151210.7019,388.8582,419.0989,138.9376,1370.0,1231.0624,0.003654,0.551046,0.156912,0.08353828,0.28903,6,4.2342,23.1502,2773.5122,9.3789,59,38646,6.2907,4120.5173,0.3541,0.1374
flow_4637,0x1000121d,06,Web,0,correlator,94.2954,1410.5088,668.2284,141088.7037,375.6178,483.7027,194.4028,1358.7146,1164.3118,0.001546,3.103023,0.091274,0.05430926,0.233043,18,5.8239,25.2212,3891.6746,20.618,225,150351,10.9128,7292.228,0.314,0.1967
flow_4649,0x10001229,06,Web,0,correlator,88.6861,1383.4306,525.6765,206292.6872,454.1945,445.2189,135.4064,1169.8572,1034.4508,0.003649,3.164817,0.131108,0.05608261,0.236818,4,6.3858,13.3088,3356.8647,6.8099,51,26809,7.4892,3936.7968,0.4255,0.1798
flow_4661,0x10001235,06,Web,0,correlator,107.6969,1401.8821,601.063,264890.4135,514.6751,626.9616,180.2984,1110.3478,930.0494,0.002053,3.29948,0.153586,0.03451262,0.185776,28,8.0584,21.8841,4843.6244,22.5935,147,88356,6.5063,3910.6907,0.3781,0.1563
flow_4673,0x10001241,06,Web,0,correlator,87.4816,1364.4388,452.8082,262685.8239,512.5289,265.8157,165.2544,1101.2677,936.0133,0.004307,2.475993,0.177172,0.19220225,0.438409,33,6.7196,26.9317,3042.6843,33.9913,191,86486,5.6191,2544.3547,0.3047,0.1744
flow_4685,0x1000124d,06,Web,0,correlator,88.9356,1398.0881,744.8361,135292.0349,367.8207,407.1705,192.8059,1276.7262,1083.9204,0.003783,2.866333,0.070843,0.12736866,0.356887,32,4.0439,16.1729,3012.0247,31.6998,447,332941,14.101,10502.9379,0.2812,0.223
flow_4697,0x10001259,06,Web,0,correlator,121.4445,1368.3461,801.8914,266076.9706,515.8265,536.1891,146.4111,1166.3894,1019.9784,0.004553,1.498474,0.073661,0.0944862,0.307386,34,7.9528,18.1872,6377.2573,32.2752,438,351228,13.5708,10882.2715,0.4328,0.3535
flow_4709,0x10001265,06,Web,0,correlator,100.9167,1390.2788,735.3384,138227.8557,371.7901,533.9238,152.5828,1274.5058,1121.923,0.004344,3.323426,0.082769,0.14022723,0.374469,37,7.0587,25.0972,5190.5256,23.3818,282,207365,12.0607,8868.6497,0.444,0.2255
flow_4721,0x10001271,06,Web,0,correlator,115.5181,1392.7861,603.3781,147617.3812,384.2101,569.4114,183.9438,1199.565,1015.6212,0.003526,2.641473,0.070023,0.10606665,0.325679,30,5.2377,18.5206,3160.3265,15.8411,226,136363,14.2667,8608.1736,0.379,0.2122
flow_4733,0x1000127d,06,Web,0,correlator,83.1947,1385.6128,793.5002,203481.011,451.0887,320.4363,180.8007,1200.6667,1019.8661,0.003088,2.218361,0.056524,0.11469382,0.338665,42,7.2221,16.8066,5730.7382,25.8363,457,362629,17.6883,14035.6549,0.3261,0.1847
flow_4745,0x10001289,06,Web,0,correlator,106.6496,1396.2081,816.6848,172649.4363,415.5111,510.957,108.9199,1352.4728,1243.5529,0.002352,2.231963,0.177313,0.13748142,0.370785,11,4.3013,24.627,3512.8315,17.7516,100,81668,5.6333,4600.6105,0.3906,0.2741
flow_4757,0x10001295,06,Web,0,correlator,82.6265,1385.4076,684.354,159147.156,398.9325,267.412,193.6699,1370.0,1176.3301,0.004547,2.562241,0.16669,0.16601578,0.40745,13,6.8976,17.6712,4720.3789,21.7903,130,88966,5.966,4082.8223,0.3038,0.3616
flow_4769,0x100012a1,06,Web,0,correlator,129.2663,1402.5851,575.3958,141360.9786,375.98,266.8638,105.9737,1122.4062,1016.4324,0.003706,0.990395,0.051451,0.21263517,0.461124,49,6.5102,31.1472,3745.9677,26.7067,519,298630,19.4333,11181.849,0.4031,0.1294
flow_4781,0x100012ad,06,Web,0,correlator,91.0512,1365.2565,451.5779,203079.1024,450.643,424.5134,169.5294,1370.0,1200.4706,0.004583,0.511814,0.097248,0.18678625,0.432188,30,4.8919,20.6139,2209.0752,33.9088,348,157149,10.2628,4634.4653,0.3364,0.186
flow_4793,0x100012b9,06,Web,0,correlator,115.6469,1400.2825,553.4033,219488.9384,468.4965,367.1103,142.44,1309.7381,1167.2981,0.002241,3.150081,0.085645,0.16857344,0.410577,46,3.7834,17.0774,2093.7303,33.2661,388,214720,11.6635,6454.6106,0.434,0.1448
flow_4805,0x100012c5,06,Web,0,correlator,98.1254,1398.75,584.1455,261062.6089,510.9429,411.9107,120.7459,1219.6271,1098.8812,0.002274,1.978579,0.053064,0.10480646,0.323738,72,4.8784,18.6842,2849.7172,28.4421,535,312517,18.8101,10987.833,0.3826,0.1468
flow_4817,0x100012d1,06,Web,0,correlator,122.6095,1397.0492,536.8443,140945.1586,375.4266,547.7667,181.7539,1317.909,1136.1552,0.001832,0.627563,0.101228,0.08141901,0.28534,21,7.4018,23.3575,3973.6254,21.6692,214,114884,9.8758,5301.7112,0.3274,0.1303
flow_4829,0x100012dd,06,Web,0,correlator,111.185,1401.7417,628.8064,141001.6886,375.5019,564.4861,164.7135,1288.9601,1124.2466,0.004676,3.489603,0.046496,0.03340929,0.182782,107,3.6553,18.5976,2298.4631,29.5085,634,398663,21.4854,13510.1255,0.4375,0.2268
flow_4841,0x100012e9,06,Web,0,correlator,112.2232,1416.1762,573.9789,255467.0831,505.4375,436.5903,134.6175,1344.6653,1210.0478,0.001407,1.91294,0.068555,0.06611615,0.257131,29,4.2799,28.0902,2456.5957,21.2831,310,177933,14.5656,8360.3082,0.4637,0.3501
flow_4853,0x100012f5,06,Web,0,correlator,95.8641,1374.4538,751.9886,170417.4204,412.8164,488.1883,153.2016,1354.363,1201.1613,0.003329,3.438191,0.12356,0.07501409,0.273887,7,5.3457,23.6437,4019.921,7.7994,63,47375,8.0776,6074.2009,0.3498,0.2004
flow_4865,0x10001301,06,Web,0,correlator,101.1014,1398.9884,801.62,123298.4555,351.1388,396.008,187.5227,1248.8797,1061.357,0.003634,2.084665,0.105555,0.05193319,0.227889,27,8.7379,29.2423,7004.5107,33.9115,321,257320,9.4658,7587.9889,0.2888,0.3452
flow_4877,0x1000130d,06,Web,0,correlator,85.536,1366.0317,483.0545,246379.3418,496.3661,610.8299,142.8535,1299.8361,1156.9825,0.004395,1.515837,0.076864,0.20450704,0.452225,15,6.7386,19.5207,3255.1278,11.5796,150,72458,12.9539,6257.4086,0.3784,0.3298
flow_4889,0x10001319,06,Web,0,correlator,121.9065,1372.5078,633.7232,163773.5187,404.6894,438.512,166.7315,1366.0211,1199.2896,0.001631,2.621511,0.060007,0.00824075,0.090779,7,8.1548,18.5199,5167.8936,6.2298,103,65273,16.5333,10477.4834,0.4098,0.159
flow_4901,0x10001325,06,Web,0,correlator,97.304,1375.5943,790.2781,153582.2985,391.8958,414.1176,121.7535,1115.8781,994.1246,0.00177,0.971049,0.143885,0.10997774,0.331629,10,6.1018,23.3446,4822.1394,7.9008,54,42675,6.8347,5401.3266,0.4143,0.1987
flow_4913,0x10001331,06,Web,0,correlator,111.4477,1396.6072,460.0953,113839.1094,337.4005,324.2819,133.3922,1318.5626,1185.1704,0.001101,0.980929,0.144179,0.05496833,0.234453,22,5.134,18.791,2362.1155,19.1812,133,61192,6.9339,3190.2014,0.4716,0.2645
flow_4925,0x1000133d,06,Web,0,correlator,81.3053,1410.2066,832.6632,264286.8178,514.0883,334.5162,154.329,1221.9168,1067.5878,0.002764,1.395608,0.043885,0.02733328,0.165328,20,4.5045,22.0314,3750.7235,8.5563,194,161536,22.6732,18879.0805,0.32,0.2972
flow_4937,0x10001349,06,Web,0,correlator,126.0127,1409.0384,741.0213,186033.7724,431.3163,351.5377,116.3562,1117.1569,1000.8006,0.003246,3.129251,0.061345,0.03030265,0.174077,15,7.6939,28.8196,5701.3189,10.3209,168,124491,16.2776,12061.9866,0.3273,0.3022
flow_4949,0x10001355,06,Web,0,correlator,119.4868,1409.7321,794.4733,112514.2204,335.4314,401.079,103.0272,1319.1656,1216.1384,0.002687,2.723106,0.151174,0.01288953,0.113532,23,8.8195,14.7254,7006.8566,33.3707,220,174784,6.5926,5237.6542,0.3501,0.2392
flow_4961,0x10001361,06,Web,0,correlator,123.1318,1382.7228,530.8674,152856.1229,390.9682,527.1711,132.6648,1242.6363,1109.9715,0.004798,3.321929,0.103513,0.1830042,0.42779,17,4.6686,16.9391,2478.4247,17.1835,166,88123,9.6604,5128.3499,0.419,0.3226
flow_4973,0x1000136d,06,Web,0,correlator,124.5637,1390.9473,544.5396,168169.7465,410.085,419.1142,155.6867,1179.4395,1023.7528,0.00232,3.37874,0.108367,0.16411286,0.405108,25,5.6749,15.9657,3090.2148,33.8841,312,169896,9.2079,5014.0356,0.4408,0.2801
flow_4985,0x10001379,06,Web,0,correlator,117.116,1397.466,743.5995,107201.3055,327.4161,621.8135,136.4672,1313.2646,1176.7974,0.002662,1.051059,0.116963,0.01493774,0.12222,8,5.8525,16.9106,4351.8837,7.3871,63,46846,8.5283,6341.5534,0.478,0.1273
flow_4997,0x10001385,06,Web,0,correlator,127.5243,1393.9909,762.8615,194801.3694,441.3631,311.9798,193.0875,1272.7379,1079.6504,0.003594,2.00209,0.147948,0.19108324,0.437131,8,4.147,20.5197,3163.5625,15.5682,105,80100,6.7445,5145.0998,0.4593,0.2716
flow_5009,0x10001391,06,Web,0,correlator,107.8889,1374.2122,829.8009,185096.9455,430.2289,573.1236,140.2574,1370.0,1229.7426,0.004152,2.365362,0.147183,0.1589534,0.39869,20,7.3656,31.3765,6111.9753,30.7807,209,173428,6.79,5634.3085,0.3945,0.1222
flow_5021,0x1000139d,06,Web,0,correlator,110.5395,1410.6758,570.3249,120246.5096,346.7658,479.5246,143.7762,1262.8799,1119.1037,0.002825,2.281765,0.173339,0.02858559,0.169073,5,8.886,21.2283,5067.8925,13.0358,75,42774,5.7534,3281.2755,0.3764,0.267
flow_5033,0x100013a9,06,Web,0,correlator,118.1758,1407.6597,575.838,125035.0993,353.603,546.65,144.5498,1308.0693,1163.5195,0.002223,1.046524,0.110271,0.01904261,0.137995,28,4.3229,21.6021,2489.3034,22.384,202,116319,9.0243,5196.5265,0.398,0.3265
flow_5045,0x100013b5,06,Web,0,correlator,83.6449,1376.6198,619.1374,235528.3432,485.3126,335.7376,165.4351,1370.0,1204.5649,0.002626,3.434464,0.129247,0.19337966,0.43975,10,4.3736,30.2685,2707.8605,14.5537,112,69343,7.6956,4764.614,0.3475,0.1612
flow_5057,0x100013c1,06,Web,0,correlator,116.4988,1397.629,515.7954,118510.8085,344.254,297.2172,184.9515,1185.4115,1000.46,0.004981,2.119836,0.179834,0.03147685,0.177417,13,4.4392,31.7229,2289.7271,33.5172,186,95937,5.5494,2862.3206,0.35,0.1584
flow_5069,0x100013cd,06,Web,0,correlator,110.6736,1404.583,651.9093,213846.8984,462.4358,643.4027,171.6536,1328.4816,1156.828,0.003801,2.37878,0.129411,0.20889997,0.457056,35,4.667,17.5119,3042.4446,25.1087,194,126470,7.7264,5036.902,0.4159,0.1623
flow_5081,0x100013d9,06,Web,0,correlator,96.8457,1376.2809,642.2355,112774.9925,335.8199,636.7349,195.6271,1151.104,955.4769,0.004838,3.367789,0.057097,0.00949787,0.097457,42,6.1509,22.2986,3950.324,19.6031,343,220286,17.4972,11237.2853,0.4307,0.2842
flow_5093,0x100013e5,06,Web,0,correlator,91.0319,1381.4137,554.4096,226751.8438,476.1847,350.9075,190.0672,1311.9477,1121.8805,0.002171,0.602808,0.064098,0.0797981,0.282486,55,5.7026,30.299,3161.5602,29.9515,467,258909,15.5919,8644.2843,0.3654,0.1642
flow_5105,0x100013f1,06,Web,0,correlator,116.741,1398.5658,745.3087,179770.4892,423.9935,426.7245,113.0909,1370.0,1256.9091,0.003627,1.113619,0.136231,0.08429679,0.290339,12,4.725,31.433,3521.5716,17.7139,130,96890,7.3389,5469.7088,0.3676,0.2686
flow_5117,0x100013fd,06,Web,0,correlator,109.3553,1416.2209,479.8662,237412.9661,487.2504,373.3434,129.8806,1181.6013,1051.7207,0.004544,0.91369,0.050183,0.1472078,0.383677,85,8.8525,30.6529,4248.0384,31.3096,623,298956,19.8981,9548.3832,0.3043,0.1605
flow_5129,0x10001409,06,Web,0,correlator,96.9961,1388.5248,772.811,181771.7297,426.347,404.4683,138.3115,1256.8571,1118.5456,0.001657,1.260388,0.117964,0.02834869,0.168371,27,7.0023,14.4712,5411.4228,23.7849,201,155335,8.4507,6530.8175,0.3804,0.315
flow_5141,0x10001415,06,Web,0,correlator,113.4036,1419.4135,813.026,173262.8114,416.2485,339.5992,116.6568,1141.8337,1025.1769,0.001079,2.730527,0.114593,0.06715364,0.25914,5,3.5811,25.8005,2911.5247,6.0389,52,42277,8.6109,7000.814,0.4773,0.3515
flow_5153,0x10001421,06,Web,0,correlator,101.8616,1400.6514,824.2457,219418.7651,468.4216,449.481,191.0499,1370.0,1178.9501,0.003867,3.201721,0.171701,0.09049875,0.30083,7,4.4115,18.6824,3636.124,14.5278,84,69236,5.782,4765.7649,0.3596,0.3404
flow_5165,0x1000142d,06,Web,0,correlator,121.0866,1363.1731,576.5192,261076.2983,510.9563,288.6727,136.4654,1369.6844,1233.219,0.001481,2.519718,0.136454,0.03277185,0.18103,6,4.7588,27.5506,2743.5468,10.2063,74,42662,7.2504,4179.9625,0.4615,0.1322
flow_5177,0x10001439,06,Web,0,correlator,114.7352,1369.9387,682.966,197958.5198,444.9253,640.4133,143.0983,1122.6018,979.5035,0.002841,0.81443,0.11256,0.06913471,0.262935,14,5.5513,27.205,3791.3381,19.1791,170,116104,8.8638,6053.6773,0.4364,0.2148
flow_5189,0x10001445,06,Web,0,correlator,87.2675,1407.7324,486.7285,120482.3045,347.1056,599.7697,117.7971,1341.341,1223.5439,0.004651,0.517159,0.171099,0.08892882,0.298209,11,7.1933,31.2776,3501.2086,23.8454,139,67655,5.8292,2837.2308,0.4637,0.1853
flow_5201,0x10001451,06,Web,0,correlator,106.5085,1368.9431,469.5088,206581.8925,454.5128,293.1861,196.5645,1343.5701,1147.0057,0.004486,2.473816,0.116335,0.11489708,0.338965,16,4.5196,14.6506,2121.9715,23.0019,197,92493,8.5645,4021.0999,0.4156,0.1719
flow_5213,0x1000145d,06,Web,0,correlator,111.8418,1407.5737,737.3887,109519.3651,330.9371,441.7052,167.1029,1102.5024,935.3996,0.002202,0.752409,0.084324,0.13829933,0.371886,30,4.2439,26.4836,3129.4052,28.7651,341,251449,11.8546,8741.4461,0.4254,0.1314
flow_5225,0x10001469,06,Web,0,correlator,109.9024,1401.8036,716.0295,184271.9235,429.2691,404.989,111.069,1349.5435,1238.4745,0.002994,2.827654,0.105731,0.10867421,0.329658,55,5.0922,17.1505,3646.1805,34.4628,325,232709,9.4305,6752.4751,0.4589,0.1522
flow_5237,0x10001475,06,Web,0,correlator,100.8852,1383.4618,519.4025,186689.4449,432.0757,402.0221,107.332,1370.0,1262.668,0.002999,1.174459,0.138568,0.16339797,0.404225,7,6.7515,17.2049,3506.7204,14.694,106,55056,7.2138,3746.8396,0.4206,0.2812
flow_5249,0x10001481,06,Web,0,correlator,97.199,1397.7364,687.4066,118403.8096,344.0985,604.5979,125.0618,1360.2415,1235.1797,0.002376,1.996196,0.106271,0.11172983,0.33426,11,5.8778,26.7237,4040.449,13.5944,127,87300,9.3421,6421.7823,0.3912,0.324
flow_5261,0x1000148d,06,Web,0,correlator,96.4157,1365.3451,722.8036,155324.5894,394.1124,271.8247,195.6394,1234.2916,1038.6522,0.001067,1.517445,0.143247,0.03552297,0.188475,4,6.9106,21.9376,4995.0337,6.8866,48,34694,6.9701,5037.8986,0.4369,0.198
flow_5273,0x10001499,06,Web,0,correlator,109.4221,1396.1672,711.8976,251632.1987,501.6295,509.109,112.4506,1370.0,1257.5494,0.002639,0.423732,0.124171,0.17224563,0.415025,38,6.3992,27.2996,4555.5431,24.6036,198,140955,8.0476,5729.0348,0.3671,0.1787
flow_5285,0x100014a5,06,Web,0,correlator,82.9028,1404.9009,554.2411,146876.6206,383.2449,534.9202,149.0166,1117.3138,968.2972,0.004164,1.809937,0.095041,0.08927444,0.298788,19,3.8542,25.4874,2136.1368,25.5233,268,148536,10.5002,5819.6283,0.3109,0.121
flow_5297,0x100014b1,06,Web,0,correlator,93.4632,1367.5421,603.4825,177006.6283,420.7216,572.0304,148.7032,1297.5636,1148.8603,0.003398,1.801813,0.151775,0.01937976,0.139211,17,8.7,17.7929,5250.3089,27.8323,183,110437,6.5751,3967.9461,0.3142,0.1955
flow_5309,0x100014bd,06,Web,0,correlator,109.0079,1378.2638,768.8225,125004.52,353.5598,316.6221,161.7593,1196.1006,1034.3413,0.001056,2.392413,0.152733,0.11335786,0.336687,11,5.9198,24.8714,4551.2511,19.7528,129,99178,6.5307,5020.9681,0.3634,0.31
flow_5321,0x100014c9,06,Web,0,correlator,120.1141,1360.9486,733.2444,185310.2732,430.4768,633.5901,180.4579,1190.536,1010.0781,0.001074,2.122604,0.11253,0.1716776,0.41434,7,8.9808,12.5008,6585.0983,8.8844,78,57193,8.7795,6437.4777,0.2909,0.1208
flow_5333,0x100014d5,06,Web,0,correlator,113.233,1365.6072,844.9605,147559.1496,384.1343,313.3234,159.5931,1326.6979,1167.1048,0.003874,1.229253,0.115626,0.11736729,0.342589,27,3.5438,20.4492,2994.3604,29.6127,256,216309,8.6449,7304.6108,0.4029,0.1566
flow_5345,0x100014e1,06,Web,0,correlator,83.3556,1373.9706,677.9624,126964.6717,356.321,619.3934,124.4591,1185.9065,1061.4474,0.00383,3.084794,0.051564,0.08799001,0.296631,41,3.9819,31.895,2699.5619,27.2745,528,357964,19.3587,13124.4735,0.2998,0.3288
flow_5357,0x100014ed,06,Web,0,correlator,126.3987,1364.0435,728.1799,144622.1818,380.2922,254.2303,123.8761,1348.726,1224.8498,0.001081,1.059544,0.143235,0.20269861,0.450221,17,5.643,26.6394,4109.1399,25.266,176,128159,6.9659,5072.393,0.3226,0.1414
flow_5369,0x100014f9,06,Web,0,correlator,117.3787,1381.8,691.1947,159744.9443,399.6811,332.9385,106.0453,1261.2507,1155.2054,0.001742,0.61507,0.08333,0.18553299,0.430735,37,6.9054,27.4106,4772.9521,22.2436,266,183857,11.9585,8265.6223,0.45,0.3775
flow_5381,0x10001505,06,Web,0,correlator,81.7173,1390.3682,523.9406,184977.4541,430.0901,304.5422,125.7184,1337.4533,1211.7349,0.004977,1.479385,0.106181,0.06374578,0.252479,21,7.0356,16.7063,3686.2163,16.3912,154,80686,9.3953,4922.5083,0.3698,0.2228
flow_5393,0x10001511,06,Web,0,correlator,85.7419,1394.7917,811.5135,159857.3914,399.8217,571.6661,114.2332,1370.0,1255.7668,0.003572,2.314394,0.121343,0.18449294,0.429526,17,6.4385,31.6936,5224.934,14.9565,123,99816,8.2238,6673.7461,0.4766,0.1438
flow_5405,0x1000151d,06,Web,0,correlator,102.3891,1360.9861,606.0504,159060.8413,398.8243,393.4148,175.2708,1275.592,1100.3211,0.004621,2.33832,0.121834,0.03847292,0.196145,18,3.7447,13.0378,2269.507,25.1859,206,124846,8.1792,4956.9813,0.322,0.2718
flow_5417,0x10001529,06,Web,0,correlator,122.2799,1377.5686,647.0881,255083.6631,505.0581,527.4468,143.5533,1250.7406,1107.1873,0.002315,3.056779,0.117482,0.15259325,0.390632,32,3.6188,29.7972,2341.6986,34.9378,297,192185,8.5008,5500.7805,0.3282,0.1867
flow_5429,0x10001535,06,Web,0,correlator,112.8284,1363.0444,568.6474,236137.6623,485.94,448.1153,160.2616,1210.076,1049.8144,0.001229,2.13721,0.075682,0.12512841,0.353735,24,6.5881,26.447,3746.3249,17.4788,230,130788,13.1588,7482.6789,0.4424,0.1462
flow_5441,0x10001541,06,Web,0,correlator,110.307,1406.3501,572.88,155792.7174,394.7059,401.787,158.2758,1330.0837,1171.8079,0.001579,0.447574,0.143946,0.04572704,0.213839,13,8.9606,27.2969,5133.3207,21.1855,147,84213,6.9387,3975.0337,0.3452,0.1679
flow_5453,0x1000154d,06,Web,0,correlator,95.8416,1361.431,598.4783,132820.8433,364.4459,458.3287,169.2481,1118.399,949.151,0.003848,0.470046,0.135718,0.02157882,0.146897,19,6.5491,27.8342,3919.5038,16.0969,118,70620,7.3306,4387.1894,0.3921,0.3548
flow_5465,0x10001559,06,Web,0,correlator,120.6035,1417.7019,758.0988,214642.3263,463.2951,487.146,179.6137,1194.5079,1014.8942,0.001272,1.513843,0.14826,0.01803265,0.134286,21,7.8979,22.1757,5987.3544,31.8592,214,162233,6.7171,5092.1846,0.4483,0.3787
flow_5477,0x10001565,06,Web,0,correlator,90.7885,1368.6294,504.9848,266033.2989,515.7842,511.1784,164.1143,1218.0605,1053.9462,0.001669,1.912317,0.092524,0.03143826,0.177308,42,7.4566,14.5272,3765.4655,28.04,303,153010,10.806,5456.852,0.3797,0.2963
flow_5489,0x10001571,06,Web,0,correlator,84.8355,1408.0482,683.6641,160247.0173,400.3087,294.2785,162.3835,1256.9386,1094.5551,0.004342,1.629422,0.11292,0.06435428,0.253681,7,8.7658,12.3306,5992.8519,8.3112,73,49907,8.7834,6004.8128,0.427,0.2301
flow_5501,0x1000157d,06,Web,0,correlator,110.0745,1398.0343,594.2619,211256.2476,459.6262,460.8439,132.3832,1236.8967,1104.5135,0.001815,0.504948,0.091085,0.18346127,0.428324,14,3.9467,21.4225,2345.3749,17.0174,186,110532,10.93,6495.2482,0.3389,0.2284
flow_5513,0x10001589,06,Web,0,correlator,98.393,1372.1205,621.6058,232112.0577,481.7801,642.2106,126.3526,1341.6663,1215.3137,0.001155,2.729689,0.157957,0.04184071,0.20455,12,7.1521,23.8547,4445.7772,26.4738,167,103808,6.3081,3921.1623,0.2965,0.1765
flow_5525,0x10001595,06,Web,0,correlator,103.2771,1397.52,682.1593,129423.4523,359.7547,268.2148,197.0356,1223.6608,1026.6251,0.003299,0.513963,0.06434,0.07434937,0.272671,41,7.9146,30.1368,5399.0475,19.1312,297,202601,15.5244,10590.0651,0.3381,0.2996
flow_5537,0x100015a1,06,Web,0,correlator,91.5823,1377.9111,553.8172,165892.9389,407.2996,269.4091,199.1786,1187.0727,987.894,0.002745,1.249636,0.094685,0.18219171,0.426839,29,7.2546,21.9219,4017.739,26.1421,276,152853,10.5577,5847.012,0.3209,0.1967
flow_5549,0x100015ad,06,Web,0,correlator,115.9282,1409.0926,615.2044,191214.8416,437.2812,563.8747,104.7119,1209.9251,1105.2132,0.00146,2.883026,0.176038,0.18403645,0.428995,22,6.3632,19.7885,3914.6459,32.6471,185,113812,5.6667,3486.1303,0.3531,0.1238
flow_5561,0x100015b9,06,Web,0,correlator,87.3765,1411.5927,756.9137,249957.504,499.9575,636.7861,179.6987,1180.2018,1000.5032,0.003473,3.30359,0.066663,0.02640046,0.162482,38,5.9845,13.8111,4529.7493,27.6732,415,314119,14.9965,11351.0331,0.4323,0.208
flow_5573,0x100015c5,06,Web,0,correlator,84.9286,1363.4327,761.0795,149496.129,386.6473,475.1541,100.992,1370.0,1269.008,0.003607,2.432666,0.14496,0.05279163,0.229764,13,7.8655,13.6778,5986.2626,17.6486,121,92090,6.8561,5217.9726,0.3378,0.3231
flow_5585,0x100015d1,06,Web,0,correlator,114.5872,1387.7335,654.0977,146243.5587,382.418,500.3754,149.4414,1202.7783,1053.3369,0.001922,2.346465,0.102812,0.02804008,0.167452,28,6.9765,23.2535,4563.3042,28.5977,278,181839,9.7211,6358.5184,0.4051,0.1431
flow_5597,0x100015dd,06,Web,0,correlator,108.5887,1405.5817,499.9767,144810.4046,380.5396,645.5872,144.6104,1273.632,1129.0216,0.004456,3.189835,0.087734,0.15825993,0.397819,14,7.8744,23.6068,3937.0273,15.4172,175,87495,11.351,5675.158,0.4099,0.2681
flow_5609,0x100015e9,06,Web,0,correlator,118.3002,1370.7278,737.0664,149825.042,387.0724,420.0772,146.1441,1176.8079,1030.6638,0.001833,0.721278,0.101764,0.09867117,0.31412,60,3.7494,26.8687,2763.5905,31.5887,310,228490,9.8136,7233.2739,0.4381,0.1289
flow_5621,0x100015f5,06,Web,0,correlator,123.2016,1377.0657,825.8955,164341.2545,405.3902,562.1497,169.7141,1105.0218,935.3078,0.001862,2.159484,0.071281,0.14350432,0.37882,80,6.8174,31.8378,5630.4317,29.7861,417,344398,13.9998,11562.3544,0.3864,0.3401
flow_5633,0x10001601,06,Web,0,correlator,115.5533,1388.4065,706.6579,187932.7391,433.5121,536.5258,178.3704,1312.2175,1133.8471,0.004688,3.312338,0.055198,0.09987909,0.316037,76,5.6135,17.3076,3966.8343,22.8916,414,292556,18.0853,12780.0859,0.364,0.3206
flow_5645,0x1000160d,06,Web,0,correlator,101.9239,1384.9235,677.2369,106293.3993,326.0267,446.4734,104.1555,1183.0517,1078.8962,0.004117,1.041993,0.108763,0.12411134,0.352294,29,8.3578,16.0876,5660.2248,34.3591,315,213329,9.1679,6208.7996,0.2952,0.248
flow_5657,0x10001619,06,Web,0,correlator,80.3279,1360.2446,633.1671,242842.0907,492.7901,510.5215,104.292,1147.5035,1043.2115,0.003904,1.775433,0.139867,0.1787903,0.422836,17,8.1441,20.8292,5156.5562,27.2633,194,122834,7.1158,4505.4669,0.4094,0.3319
flow_5669,0x10001625,06,Web,0,correlator,87.9688,1408.8253,500.0439,136959.7449,370.0807,513.8116,102.656,1335.1188,1232.4628,0.003694,3.337754,0.040839,0.02776493,0.166628,38,6.1843,14.1899,3092.4424,18.1161,443,221519,24.4534,12227.7513,0.29,0.2102
flow_5681,0x10001631,06,Web,0,correlator,100.618,1380.7507,745.7654,157365.0048,396.6926,618.4467,155.8599,1191.7144,1035.8546,0.004377,2.52,0.084365,0.17698892,0.420701,37,7.9814,26.1074,5952.2593,18.9581,224,167051,11.8156,8811.6096,0.2877,0.1556
flow_5693,0x1000163d,06,Web,0,correlator,96.3547,1409.6194,828.3325,104006.19,322.4999,572.8205,108.5381,1161.9352,1053.3971,0.002525,3.460329,0.14158,0.2116927,0.460101,10,7.1806,12.0991,5947.9187,17.3119,122,101056,7.0472,5837.3748,0.2987,0.1234
flow_5705,0x10001649,06,Web,0,correlator,102.1586,1413.4327,471.0496,211644.9951,460.0489,265.1793,146.5789,1205.0359,1058.457,0.001869,3.454471,0.113276,0.18443824,0.429463,14,8.7322,13.3662,4113.3023,22.0943,195,91854,8.8258,4157.3526,0.3348,0.3563
flow_5717,0x10001655,06,Web,0,correlator,95.0644,1380.9743,613.3944,222866.9389,472.0879,392.2468,110.6695,1268.0101,1157.3406,0.001216,2.130478,0.081799,0.12176417,0.348947,11,8.6066,26.8646,5279.234,11.3202,138,84648,12.1906,7477.6094,0.3401,0.2614
flow_5729,0x10001661,06,Web,0,correlator,107.7138,1386.1771,798.5055,151006.2599,388.5952,357.2886,134.0187,1287.4687,1153.45,0.001034,1.528625,0.04617,0.1470421,0.383461,55,6.2307,19.2954,4975.2642,16.7025,361,288260,21.6135,17258.4602,0.4654,0.294
flow_5741,0x1000166d,06,Web,0,correlator,90.9894,1363.697,787.3248,195684.3909,442.3623,621.658,170.7121,1184.149,1013.437,0.002065,1.437682,0.066055,0.07436407,0.272698,15,7.7899,16.2393,6133.2081,13.5048,204,160614,15.1058,11893.1339,0.3827,0.3527
flow_5753,0x10001679,06,Web,0,correlator,109.9222,1380.8238,666.2022,209714.7513,457.9462,297.3695,190.3426,1192.5771,1002.2346,0.001658,2.841418,0.179507,0.04473702,0.211511,14,3.629,14.6835,2417.6179,17.9366,99,65954,5.5194,3677.0597,0.4712,0.3498
flow_5765,0x10001685,06,Web,0,correlator,81.6468,1385.7895,499.5917,122587.4015,350.1248,554.047,107.7489,1238.0622,1130.3133,0.002308,3.435098,0.043041,0.06618106,0.257257,45,5.2344,24.6883,2615.0564,26.2749,610,304750,23.2161,11598.5245,0.3311,0.2837
flow_5777,0x10001691,06,Web,0,correlator,107.7842,1385.6595,564.068,199026.4598,446.1238,253.2131,116.3511,1130.3897,1014.0386,0.004976,0.879739,0.156353,0.16568769,0.407048,23,7.6841,23.8683,4334.3616,20.5794,131,73892,6.3656,3590.5758,0.4083,0.2653
flow_5789,0x1000169d,06,Web,0,correlator,120.8105,1400.6406,809.5208,222911.7679,472.1353,320.2972,122.045,1188.9986,1066.9537,0.002064,0.81567,0.151127,0.04056624,0.201411,10,5.1255,24.107,4149.2372,20.6722,136,110094,6.5789,5325.7109,0.3822,0.353
flow_5801,0x100016a9,06,Web,0,correlator,93.0267,1386.8772,841.2876,143494.0679,378.8061,556.2536,163.5877,1316.411,1152.8233,0.002499,2.620306,0.120681,0.17376967,0.416857,20,5.2924,26.9415,4452.4562,14.2092,117,98430,8.2341,6927.1812,0.3828,0.2588
flow_5813,0x100016b5,06,Web,0,correlator,120.0695,1368.0904,829.9374,134195.1999,366.3266,511.6239,166.8612,1162.079,995.2178,0.00145,2.7731,0.097541,0.1147795,0.338791,6,7.8159,20.8288,6486.7456,7.5647,77,63905,10.1789,8447.84,0.3338,0.1321
flow_5825,0x100016c1,06,Web,0,correlator,126.5847,1411.9671,621.368,171175.3079,413.7334,597.1083,155.5539,1213.0066,1057.4527,0.001224,1.758308,0.066958,0.01185391,0.108876,11,5.8403,28.6755,3628.9829,7.8298,116,72078,14.8152,9205.5882,0.4052,0.1379
flow_5837,0x100016cd,06,Web,0,correlator,85.9757,1398.8476,546.0923,186070.386,431.3588,349.444,138.6979,1323.832,1185.1341,0.002014,3.041809,0.103524,0.21043393,0.458731,35,7.6189,24.2089,4160.6113,23.6961,228,124509,9.6218,5254.399,0.3037,0.1378
flow_5849,0x100016d9,06,Web,0,correlator,82.0174,1417.1804,576.2297,207679.3142,455.7185,429.3409,107.4556,1307.476,1200.0204,0.001967,2.351771,0.157653,0.04939227,0.222244,23,5.536,29.9788,3189.9842,30.9995,196,112941,6.3227,3643.3132,0.4225,0.2749
flow_5861,0x100016e5,06,Web,0,correlator,120.7996,1402.9636,828.1759,218471.0154,467.4088,289.8608,168.9629,1109.8862,940.9233,0.001707,3.302231,0.173769,0.01742334,0.131997,7,3.9051,30.2307,3234.1053,17.5131,100,82817,5.71,4728.8712,0.4766,0.3494
flow_5873,0x100016f1,06,Web,0,correlator,93.95,1365.8473,471.1185,129088.2935,359.2886,338.4534,174.5829,1104.3838,929.8009,0.003225,3.257141,0.171755,0.1002861,0.31668,12,6.4139,28.8955,3021.7252,17.5609,102,48054,5.8083,2736.4126,0.3276,0.167
flow_5885,0x100016fd,06,Web,0,correlator,120.9687,1374.7879,693.1561,104891.9355,323.8702,281.25,190.9548,1115.4725,924.5177,0.001997,3.0038,0.120027,0.03536918,0.188067,14,5.2707,18.329,3653.3925,13.0325,108,74860,8.2869,5744.0814,0.373,0.223
flow_5897,0x10001709,06,Web,0,correlator,108.2179,1414.3623,631.1551,256614.9805,506.5718,544.7443,170.0861,1225.7132,1055.6271,0.001689,1.134532,0.062021,0.12511307,0.353713,35,5.287,16.8517,3336.9298,23.0995,372,234789,16.1042,10164.2428,0.4329,0.1806
flow_5909,0x10001715,06,Web,0,correlator,109.1405,1383.9837,779.0899,165834.2855,407.2276,285.4435,100.7997,1370.0,1269.2003,0.004308,3.130614,0.075656,0.0366189,0.191361,23,8.3996,18.499,6544.0434,23.2065,306,238401,13.1859,10273.0066,0.4533,0.2208
flow_5921,0x10001721,06,Web,0,correlator,91.0749,1406.4826,508.5671,116432.3494,341.2218,385.8411,149.1086,1306.0281,1156.9196,0.004155,2.388698,0.144914,0.2131848,0.461719,4,6.5582,19.799,3335.31,6.7893,46,23394,6.7754,3445.7194,0.3142,0.3777
flow_5933,0x1000172d,06,Web,0,correlator,87.8111,1403.6027,749.8374,184787.3202,429.869,355.8021,140.9058,1325.5068,1184.601,0.002595,1.681922,0.11446,0.10881387,0.329869,19,3.6525,27.776,2738.761,29.5459,258,193458,8.7322,6547.7094,0.4148,0.3658
flow_5945,0x10001739,06,Web,0,correlator,99.3315,1381.7612,462.7704,184389.9098,429.4065,635.5998,153.5245,1113.5342,960.0097,0.001276,2.813989,0.126549,0.10228111,0.319814,37,8.9528,24.6601,4143.0987,30.2468,239,110602,7.9017,3656.6545,0.4762,0.2679
flow_5957,0x10001745,06,Web,0,correlator,91.5275,1382.6963,691.6825,137224.2909,370.438,383.003,175.3449,1115.3206,939.9757,0.003742,1.487234,0.075126,0.04038823,0.200968,33,6.2816,16.5755,4344.8457,31.9405,425,293965,13.306,9203.5104,0.4575,0.1829
flow_5969,0x10001751,06,Web,0,correlator,82.4378,1372.2131,776.0851,186391.3703,431.7307,419.2916,149.8623,1362.2848,1212.4225,0.004266,2.787428,0.067527,0.11204533,0.334732,24,4.291,21.7767,3330.1815,15.3116,226,175395,14.76,11455.0178,0.4679,0.2944
flow_5981,0x1000175d,06,Web,0,correlator,120.2206,1374.228,646.5657,226591.3642,476.0161,547.208,192.7068,1345.7077,1153.0009,0.001681,3.144858,0.136,0.02386335,0.154478,19,8.7417,22.0965,5652.0877,15.8725,116,75001,7.3083,4725.2304,0.3879,0.1517
flow_5993,0x10001769,06,Web,0,correlator,106.6691,1409.8679,801.9178,139364.7919,373.3159,281.6122,125.5498,1276.9229,1151.3731,0.003501,2.415847,0.086042,0.07475419,0.273412,13,3.5772,18.5117,2868.5853,15.0381,174,139533,11.5706,9278.6256,0.4319,0.3797
flow_6005,0x10001775,06,Email,0,correlator,129.9749,761.0748,277.3968,17589.3942,132.625,182.5129,137.4471,379.2989,241.8519,0.029907,7.655319,0.724094,3.18125481,1.783607,7,4.4861,7.5261,1244.4303,25.9771,35,9708,1.3473,373.7144,0.5429,0.4118
flow_6017,0x10001781,06,Email,0,correlator,138.6972,886.4569,325.8975,18207.6967,134.9359,295.8949,106.9299,505.5873,398.6574,0.038007,8.630397,0.692708,1.32157527,1.149598,4,4.8532,8.6755,1581.6315,19.4477,28,9125,1.4398,469.207,0.487,0.4027
flow_6029,0x1000178d,06,Email,0,correlator,110.3195,613.5786,306.7847,17385.3546,131.8535,195.5716,121.4037,535.2352,413.8315,0.031146,4.902147,0.688449,2.45468385,1.566743,2,4.3805,7.0865,1343.8642,10.5512,15,4601,1.4216,436.0647,0.5138,0.3568
flow_6041,0x10001799,06,Email,0,correlator,131.1873,664.8121,340.3715,11686.7384,108.1052,189.0535,107.8444,423.4519,315.6076,0.022967,11.285789,0.935068,0.90674713,0.952233,4,3.0021,7.041,1021.821,25.2098,26,8849,1.0313,351.0138,0.565,0.4432
flow_6053,0x100017a5,06,Email,0,correlator,108.7498,1123.7034,387.1529,35320.3237,187.937,220.4769,145.8455,498.8519,353.0064,0.029496,5.734884,0.824745,2.66672848,1.633012,2,3.4414,8.9596,1332.3517,11.3235,15,5807,1.3247,512.826,0.4599,0.4611
flow_6065,0x100017b1,06,Email,0,correlator,105.0659,672.0701,316.29,39889.4787,199.7235,270.776,145.7363,392.3671,246.6307,0.036832,3.864776,0.321432,2.70886736,1.645864,7,4.2497,6.9308,1344.124,13.8415,43,13600,3.1066,982.5548,0.3902,0.4508
flow_6077,0x100017bd,06,Email,0,correlator,120.9403,1095.5794,401.7694,53831.0383,232.0152,224.6011,142.0146,478.641,336.6264,0.036058,8.078706,0.786297,2.70502181,1.644695,4,2.6476,12.1596,1063.7195,12.985,16,6428,1.2322,495.0333,0.5152,0.5432
flow_6089,0x100017c9,06,Email,0,correlator,86.3818,933.0732,227.7099,33116.3232,181.9789,206.1943,138.2145,436.9599,298.7454,0.056665,4.891203,0.457387,1.12962796,1.06284,3,2.2873,6.8113,520.8475,9.6931,21,4781,2.1665,493.2368,0.4106,0.3886
flow_6101,0x100017d5,06,Email,0,correlator,95.3927,649.5344,381.0364,49239.7071,221.9002,198.5664,114.5536,482.4562,367.9026,0.04927,9.105984,0.673837,1.05557527,1.027412,5,2.6375,5.2411,1004.999,22.6483,33,12574,1.4571,555.1847,0.5366,0.447
flow_6113,0x100017e1,06,Email,0,correlator,126.9852,1161.4524,374.4253,19651.9963,140.1856,241.1956,140.993,498.4797,357.4867,0.044841,3.884663,0.521696,0.44603812,0.667861,4,3.0994,5.4303,1160.4844,14.6939,28,10483,1.9056,713.4252,0.6175,0.4059
flow_6125,0x100017ed,06,Email,0,correlator,120.2849,817.7815,311.2178,51333.467,226.5689,218.9925,154.8263,404.3307,249.5043,0.044631,6.620609,0.907714,2.24104269,1.497011,3,4.7559,10.986,1480.1179,13.6002,15,4668,1.1029,343.23,0.5873,0.4454
flow_6137,0x100017f9,06,Email,0,correlator,80.5623,1019.3043,330.3744,13050.5641,114.2391,288.9914,140.5423,425.7058,285.1635,0.011441,7.601618,0.844413,2.73502375,1.653791,9,4.4475,12.0735,1469.3418,29.4208,34,11232,1.1556,381.7709,0.5666,0.4631
flow_6149,0x10001805,06,Email,0,correlator,129.9901,970.0009,285.3574,47537.7395,218.0315,266.9399,118.855,369.0155,250.1606,0.041466,11.546516,0.933365,2.69783379,1.642508,3,3.9055,5.8672,1114.47,17.5898,18,5136,1.0233,291.9869,0.4997,0.3964
flow_6161,0x10001811,06,Email,0,correlator,87.6612,659.4777,260.7284,23882.311,154.539,166.5712,119.3782,501.8884,382.5102,0.044167,3.045799,0.820125,1.14606465,1.070544,6,4.7654,12.8065,1242.4659,26.053,31,8082,1.1899,310.2136,0.4546,0.5309
flow_6173,0x1000181d,06,Email,0,correlator,95.8048,688.4681,310.0362,56568.8948,237.8422,265.8374,149.4871,418.2541,268.767,0.025317,2.648424,0.624366,1.43731365,1.19888,5,3.9438,9.2862,1222.7331,12.7039,20,6200,1.5743,488.0405,0.5458,0.4039
flow_6185,0x10001829,06,Email,0,correlator,112.8357,646.1469,255.0204,29576.2892,171.9776,204.5902,134.6881,517.4595,382.7714,0.053356,3.661602,0.419933,2.1440779,1.464267,14,4.7035,10.9811,1199.4988,19.7601,47,11985,2.3785,606.5266,0.3839,0.4307
flow_6197,0x10001835,06,Email,0,correlator,116.7088,704.8916,376.2089,17102.8913,130.778,265.6782,121.7386,438.9201,317.1815,0.05476,4.089074,0.674904,2.48003071,1.574811,4,2.9215,11.7903,1099.0841,13.0798,19,7147,1.4526,546.4145,0.5274,0.4947
flow_6209,0x10001841,06,Email,0,correlator,86.2592,710.3382,310.2698,34394.2484,185.4569,209.7395,126.6489,373.5334,246.8845,0.057944,3.736122,0.295192,0.64653356,0.804073,12,2.8583,5.4885,886.8305,12.7942,43,13341,3.3609,1042.7416,0.429,0.4139
flow_6221,0x1000184d,06,Email,0,correlator,139.5897,653.9233,283.3436,17280.2106,131.4542,199.3284,113.2484,460.0608,346.8123,0.048712,4.421278,0.804313,1.65148621,1.285102,7,4.5995,8.2391,1303.2517,29.9172,37,10483,1.2367,350.4003,0.5495,0.4186
flow_6233,0x10001859,06,Email,0,correlator,92.93,1136.1602,359.2109,21644.8096,147.1218,186.6238,139.7046,468.0081,328.3034,0.030311,5.526727,0.697026,0.56207544,0.749717,3,4.7488,7.5525,1705.8266,19.2845,27,9698,1.4001,502.8898,0.4762,0.6161
flow_6245,0x10001865,06,Email,0,correlator,123.8392,714.1705,257.87,16121.2745,126.9696,284.6958,128.5595,509.9527,381.3931,0.053086,8.740962,0.569925,3.0219102,1.738364,5,3.483,7.2573,898.1635,11.2958,19,4899,1.682,433.7017,0.5735,0.4439
flow_6257,0x10001871,06,Email,0,correlator,97.528,711.9636,396.1071,18351.6556,135.4683,226.7416,123.9199,443.126,319.206,0.035606,5.930382,0.371398,2.31419556,1.521248,7,3.3472,13.9693,1325.8617,16.691,44,17428,2.6361,1044.154,0.6152,0.625
flow_6269,0x1000187d,06,Email,0,correlator,83.4333,854.0421,242.7018,57454.5031,239.6967,269.0365,118.5422,534.4498,415.9077,0.057769,5.853774,0.654524,1.27259081,1.128092,12,2.1133,13.7065,512.9009,26.0553,39,9465,1.4968,363.2655,0.5134,0.4602
flow_6281,0x10001889,06,Email,0,correlator,114.9241,873.3156,330.7077,53727.0667,231.791,242.2083,156.4897,363.6987,207.209,0.052811,5.242397,0.485172,0.64060142,0.800376,6,3.9852,8.9882,1317.9328,16.1698,33,10913,2.0408,674.9015,0.611,0.5335
flow_6293,0x10001895,06,Email,0,correlator,93.0859,1003.8326,409.8064,10397.6248,101.9687,189.1204,153.2034,394.3237,241.1203,0.027668,8.042144,0.25292,0.42303642,0.650413,7,2.1301,11.0696,872.9246,12.3227,48,19670,3.8953,1596.2428,0.4758,0.4058
flow_6305,0x100018a1,06,Email,0,correlator,83.281,897.4007,343.3436,22772.167,150.9045,171.9254,123.5444,409.1676,285.6232,0.02973,9.802386,0.920393,1.81663845,1.347827,3,4.5864,12.6628,1574.7056,16.7013,18,6180,1.0778,370.0313,0.5839,0.6292
flow_6317,0x100018ad,06,Email,0,correlator,109.2924,1085.3831,270.8818,22179.6506,148.9283,210.4719,121.1065,453.8043,332.6978,0.010844,8.2924,0.330931,0.86252124,0.92872,9,4.4041,7.5213,1192.9959,20.6188,62,16794,3.007,814.4983,0.6179,0.3662
flow_6329,0x100018b9,06,Email,0,correlator,102.3236,926.91,356.8407,27411.1339,165.5631,262.3852,120.4848,401.1053,280.6205,0.036601,5.890494,0.885484,1.88654437,1.373515,2,4.838,9.0015,1726.3782,17.7093,19,6779,1.0729,382.7931,0.534,0.4539
flow_6341,0x100018c5,06,Email,0,correlator,92.0566,824.4659,382.3665,29305.9099,171.1897,180.4414,121.4296,535.8141,414.3846,0.020001,6.434033,0.444442,2.55170452,1.597406,10,2.1281,11.1107,813.7098,25.1798,56,21412,2.224,850.3631,0.511,0.5056
flow_6353,0x100018d1,06,Email,0,correlator,133.4171,969.8199,417.9419,11979.2236,109.4496,168.526,112.382,543.5498,431.1678,0.043185,2.706221,0.866234,1.75036996,1.323015,3,4.1766,10.3537,1745.5943,12.1465,15,6269,1.2349,516.1141,0.4211,0.3641
flow_6365,0x100018dd,06,Email,0,correlator,118.2025,805.2564,305.2688,44917.6376,211.9378,194.038,134.6635,529.8318,395.1683,0.021219,9.233277,0.577945,1.13487063,1.065303,5,4.1086,10.6973,1254.2238,14.5591,25,7631,1.7171,524.14,0.3821,0.5255
flow_6377,0x100018e9,06,Email,0,correlator,108.609,808.149,418.0267,44447.8826,210.8267,295.8463,156.3344,507.5145,351.1801,0.023513,10.496885,0.69661,1.5513423,1.245529,6,3.7595,10.4454,1571.5685,24.4157,35,14630,1.4335,599.2037,0.5643,0.5415
flow_6389,0x100018f5,06,Email,0,correlator,101.6647,953.652,371.3373,17338.6774,131.6764,178.6496,139.2045,383.5174,244.3129,0.028406,4.426005,0.570252,1.81900927,1.348707,8,2.1646,7.3469,803.8025,17.6917,31,11511,1.7522,650.6423,0.4297,0.5758
flow_6401,0x10001901,06,Email,0,correlator,123.392,1184.5235,391.4122,45017.6966,212.1737,184.637,118.7889,485.9699,367.181,0.026522,8.034993,0.31662,1.47596606,1.214893,12,3.158,11.5345,1236.0625,24.3668,76,29747,3.119,1220.7995,0.5143,0.4526
flow_6413,0x1000190d,06,Email,0,correlator,130.9176,934.9641,233.8993,9925.9849,99.6292,163.641,119.5382,458.4458,338.9076,0.048923,8.192708,0.598323,0.80785202,0.898806,5,4.8165,8.5411,1126.5654,21.3438,35,8186,1.6398,383.5313,0.497,0.4752
flow_6425,0x10001919,06,Email,0,correlator,119.6184,1003.4966,341.4961,23617.5747,153.6801,209.9946,102.7481,431.3916,328.6435,0.024542,6.483829,0.720453,1.06144388,1.030264,3,2.424,12.6569,827.7733,19.6481,27,9220,1.3742,469.2566,0.4453,0.4917
flow_6437,0x10001925,06,Email,0,correlator,103.4565,1080.4461,287.5856,44815.5473,211.6968,286.309,136.2159,462.036,325.8201,0.050926,7.985212,0.67017,1.88920488,1.374483,5,2.5481,10.317,732.8056,13.4384,20,5751,1.4883,427.9514,0.4356,0.6494
flow_6449,0x10001931,06,Email,0,correlator,130.83,1046.7765,393.6154,36333.0601,190.6123,259.6819,122.0014,381.702,259.7005,0.014809,4.666438,0.323944,2.55223461,1.597571,12,3.1356,11.7027,1234.2093,19.8661,61,24010,3.0706,1208.5901,0.3935,0.3831
flow_6461,0x1000193d,06,Email,0,correlator,122.7368,735.1401,406.8084,39338.3892,198.3391,256.0734,158.5215,438.7024,280.181,0.036188,8.956726,0.901888,2.79971919,1.673236,3,3.0374,9.7684,1235.6554,22.8652,25,10170,1.0934,444.7799,0.5633,0.3581
flow_6473,0x10001949,06,Email,0,correlator,137.9241,802.7177,398.931,31060.5024,176.2399,269.7185,158.5507,517.0093,358.4586,0.036055,10.188741,0.831721,1.56445123,1.25078,4,4.3035,13.4507,1716.7809,15.3368,18,7180,1.1736,468.1539,0.4433,0.6293
flow_6485,0x10001955,06,Email,0,correlator,85.1854,1004.3092,308.4652,31529.4587,177.5654,256.6125,113.4869,362.8466,249.3597,0.056187,9.584042,0.742121,1.67084851,1.292613,4,2.1072,11.6488,649.9988,19.4145,26,8020,1.3392,413.0939,0.6041,0.5888
flow_6497,0x10001961,06,Email,0,correlator,106.5038,923.5058,290.1323,54581.5429,233.6269,293.1308,156.5026,489.1113,332.6086,0.045819,4.404178,0.480992,0.87792751,0.936978,12,4.6105,13.9401,1337.6641,18.9564,39,11315,2.0574,596.8967,0.5112,0.4725
flow_6509,0x1000196d,06,Email,0,correlator,84.0008,692.5999,285.5016,42256.7443,205.5645,220.2539,140.5019,493.6807,353.1789,0.011399,2.794053,0.814676,2.28359152,1.511156,6,2.7223,5.154,777.227,22.8412,28,7994,1.2259,349.9815,0.4434,0.6448
flow_6521,0x10001979,06,Email,0,correlator,131.8672,674.5252,347.2167,25249.6398,158.9014,225.9106,124.2218,357.3929,233.1711,0.025145,10.671915,0.718843,2.53900664,1.593426,3,3.974,12.976,1379.8561,17.3242,24,8333,1.3853,481.004,0.4924,0.5546
flow_6533,0x10001985,06,Email,0,correlator,127.435,1168.3371,385.0555,22583.3111,150.2774,270.4171,138.6259,534.8453,396.2194,0.048666,6.856295,0.902335,1.57756121,1.25601,4,3.1249,13.44,1203.2512,13.7424,15,5775,1.0915,420.233,0.5804,0.5059
flow_6545,0x10001991,06,Email,0,correlator,122.7183,1015.0293,410.7711,14210.4291,119.2075,293.4499,129.797,503.1485,373.3515,0.010541,9.271275,0.488171,0.65669102,0.810365,8,4.0876,6.9447,1679.0791,18.8476,38,15609,2.0162,828.1682,0.5279,0.5087
flow_6557,0x1000199d,06,Email,0,correlator,101.018,798.0301,261.0454,41616.9227,204.0023,243.6044,106.7177,508.9032,402.1855,0.052132,7.20545,0.352393,2.00451062,1.415807,10,3.2191,8.4138,840.3401,24.4372,69,18012,2.8236,737.0718,0.496,0.5328
flow_6569,0x100019a9,06,Email,0,correlator,109.8626,791.8467,235.4831,54067.9171,232.5251,296.3836,127.889,419.0177,291.1287,0.05634,4.799816,0.942765,1.41255821,1.188511,2,4.7945,12.2935,1129.0352,16.0121,16,3767,0.9992,235.2595,0.5521,0.382
flow_6581,0x100019b5,06,Email,0,correlator,132.7198,612.1435,233.8591,10400.7619,101.9841,299.4329,112.9826,544.5767,431.5942,0.057512,10.578702,0.571702,1.86415455,1.36534,4,3.1368,7.2056,733.5659,12.2105,21,4911,1.7198,402.1963,0.4964,0.4718
flow_6593,0x100019c1,06,Email,0,correlator,102.5728,911.164,403.7123,22875.2586,151.2457,164.0374,155.2537,524.0732,368.8194,0.039488,8.063548,0.924631,0.62379089,0.789804,6,2.0934,6.1819,845.138,23.7066,25,10092,1.0546,425.7038,0.4102,0.3535
flow_6605,0x100019cd,06,Email,0,correlator,127.1911,676.2104,220.3467,35252.1674,187.7556,287.726,113.578,399.3222,285.7442,0.054583,8.302521,0.755596,1.44285632,1.20119,6,2.2164,5.5893,488.3712,29.0261,38,8373,1.3092,288.4643,0.5311,0.4594
flow_6617,0x100019d9,06,Email,0,correlator,97.823,978.7471,326.2792,56931.9498,238.6042,298.4561,118.2325,425.9752,307.7427,0.010787,7.675799,0.356248,1.19551524,1.093396,7,2.7231,8.9265,888.4842,14.302,40,13051,2.7968,912.5297,0.4964,0.488
flow_6629,0x100019e5,06,Email,0,correlator,123.224,754.4178,419.5282,9116.3589,95.4796,161.6369,114.419,498.1222,383.7031,0.04375,4.376554,0.597415,1.00087958,1.00044,5,3.9565,8.5016,1659.8703,16.5528,27,11327,1.6311,684.2933,0.5711,0.3708
flow_6641,0x100019f1,06,Email,0,correlator,92.5728,814.0757,355.2189,9698.4979,98.481,170.3209,104.5766,408.0771,303.5005,0.010834,11.992807,0.460935,0.92697938,0.962798,8,4.1328,9.0926,1468.0621,20.3294,44,15629,2.1643,768.7869,0.4124,0.5144
flow_6653,0x100019fd,06,Email,0,correlator,80.7497,701.4602,401.814,8854.166,94.0966,278.4419,118.5286,387.9691,269.4405,0.055607,9.23129,0.278266,2.63698991,1.623881,29,2.8235,13.9382,1134.5402,27.173,97,38975,3.5697,1434.3288,0.4942,0.4242
flow_6665,0x10001a09,06,Email,0,correlator,88.0434,911.6962,369.9957,23306.6358,152.6651,272.9587,151.2814,512.2531,360.9716,0.032469,6.041134,0.583558,1.07224056,1.03549,4,3.4763,10.3115,1286.2175,12.4488,21,7769,1.6869,624.075,0.6162,0.5546
flow_6677,0x10001a15,06,Email,0,correlator,114.1888,824.6261,236.9979,41554.3164,203.8488,214.7118,116.0903,504.3981,388.3078,0.018413,11.395675,0.420029,1.38268678,1.175877,6,4.7324,7.6982,1121.5612,14.7875,35,8294,2.3669,560.878,0.4427,0.514
flow_6689,0x10001a21,06,Email,0,correlator,103.0216,968.4966,237.2195,15770.8224,125.5819,274.9715,148.1917,403.3549,255.1632,0.057732,11.269073,0.815679,0.93038033,0.964562,3,2.7415,10.4589,650.3283,14.5201,17,4032,1.1708,277.6842,0.4838,0.4656
flow_6701,0x10001a2d,06,Email,0,correlator,81.0686,1057.8801,360.7959,21738.2171,147.4389,218.3639,124.3044,377.4501,253.1457,0.033196,10.127809,0.550463,0.92096813,0.959671,9,2.4677,9.8055,890.3291,19.9706,36,12988,1.8026,650.3548,0.5283,0.3772
flow_6713,0x10001a39,06,Email,0,correlator,124.7276,706.7717,248.1323,26055.7989,161.4181,197.4233,117.6703,367.351,249.6808,0.029509,5.164719,0.882533,2.84517827,1.686766,5,3.5974,6.5315,892.6392,26.6796,30,7443,1.1245,278.977,0.4088,0.4656
flow_6725,0x10001a45,06,Email,0,correlator,90.0206,894.434,241.573,52571.0275,229.2837,277.2494,102.6455,474.9572,372.3117,0.015099,11.285179,0.639916,1.03326573,1.016497,7,3.4388,13.7961,830.7219,17.046,26,6280,1.5253,368.4141,0.5982,0.5531
flow_6737,0x10001a51,06,Email,0,correlator,100.8437,1131.7997,362.3622,19362.632,139.1497,298.2009,155.3349,402.7875,247.4526,0.018246,7.508226,0.671945,1.19323661,1.092354,6,3.5746,12.2854,1295.2932,19.6174,29,10508,1.4783,535.6458,0.3945,0.4996
flow_6749,0x10001a5d,06,Email,0,correlator,117.3813,832.627,329.7157,54742.3742,233.9709,255.3103,124.5034,423.3501,298.8467,0.02054,6.261001,0.929187,2.2475483,1.499183,4,4.466,13.9374,1472.4987,23.1655,24,7913,1.036,341.5863,0.5999,0.4047
flow_6761,0x10001a69,06,Email,0,correlator,98.77,935.5762,283.6725,11119.8383,105.4506,284.58,153.3299,361.6275,208.2975,0.045056,7.275364,0.414212,2.23014637,1.493367,15,3.4609,8.7057,981.7595,19.7573,47,13332,2.3789,674.7896,0.5511,0.438
flow_6773,0x10001a75,06,Email,0,correlator,102.3659,956.4401,324.4162,45854.6632,214.137,163.9629,141.3058,430.0413,288.7355,0.032744,7.184923,0.810243,1.66640995,1.290895,3,4.5193,8.5615,1466.1481,13.4334,16,5190,1.1911,386.3518,0.5555,0.5378
flow_6785,0x10001a81,06,Email,0,correlator,96.0013,917.6912,298.4567,56679.256,238.0741,289.9736,107.6172,357.1225,249.5053,0.049628,9.684994,0.764881,2.4531596,1.566257,6,3.0012,13.3483,895.718,25.7523,33,9849,1.2814,382.4508,0.5794,0.3763
flow_6797,0x10001a8d,06,Email,0,correlator,97.0596,896.3886,228.0059,20419.6613,142.8974,283.2346,123.0147,433.3135,310.2988,0.041641,10.902593,0.894849,0.86300678,0.928982,2,3.0594,5.8559,697.5719,9.7827,15,3420,1.5333,349.5966,0.5871,0.5779
flow_6809,0x10001a99,06,Email,0,correlator,131.7013,759.351,340.363,15228.8855,123.4054,277.3875,154.0987,428.5885,274.4898,0.056727,11.732847,0.395761,1.82161326,1.349672,8,3.2224,8.0965,1096.7863,13.9015,35,11912,2.5177,856.885,0.4928,0.3848
flow_6821,0x10001aa5,06,Email,0,correlator,100.8183,642.6113,246.9333,13467.2089,116.0483,163.2592,102.3705,371.2605,268.89,0.052341,4.753886,0.851935,0.66194392,0.813599,4,4.7019,10.3495,1161.0615,28.4997,33,8148,1.1579,285.8977,0.4604,0.5445
flow_6833,0x10001ab1,06,Email,0,correlator,90.6214,1142.4585,220.4623,55042.676,234.6118,179.7459,109.9684,391.917,281.9486,0.050112,5.982066,0.563142,1.08191716,1.040152,6,4.2984,10.1032,947.643,16.3875,29,6393,1.7696,390.1145,0.5692,0.5215
flow_6845,0x10001abd,06,Email,0,correlator,117.2763,775.7999,391.8413,31371.7619,177.1208,231.5741,148.4925,452.0101,303.5175,0.027501,11.670706,0.430453,0.79019335,0.888928,11,2.4239,6.5701,949.775,23.076,53,20767,2.2968,899.9379,0.5109,0.6068
flow_6857,0x10001ac9,06,Email,0,correlator,81.0338,927.212,232.8959,11503.6842,107.2552,261.309,142.8353,427.9477,285.1124,0.021389,2.77493,0.765458,2.11089804,1.452893,9,2.1528,6.8287,501.3786,24.7906,32,7452,1.2908,300.5977,0.5712,0.3972
flow_6869,0x10001ad5,06,Email,0,correlator,125.9435,674.3195,222.782,14111.7169,118.7927,162.8125,152.6767,419.5976,266.9209,0.057202,3.732019,0.71518,0.52573584,0.725076,10,2.2562,7.3558,502.6422,23.4509,32,7129,1.3646,303.9973,0.5149,0.5026
flow_6881,0x10001ae1,06,Email,0,correlator,136.0724,1107.5499,334.3325,56671.9699,238.0588,205.9684,141.2974,463.7553,322.4578,0.018454,8.055585,0.526989,0.62083339,0.78793,8,4.9494,5.189,1654.7587,14.6814,27,9026,1.8391,614.792,0.4901,0.3591
flow_6893,0x10001aed,06,Email,0,correlator,117.8272,677.4775,242.507,40492.2475,201.2269,294.8857,128.8077,511.7016,382.8939,0.015342,4.567021,0.899804,2.70073524,1.643391,2,4.4255,9.2748,1073.2059,17.85,19,4607,1.0644,258.0957,0.4327,0.4695
flow_6905,0x10001af9,06,Email,0,correlator,129.2223,625.4426,376.279,30697.7693,175.2078,169.0889,127.8811,350.7483,222.8672,0.058382,9.346922,0.868011,1.54450414,1.242781,8,3.8806,6.0332,1460.1837,28.0884,32,12040,1.1393,428.6468,0.5934,0.378
flow_6917,0x10001b05,06,Email,0,correlator,108.8721,761.4137,380.1185,19991.4544,141.3911,224.8227,116.3028,509.9385,393.6357,0.038249,5.492547,0.758021,0.73190243,0.855513,4,4.3383,11.6395,1649.0839,16.4992,21,7982,1.2728,483.7797,0.5602,0.3679
flow_6929,0x10001b11,06,Email,0,correlator,122.7355,816.6005,341.1581,53335.1837,230.9441,244.4448,118.4009,490.5365,372.1356,0.048153,10.829418,0.679026,0.97833785,0.98911,7,3.4992,7.1567,1193.7645,21.1159,31,10575,1.4681,500.8067,0.4612,0.5894
flow_6941,0x10001b1d,06,Email,0,correlator,127.943,911.0519,415.4316,30580.2711,174.8722,199.8253,120.317,450.3392,330.0222,0.051191,11.905506,0.280402,1.49006416,1.220682,9,3.8219,5.6035,1587.7316,9.9897,35,14540,3.5036,1455.4966,0.527,0.5949
flow_6953,0x10001b29,06,Email,0,correlator,131.7002,963.6993,295.2522,35291.6291,187.8607,171.9319,100.6432,447.237,346.5938,0.029198,10.722381,0.751281,2.96218896,1.721101,2,3.6029,5.0024,1063.7528,9.7859,15,4428,1.5328,452.4898,0.3931,0.6438
flow_6965,0x10001b35,06,Email,0,correlator,122.6821,751.5325,367.2237,15786.9647,125.6462,207.7213,117.0398,524.2572,407.2174,0.050747,9.282409,0.405594,1.54730364,1.243907,11,2.7397,7.1074,1006.0944,25.7381,63,23135,2.4477,898.8608,0.5484,0.55
flow_6977,0x10001b41,06,Email,0,correlator,135.9328,1060.4168,338.555,22101.9192,148.6671,274.3613,112.4468,509.2193,396.7724,0.029321,9.717528,0.581477,1.36419689,1.167988,12,2.2377,9.4128,757.6011,27.901,47,15912,1.6845,570.3016,0.4095,0.4794
flow_6989,0x10001b4d,06,Email,0,correlator,106.5438,1166.843,320.3079,17242.4041,131.3103,246.7061,143.0187,547.0238,404.0051,0.017972,5.942229,0.697121,2.36493719,1.537835,6,3.1542,13.3417,1010.3269,23.4541,33,10570,1.407,450.6677,0.5732,0.5252
flow_7001,0x10001b59,06,Email,0,correlator,109.8125,1140.6563,285.1648,56066.9987,236.7847,170.1082,137.8898,353.7038,215.8139,0.041969,10.523478,0.889212,2.77233978,1.665034,4,2.8343,10.6497,808.2287,26.7677,30,8554,1.1208,319.5647,0.605,0.4573
flow_7013,0x10001b65,06,Email,0,correlator,123.603,1151.4474,273.6071,19795.9791,140.6982,169.3361,146.9538,494.5795,347.6257,0.017244,10.223397,0.799323,1.65401315,1.286084,7,3.2796,9.3273,897.3212,28.4064,35,9576,1.2321,337.1066,0.5013,0.4226
flow_7025,0x10001b71,06,Email,0,correlator,132.6239,953.1853,234.5554,35241.6062,187.7275,222.0116,114.1277,389.5564,275.4288,0.010062,5.76002,0.881919,1.09015829,1.044106,8,3.6716,11.6975,861.1915,23.9633,27,6332,1.1267,264.2373,0.5868,0.4557
flow_7037,0x10001b7d,06,Email,0,correlator,136.6915,606.2534,340.8557,39306.5827,198.2589,258.5767,156.826,386.0736,229.2476,0.035785,9.023911,0.560127,0.9568757,0.9782,6,4.4778,7.9223,1526.2861,18.5844,33,11248,1.7757,605.2381,0.4886,0.4099
flow_7049,0x10001b89,06,Email,0,correlator,136.4584,735.3974,419.0493,26765.3271,163.6011,160.4948,112.5439,456.6968,344.1529,0.024345,8.525382,0.83517,0.717343,0.846961,8,4.6222,9.3612,1936.9366,29.373,35,14666,1.1916,499.3026,0.4341,0.4182
flow_7061,0x10001b95,06,Email,0,correlator,138.577,1047.2207,334.2259,12062.4133,109.829,239.2459,141.6939,372.1701,230.4762,0.041738,9.720967,0.625783,1.47003711,1.212451,5,4.3505,7.458,1454.0588,15.1153,24,8021,1.5878,530.653,0.5683,0.4359
flow_7073,0x10001ba1,06,Email,0,correlator,119.0238,660.5277,249.637,29690.5353,172.3094,244.5726,114.5321,400.3561,285.824,0.05942,8.500742,0.510198,0.50860507,0.713166,7,4.0497,6.8876,1010.9613,20.9578,41,10235,1.9563,488.3623,0.4678,0.4875
flow_7085,0x10001bad,06,Email,0,correlator,116.6499,894.2084,305.6322,36971.6071,192.28,252.8606,122.186,492.8622,370.6762,0.039854,9.454781,0.714745,1.38694891,1.177688,5,4.9572,10.4631,1515.0831,23.6235,33,10085,1.3969,426.9053,0.5318,0.4128
flow_7097,0x10001bb9,06,Email,0,correlator,84.1885,655.9138,333.1175,17068.1017,130.6449,219.4594,129.551,433.5372,303.9862,0.010872,3.072466,0.539411,1.93525072,1.391133,8,3.275,9.5628,1090.9627,23.5608,43,14324,1.8251,607.9592,0.6124,0.4915
flow_7109,0x10001bc5,06,Email,0,correlator,84.0068,963.2706,366.4308,50963.3619,225.7507,164.8879,117.6588,509.9492,392.2904,0.049989,7.989575,0.293649,1.73785587,1.318278,28,2.636,12.6397,965.9168,26.1521,89,32612,3.4032,1247.0145,0.4362,0.3674
flow_7121,0x10001bd1,06,Email,0,correlator,111.5346,660.3148,303.2018,40149.8758,200.3743,280.8858,152.3647,506.9675,354.6028,0.052879,6.928218,0.806551,2.433532,1.559978,8,2.822,9.4565,855.6436,20.8128,25,7580,1.2012,364.1983,0.5457,0.3745
flow_7133,0x10001bdd,06,Email,0,correlator,112.0562,753.3636,260.7966,26608.3401,163.1206,202.4258,115.0229,434.0102,318.9872,0.024912,7.339155,0.893723,1.36744615,1.169379,3,4.0437,12.8263,1054.5829,12.1856,15,3911,1.231,320.9525,0.5337,0.5238
flow_7145,0x10001be9,06,Email,0,correlator,120.9075,900.9837,253.1845,45945.2189,214.3484,174.5894,114.4922,470.8865,356.3943,0.033516,10.454408,0.837843,0.61873008,0.786594,7,4.3129,7.8011,1091.9673,20.393,24,6076,1.1769,297.9458,0.5711,0.5256
flow_7157,0x10001bf5,06,Email,0,correlator,121.8132,627.3991,356.4155,39237.8845,198.0855,265.92,110.9634,432.9365,321.9731,0.033791,2.580958,0.650652,0.47697251,0.690632,4,2.5269,7.0237,900.6366,21.1794,32,11405,1.5109,538.4944,0.6136,0.3849
flow_7169,0x10001c01,06,Email,0,correlator,94.1736,1116.5167,411.8613,29068.4336,170.4947,244.9571,105.2131,463.5544,358.3412,0.035273,8.236083,0.755787,1.29003947,1.135799,5,2.5525,12.6906,1051.2749,15.6851,20,8237,1.2751,525.1465,0.4125,0.3781
flow_7181,0x10001c0d,06,Email,0,correlator,135.8128,697.2125,364.9412,44476.3149,210.8941,212.1289,156.0674,433.8488,277.7814,0.025431,9.284467,0.491464,2.23144299,1.493802,6,3.0772,11.0476,1123.013,13.1885,26,9488,1.9714,719.4153,0.6022,0.5805
flow_7193,0x10001c19,06,Email,0,correlator,108.1811,641.3885,329.8092,22383.2951,149.6105,209.3264,110.4043,537.9433,427.539,0.01323,9.88485,0.784767,2.33226882,1.527177,3,3.7671,6.6704,1242.4351,15.9737,20,6596,1.2521,412.9277,0.5176,0.4749
flow_7205,0x10001c25,06,Email,0,correlator,125.7443,1172.8439,224.6614,19379.7559,139.2112,278.8192,128.506,383.4139,254.9079,0.011162,4.471983,0.496865,0.3791771,0.615774,5,2.3521,6.5063,528.4337,18.1974,36,8087,1.9783,444.4037,0.4152,0.6416
flow_7217,0x10001c31,06,Email,0,correlator,100.586,750.9262,332.3733,32519.6932,180.3322,247.0663,141.2091,367.1474,225.9384,0.032235,11.494897,0.624743,1.90852169,1.381493,6,4.6944,12.1921,1560.2972,23.8976,38,12630,1.5901,528.505,0.428,0.3609
flow_7229,0x10001c3d,06,Email,0,correlator,131.7179,702.9111,244.364,10082.2167,100.4102,228.8173,157.4292,529.1581,371.7289,0.045453,10.679492,0.90439,2.45493892,1.566824,4,3.1975,5.3882,781.3623,28.7724,31,7575,1.0774,263.273,0.4367,0.6376
flow_7241,0x10001c49,06,Email,0,correlator,98.0805,714.9359,383.9312,17668.8264,132.9241,287.0923,150.2027,417.7325,267.5298,0.051801,6.799639,0.405194,0.77280708,0.879094,5,4.1472,10.8873,1592.2534,15.2442,37,14205,2.4272,931.8304,0.493,0.5883
flow_7253,0x10001c55,06,Email,0,correlator,100.1833,641.7585,254.8494,19359.5159,139.1385,203.7483,103.8118,371.0468,267.2351,0.023862,5.398896,0.270695,1.77472466,1.332188,10,4.1807,7.1012,1065.4483,13.3179,49,12487,3.6792,937.6078,0.5427,0.6014
flow_7265,0x10001c61,06,Email,0,correlator,81.9895,925.7154,260.3667,23811.4239,154.3095,291.6413,144.8551,372.9997,228.1446,0.054421,2.752714,0.506502,1.6789511,1.295743,6,3.2874,8.8604,855.9298,22.3096,44,11456,1.9722,513.5005,0.5351,0.3559
flow_7277,0x10001c6d,06,Email,0,correlator,107.35,661.9943,326.4475,12738.4476,112.8647,177.8048,108.2746,459.682,351.4074,0.02089,6.501874,0.605628,3.19189923,1.786589,3,4.7289,8.5731,1543.7306,9.9927,16,5223,1.6012,522.6803,0.5172,0.5932
flow_7289,0x10001c79,06,Email,0,correlator,128.778,731.424,243.3333,28847.4125,169.8453,285.7506,136.0533,472.279,336.2257,0.048774,9.009955,0.356899,0.79677174,0.892621,6,4.0644,11.3763,989.0101,15.5886,43,10463,2.7584,671.1958,0.4439,0.5491
flow_7301,0x10001c85,06,Email,0,correlator,103.0815,761.8879,359.6994,36088.4447,189.9696,160.6129,149.1854,410.907,261.7216,0.048343,6.846901,0.429864,2.99815473,1.731518,5,4.5341,8.6393,1630.9029,15.9424,37,13308,2.3209,834.7546,0.5601,0.5621
flow_7313,0x10001c91,06,Email,0,correlator,106.5134,946.6573,276.7369,22859.6406,151.194,203.4673,149.4111,375.5872,226.1761,0.043408,3.712158,0.559061,0.89934542,0.948338,9,3.7228,11.3263,1030.2277,28.2636,50,13836,1.7691,489.535,0.5303,0.3754
flow_7325,0x10001c9d,06,Email,0,correlator,114.8142,986.8151,371.978,25598.8613,159.9964,271.6818,140.1877,491.8068,351.6192,0.038536,5.352895,0.883646,3.12593585,1.768032,3,2.2704,6.9109,844.5565,9.7955,15,5579,1.5313,569.5466,0.3862,0.4298
flow_7337,0x10001ca9,06,Email,0,correlator,89.3871,1108.8749,308.8695,18557.2005,136.2248,198.6724,103.2893,399.7582,296.4689,0.041905,2.777309,0.446354,0.45285393,0.672944,6,3.9643,6.0605,1224.4508,18.4942,41,12663,2.2169,684.7024,0.5643,0.5197
flow_7349,0x10001cb5,06,Email,0,correlator,125.8384,881.7318,361.4212,26369.9623,162.3883,250.0059,105.3274,470.77,365.4426,0.057599,2.991599,0.8748,1.1210725,1.058807,2,4.6947,6.4238,1696.772,15.728,17,6144,1.0809,390.6405,0.4837,0.3835
flow_7361,0x10001cc1,06,Email,0,correlator,89.4014,1000.4703,407.2332,30026.1011,173.2804,248.964,138.6312,441.8875,303.2564,0.045954,10.124583,0.47116,3.04339997,1.744534,7,4.4124,5.2569,1796.8843,19.8211,42,17103,2.119,862.8684,0.6017,0.5964
flow_7373,0x10001ccd,06,Email,0,correlator,121.9401,1159.6291,400.1351,40879.0032,202.1856,256.7858,153.8877,390.9324,237.0447,0.042458,4.579215,0.766619,2.81647534,1.678236,4,4.4465,10.2573,1779.2072,16.305,21,8402,1.2879,515.3023,0.5778,0.4636
flow_7385,0x10001cd9,06,Email,0,correlator,133.6612,631.4031,336.29,21532.7625,146.7405,165.3338,144.5236,402.1203,257.5966,0.043597,6.849239,0.822279,1.85821295,1.363163,3,4.0653,9.172,1367.122,15.8471,19,6389,1.199,403.1641,0.5792,0.6286
flow_7397,0x10001ce5,06,Email,0,correlator,136.8392,683.8146,235.813,52461.5182,229.0448,289.6459,151.234,405.1385,253.9046,0.059961,3.757894,0.563863,1.00682579,1.003407,7,3.3472,10.3872,789.311,26.3238,46,10847,1.7475,412.0613,0.5936,0.3744
flow_7409,0x10001cf1,06,Email,0,correlator,114.9624,967.4379,361.2695,40151.2672,200.3778,179.0587,120.998,458.1101,337.1122,0.014672,2.771294,0.25825,1.47096486,1.212833,21,2.407,6.3288,869.575,21.9938,85,30707,3.8647,1396.1688,0.4012,0.3832
flow_7421,0x10001cfd,06,Email,0,correlator,87.0554,902.8451,295.6222,20476.6491,143.0966,277.9548,130.3109,494.7955,364.4846,0.023173,4.444879,0.351454,1.23724889,1.112317,10,2.346,6.3435,693.5246,21.7107,61,18032,2.8097,830.5584,0.5333,0.6229
flow_7433,0x10001d09,06,Email,0,correlator,112.4595,1180.1825,283.1311,29459.914,171.6389,246.3941,148.3318,545.9345,397.6028,0.033678,7.29841,0.586286,0.62817951,0.792578,13,4.3755,12.1606,1238.8271,26.777,45,12740,1.6805,475.7808,0.6038,0.4788
flow_7445,0x10001d15,06,Email,0,correlator,80.1617,857.9502,236.1142,29386.0235,171.4235,171.8113,132.4455,512.641,380.1956,0.02157,3.963499,0.332707,1.24218311,1.114533,15,4.0812,9.503,963.6191,19.1043,57,13458,2.9836,704.4483,0.4412,0.3564
flow_7457,0x10001d21,06,Email,0,correlator,135.1771,1115.3998,374.7744,39652.7851,199.1301,220.2289,115.5287,393.9879,278.4592,0.047015,10.406028,0.939032,1.09129624,1.044651,2,3.1372,6.7378,1175.7562,12.3371,15,5621,1.2158,455.6169,0.5133,0.6218
flow_7469,0x10001d2d,06,Email,0,correlator,96.7853,1104.4306,335.3994,46112.2602,214.7377,164.3764,125.5563,385.4418,259.8855,0.014547,10.768305,0.266592,1.77929683,1.333903,17,4.3277,10.6135,1451.5215,23.442,87,29179,3.7113,1244.7297,0.5246,0.4341
flow_7481,0x10001d39,06,Email,0,correlator,136.838,1161.738,345.4939,38750.158,196.8506,292.8127,156.939,356.2108,199.2719,0.010257,10.233576,0.372801,1.63776692,1.279753,23,2.2935,7.7555,792.3956,28.4356,76,26257,2.6727,923.3845,0.4189,0.3649
flow_7493,0x10001d45,06,Email,0,correlator,108.2839,1128.1319,333.8921,35912.6716,189.5064,191.7893,120.9946,484.0643,363.0696,0.050511,9.21539,0.926924,0.64642065,0.804003,3,2.9385,5.7516,981.1254,11.3568,15,5008,1.3208,440.9697,0.5371,0.5347
flow_7505,0x10001d51,06,Email,0,correlator,126.689,1022.5338,268.5981,13514.0991,116.2502,204.6879,111.2788,545.6981,434.4193,0.016775,7.214943,0.634821,2.26670833,1.505559,5,4.6645,9.9666,1252.8676,18.0378,28,7520,1.5523,416.902,0.4943,0.6251
flow_7517,0x10001d5d,06,Email,0,correlator,91.0994,748.3451,379.3172,25412.0191,159.4115,203.2986,150.7584,383.0995,232.3411,0.012028,4.570384,0.789494,2.01090429,1.418064,4,2.4268,7.724,920.5452,8.9648,15,5689,1.6732,634.5958,0.4218,0.5546
flow_7529,0x10001d69,06,Email,0,correlator,105.3749,1033.7991,370.5254,19469.8369,139.5344,287.9384,141.56,385.0333,243.4733,0.013929,4.236909,0.665181,0.65672251,0.810384,6,2.0657,8.6239,765.3998,17.739,26,9633,1.4657,543.0412,0.4368,0.4826
flow_7541,0x10001d75,06,Email,0,correlator,122.5502,1166.4144,354.956,10408.8724,102.0239,191.7601,132.7306,384.4563,251.7257,0.047066,6.333484,0.921067,1.98002595,1.407134,3,3.3716,9.2894,1196.7835,22.1787,24,8518,1.0821,384.063,0.4956,0.6043
flow_7553,0x10001d81,06,Email,0,correlator,108.5889,759.6116,253.0808,18939.8567,137.6222,245.009,147.8006,536.3701,388.5694,0.036595,5.013133,0.864881,2.80942758,1.676135,3,3.1123,10.6499,787.6623,22.7795,26,6580,1.1414,288.8559,0.4855,0.573
flow_7565,0x10001d8d,06,Email,0,correlator,80.657,942.4335,339.2418,52150.3249,228.3645,275.2429,157.8751,492.7371,334.8621,0.054807,10.118061,0.253391,0.45927818,0.677701,11,2.1347,11.4422,724.1815,20.5874,81,27478,3.9344,1334.6997,0.5011,0.4916
flow_7577,0x10001d99,06,Email,0,correlator,86.1883,634.9249,260.3081,37966.8857,194.8509,281.9598,113.1665,354.5398,241.3733,0.058324,4.055594,0.796217,2.94670653,1.716597,8,4.5589,10.6791,1186.7262,24.3392,30,7809,1.2326,320.8411,0.4663,0.5217
flow_7589,0x10001da5,06,Email,0,correlator,90.427,833.7049,412.3542,11230.9844,105.9763,269.1437,121.8277,541.6444,419.8167,0.044414,5.006393,0.736424,2.46993141,1.571602,6,4.0209,8.2736,1658.0284,16.7739,22,9071,1.3116,540.7808,0.5793,0.6282
flow_7601,0x10001db1,06,Email,0,correlator,119.6396,1140.806,391.8696,17575.3411,132.572,273.7177,129.1491,379.2614,250.1124,0.049605,6.959658,0.59205,2.05510753,1.433565,2,2.7965,11.1132,1095.849,8.1322,15,5878,1.8445,722.8015,0.4088,0.5967
flow_7613,0x10001dbd,06,Email,0,correlator,113.5698,1083.5586,275.2756,54757.3356,234.0029,206.2644,138.7852,515.9516,377.1664,0.014677,8.064497,0.627105,2.73511674,1.653819,3,2.1909,12.1682,603.0877,10.7363,17,4679,1.5834,435.813,0.5978,0.3553
flow_7625,0x10001dc9,06,Email,0,correlator,136.9145,776.1983,234.6865,8917.5585,94.4328,233.6845,101.0738,530.5179,429.4441,0.028981,4.850905,0.940847,1.03675267,1.018211,4,3.7834,6.8449,887.9193,18.4451,19,4459,1.0301,241.7447,0.5012,0.5307
flow_7637,0x10001dd5,06,Email,0,correlator,108.2765,1065.0398,310.263,53871.1561,232.1016,181.0269,100.1329,506.3559,406.223,0.026564,11.844613,0.816583,2.34072782,1.529944,3,2.9922,13.3215,928.3649,17.8583,21,6515,1.1759,364.8163,0.3945,0.4924
flow_7649,0x10001de1,06,Email,0,correlator,131.7985,959.6572,416.6863,8154.543,90.3025,216.7151,106.0279,394.7717,288.7438,0.034058,10.228947,0.659797,0.90847829,0.953141,8,3.0713,10.5025,1279.7776,29.7243,45,18750,1.5139,630.7973,0.3847,0.4988
flow_7661,0x10001ded,06,Email,0,correlator,99.1573,833.596,401.6844,24151.4882,155.4075,186.4189,111.3125,391.9675,280.655,0.02486,6.584719,0.771334,1.44247838,1.201032,3,4.6213,10.1337,1856.2911,11.2166,15,6025,1.3373,537.1489,0.5037,0.6074
flow_7673,0x10001df9,06,Email,0,correlator,138.7192,797.7587,408.7047,38196.3124,195.4388,212.5417,148.4806,401.2014,252.7207,0.049278,5.412207,0.286772,1.51781592,1.231997,27,4.5014,6.7436,1839.7431,25.9035,90,36783,3.4744,1420.0012,0.5879,0.5791
flow_7685,0x10001e05,06,Email,0,correlator,96.489,1192.9566,344.7943,20169.2493,142.0185,278.6932,143.881,379.1772,235.2962,0.03453,6.800766,0.669697,0.8278323,0.909853,3,3.5258,9.896,1215.6835,17.0781,25,8619,1.4639,504.6806,0.4294,0.3611
flow_7697,0x10001e11,06,Email,0,correlator,108.6874,1023.9793,369.7304,11899.1488,109.0832,275.0465,131.5557,414.5451,282.9894,0.033929,11.043486,0.55249,2.56866968,1.602707,7,2.0203,5.5193,746.9553,16.8508,30,11091,1.7803,658.1883,0.4424,0.4375
flow_7709,0x10001e1d,06,Email,0,correlator,122.3825,783.47,318.4387,11941.7915,109.2785,274.0035,116.3874,490.3734,373.986,0.034148,6.334387,0.309188,0.63662569,0.797888,11,4.9982,7.894,1591.6175,24.9396,80,25475,3.2078,1021.4698,0.3842,0.4431
flow_7721,0x10001e29,06,Email,0,correlator,130.2711,925.7332,226.3679,9211.0593,95.9743,168.2971,150.0438,448.1423,298.0985,0.053605,9.326132,0.689043,0.51647891,0.718665,10,2.5954,5.4175,587.507,23.6661,34,7696,1.4367,325.1915,0.5619,0.5568
flow_7733,0x10001e35,06,Email,0,correlator,106.7293,759.3764,376.7725,9392.6924,96.9159,185.8716,138.5134,420.3412,281.8278,0.037066,3.707665,0.901163,0.93512498,0.967019,6,4.229,9.5235,1593.3711,27.5701,30,11303,1.0881,409.9737,0.5299,0.3995
flow_7745,0x10001e41,06,Email,0,correlator,92.1792,659.5682,375.7227,30031.6215,173.2963,274.6336,126.4701,472.1104,345.6402,0.021309,6.271579,0.778142,0.50854786,0.713125,6,3.4371,13.9849,1291.3821,27.7499,35,13150,1.2613,473.8749,0.5357,0.4516
flow_7757,0x10001e4d,06,Email,0,correlator,104.182,936.3319,282.2148,52843.3766,229.8769,185.2449,125.7111,473.3533,347.6422,0.027679,2.951872,0.630981,1.95681475,1.398862,8,2.2,11.4923,620.8839,18.5463,29,8184,1.5637,441.2749,0.4399,0.3978
flow_7769,0x10001e59,06,Email,0,correlator,122.6125,652.9793,242.8582,10759.4946,103.728,227.216,114.6396,501.1902,386.5506,0.015824,8.519676,0.815671,2.69778359,1.642493,3,3.9647,6.1712,962.8696,9.9534,15,3642,1.507,365.9049,0.6009,0.588
flow_7781,0x10001e65,06,Email,0,correlator,99.2252,1030.8696,268.6267,49373.3201,222.2011,197.8071,105.5922,539.4901,433.8979,0.033748,10.815346,0.408489,1.37704471,1.173475,7,3.8277,13.2827,1028.2348,10.3565,25,6715,2.4139,648.387,0.6023,0.6332
flow_7793,0x10001e71,06,Email,0,correlator,105.5062,1052.9677,342.4991,10680.8155,103.348,243.5896,159.3858,461.2182,301.8324,0.036681,9.909405,0.476513,2.67574367,1.63577,5,2.1861,9.8029,748.7306,14.9895,31,10617,2.0681,708.2976,0.4842,0.6327
flow_7805,0x10001e7d,06,Email,0,correlator,119.321,1011.4592,283.3066,52388.6573,228.8857,253.2969,132.4279,471.2217,338.7938,0.016074,8.624468,0.591494,1.46249122,1.209335,5,4.6418,8.4828,1315.0563,16.2259,27,7649,1.664,471.407,0.5009,0.5223
flow_7817,0x10001e89,06,Email,0,correlator,119.2481,886.3623,319.3702,37643.4862,194.0193,264.3258,129.0422,451.1668,322.1246,0.049648,7.516705,0.589814,2.43935345,1.561843,3,4.6174,8.7188,1474.6476,14.5942,24,7664,1.6445,525.1396,0.4195,0.51
flow_7829,0x10001e95,06,Email,0,correlator,80.8624,1056.7592,350.0917,9664.1359,98.3063,167.4503,141.3306,499.9846,358.654,0.014964,9.678851,0.757847,1.75693793,1.325495,4,3.6119,10.0388,1264.4896,10.1764,15,5251,1.474,515.9978,0.469,0.5544
flow_7841,0x10001ea1,06,Email,0,correlator,103.201,683.8622,286.3135,10276.2192,101.3717,166.9274,137.5848,430.5234,292.9387,0.027193,7.408292,0.647652,2.30963536,1.519748,2,2.4757,9.7065,708.8289,12.3249,19,5439,1.5416,441.303,0.6055,0.5094
flow_7853,0x10001ead,06,Email,0,correlator,106.8829,1075.2158,402.1671,40008.9675,200.0224,209.2962,128.5905,467.2716,338.6811,0.012399,11.202142,0.495535,0.58346392,0.763848,9,3.8897,11.6017,1564.3082,18.8885,38,15282,2.0118,809.0644,0.5875,0.6314
flow_7865,0x10001eb9,06,Email,0,correlator,97.9289,1140.1071,287.2811,46667.9493,216.0277,273.8646,116.4023,450.024,333.6217,0.010445,8.574376,0.402829,1.8244533,1.350723,15,2.1193,8.1297,608.8457,23.9952,59,16949,2.4588,706.3487,0.5046,0.614
flow_7877,0x10001ec5,06,Email,0,correlator,115.2981,844.4125,243.6322,22860.8242,151.198,220.9332,117.5483,539.5033,421.955,0.011643,3.661164,0.94213,0.66956863,0.818272,2,2.9447,12.6894,717.4261,16.1726,17,4141,1.0512,256.0508,0.5062,0.3516
flow_7889,0x10001ed1,06,Email,0,correlator,99.2791,919.7052,351.0725,8528.3728,92.3492,166.789,124.62,395.2357,270.6157,0.018825,7.910526,0.886831,0.8228639,0.907118,7,4.3693,5.5596,1533.9317,24.1694,27,9478,1.1171,392.1491,0.5627,0.3604
flow_7901,0x10001edd,06,Email,0,correlator,125.5017,941.9532,350.8572,14254.2387,119.3911,221.7687,137.1405,470.492,333.3515,0.043,6.48799,0.455653,1.40059137,1.183466,4,3.0536,12.0739,1071.3648,12.3619,27,9473,2.1841,766.3044,0.4259,0.5139
flow_7913,0x10001ee9,06,Email,0,correlator,99.065,917.475,239.5231,21867.4125,147.8763,201.8519,118.7112,503.7431,385.0319,0.040276,11.114199,0.459429,0.53230968,0.729596,3,3.4368,12.9436,823.1983,9.0008,19,4550,2.1109,505.5129,0.5086,0.3532
flow_7925,0x10001ef5,06,Email,0,correlator,91.9993,620.4525,227.1393,56602.8098,237.9135,249.3241,141.3699,534.5603,393.1904,0.054904,5.035145,0.724859,2.20212291,1.483955,5,2.0074,9.9163,455.9518,13.1502,18,4088,1.3688,310.87,0.5713,0.5163
flow_7937,0x10001f01,06,Email,0,correlator,84.3141,827.7634,236.8592,54661.768,233.7986,256.8247,135.4139,421.7166,286.3027,0.032713,3.537554,0.704833,0.94620049,0.972728,3,2.3145,13.6655,548.2028,13.327,18,4263,1.3506,319.8768,0.3875,0.4858
flow_7949,0x10001f0d,06,Email,0,correlator,96.3546,630.7386,226.6394,25803.1302,160.6335,234.591,115.9326,494.1725,378.2399,0.033158,4.803344,0.467067,0.44272331,0.665375,14,3.7154,11.2874,842.0498,28.5426,61,13825,2.1372,484.364,0.4215,0.5315
flow_7961,0x10001f19,06,Email,0,correlator,127.4055,1062.8771,359.344,13332.0138,115.4643,183.534,132.9556,376.1151,243.1595,0.048464,11.846253,0.303878,0.5106228,0.714579,14,2.3566,6.0573,846.8271,28.4251,93,33418,3.2718,1175.6509,0.4148,0.3938
flow_7973,0x10001f25,06,Email,0,correlator,112.7211,754.6399,363.475,10369.802,101.8322,190.4761,135.5164,383.9142,248.3978,0.022778,8.917856,0.584529,0.9970852,0.998542,2,4.2675,5.7378,1551.1183,9.6216,16,5815,1.6629,604.3694,0.4057,0.4654
flow_7985,0x10001f31,06,Email,0,correlator,118.2469,809.3456,394.7516,42145.3998,205.2934,192.2335,146.1775,438.7962,292.6187,0.023677,5.02989,0.392924,3.03476907,1.742059,21,2.0964,5.8819,827.542,26.3154,66,26053,2.508,990.0284,0.4009,0.6197
flow_7997,0x10001f3d,06,Email,0,correlator,114.8066,632.4651,239.0697,15411.3125,124.1423,170.7926,134.2813,478.5053,344.224,0.02385,6.299384,0.446747,3.03999016,1.743557,18,3.5829,8.9305,856.5558,25.5955,57,13626,2.227,532.3601,0.5127,0.5426
flow_8009,0x10001f49,06,ICMP,48,correlator,112.0,112.0,112.0,0.0849,0.2914,112.0,112.0,112.0,0.0,0.980099,1.019901,1.0,9.901e-05,0.009951,9,1.0,2.0,112.0,19.0093,19,2128,0.9995,111.9455,0.5,0.5
flow_8021,0x10001f55,06,ICMP,48,correlator,112.0,112.0,112.0,0.4646,0.6816,112.0,112.0,112.0,0.0,0.485077,0.514923,0.5,5.568e-05,0.007462,31,1.0,2.0,112.0,31.8289,63,7056,1.9793,221.6852,0.5,0.5
flow_8033,0x10001f61,06,ICMP,48,correlator,96.0,96.0,96.0,0.1735,0.4165,96.0,96.0,96.0,0.0,0.492455,0.507545,0.5,1.423e-05,0.003772,35,1.0,2.0,96.0,35.7668,71,6816,1.9851,190.568,0.5,0.5
flow_8045,0x10001f6d,06,ICMP,48,correlator,104.0,104.0,104.0,0.1189,0.3449,104.0,104.0,104.0,0.0,0.479154,0.520846,0.5,0.00010864,0.010423,15,1.0,2.0,104.0,15.9604,31,3224,1.9423,201.9994,0.5,0.5
flow_8057,0x10001f79,06,ICMP,48,correlator,112.0,112.0,112.0,0.2201,0.4692,112.0,112.0,112.0,0.0,0.485439,0.514561,0.5,5.301e-05,0.007281,20,1.0,2.0,112.0,20.8655,41,4592,1.965,220.0762,0.5,0.5
flow_8069,0x10001f85,06,ICMP,48,correlator,112.0,112.0,112.0,0.6114,0.7819,112.0,112.0,112.0,0.0,0.987521,1.012479,1.0,3.893e-05,0.006239,13,1.0,2.0,112.0,26.3747,26,2912,0.9858,110.409,0.5,0.5
flow_8081,0x10001f91,06,ICMP,48,correlator,96.0,96.0,96.0,0.3781,0.6149,96.0,96.0,96.0,0.0,0.988389,1.011611,1.0,3.371e-05,0.005806,6,1.0,2.0,96.0,12.8034,12,1152,0.9372,89.976,0.5,0.5
flow_8093,0x10001f9d,06,ICMP,48,correlator,96.0,96.0,96.0,0.1328,0.3644,96.0,96.0,96.0,0.0,0.975763,1.024237,1.0,0.00014686,0.012119,9,1.0,2.0,96.0,19.8518,19,1824,0.9571,91.8811,0.5,0.5
flow_8105,0x10001fa9,06,ICMP,48,correlator,104.0,104.0,104.0,0.5345,0.7311,104.0,104.0,104.0,0.0,0.488624,0.511376,0.5,3.235e-05,0.005688,20,1.0,2.0,104.0,20.7737,41,4264,1.9736,205.2595,0.5,0.5
flow_8117,0x10001fb5,06,ICMP,48,correlator,104.0,104.0,104.0,0.201,0.4483,104.0,104.0,104.0,0.0,0.987225,1.012775,1.0,4.08e-05,0.006388,5,1.0,2.0,104.0,11.5302,11,1144,0.954,99.2174,0.5,0.5
flow_8129,0x10001fc1,06,ICMP,48,correlator,96.0,96.0,96.0,0.1152,0.3394,96.0,96.0,96.0,0.0,0.481282,0.518718,0.5,8.759e-05,0.009359,36,1.0,2.0,96.0,36.126,72,6912,1.993,191.3301,0.5,0.5
flow_8141,0x10001fcd,06,ICMP,48,correlator,104.0,104.0,104.0,0.2852,0.534,104.0,104.0,104.0,0.0,0.992224,1.007776,1.0,1.512e-05,0.003888,16,1.0,2.0,104.0,33.8783,33,3432,0.9741,101.3038,0.5,0.5
flow_8153,0x10001fd9,06,ICMP,48,correlator,96.0,96.0,96.0,0.619,0.7868,96.0,96.0,96.0,0.0,0.490302,0.509698,0.5,2.351e-05,0.004849,33,1.0,2.0,96.0,33.2905,66,6336,1.9825,190.3246,0.5,0.5
flow_8165,0x10001fe5,06,ICMP,48,correlator,96.0,96.0,96.0,0.1761,0.4197,96.0,96.0,96.0,0.0,0.984292,1.015708,1.0,6.169e-05,0.007854,11,1.0,2.0,96.0,22.4474,22,2112,0.9801,94.0866,0.5,0.5
flow_8177,0x10001ff1,06,ICMP,48,correlator,104.0,104.0,104.0,0.1911,0.4371,104.0,104.0,104.0,0.0,0.474101,0.525899,0.5,0.0001677,0.01295,27,1.0,2.0,104.0,27.5419,55,5720,1.997,207.6833,0.5,0.5
flow_8189,0x10001ffd,06,ICMP,48,correlator,104.0,104.0,104.0,0.012,0.1096,104.0,104.0,104.0,0.0,0.479648,0.520352,0.5,0.00010355,0.010176,16,1.0,2.0,104.0,16.1672,32,3328,1.9793,205.8484,0.5,0.5
flow_8201,0x10002009,06,ICMP,48,correlator,104.0,104.0,104.0,0.3848,0.6204,104.0,104.0,104.0,0.0,0.487337,0.512663,0.5,4.009e-05,0.006332,12,1.0,2.0,104.0,12.4224,24,2496,1.932,200.9277,0.5,0.5
flow_8213,0x10002015,06,ICMP,48,correlator,112.0,112.0,112.0,0.0253,0.1592,112.0,112.0,112.0,0.0,0.989617,1.010383,1.0,2.695e-05,0.005191,19,1.0,2.0,112.0,38.1579,38,4256,0.9959,111.5366,0.5,0.5
flow_8225,0x10002021,06,ICMP,48,correlator,96.0,96.0,96.0,0.4036,0.6353,96.0,96.0,96.0,0.0,0.986412,1.013588,1.0,4.616e-05,0.006794,19,1.0,2.0,96.0,38.6367,38,3648,0.9835,94.4179,0.5,0.5
flow_8237,0x1000202d,06,ICMP,48,correlator,96.0,96.0,96.0,0.4695,0.6852,96.0,96.0,96.0,0.0,0.478443,0.521557,0.5,0.00011618,0.010779,38,1.0,2.0,96.0,38.0554,76,7296,1.9971,191.7205,0.5,0.5
flow_8249,0x10002039,06,ICMP,48,correlator,112.0,112.0,112.0,0.3643,0.6036,112.0,112.0,112.0,0.0,0.983429,1.016571,1.0,6.865e-05,0.008286,13,1.0,2.0,112.0,26.1514,26,2912,0.9942,111.3516,0.5,0.5
flow_8261,0x10002045,06,ICMP,48,correlator,104.0,104.0,104.0,0.3912,0.6254,104.0,104.0,104.0,0.0,0.982155,1.017845,1.0,7.961e-05,0.008923,11,1.0,2.0,104.0,23.6763,23,2392,0.9714,101.0292,0.5,0.5
flow_8273,0x10002051,06,ICMP,48,correlator,112.0,112.0,112.0,0.5627,0.7501,112.0,112.0,112.0,0.0,0.480782,0.519218,0.5,9.233e-05,0.009609,25,1.0,2.0,112.0,25.2587,50,5600,1.9795,221.7057,0.5,0.5
flow_8285,0x1000205d,06,ICMP,48,correlator,112.0,112.0,112.0,0.601,0.7752,112.0,112.0,112.0,0.0,0.980723,1.019277,1.0,9.291e-05,0.009639,18,1.0,2.0,112.0,37.2914,37,4144,0.9922,111.1249,0.5,0.5
flow_8297,0x10002069,06,ICMP,48,correlator,112.0,112.0,112.0,0.0644,0.2538,112.0,112.0,112.0,0.0,0.981569,1.018431,1.0,8.492e-05,0.009215,17,1.0,2.0,112.0,35.7426,35,3920,0.9792,109.6732,0.5,0.5
flow_8309,0x10002075,06,ICMP,48,correlator,112.0,112.0,112.0,0.0847,0.291,112.0,112.0,112.0,0.0,0.490222,0.509778,0.5,2.39e-05,0.004889,29,1.0,2.0,112.0,29.9841,59,6608,1.9677,220.3833,0.5,0.5
flow_8321,0x10002081,06,ICMP,48,correlator,96.0,96.0,96.0,0.2294,0.479,96.0,96.0,96.0,0.0,0.476907,0.523093,0.5,0.00013333,0.011547,37,1.0,2.0,96.0,37.8465,75,7200,1.9817,190.242,0.5,0.5
flow_8333,0x1000208d,06,ICMP,48,correlator,96.0,96.0,96.0,0.5303,0.7282,96.0,96.0,96.0,0.0,0.979112,1.020888,1.0,0.00010908,0.010444,5,1.0,2.0,96.0,11.2719,11,1056,0.9759,93.6844,0.5,0.5
flow_8345,0x10002099,06,ICMP,48,correlator,104.0,104.0,104.0,0.029,0.1702,104.0,104.0,104.0,0.0,0.977271,1.022729,1.0,0.00012915,0.011364,17,1.0,2.0,104.0,35.5301,35,3640,0.9851,102.4484,0.5,0.5
flow_8357,0x100020a5,06,ICMP,48,correlator,112.0,112.0,112.0,0.2931,0.5414,112.0,112.0,112.0,0.0,0.985793,1.014207,1.0,5.046e-05,0.007104,17,1.0,2.0,112.0,34.3364,34,3808,0.9902,110.9028,0.5,0.5
flow_8369,0x100020b1,06,ICMP,48,correlator,112.0,112.0,112.0,0.1219,0.3491,112.0,112.0,112.0,0.0,0.990591,1.009409,1.0,2.213e-05,0.004704,15,1.0,2.0,112.0,30.4085,30,3360,0.9866,110.4956,0.5,0.5
flow_8381,0x100020bd,06,ICMP,48,correlator,104.0,104.0,104.0,0.2173,0.4662,104.0,104.0,104.0,0.0,0.98079,1.01921,1.0,9.225e-05,0.009605,14,1.0,2.0,104.0,29.1224,29,3016,0.9958,103.5629,0.5,0.5
flow_8393,0x100020c9,06,ICMP,48,correlator,104.0,104.0,104.0,0.4164,0.6453,104.0,104.0,104.0,0.0,0.976825,1.023175,1.0,0.00013427,0.011588,12,1.0,2.0,104.0,25.418,25,2600,0.9836,102.2899,0.5,0.5
flow_8405,0x100020d5,06,ICMP,48,correlator,96.0,96.0,96.0,0.0765,0.2765,96.0,96.0,96.0,0.0,0.979171,1.020829,1.0,0.00010846,0.010414,13,1.0,2.0,96.0,27.9572,27,2592,0.9658,92.7132,0.5,0.5
flow_8417,0x100020e1,06,ICMP,48,correlator,96.0,96.0,96.0,0.2829,0.5318,96.0,96.0,96.0,0.0,0.976573,1.023427,1.0,0.0001372,0.011713,10,1.0,2.0,96.0,20.0275,20,1920,0.9986,95.8681,0.5,0.5
flow_8429,0x100020ed,06,ICMP,48,correlator,96.0,96.0,96.0,0.624,0.79,96.0,96.0,96.0,0.0,0.981413,1.018587,1.0,8.637e-05,0.009293,9,1.0,2.0,96.0,18.5968,18,1728,0.9679,92.9192,0.5,0.5
flow_8441,0x100020f9,06,ICMP,48,correlator,112.0,112.0,112.0,0.0158,0.1257,112.0,112.0,112.0,0.0,0.477866,0.522134,0.5,0.00012248,0.011067,21,1.0,2.0,112.0,21.8034,43,4816,1.9722,220.8826,0.5,0.5
flow_8453,0x10002105,06,ICMP,48,correlator,112.0,112.0,112.0,0.0358,0.1893,112.0,112.0,112.0,0.0,0.474409,0.525591,0.5,0.00016372,0.012795,17,1.0,2.0,112.0,17.5107,35,3920,1.9988,223.8633,0.5,0.5
flow_8465,0x10002111,06,ICMP,48,correlator,96.0,96.0,96.0,0.1453,0.3811,96.0,96.0,96.0,0.0,0.483494,0.516506,0.5,6.811e-05,0.008253,18,1.0,2.0,96.0,18.4477,36,3456,1.9515,187.3402,0.5,0.5
flow_8477,0x1000211d,06,ICMP,48,correlator,96.0,96.0,96.0,0.0711,0.2667,96.0,96.0,96.0,0.0,0.482837,0.517163,0.5,7.364e-05,0.008581,26,1.0,2.0,96.0,26.8664,53,5088,1.9727,189.3812,0.5,0.5
flow_8489,0x10002129,06,ICMP,48,correlator,112.0,112.0,112.0,0.2152,0.4639,112.0,112.0,112.0,0.0,0.974488,1.025512,1.0,0.00016271,0.012756,17,1.0,2.0,112.0,35.0995,35,3920,0.9972,111.6826,0.5,0.5
flow_8501,0x10002135,06,ICMP,48,correlator,96.0,96.0,96.0,0.1136,0.3371,96.0,96.0,96.0,0.0,0.989169,1.010831,1.0,2.933e-05,0.005416,8,1.0,2.0,96.0,16.1178,16,1536,0.9927,95.2985,0.5,0.5
flow_8513,0x10002141,06,ICMP,48,correlator,96.0,96.0,96.0,0.314,0.5604,96.0,96.0,96.0,0.0,0.472149,0.527851,0.5,0.00019391,0.013925,15,1.0,2.0,96.0,15.5114,31,2976,1.9985,191.8587,0.5,0.5
flow_8525,0x1000214d,06,ICMP,48,correlator,96.0,96.0,96.0,0.3738,0.6114,96.0,96.0,96.0,0.0,0.982774,1.017226,1.0,7.418e-05,0.008613,13,1.0,2.0,96.0,27.93,27,2592,0.9667,92.8033,0.5,0.5
flow_8537,0x10002159,06,ICMP,48,correlator,112.0,112.0,112.0,0.0285,0.1689,112.0,112.0,112.0,0.0,0.475195,0.524805,0.5,0.00015383,0.012403,34,1.0,2.0,112.0,34.6136,69,7728,1.9934,223.2646,0.5,0.5
flow_8549,0x10002165,06,ICMP,48,correlator,96.0,96.0,96.0,0.135,0.3674,96.0,96.0,96.0,0.0,0.488637,0.511363,0.5,3.228e-05,0.005682,20,1.0,2.0,96.0,20.8649,41,3936,1.965,188.642,0.5,0.5
flow_8561,0x10002171,06,ICMP,48,correlator,104.0,104.0,104.0,0.0285,0.169,104.0,104.0,104.0,0.0,0.97483,1.02517,1.0,0.00015838,0.012585,19,1.0,2.0,104.0,38.8289,38,3952,0.9787,101.7799,0.5,0.5
flow_8573,0x1000217d,06,ICMP,48,correlator,104.0,104.0,104.0,0.1575,0.3969,104.0,104.0,104.0,0.0,0.477974,0.522026,0.5,0.00012129,0.011013,24,1.0,2.0,104.0,24.2621,48,4992,1.9784,205.7527,0.5,0.5
flow_8585,0x10002189,06,ICMP,48,correlator,104.0,104.0,104.0,0.0223,0.1493,104.0,104.0,104.0,0.0,0.98577,1.01423,1.0,5.063e-05,0.007115,19,1.0,2.0,104.0,38.105,38,3952,0.9972,103.7133,0.5,0.5
flow_8597,0x10002195,06,ICMP,48,correlator,96.0,96.0,96.0,0.6227,0.7891,96.0,96.0,96.0,0.0,0.490334,0.509666,0.5,2.336e-05,0.004833,25,1.0,2.0,96.0,25.7349,51,4896,1.9817,190.2475,0.5,0.5
flow_8609,0x100021a1,06,ICMP,48,correlator,104.0,104.0,104.0,0.0543,0.233,104.0,104.0,104.0,0.0,0.99252,1.00748,1.0,1.399e-05,0.00374,16,1.0,2.0,104.0,33.6332,33,3432,0.9812,102.0419,0.5,0.5
flow_8621,0x100021ad,06,ICMP,48,correlator,112.0,112.0,112.0,0.493,0.7022,112.0,112.0,112.0,0.0,0.982992,1.017008,1.0,7.232e-05,0.008504,16,1.0,2.0,112.0,32.1359,32,3584,0.9958,111.5263,0.5,0.5
flow_8633,0x100021b9,06,ICMP,48,correlator,96.0,96.0,96.0,0.4858,0.697,96.0,96.0,96.0,0.0,0.486494,0.513506,0.5,4.56e-05,0.006753,38,1.0,2.0,96.0,38.5355,77,7392,1.9982,191.8232,0.5,0.5
flow_8645,0x100021c5,06,ICMP,48,correlator,112.0,112.0,112.0,0.5241,0.724,112.0,112.0,112.0,0.0,0.481383,0.518617,0.5,8.665e-05,0.009308,23,1.0,2.0,112.0,23.2344,46,5152,1.9798,221.7403,0.5,0.5
flow_8657,0x100021d1,06,ICMP,48,correlator,112.0,112.0,112.0,0.4973,0.7052,112.0,112.0,112.0,0.0,0.486131,0.513869,0.5,4.809e-05,0.006934,21,1.0,2.0,112.0,21.8432,43,4816,1.9686,220.4803,0.5,0.5
flow_8669,0x100021dd,06,ICMP,48,correlator,96.0,96.0,96.0,0.0417,0.2041,96.0,96.0,96.0,0.0,0.974561,1.025439,1.0,0.00016179,0.01272,14,1.0,2.0,96.0,29.7052,29,2784,0.9763,93.7208,0.5,0.5
flow_8681,0x100021e9,06,ICMP,48,correlator,104.0,104.0,104.0,0.2448,0.4947,104.0,104.0,104.0,0.0,0.982014,1.017986,1.0,8.087e-05,0.008993,11,1.0,2.0,104.0,23.817,23,2392,0.9657,100.4323,0.5,0.5
flow_8693,0x100021f5,06,ICMP,48,correlator,112.0,112.0,112.0,0.342,0.5848,112.0,112.0,112.0,0.0,0.486277,0.513723,0.5,4.708e-05,0.006861,11,1.0,2.0,112.0,11.5728,23,2576,1.9874,222.5905,0.5,0.5
flow_8705,0x10002201,06,ICMP,48,correlator,104.0,104.0,104.0,0.3966,0.6298,104.0,104.0,104.0,0.0,0.989826,1.010174,1.0,2.588e-05,0.005087,19,1.0,2.0,104.0,39.6433,39,4056,0.9838,102.3123,0.5,0.5
flow_8717,0x1000220d,06,ICMP,48,correlator,96.0,96.0,96.0,0.0608,0.2466,96.0,96.0,96.0,0.0,0.976872,1.023128,1.0,0.00013372,0.011564,11,1.0,2.0,96.0,23.3925,23,2208,0.9832,94.3894,0.5,0.5
flow_8729,0x10002219,06,ICMP,48,correlator,112.0,112.0,112.0,0.5724,0.7565,112.0,112.0,112.0,0.0,0.477619,0.522381,0.5,0.00012522,0.01119,29,1.0,2.0,112.0,29.9641,59,6608,1.969,220.5309,0.5,0.5
flow_8741,0x10002225,06,ICMP,48,correlator,104.0,104.0,104.0,0.0955,0.309,104.0,104.0,104.0,0.0,0.48408,0.51592,0.5,6.337e-05,0.00796,24,1.0,2.0,104.0,24.5669,49,5096,1.9946,207.4335,0.5,0.5
flow_8753,0x10002231,06,ICMP,48,correlator,104.0,104.0,104.0,0.0992,0.3149,104.0,104.0,104.0,0.0,0.974864,1.025136,1.0,0.00015796,0.012568,5,1.0,2.0,104.0,11.1426,11,1144,0.9872,102.669,0.5,0.5
flow_8765,0x1000223d,06,ICMP,48,correlator,96.0,96.0,96.0,0.2901,0.5386,96.0,96.0,96.0,0.0,0.483939,0.516061,0.5,6.449e-05,0.00803,24,1.0,2.0,96.0,24.4188,48,4608,1.9657,188.7068,0.5,0.5
flow_8777,0x10002249,06,ICMP,48,correlator,104.0,104.0,104.0,0.3386,0.5819,104.0,104.0,104.0,0.0,0.989345,1.010655,1.0,2.838e-05,0.005327,17,1.0,2.0,104.0,35.3789,35,3640,0.9893,102.8862,0.5,0.5
flow_8789,0x10002255,06,ICMP,48,correlator,112.0,112.0,112.0,0.2239,0.4732,112.0,112.0,112.0,0.0,0.981817,1.018183,1.0,8.265e-05,0.009091,5,1.0,2.0,112.0,11.8811,11,1232,0.9258,103.6937,0.5,0.5
flow_8801,0x10002261,06,ICMP,48,correlator,112.0,112.0,112.0,0.1758,0.4193,112.0,112.0,112.0,0.0,0.974118,1.025882,1.0,0.00016747,0.012941,7,1.0,2.0,112.0,15.9383,15,1680,0.9411,105.4067,0.5,0.5
flow_8813,0x1000226d,06,ICMP,48,correlator,104.0,104.0,104.0,0.0442,0.2102,104.0,104.0,104.0,0.0,0.487471,0.512529,0.5,3.924e-05,0.006264,31,1.0,2.0,104.0,31.3754,62,6448,1.9761,205.5113,0.5,0.5
flow_8825,0x10002279,06,ICMP,48,correlator,112.0,112.0,112.0,0.0528,0.2297,112.0,112.0,112.0,0.0,0.984441,1.015559,1.0,6.052e-05,0.00778,13,1.0,2.0,112.0,26.6049,26,2912,0.9773,109.4537,0.5,0.5
flow_8837,0x10002285,06,ICMP,48,correlator,112.0,112.0,112.0,0.0956,0.3091,112.0,112.0,112.0,0.0,0.982755,1.017245,1.0,7.435e-05,0.008622,9,1.0,2.0,112.0,19.6331,19,2128,0.9678,108.3881,0.5,0.5
flow_8849,0x10002291,06,ICMP,48,correlator,112.0,112.0,112.0,0.0527,0.2295,112.0,112.0,112.0,0.0,0.485246,0.514754,0.5,5.442e-05,0.007377,30,1.0,2.0,112.0,30.0757,60,6720,1.995,223.4359,0.5,0.5
flow_8861,0x1000229d,06,ICMP,48,correlator,112.0,112.0,112.0,0.1685,0.4105,112.0,112.0,112.0,0.0,0.489738,0.510262,0.5,2.633e-05,0.005131,30,1.0,2.0,112.0,30.0888,60,6720,1.9941,223.3389,0.5,0.5
flow_8873,0x100022a9,06,ICMP,48,correlator,96.0,96.0,96.0,0.1932,0.4396,96.0,96.0,96.0,0.0,0.479394,0.520606,0.5,0.00010615,0.010303,39,1.0,2.0,96.0,39.6611,79,7584,1.9919,191.2203,0.5,0.5
flow_8885,0x100022b5,06,ICMP,48,correlator,112.0,112.0,112.0,0.5769,0.7595,112.0,112.0,112.0,0.0,0.980102,1.019898,1.0,9.899e-05,0.009949,11,1.0,2.0,112.0,23.1828,23,2576,0.9921,111.1167,0.5,0.5
flow_8897,0x100022c1,06,ICMP,48,correlator,104.0,104.0,104.0,0.0287,0.1695,104.0,104.0,104.0,0.0,0.480416,0.519584,0.5,9.588e-05,0.009792,14,1.0,2.0,104.0,14.6393,29,3016,1.981,206.0202,0.5,0.5
flow_8909,0x100022cd,06,ICMP,48,correlator,112.0,112.0,112.0,0.0273,0.1653,112.0,112.0,112.0,0.0,0.976807,1.023193,1.0,0.00013448,0.011596,16,1.0,2.0,112.0,33.6012,33,3696,0.9821,109.996,0.5,0.5
flow_8921,0x100022d9,06,ICMP,48,correlator,104.0,104.0,104.0,0.139,0.3728,104.0,104.0,104.0,0.0,0.987491,1.012509,1.0,3.912e-05,0.006255,13,1.0,2.0,104.0,27.0903,27,2808,0.9967,103.6533,0.5,0.5
flow_8933,0x100022e5,06,ICMP,48,correlator,112.0,112.0,112.0,0.2228,0.472,112.0,112.0,112.0,0.0,0.975065,1.024935,1.0,0.00015544,0.012468,7,1.0,2.0,112.0,14.8535,14,1568,0.9425,105.5645,0.5,0.5
flow_8945,0x100022f1,06,ICMP,48,correlator,112.0,112.0,112.0,0.5859,0.7654,112.0,112.0,112.0,0.0,0.475434,0.524566,0.5,0.00015087,0.012283,27,1.0,2.0,112.0,27.719,55,6160,1.9842,222.2302,0.5,0.5
flow_8957,0x100022fd,06,ICMP,48,correlator,104.0,104.0,104.0,0.198,0.445,104.0,104.0,104.0,0.0,0.488222,0.511778,0.5,3.468e-05,0.005889,31,1.0,2.0,104.0,31.5864,63,6552,1.9945,207.4309,0.5,0.5
flow_8969,0x10002309,06,ICMP,48,correlator,96.0,96.0,96.0,0.5155,0.718,96.0,96.0,96.0,0.0,0.488311,0.511689,0.5,3.416e-05,0.005845,23,1.0,2.0,96.0,23.2296,46,4416,1.9802,190.102,0.5,0.5
flow_8981,0x10002315,06,ICMP,48,correlator,96.0,96.0,96.0,0.1147,0.3386,96.0,96.0,96.0,0.0,0.487782,0.512218,0.5,3.732e-05,0.006109,18,1.0,2.0,96.0,18.3309,36,3456,1.9639,188.5337,0.5,0.5
flow_8993,0x10002321,06,ICMP,48,correlator,96.0,96.0,96.0,0.3866,0.6218,96.0,96.0,96.0,0.0,0.476984,0.523016,0.5,0.00013244,0.011508,18,1.0,2.0,96.0,18.487,36,3456,1.9473,186.9423,0.5,0.5
flow_9005,0x1000232d,06,ICMP,48,correlator,96.0,96.0,96.0,0.055,0.2346,96.0,96.0,96.0,0.0,0.478807,0.521193,0.5,0.00011229,0.010597,23,1.0,2.0,96.0,23.7084,47,4512,1.9824,190.3123,0.5,0.5
flow_9017,0x10002339,06,ICMP,48,correlator,112.0,112.0,112.0,0.1779,0.4218,112.0,112.0,112.0,0.0,0.988069,1.011931,1.0,3.559e-05,0.005966,11,1.0,2.0,112.0,22.0377,22,2464,0.9983,111.8082,0.5,0.5
flow_9029,0x10002345,06,ICMP,48,correlator,104.0,104.0,104.0,0.097,0.3114,104.0,104.0,104.0,0.0,0.987755,1.012245,1.0,3.749e-05,0.006123,19,1.0,2.0,104.0,39.8237,39,4056,0.9793,101.8488,0.5,0.5
flow_9041,0x10002351,06,ICMP,48,correlator,112.0,112.0,112.0,0.3272,0.572,112.0,112.0,112.0,0.0,0.991098,1.008902,1.0,1.981e-05,0.004451,19,1.0,2.0,112.0,38.635,38,4256,0.9836,110.1593,0.5,0.5
flow_9053,0x1000235d,06,ICMP,48,correlator,96.0,96.0,96.0,0.112,0.3346,96.0,96.0,96.0,0.0,0.977126,1.022874,1.0,0.0001308,0.011437,18,1.0,2.0,96.0,37.6116,37,3552,0.9837,94.4389,0.5,0.5
flow_9065,0x10002369,06,ICMP,48,correlator,104.0,104.0,104.0,0.1986,0.4456,104.0,104.0,104.0,0.0,0.48396,0.51604,0.5,6.432e-05,0.00802,29,1.0,2.0,104.0,29.7549,59,6136,1.9829,206.2182,0.5,0.5
flow_9077,0x10002375,06,ICMP,48,correlator,104.0,104.0,104.0,0.0344,0.1854,104.0,104.0,104.0,0.0,0.491553,0.508447,0.5,1.784e-05,0.004224,21,1.0,2.0,104.0,21.632,43,4472,1.9878,206.7304,0.5,0.5
flow_9089,0x10002381,06,ICMP,48,correlator,112.0,112.0,112.0,0.1732,0.4162,112.0,112.0,112.0,0.0,0.988992,1.011008,1.0,3.029e-05,0.005504,19,1.0,2.0,112.0,39.2202,39,4368,0.9944,111.3712,0.5,0.5
flow_9101,0x1000238d,06,ICMP,48,correlator,96.0,96.0,96.0,0.0455,0.2132,96.0,96.0,96.0,0.0,0.978773,1.021227,1.0,0.00011264,0.010613,8,1.0,2.0,96.0,17.7964,17,1632,0.9552,91.7039,0.5,0.5
flow_9113,0x10002399,06,ICMP,48,correlator,112.0,112.0,112.0,0.1591,0.3989,112.0,112.0,112.0,0.0,0.480126,0.519874,0.5,9.874e-05,0.009937,10,1.0,2.0,112.0,10.2365,20,2240,1.9538,218.8252,0.5,0.5
flow_9125,0x100023a5,06,ICMP,48,correlator,96.0,96.0,96.0,0.1688,0.4109,96.0,96.0,96.0,0.0,0.475938,0.524062,0.5,0.00014474,0.012031,12,1.0,2.0,96.0,12.6094,25,2400,1.9826,190.3343,0.5,0.5
flow_9137,0x100023b1,06,ICMP,48,correlator,96.0,96.0,96.0,0.258,0.508,96.0,96.0,96.0,0.0,0.490132,0.509868,0.5,2.434e-05,0.004934,31,1.0,2.0,96.0,31.9663,63,6048,1.9708,189.1993,0.5,0.5
flow_9149,0x100023bd,06,ICMP,48,correlator,112.0,112.0,112.0,0.4872,0.698,112.0,112.0,112.0,0.0,0.489546,0.510454,0.5,2.732e-05,0.005227,30,1.0,2.0,112.0,30.1368,60,6720,1.9909,222.983,0.5,0.5
flow_9161,0x100023c9,06,ICMP,48,correlator,112.0,112.0,112.0,0.2688,0.5184,112.0,112.0,112.0,0.0,0.989965,1.010035,1.0,2.518e-05,0.005017,17,1.0,2.0,112.0,35.2025,35,3920,0.9942,111.3558,0.5,0.5
flow_9173,0x100023d5,06,ICMP,48,correlator,104.0,104.0,104.0,0.0772,0.2778,104.0,104.0,104.0,0.0,0.981041,1.018959,1.0,8.986e-05,0.009479,19,1.0,2.0,104.0,39.2682,39,4056,0.9932,103.2896,0.5,0.5
flow_9185,0x100023e1,06,ICMP,48,correlator,104.0,104.0,104.0,0.1689,0.4109,104.0,104.0,104.0,0.0,0.977282,1.022718,1.0,0.00012902,0.011359,12,1.0,2.0,104.0,24.3878,24,2496,0.9841,102.3461,0.5,0.5
flow_9197,0x100023ed,06,ICMP,48,correlator,104.0,104.0,104.0,0.192,0.4382,104.0,104.0,104.0,0.0,0.991038,1.008962,1.0,2.008e-05,0.004481,13,1.0,2.0,104.0,27.3521,27,2808,0.9871,102.6612,0.5,0.5
flow_9209,0x100023f9,06,ICMP,48,correlator,112.0,112.0,112.0,0.3648,0.604,112.0,112.0,112.0,0.0,0.484898,0.515102,0.5,5.702e-05,0.007551,11,1.0,2.0,112.0,11.9766,23,2576,1.9204,215.0859,0.5,0.5
flow_9221,0x10002405,06,ICMP,48,correlator,96.0,96.0,96.0,0.0304,0.1743,96.0,96.0,96.0,0.0,0.485601,0.514399,0.5,5.183e-05,0.0072,21,1.0,2.0,96.0,21.8302,43,4128,1.9697,189.0958,0.5,0.5
flow_9233,0x10002411,06,ICMP,48,correlator,96.0,96.0,96.0,0.4453,0.6673,96.0,96.0,96.0,0.0,0.974374,1.025626,1.0,0.00016417,0.012813,14,1.0,2.0,96.0,28.3748,28,2688,0.9868,94.7319,0.5,0.5
flow_9245,0x1000241d,06,ICMP,48,correlator,112.0,112.0,112.0,0.3396,0.5828,112.0,112.0,112.0,0.0,0.9892,1.0108,1.0,2.916e-05,0.0054,9,1.0,2.0,112.0,18.3549,18,2016,0.9807,109.8347,0.5,0.5
flow_9257,0x10002429,06,ICMP,48,correlator,112.0,112.0,112.0,0.5748,0.7581,112.0,112.0,112.0,0.0,0.475856,0.524144,0.5,0.00014573,0.012072,35,1.0,2.0,112.0,35.7769,71,7952,1.9845,222.2666,0.5,0.5
flow_9269,0x10002435,06,ICMP,48,correlator,112.0,112.0,112.0,0.305,0.5522,112.0,112.0,112.0,0.0,0.975801,1.024199,1.0,0.0001464,0.0121,12,1.0,2.0,112.0,24.4568,24,2688,0.9813,109.9083,0.5,0.5
flow_9281,0x10002441,06,ICMP,48,correlator,104.0,104.0,104.0,0.4855,0.6968,104.0,104.0,104.0,0.0,0.482935,0.517065,0.5,7.28e-05,0.008532,39,1.0,2.0,104.0,39.5309,79,8216,1.9984,207.8373,0.5,0.5
flow_9293,0x1000244d,06,ICMP,48,correlator,104.0,104.0,104.0,0.6242,0.7901,104.0,104.0,104.0,0.0,0.483101,0.516899,0.5,7.14e-05,0.00845,21,1.0,2.0,104.0,21.743,43,4472,1.9776,205.6752,0.5,0.5
flow_9305,0x10002459,06,ICMP,48,correlator,112.0,112.0,112.0,0.1979,0.4449,112.0,112.0,112.0,0.0,0.489481,0.510519,0.5,2.766e-05,0.005259,28,1.0,2.0,112.0,28.4915,56,6272,1.9655,220.1355,0.5,0.5
flow_9317,0x10002465,06,ICMP,48,correlator,104.0,104.0,104.0,0.0449,0.2118,104.0,104.0,104.0,0.0,0.477317,0.522683,0.5,0.00012863,0.011342,27,1.0,2.0,104.0,27.0958,54,5616,1.9929,207.2646,0.5,0.5
flow_9329,0x10002471,06,ICMP,48,correlator,112.0,112.0,112.0,0.0817,0.2858,112.0,112.0,112.0,0.0,0.972369,1.027631,1.0,0.00019087,0.013816,11,1.0,2.0,112.0,22.1507,22,2464,0.9932,111.238,0.5,0.5
flow_9341,0x1000247d,06,ICMP,48,correlator,96.0,96.0,96.0,0.0451,0.2124,96.0,96.0,96.0,0.0,0.990177,1.009823,1.0,2.412e-05,0.004912,11,1.0,2.0,96.0,22.7726,22,2112,0.9661,92.7432,0.5,0.5
flow_9353,0x10002489,06,ICMP,48,correlator,112.0,112.0,112.0,0.1333,0.3651,112.0,112.0,112.0,0.0,0.971769,1.028231,1.0,0.00019924,0.014115,15,1.0,2.0,112.0,30.0731,30,3360,0.9976,111.7276,0.5,0.5
flow_9365,0x10002495,06,ICMP,48,correlator,104.0,104.0,104.0,0.3241,0.5693,104.0,104.0,104.0,0.0,0.475953,0.524047,0.5,0.00014456,0.012023,15,1.0,2.0,104.0,15.6163,31,3224,1.9851,206.4516,0.5,0.5
flow_9377,0x100024a1,06,ICMP,48,correlator,104.0,104.0,104.0,0.2359,0.4857,104.0,104.0,104.0,0.0,0.972531,1.027469,1.0,0.00018864,0.013735,8,1.0,2.0,104.0,17.6278,17,1768,0.9644,100.2961,0.5,0.5
flow_9389,0x100024ad,06,ICMP,48,correlator,96.0,96.0,96.0,0.2041,0.4517,96.0,96.0,96.0,0.0,0.486423,0.513577,0.5,4.608e-05,0.006788,20,1.0,2.0,96.0,20.2149,40,3840,1.9787,189.959,0.5,0.5
flow_9401,0x100024b9,06,ICMP,48,correlator,112.0,112.0,112.0,0.1979,0.4448,112.0,112.0,112.0,0.0,0.979431,1.020569,1.0,0.00010577,0.010284,12,1.0,2.0,112.0,25.8015,25,2800,0.9689,108.5209,0.5,0.5
flow_9413,0x100024c5,06,ICMP,48,correlator,96.0,96.0,96.0,0.0878,0.2964,96.0,96.0,96.0,0.0,0.473704,0.526296,0.5,0.00017288,0.013148,27,1.0,2.0,96.0,27.7193,55,5280,1.9842,190.4812,0.5,0.5
flow_9425,0x100024d1,06,ICMP,48,correlator,96.0,96.0,96.0,0.1543,0.3929,96.0,96.0,96.0,0.0,0.489522,0.510478,0.5,2.745e-05,0.005239,18,1.0,2.0,96.0,18.711,37,3552,1.9774,189.8345,0.5,0.5
flow_9437,0x100024dd,06,ICMP,48,correlator,104.0,104.0,104.0,0.0937,0.3061,104.0,104.0,104.0,0.0,0.979865,1.020135,1.0,0.00010136,0.010068,19,1.0,2.0,104.0,38.9343,38,3952,0.976,101.5043,0.5,0.5
flow_9449,0x100024e9,06,ICMP,48,correlator,112.0,112.0,112.0,0.0136,0.1167,112.0,112.0,112.0,0.0,0.988453,1.011547,1.0,3.333e-05,0.005774,18,1.0,2.0,112.0,36.5403,36,4032,0.9852,110.3439,0.5,0.5
flow_9461,0x100024f5,06,ICMP,48,correlator,104.0,104.0,104.0,0.3998,0.6323,104.0,104.0,104.0,0.0,0.979382,1.020618,1.0,0.00010628,0.010309,8,1.0,2.0,104.0,17.3941,17,1768,0.9773,101.6437,0.5,0.5
flow_9473,0x10002501,06,ICMP,48,correlator,112.0,112.0,112.0,0.1803,0.4246,112.0,112.0,112.0,0.0,0.480392,0.519608,0.5,9.612e-05,0.009804,18,1.0,2.0,112.0,18.3918,36,4032,1.9574,219.2276,0.5,0.5
flow_9485,0x1000250d,06,ICMP,48,correlator,112.0,112.0,112.0,0.0858,0.2929,112.0,112.0,112.0,0.0,0.974936,1.025064,1.0,0.00015706,0.012532,8,1.0,2.0,112.0,17.7827,17,1904,0.956,107.0705,0.5,0.5
flow_9497,0x10002519,06,ICMP,48,correlator,104.0,104.0,104.0,0.018,0.1342,104.0,104.0,104.0,0.0,0.989118,1.010882,1.0,2.961e-05,0.005441,8,1.0,2.0,104.0,17.0292,17,1768,0.9983,103.8219,0.5,0.5
flow_9509,0x10002525,06,ICMP,48,correlator,96.0,96.0,96.0,0.2274,0.4769,96.0,96.0,96.0,0.0,0.48643,0.51357,0.5,4.604e-05,0.006785,19,1.0,2.0,96.0,19.3899,38,3648,1.9598,188.139,0.5,0.5
flow_9521,0x10002531,06,ICMP,48,correlator,104.0,104.0,104.0,0.1361,0.3689,104.0,104.0,104.0,0.0,0.976682,1.023318,1.0,0.00013593,0.011659,14,1.0,2.0,104.0,28.196,28,2912,0.993,103.277,0.5,0.5
flow_9533,0x1000253d,06,ICMP,48,correlator,96.0,96.0,96.0,0.5772,0.7598,96.0,96.0,96.0,0.0,0.482614,0.517386,0.5,7.557e-05,0.008693,20,1.0,2.0,96.0,20.8826,41,3936,1.9634,188.4826,0.5,0.5
flow_9545,0x10002549,06,ICMP,48,correlator,96.0,96.0,96.0,0.1964,0.4432,96.0,96.0,96.0,0.0,0.97522,1.02478,1.0,0.00015351,0.01239,7,1.0,2.0,96.0,15.9087,15,1440,0.9429,90.5168,0.5,0.5
flow_9557,0x10002555,06,ICMP,48,correlator,96.0,96.0,96.0,0.1439,0.3793,96.0,96.0,96.0,0.0,0.487354,0.512646,0.5,3.998e-05,0.006323,25,1.0,2.0,96.0,25.2935,50,4800,1.9768,189.7718,0.5,0.5
flow_9569,0x10002561,06,ICMP,48,correlator,112.0,112.0,112.0,0.0697,0.264,112.0,112.0,112.0,0.0,0.482091,0.517909,0.5,8.018e-05,0.008954,27,1.0,2.0,112.0,27.0637,54,6048,1.9953,223.4727,0.5,0.5
flow_9581,0x1000256d,06,ICMP,48,correlator,96.0,96.0,96.0,0.2227,0.4719,96.0,96.0,96.0,0.0,0.487516,0.512484,0.5,3.896e-05,0.006242,26,1.0,2.0,96.0,26.3147,52,4992,1.9761,189.7039,0.5,0.5
flow_9593,0x10002579,06,ICMP,48,correlator,112.0,112.0,112.0,0.1074,0.3277,112.0,112.0,112.0,0.0,0.980571,1.019429,1.0,9.438e-05,0.009715,11,1.0,2.0,112.0,22.0699,22,2464,0.9968,111.6451,0.5,0.5
flow_9605,0x10002585,06,ICMP,48,correlator,104.0,104.0,104.0,0.2976,0.5455,104.0,104.0,104.0,0.0,0.976538,1.023462,1.0,0.00013761,0.011731,6,1.0,2.0,104.0,12.8398,12,1248,0.9346,97.1975,0.5,0.5
flow_9617,0x10002591,06,ICMP,48,correlator,112.0,112.0,112.0,0.0388,0.1971,112.0,112.0,112.0,0.0,0.975581,1.024419,1.0,0.00014908,0.01221,7,1.0,2.0,112.0,15.3323,15,1680,0.9783,109.5724,0.5,0.5
flow_9629,0x1000259d,06,ICMP,48,correlator,104.0,104.0,104.0,0.5518,0.7428,104.0,104.0,104.0,0.0,0.991462,1.008538,1.0,1.822e-05,0.004269,14,1.0,2.0,104.0,29.5172,29,3016,0.9825,102.1779,0.5,0.5
flow_9641,0x100025a9,06,ICMP,48,correlator,112.0,112.0,112.0,0.049,0.2213,112.0,112.0,112.0,0.0,0.479333,0.520667,0.5,0.00010678,0.010334,39,1.0,2.0,112.0,39.3207,78,8736,1.9837,222.173,0.5,0.5
flow_9653,0x100025b5,06,ICMP,48,correlator,112.0,112.0,112.0,0.5937,0.7705,112.0,112.0,112.0,0.0,0.489819,0.510181,0.5,2.591e-05,0.00509,29,1.0,2.0,112.0,29.9874,59,6608,1.9675,220.3591,0.5,0.5
flow_9665,0x100025c1,06,ICMP,48,correlator,96.0,96.0,96.0,0.0248,0.1576,96.0,96.0,96.0,0.0,0.987046,1.012954,1.0,4.195e-05,0.006477,16,1.0,2.0,96.0,33.8008,33,3168,0.9763,93.7257,0.5,0.5
flow_9677,0x100025cd,06,ICMP,48,correlator,104.0,104.0,104.0,0.0287,0.1693,104.0,104.0,104.0,0.0,0.978087,1.021913,1.0,0.00012004,0.010956,16,1.0,2.0,104.0,32.2924,32,3328,0.9909,103.0582,0.5,0.5
flow_9689,0x100025d9,06,ICMP,48,correlator,112.0,112.0,112.0,0.3513,0.5927,112.0,112.0,112.0,0.0,0.974006,1.025994,1.0,0.00016892,0.012997,6,1.0,2.0,112.0,13.784,13,1456,0.9431,105.6296,0.5,0.5
flow_9701,0x100025e5,06,ICMP,48,correlator,112.0,112.0,112.0,0.0438,0.2094,112.0,112.0,112.0,0.0,0.974196,1.025804,1.0,0.00016646,0.012902,11,1.0,2.0,112.0,23.8666,23,2576,0.9637,107.9335,0.5,0.5
flow_9713,0x100025f1,06,ICMP,48,correlator,104.0,104.0,104.0,0.0702,0.265,104.0,104.0,104.0,0.0,0.981025,1.018975,1.0,9.001e-05,0.009488,5,1.0,2.0,104.0,10.0212,10,1040,0.9979,103.7802,0.5,0.5
flow_9725,0x100025fd,06,ICMP,48,correlator,112.0,112.0,112.0,0.1553,0.394,112.0,112.0,112.0,0.0,0.48986,0.51014,0.5,2.57e-05,0.00507,39,1.0,2.0,112.0,39.8811,79,8848,1.9809,221.8597,0.5,0.5
flow_9737,0x10002609,06,ICMP,48,correlator,112.0,112.0,112.0,0.2668,0.5166,112.0,112.0,112.0,0.0,0.477685,0.522315,0.5,0.00012449,0.011157,33,1.0,2.0,112.0,33.8413,67,7504,1.9798,221.7409,0.5,0.5
flow_9749,0x10002615,06,ICMP,48,correlator,104.0,104.0,104.0,0.0153,0.1235,104.0,104.0,104.0,0.0,0.479396,0.520604,0.5,0.00010613,0.010302,37,1.0,2.0,104.0,37.312,74,7696,1.9833,206.2605,0.5,0.5
flow_9761,0x10002621,06,ICMP,48,correlator,96.0,96.0,96.0,0.2526,0.5026,96.0,96.0,96.0,0.0,0.980595,1.019405,1.0,9.414e-05,0.009702,17,1.0,2.0,96.0,35.2331,35,3360,0.9934,95.3649,0.5,0.5
flow_9773,0x1000262d,06,ICMP,48,correlator,112.0,112.0,112.0,0.4028,0.6347,112.0,112.0,112.0,0.0,0.478676,0.521324,0.5,0.00011368,0.010662,24,1.0,2.0,112.0,24.8848,49,5488,1.9691,220.5359,0.5,0.5
flow_9785,0x10002639,06,ICMP,48,correlator,96.0,96.0,96.0,0.3868,0.6219,96.0,96.0,96.0,0.0,0.988309,1.011691,1.0,3.417e-05,0.005846,16,1.0,2.0,96.0,33.7942,33,3168,0.9765,93.744,0.5,0.5
flow_9797,0x10002645,06,ICMP,48,correlator,96.0,96.0,96.0,0.0441,0.2099,96.0,96.0,96.0,0.0,0.990222,1.009778,1.0,2.39e-05,0.004889,9,1.0,2.0,96.0,18.9302,18,1728,0.9509,91.2829,0.5,0.5
flow_9809,0x10002651,06,ICMP,48,correlator,112.0,112.0,112.0,0.5862,0.7657,112.0,112.0,112.0,0.0,0.476812,0.523188,0.5,0.00013442,0.011594,21,1.0,2.0,112.0,21.5555,43,4816,1.9948,223.4232,0.5,0.5
flow_9821,0x1000265d,06,ICMP,48,correlator,112.0,112.0,112.0,0.297,0.545,112.0,112.0,112.0,0.0,0.976086,1.023914,1.0,0.00014297,0.011957,13,1.0,2.0,112.0,26.2812,26,2912,0.9893,110.8016,0.5,0.5
flow_9833,0x10002669,06,ICMP,48,correlator,112.0,112.0,112.0,0.1548,0.3935,112.0,112.0,112.0,0.0,0.474206,0.525794,0.5,0.00016633,0.012897,30,1.0,2.0,112.0,30.6279,61,6832,1.9916,223.0647,0.5,0.5
flow_9845,0x10002675,06,ICMP,48,correlator,112.0,112.0,112.0,0.1889,0.4346,112.0,112.0,112.0,0.0,0.490462,0.509538,0.5,2.274e-05,0.004769,33,1.0,2.0,112.0,33.4464,66,7392,1.9733,221.0105,0.5,0.5
flow_9857,0x10002681,06,ICMP,48,correlator,112.0,112.0,112.0,0.3203,0.5659,112.0,112.0,112.0,0.0,0.976935,1.023065,1.0,0.00013299,0.011532,15,1.0,2.0,112.0,31.7874,31,3472,0.9752,109.2258,0.5,0.5
flow_9869,0x1000268d,06,ICMP,48,correlator,112.0,112.0,112.0,0.3777,0.6145,112.0,112.0,112.0,0.0,0.491268,0.508732,0.5,1.906e-05,0.004366,13,1.0,2.0,112.0,13.7904,27,3024,1.9579,219.2829,0.5,0.5
flow_9881,0x10002699,06,ICMP,48,correlator,104.0,104.0,104.0,0.053,0.2301,104.0,104.0,104.0,0.0,0.490079,0.509921,0.5,2.46e-05,0.00496,39,1.0,2.0,104.0,39.4521,78,8112,1.9771,205.6164,0.5,0.5
flow_9893,0x100026a5,06,ICMP,48,correlator,96.0,96.0,96.0,0.3862,0.6214,96.0,96.0,96.0,0.0,0.479053,0.520947,0.5,0.00010969,0.010473,19,1.0,2.0,96.0,19.783,39,3744,1.9714,189.2533,0.5,0.5
flow_9905,0x100026b1,06,ICMP,48,correlator,96.0,96.0,96.0,0.4925,0.7018,96.0,96.0,96.0,0.0,0.482957,0.517043,0.5,7.262e-05,0.008522,37,1.0,2.0,96.0,37.9757,75,7200,1.9749,189.595,0.5,0.5
flow_9917,0x100026bd,06,ICMP,48,correlator,112.0,112.0,112.0,0.2061,0.454,112.0,112.0,112.0,0.0,0.489858,0.510142,0.5,2.571e-05,0.005071,30,1.0,2.0,112.0,30.5622,61,6832,1.9959,223.5438,0.5,0.5
flow_9929,0x100026c9,06,ICMP,48,correlator,104.0,104.0,104.0,0.4569,0.6759,104.0,104.0,104.0,0.0,0.972739,1.027261,1.0,0.00018578,0.01363,15,1.0,2.0,104.0,30.1681,30,3120,0.9944,103.4204,0.5,0.5
flow_9941,0x100026d5,06,ICMP,48,correlator,96.0,96.0,96.0,0.1166,0.3415,96.0,96.0,96.0,0.0,0.974372,1.025628,1.0,0.0001642,0.012814,17,1.0,2.0,96.0,35.5947,35,3360,0.9833,94.3961,0.5,0.5
flow_9953,0x100026e1,06,ICMP,48,correlator,112.0,112.0,112.0,0.0407,0.2017,112.0,112.0,112.0,0.0,0.490411,0.509589,0.5,2.299e-05,0.004795,29,1.0,2.0,112.0,29.2521,58,6496,1.9828,222.0699,0.5,0.5
flow_9965,0x100026ed,06,ICMP,48,correlator,104.0,104.0,104.0,0.066,0.257,104.0,104.0,104.0,0.0,0.987616,1.012384,1.0,3.834e-05,0.006192,8,1.0,2.0,104.0,17.3934,17,1768,0.9774,101.648,0.5,0.5
flow_9977,0x100026f9,06,ICMP,48,correlator,104.0,104.0,104.0,0.1587,0.3984,104.0,104.0,104.0,0.0,0.49077,0.50923,0.5,2.13e-05,0.004615,27,1.0,2.0,104.0,27.8988,55,5720,1.9714,205.0269,0.5,0.5
flow_9989,0x10002705,06,ICMP,48,correlator,112.0,112.0,112.0,0.1,0.3163,112.0,112.0,112.0,0.0,0.484531,0.515469,0.5,5.982e-05,0.007734,36,1.0,2.0,112.0,36.104,72,8064,1.9942,223.355,0.5,0.5
