flow_id,spi,scenario_id,traffic_type,dscp_label,label_source,pkt_len_min,pkt_len_max,pkt_len_mean,pkt_len_var,pkt_len_std,pkt_len_median,pkt_len_q25,pkt_len_q75,pkt_len_iqr,iat_min,iat_max,iat_mean,iat_var,iat_std,burst_count,burst_len_mean,burst_len_max,burst_bytes_mean,flow_duration_s,total_packets,total_bytes,packet_rate_pps,byte_rate_bps,forward_packet_ratio,forward_byte_ratio
flow_0003,0x10000003,04,VoIP,46,correlator,116.2957,185.0269,151.5331,153.7327,12.3989,151.6007,142.8539,160.2124,17.3585,0.012949,0.033979,0.021361,1.769e-05,0.004206,122,3.3767,7.8437,511.6891,34.0911,1595,241695,46.7864,7089.6763,0.4784,0.463
flow_0015,0x1000000f,04,VoIP,46,correlator,114.3269,199.7694,145.6136,294.2086,17.1525,144.7603,133.6068,157.6203,24.0135,0.014262,0.03214,0.021413,1.279e-05,0.003576,280,2.3274,9.1471,338.9057,37.0362,1729,251765,46.684,6797.7999,0.5178,0.5071
flow_0027,0x1000001b,04,VoIP,46,correlator,88.3915,117.5465,101.6421,57.5798,7.5881,102.1722,96.3304,106.9538,10.6234,0.025037,0.036751,0.029722,5.49e-06,0.002343,158,4.7319,8.2813,480.9618,36.7404,1236,125629,33.6414,3419.3681,0.4722,0.4524
flow_0039,0x10000027,04,VoIP,46,correlator,188.3417,232.4368,207.8238,116.377,10.7878,207.7558,200.2723,215.3753,15.1029,0.012212,0.031267,0.019834,1.452e-05,0.003811,106,3.8611,7.3875,802.4229,31.4495,1585,329400,50.3983,10473.9405,0.5157,0.5318
flow_0051,0x10000033,04,VoIP,46,correlator,116.1274,194.4204,149.6656,407.7663,20.1932,149.7646,135.5303,163.8008,28.2705,0.024488,0.042169,0.03156,1.251e-05,0.003536,34,4.5665,6.2713,683.444,14.0215,444,66451,31.6656,4739.2189,0.5251,0.5233
flow_0063,0x1000003f,04,VoIP,46,correlator,132.5079,197.3539,161.234,142.4454,11.935,160.367,152.8795,169.5885,16.7091,0.012578,0.035293,0.021664,2.064e-05,0.004543,120,3.5892,7.6828,578.7071,27.1535,1253,202026,46.1451,7440.1523,0.4961,0.4813
flow_0075,0x1000004b,04,VoIP,46,correlator,189.8181,231.4106,209.9827,139.7773,11.8227,210.9563,201.7067,218.2586,16.5518,0.022805,0.04068,0.029955,1.278e-05,0.003575,122,4.0168,6.7667,843.4569,23.7167,791,166096,33.352,7003.3216,0.5172,0.5305
flow_0087,0x10000057,04,VoIP,46,correlator,182.3231,217.9475,197.3693,130.9503,11.4434,197.733,189.359,205.3797,16.0207,0.020934,0.041298,0.02908,1.659e-05,0.004073,129,3.3973,5.0274,670.5173,39.5294,1359,268224,34.3795,6785.4345,0.5172,0.5104
flow_0099,0x10000063,04,VoIP,46,correlator,129.201,206.6316,165.9273,311.7075,17.6552,168.2269,153.5687,178.286,24.7173,0.025258,0.039346,0.030893,7.94e-06,0.002817,87,4.8818,6.8546,810.0176,32.5136,1052,174555,32.3557,5368.6773,0.4955,0.508
flow_0111,0x1000006f,04,VoIP,46,correlator,186.5161,234.5116,202.799,182.4685,13.5081,201.0338,193.3433,212.2547,18.9113,0.021651,0.043333,0.030324,1.88e-05,0.004336,71,4.4615,8.7468,904.7914,27.5159,907,183938,32.9627,6684.7817,0.4873,0.472
flow_0123,0x1000007b,04,VoIP,46,correlator,172.4454,227.7522,195.0063,195.7377,13.9906,193.0325,185.2128,204.7997,19.5869,0.024439,0.037993,0.029861,7.35e-06,0.002711,52,4.9806,9.9514,971.242,17.7262,593,115638,33.4532,6523.5495,0.5016,0.5072
flow_0135,0x10000087,04,VoIP,46,correlator,81.5144,109.6237,93.6208,50.8552,7.1313,94.1661,88.6289,98.6127,9.9838,0.022225,0.039329,0.029067,1.17e-05,0.003421,145,4.3627,8.1618,408.4363,36.2622,1247,116745,34.3884,3219.4655,0.5257,0.545
flow_0147,0x10000093,04,VoIP,46,correlator,142.6656,227.9602,174.9013,122.1713,11.0531,177.7139,167.1641,182.6384,15.4744,0.011652,0.036995,0.021789,2.569e-05,0.005069,97,3.3574,7.0808,587.2049,19.6445,901,157586,45.8651,8021.8705,0.4814,0.4973
flow_0159,0x1000009f,04,VoIP,46,correlator,83.9254,114.932,93.9801,63.4409,7.965,93.8037,88.4046,99.5556,11.151,0.024201,0.037619,0.029568,7.2e-06,0.002684,84,4.3768,8.7654,411.3333,28.5445,965,90690,33.8069,3177.1491,0.5236,0.5358
flow_0171,0x100000ab,04,VoIP,46,correlator,89.6413,124.2273,103.7752,41.986,6.4797,103.56,99.2395,108.311,9.0715,0.02714,0.038232,0.031577,4.92e-06,0.002218,214,4.5086,5.3837,467.8809,42.2687,1338,138851,31.6546,3284.9571,0.4817,0.4618
flow_0183,0x100000b7,04,VoIP,46,correlator,189.3137,238.3527,205.1215,153.2678,12.3801,206.5206,196.4554,213.7876,17.3322,0.023564,0.042392,0.031095,1.418e-05,0.003766,74,4.7573,5.5026,975.8305,27.4284,882,180917,32.1564,6595.9616,0.4889,0.4718
flow_0195,0x100000c3,04,VoIP,46,correlator,84.6689,120.7467,99.0784,34.6587,5.8872,98.4009,94.9574,103.1994,8.242,0.013284,0.028219,0.019258,8.92e-06,0.002987,29,2.6674,9.0744,264.2863,8.4139,436,43198,51.819,5134.1173,0.4801,0.4715
flow_0207,0x100000cf,04,VoIP,46,correlator,133.5998,209.729,168.4465,309.3854,17.5894,167.5567,156.134,180.7591,24.6251,0.015384,0.029474,0.02102,7.94e-06,0.002818,115,2.9971,6.6563,504.8563,18.0949,860,144864,47.5271,8005.7779,0.4973,0.4849
flow_0219,0x100000db,04,VoIP,46,correlator,87.0178,119.3455,99.4757,61.8612,7.8652,99.561,93.97,104.9813,11.0113,0.02373,0.040632,0.030491,1.143e-05,0.00338,20,2.9575,6.2797,294.2015,8.9797,294,29245,32.7404,3256.7806,0.53,0.5387
flow_0231,0x100000e7,04,VoIP,46,correlator,86.7608,119.335,98.8083,32.8254,5.7293,96.9501,94.7978,102.8189,8.0211,0.012564,0.035472,0.021727,2.099e-05,0.004582,133,4.1157,9.1916,406.6674,28.879,1329,131316,46.0197,4547.1167,0.5038,0.5118
flow_0243,0x100000f3,04,VoIP,46,correlator,82.5267,109.5267,92.9414,32.1286,5.6682,92.8964,88.9736,96.9091,7.9355,0.013814,0.027209,0.019172,7.18e-06,0.002679,154,4.0384,6.2024,375.3301,41.6088,2170,201682,52.1524,4847.1008,0.4952,0.4836
flow_0255,0x100000ff,04,VoIP,46,correlator,80.0585,114.1137,92.2577,17.3037,4.1598,91.6259,89.3459,95.1696,5.8237,0.011974,0.031661,0.019849,1.55e-05,0.003937,134,3.8244,9.7955,352.8292,31.7808,1601,147704,50.3763,4647.5806,0.5005,0.5098
flow_0267,0x1000010b,04,VoIP,46,correlator,86.3874,116.6348,99.1287,33.7687,5.8111,99.9188,95.0609,103.1965,8.1355,0.014768,0.030758,0.021164,1.023e-05,0.003198,81,4.7071,8.9823,466.6097,15.1553,716,70976,47.2443,4683.259,0.5268,0.5329
flow_0279,0x10000117,04,VoIP,46,correlator,79.3992,108.1697,91.9949,56.8281,7.5384,91.2168,86.718,97.2718,10.5538,0.023598,0.037871,0.029307,8.15e-06,0.002855,185,3.8433,8.7309,353.5624,37.8306,1290,118673,34.0994,3136.9608,0.5151,0.5027
flow_0291,0x10000123,04,VoIP,46,correlator,181.0192,228.57,197.7161,57.1828,7.5619,197.3292,192.4228,203.0095,10.5867,0.011849,0.029923,0.019079,1.307e-05,0.003615,129,3.4148,9.2101,675.1627,19.8439,1040,205624,52.4091,10362.0884,0.5249,0.517
flow_0303,0x1000012f,04,VoIP,46,correlator,77.5289,113.9569,91.2594,47.5607,6.8964,91.6656,86.4319,96.0869,9.655,0.022358,0.044241,0.031111,1.916e-05,0.004377,64,4.4406,5.802,405.2447,16.9771,545,49736,32.102,2929.5867,0.5096,0.5198
flow_0315,0x1000013b,04,VoIP,46,correlator,94.0028,129.5505,107.7325,17.6244,4.1981,107.6906,104.7938,110.6712,5.8774,0.015519,0.02901,0.020915,7.28e-06,0.002698,60,2.8578,5.3579,307.8753,16.3486,781,84139,47.7717,5146.5552,0.4722,0.4699
flow_0327,0x10000147,04,VoIP,46,correlator,115.7356,201.6799,152.9592,324.5433,18.0151,152.5117,140.3486,165.5697,25.2211,0.023856,0.039776,0.030224,1.014e-05,0.003184,54,4.6393,7.3719,709.628,13.9551,461,70514,33.0346,5052.9361,0.4905,0.4791
flow_0339,0x10000153,04,VoIP,46,correlator,97.0925,131.7644,109.8706,43.2155,6.5738,110.4322,105.2689,114.4723,9.2034,0.014419,0.032335,0.021585,1.284e-05,0.003583,141,3.8432,9.1273,422.2557,18.8986,875,96136,46.2998,5086.9444,0.497,0.4836
flow_0351,0x1000015f,04,VoIP,46,correlator,118.928,199.7085,155.275,347.3082,18.6362,154.3994,142.2297,168.3204,26.0907,0.021286,0.046057,0.031194,2.454e-05,0.004954,41,3.1351,5.9986,486.8071,19.1985,615,95494,32.0337,4974.0233,0.4767,0.4881
flow_0363,0x1000016b,04,VoIP,46,correlator,144.3102,211.7224,177.2662,315.1112,17.7514,177.57,164.8403,189.6922,24.8519,0.010768,0.031824,0.019191,1.773e-05,0.004211,90,4.2198,5.276,748.0335,12.0957,630,111677,52.0846,9232.7771,0.5186,0.5304
flow_0375,0x10000177,04,VoIP,46,correlator,161.7096,207.3351,183.3965,136.6853,11.6912,182.8831,175.2126,191.5804,16.3677,0.014258,0.030334,0.020688,1.034e-05,0.003215,138,3.1267,8.1136,573.422,37.4879,1812,332314,48.3355,8864.5572,0.4837,0.4869
flow_0387,0x10000183,04,VoIP,46,correlator,84.1217,116.0932,98.0907,23.1133,4.8076,99.9861,94.7253,101.456,6.7307,0.021864,0.042779,0.03023,1.75e-05,0.004183,104,2.522,6.8311,247.381,39.2842,1299,127419,33.0667,3243.5146,0.4795,0.487
flow_0399,0x1000018f,04,VoIP,46,correlator,87.4176,120.1058,99.299,52.7617,7.2637,100.4982,94.2144,104.3836,10.1692,0.023838,0.042885,0.031457,1.451e-05,0.003809,35,2.4693,5.3048,245.1977,12.3977,394,39123,31.78,3155.6544,0.4999,0.5061
flow_0411,0x1000019b,04,VoIP,46,correlator,182.6115,226.7759,201.2033,89.234,9.4464,200.9017,194.5909,207.8158,13.2249,0.022046,0.04339,0.030583,1.822e-05,0.004269,136,4.1841,8.5973,841.8555,32.441,1060,213275,32.6747,6574.2408,0.4858,0.4907
flow_0423,0x100001a7,04,VoIP,46,correlator,113.9856,195.8263,153.1271,245.3821,15.6647,152.2958,142.1618,164.0924,21.9305,0.01408,0.031175,0.020918,1.169e-05,0.003419,44,3.077,7.1629,471.178,12.7748,610,93407,47.7502,7311.8112,0.4823,0.4845
flow_0435,0x100001b3,04,VoIP,46,correlator,87.1484,122.1053,99.6766,57.2932,7.5692,97.9025,94.3782,104.9751,10.5969,0.015104,0.031766,0.021769,1.11e-05,0.003332,59,2.1066,7.7975,209.9778,17.5769,807,80439,45.9126,4576.4063,0.5133,0.5045
flow_0447,0x100001bf,04,VoIP,46,correlator,92.8883,125.509,106.0144,31.0724,5.5743,105.8883,102.1124,109.9164,7.804,0.024466,0.038939,0.030255,8.38e-06,0.002895,82,2.1037,6.3757,223.0241,23.6865,782,82903,33.0146,3500.0165,0.5151,0.5182
flow_0459,0x100001cb,04,VoIP,46,correlator,106.526,194.2408,140.5539,205.0807,14.3206,140.4534,130.5295,150.5784,20.0489,0.025503,0.039463,0.031087,7.8e-06,0.002792,61,4.2361,9.0422,595.3958,25.6731,825,115956,32.1348,4516.63,0.5292,0.5241
flow_0471,0x100001d7,04,VoIP,46,correlator,153.0049,233.6359,179.7386,388.4272,19.7086,178.9023,165.9426,193.5346,27.592,0.015805,0.029754,0.021385,7.78e-06,0.00279,114,4.2371,6.3578,761.5629,31.4055,1468,263856,46.7433,8401.5729,0.4809,0.474
flow_0483,0x100001e3,04,VoIP,46,correlator,185.1239,228.0056,207.2412,170.8756,13.0719,208.117,198.0909,216.3916,18.3007,0.01665,0.026625,0.02064,3.98e-06,0.001995,214,2.9611,8.1445,613.6697,28.8099,1395,289101,48.4209,10034.7812,0.5248,0.5191
flow_0495,0x100001ef,04,VoIP,46,correlator,125.954,207.2188,154.3101,422.7412,20.5607,155.4932,139.9176,168.7026,28.7849,0.015877,0.029039,0.021142,6.93e-06,0.002632,38,3.9268,6.8471,605.941,9.7896,463,71445,47.2951,7298.0549,0.4984,0.4979
flow_0507,0x100001fb,04,VoIP,46,correlator,88.4898,125.5664,102.1208,27.8736,5.2795,99.9345,98.4251,105.8165,7.3914,0.013535,0.027996,0.019319,8.37e-06,0.002892,186,4.8431,9.5095,494.5807,23.4414,1213,123872,51.746,5284.3185,0.4729,0.4865
flow_0519,0x10000207,04,VoIP,46,correlator,187.4844,230.347,206.2799,57.1681,7.561,205.755,200.9872,211.5726,10.5853,0.012669,0.031153,0.020062,1.367e-05,0.003697,66,4.3431,6.6971,895.8944,16.2443,809,166880,49.802,10273.1208,0.5267,0.5079
flow_0531,0x10000213,04,VoIP,46,correlator,139.7877,219.4346,178.3341,218.4537,14.7802,177.9793,167.988,188.6802,20.6922,0.021677,0.046936,0.031781,2.552e-05,0.005052,146,4.8349,9.7357,862.2209,36.4277,1146,204370,31.4595,5610.2853,0.51,0.5243
flow_0543,0x1000021f,04,VoIP,46,correlator,169.0304,211.6138,186.4422,83.3955,9.1321,187.0674,180.0497,192.8347,12.785,0.023228,0.039402,0.029698,1.046e-05,0.003235,61,4.0644,9.8806,757.7714,22.1114,744,138713,33.6478,6273.3622,0.4821,0.4779
flow_0555,0x1000022b,04,VoIP,46,correlator,164.2831,214.2886,183.2857,53.4306,7.3096,184.3443,178.169,188.4025,10.2335,0.024346,0.04102,0.031016,1.112e-05,0.003335,117,3.881,5.7044,711.3291,38.7833,1250,229107,32.2303,5907.3555,0.4714,0.4534
flow_0567,0x10000237,04,VoIP,46,correlator,76.3178,105.127,89.0703,41.8608,6.47,91.0857,84.5413,93.5993,9.058,0.025126,0.042068,0.031903,1.148e-05,0.003388,30,4.4626,8.4743,397.485,13.0389,408,36340,31.2909,2787.0358,0.5149,0.5055
flow_0579,0x10000243,04,VoIP,46,correlator,174.1021,212.4484,190.7552,67.4117,8.2105,190.5108,185.0078,196.5025,11.4946,0.013328,0.029083,0.01963,9.93e-06,0.003151,133,2.3859,5.1943,455.1196,25.6834,1308,249507,50.9278,9714.7023,0.4721,0.4661
flow_0591,0x1000024f,04,VoIP,46,correlator,140.0366,209.8862,167.6166,348.302,18.6629,168.7436,154.5526,180.6806,26.128,0.026493,0.037518,0.030903,4.86e-06,0.002205,116,2.1433,7.9926,359.2591,26.489,857,143647,32.3531,5422.8989,0.5166,0.4981
flow_0603,0x1000025b,04,VoIP,46,correlator,99.7067,133.2215,109.8731,55.1758,7.428,110.336,104.6734,115.0727,10.3993,0.021211,0.04427,0.030435,2.127e-05,0.004612,43,3.0759,7.9809,337.9625,15.218,500,54936,32.8559,3609.9416,0.5105,0.5044
flow_0615,0x10000267,04,VoIP,46,correlator,190.8765,236.2352,208.8306,38.8339,6.2317,208.8665,204.4684,213.1928,8.7244,0.02226,0.041915,0.030122,1.545e-05,0.003931,90,3.8722,9.1431,808.641,25.4213,843,176044,33.1612,6925.0635,0.4845,0.4782
flow_0627,0x10000273,04,VoIP,46,correlator,99.1207,124.7391,109.3963,39.3686,6.2744,110.5425,105.0042,113.7884,8.7842,0.021927,0.044142,0.030813,1.974e-05,0.004443,42,4.066,9.1693,444.8054,13.1101,425,46493,32.4179,3546.3603,0.4998,0.488
flow_0639,0x1000027f,04,VoIP,46,correlator,128.6982,196.5189,161.6377,334.3174,18.2843,161.9016,148.8387,174.4368,25.5981,0.020476,0.043157,0.029548,2.058e-05,0.004536,84,4.9441,6.832,799.1557,26.7516,905,146282,33.8298,5468.1684,0.5266,0.5344
flow_0651,0x1000028b,04,VoIP,46,correlator,144.8655,215.5004,172.5811,321.484,17.93,169.9594,160.0301,185.1321,25.102,0.022507,0.042617,0.030551,1.618e-05,0.004022,55,2.649,9.5147,457.1701,15.9346,521,89914,32.6961,5642.6782,0.4842,0.469
flow_0663,0x10000297,04,VoIP,46,correlator,174.2849,215.9361,193.7897,190.7688,13.8119,193.8313,184.1213,203.458,19.3367,0.012649,0.028602,0.01903,1.018e-05,0.003191,213,3.5996,8.6139,697.5618,30.9539,1626,315101,52.5297,10179.6784,0.4756,0.495
flow_0675,0x100002a3,04,VoIP,46,correlator,102.9337,178.3535,140.3146,135.798,11.6532,139.9271,132.1573,148.4719,16.3145,0.017341,0.028395,0.021762,4.89e-06,0.002211,47,4.0279,7.3805,565.1728,10.0773,463,64965,45.9448,6446.6602,0.5239,0.5056
flow_0687,0x100002af,04,VoIP,46,correlator,183.9588,227.5781,204.2187,113.2809,10.6433,205.599,196.7684,211.6691,14.9007,0.012471,0.028817,0.019009,1.069e-05,0.003269,85,4.6658,6.9393,952.8418,15.1463,796,162558,52.554,10732.5067,0.5207,0.5229
flow_0699,0x100002bb,04,VoIP,46,correlator,83.887,110.8586,94.1482,41.8119,6.4662,94.7151,89.6219,98.6746,9.0527,0.023493,0.042931,0.031268,1.511e-05,0.003888,57,4.3464,7.7469,409.2082,11.1361,356,33516,31.9682,3009.6844,0.517,0.5035
flow_0711,0x100002c7,04,VoIP,46,correlator,83.3154,120.6128,97.4706,54.6574,7.3931,96.5112,92.2955,102.6458,10.3503,0.012497,0.032734,0.020592,1.638e-05,0.004047,189,4.957,9.3741,483.1604,40.3114,1957,190749,48.547,4731.8815,0.5006,0.4834
flow_0723,0x100002d3,04,VoIP,46,correlator,169.1069,216.2308,191.7307,58.7434,7.6644,193.0704,186.3656,197.0958,10.7302,0.014757,0.027372,0.019803,6.37e-06,0.002523,40,4.9194,7.2734,943.2071,9.9083,500,95865,50.4627,9675.2193,0.4788,0.4915
flow_0735,0x100002df,04,VoIP,46,correlator,97.4749,131.5028,109.1165,26.435,5.1415,110.957,105.5175,112.7156,7.1981,0.022297,0.04509,0.031414,2.078e-05,0.004559,83,2.7604,5.6671,301.2003,24.6025,783,85438,31.826,3472.7367,0.4919,0.5068
flow_0747,0x100002eb,04,VoIP,46,correlator,120.1234,186.7769,154.8599,248.7203,15.7709,156.446,143.8203,165.8995,22.0792,0.023641,0.038901,0.029745,9.31e-06,0.003052,96,4.2412,5.3088,656.7982,34.5506,1161,179792,33.6029,5203.7301,0.5296,0.5118
flow_0759,0x100002f7,04,VoIP,46,correlator,91.801,121.317,104.6647,22.0029,4.6907,106.3604,101.3812,107.9482,6.567,0.022831,0.041374,0.030249,1.375e-05,0.003709,67,2.5639,5.776,268.347,21.7798,720,75358,33.0581,3459.9909,0.4745,0.4873
flow_0771,0x10000303,04,VoIP,46,correlator,122.5911,204.9732,153.3323,469.4373,21.6665,153.01,138.1658,168.4989,30.3331,0.024496,0.037384,0.029651,6.64e-06,0.002578,54,2.7101,9.5052,415.5446,15.7406,530,81266,33.6709,5162.8305,0.5102,0.5069
flow_0783,0x1000030f,04,VoIP,46,correlator,115.5474,196.1555,142.7711,117.0615,10.8195,143.796,135.1974,150.3447,15.1473,0.016717,0.028083,0.021264,5.17e-06,0.002273,81,3.5205,6.708,502.6188,16.2417,763,108934,46.9779,6707.0642,0.5089,0.498
flow_0795,0x1000031b,04,VoIP,46,correlator,79.7671,107.8464,90.9967,42.5878,6.5259,90.6933,86.4285,95.5648,9.1363,0.013014,0.031215,0.020294,1.325e-05,0.00364,87,3.3295,5.4142,302.9742,24.2147,1193,108559,49.2676,4483.1903,0.5295,0.5433
flow_0807,0x10000327,04,VoIP,46,correlator,75.2435,114.9582,89.9806,52.9349,7.2756,90.9275,84.8877,95.0736,10.1859,0.02615,0.038254,0.030992,5.86e-06,0.002421,121,2.5293,6.6371,227.5895,40.2373,1298,116794,32.2586,2902.6276,0.518,0.5329
flow_0819,0x10000333,04,VoIP,46,correlator,94.7198,128.6482,106.9634,30.316,5.506,107.7069,103.1092,110.8176,7.7084,0.014178,0.03249,0.021503,1.341e-05,0.003662,68,3.4955,5.9414,373.8943,20.9831,975,104289,46.4659,4970.1366,0.499,0.506
flow_0831,0x1000033f,04,VoIP,46,correlator,138.6377,218.7417,172.4035,147.932,12.1627,171.9717,163.8896,180.9174,17.0278,0.015731,0.030508,0.021642,8.73e-06,0.002955,44,3.4626,9.1064,596.9692,8.0046,369,63616,46.0984,7947.4088,0.5086,0.5254
flow_0843,0x1000034b,04,VoIP,46,correlator,91.5434,121.9874,102.5397,18.2441,4.2713,103.2618,99.5498,105.5297,5.9798,0.021471,0.043418,0.03025,1.927e-05,0.004389,41,2.4231,8.0348,248.4661,18.1377,599,61421,33.0251,3386.3721,0.4885,0.4757
flow_0855,0x10000357,04,VoIP,46,correlator,79.6649,110.9161,90.5624,32.595,5.7092,89.8803,86.566,94.5589,7.9929,0.021579,0.040447,0.029126,1.424e-05,0.003774,79,2.4373,6.2312,220.7269,34.2951,1177,106591,34.3197,3108.0508,0.5259,0.5312
flow_0867,0x10000363,04,VoIP,46,correlator,77.3625,106.3728,87.6993,34.7103,5.8915,89.4205,83.5752,91.8234,8.2482,0.015245,0.027254,0.020049,5.77e-06,0.002402,147,2.3852,5.0225,209.1763,20.9903,1046,91733,49.8326,4370.2623,0.5118,0.529
flow_0879,0x1000036f,04,VoIP,46,correlator,125.2062,196.3046,156.5107,428.6308,20.7034,156.1932,142.0184,171.0031,28.9848,0.013424,0.034143,0.021711,1.717e-05,0.004144,92,3.1696,9.1429,496.0726,20.9914,966,151189,46.0188,7202.4111,0.4813,0.4987
flow_0891,0x1000037b,04,VoIP,46,correlator,134.8886,202.5634,166.3605,406.6372,20.1652,167.7584,152.2448,180.4762,28.2313,0.013863,0.034166,0.021984,1.649e-05,0.004061,140,2.3178,5.3251,385.5862,40.1608,1826,303774,45.4672,7563.9402,0.5249,0.5104
flow_0903,0x10000387,04,VoIP,46,correlator,88.0149,120.9326,101.7108,20.9171,4.5735,101.5772,98.5093,104.9123,6.4029,0.014887,0.031702,0.021613,1.131e-05,0.003363,32,4.042,7.7043,411.1182,10.318,477,48516,46.2298,4702.0607,0.5197,0.5162
flow_0915,0x10000393,04,VoIP,46,correlator,123.9971,213.6202,162.1274,234.3071,15.3071,163.0021,151.4124,172.8424,21.4299,0.022818,0.042597,0.03073,1.565e-05,0.003956,63,2.2791,6.4371,369.4982,27.365,890,144293,32.5232,5272.8948,0.5219,0.5395
flow_0927,0x1000039f,04,VoIP,46,correlator,133.9864,206.644,166.6954,193.0709,13.895,167.9303,156.9689,176.4219,19.453,0.022035,0.043857,0.030764,1.905e-05,0.004364,82,3.4321,8.8131,572.1101,28.4817,925,154193,32.4769,5413.748,0.4949,0.509
flow_0939,0x100003ab,04,VoIP,46,correlator,79.1728,110.2392,93.0169,30.6704,5.5381,94.9338,89.1403,96.8936,7.7533,0.024324,0.04328,0.031907,1.437e-05,0.003791,103,3.2097,5.3151,298.5534,26.3459,825,76738,31.3141,2912.706,0.5215,0.5024
flow_0951,0x100003b7,04,VoIP,46,correlator,112.9158,178.7721,146.2688,198.0343,14.0725,144.9695,136.418,156.1195,19.7015,0.024656,0.042142,0.03165,1.223e-05,0.003497,68,3.2773,9.4185,479.3635,30.1434,952,139247,31.5824,4619.4878,0.4782,0.4728
flow_0963,0x100003c3,04,VoIP,46,correlator,183.6146,222.9237,199.9211,70.6898,8.4077,198.5997,194.0357,205.8065,11.7708,0.025676,0.036434,0.029979,4.63e-06,0.002152,70,3.2085,8.9858,641.4503,13.2402,441,88165,33.3078,6658.9113,0.497,0.5106
flow_0975,0x100003cf,04,VoIP,46,correlator,189.8197,240.2261,207.6778,172.8455,13.1471,207.9886,198.4749,216.8808,18.4059,0.015296,0.029044,0.020795,7.56e-06,0.00275,100,2.2456,5.5573,466.363,24.1402,1160,240906,48.0527,9979.4594,0.5296,0.5229
flow_0987,0x100003db,04,VoIP,46,correlator,179.4813,224.4376,202.9634,90.7594,9.5268,202.7546,196.2947,209.6321,13.3375,0.012193,0.032394,0.020273,1.632e-05,0.00404,245,4.6837,6.9851,950.6289,40.3048,1988,403491,49.3241,10010.9798,0.5056,0.4987
flow_0999,0x100003e7,04,VoIP,46,correlator,77.7262,113.8251,89.2893,32.808,5.7278,90.0536,85.2798,93.2988,8.019,0.012846,0.029379,0.019459,1.093e-05,0.003307,149,3.3065,9.4683,295.2348,38.1434,1960,175007,51.3851,4588.1348,0.4928,0.5074
flow_1011,0x100003f3,04,VoIP,46,correlator,86.3968,119.788,96.5938,23.8649,4.8852,96.2821,93.1742,100.0134,6.8392,0.02281,0.03881,0.02921,1.024e-05,0.0032,78,3.7796,8.7577,365.0838,20.0679,687,66359,34.2338,3306.7267,0.5263,0.51
flow_1023,0x100003ff,04,VoIP,46,correlator,183.8391,235.4257,206.9198,70.1886,8.3779,207.3391,201.0553,212.7843,11.729,0.026142,0.039851,0.031626,7.52e-06,0.002742,151,4.2166,6.6501,872.5007,42.8332,1354,280169,31.611,6540.9365,0.5272,0.5087
flow_1035,0x1000040b,04,VoIP,46,correlator,115.308,187.4764,148.6103,360.0303,18.9745,147.6599,135.3282,161.8925,26.5643,0.024542,0.040928,0.031096,1.074e-05,0.003277,81,4.0424,7.8763,600.7486,30.1733,970,144152,32.1476,4777.4634,0.522,0.512
flow_1047,0x10000417,04,VoIP,46,correlator,79.2277,112.4546,90.8398,59.3389,7.7032,93.4388,85.4475,96.232,10.7844,0.022551,0.041799,0.03025,1.482e-05,0.00385,38,4.5121,8.9932,409.8792,14.3104,473,42967,33.0529,3002.5043,0.4908,0.5093
flow_1059,0x10000423,04,VoIP,46,correlator,106.5056,174.1924,140.0259,210.51,14.509,141.0402,129.8697,150.1822,20.3125,0.023342,0.044559,0.031829,1.801e-05,0.004243,47,4.8556,5.2958,679.9094,17.9032,562,78694,31.391,4395.518,0.519,0.5076
flow_1071,0x1000042f,04,VoIP,46,correlator,127.4173,198.6829,152.5045,181.6176,13.4766,152.5031,143.0709,161.9381,18.8672,0.026043,0.040747,0.031924,8.65e-06,0.002941,19,2.918,6.9671,445.0112,9.2001,288,43921,31.3041,4773.9774,0.4749,0.471
flow_1083,0x1000043b,04,VoIP,46,correlator,138.9682,217.0269,166.5905,404.129,20.103,164.4496,152.5184,180.6625,28.1441,0.016278,0.030527,0.021978,8.12e-06,0.00285,173,2.3767,5.744,395.9411,32.3447,1471,245054,45.4789,7576.3372,0.5262,0.5335
flow_1095,0x10000447,04,VoIP,46,correlator,85.7536,112.536,96.2766,26.2763,5.126,96.5503,92.6884,99.8649,7.1765,0.026051,0.038891,0.031187,6.6e-06,0.002568,119,4.1478,8.9665,399.34,25.6195,821,79043,32.0459,3085.2693,0.5236,0.539
flow_1107,0x10000453,04,VoIP,46,correlator,78.8449,107.6673,91.554,16.7452,4.0921,91.3633,88.6895,94.4185,5.7289,0.025564,0.03534,0.029475,3.82e-06,0.001955,39,3.2008,9.9037,293.0477,12.8987,437,40009,33.8794,3101.7844,0.5185,0.5044
flow_1119,0x1000045f,04,VoIP,46,correlator,139.2603,211.4688,164.9938,205.5832,14.3382,164.0767,154.9571,175.0306,20.0734,0.023566,0.044172,0.031808,1.698e-05,0.004121,63,3.9494,9.3756,651.6308,29.0104,912,150474,31.437,5186.8968,0.4796,0.4958
flow_1131,0x1000046b,04,VoIP,46,correlator,75.408,108.4053,87.7321,47.4972,6.8918,87.0457,82.9078,92.5564,9.6485,0.011896,0.032044,0.019955,1.624e-05,0.00403,197,2.0595,9.7285,180.6815,33.3163,1669,146424,50.0956,4394.9692,0.5153,0.5034
flow_1143,0x10000477,04,VoIP,46,correlator,77.0911,107.2488,90.7517,45.7482,6.7637,92.5809,86.0171,95.4863,9.4692,0.013849,0.029377,0.02006,9.65e-06,0.003106,117,3.8211,8.7192,346.7677,21.8025,1086,98556,49.8109,4520.4077,0.5217,0.5029
flow_1155,0x10000483,04,VoIP,46,correlator,177.1948,213.671,193.6512,66.643,8.1635,194.0012,187.9368,199.3657,11.4289,0.025706,0.03795,0.030604,6e-06,0.002449,66,3.7546,7.6382,727.083,30.7068,1003,194232,32.6638,6325.3754,0.5074,0.5225
flow_1167,0x1000048f,04,VoIP,46,correlator,126.3565,203.7592,156.8435,363.4239,19.0637,155.917,143.4989,170.1881,26.6892,0.023684,0.038782,0.029723,9.12e-06,0.00302,97,2.5672,7.6844,402.6426,36.1456,1216,190721,33.6417,5276.4653,0.5159,0.5337
flow_1179,0x1000049b,04,VoIP,46,correlator,183.0416,239.5542,205.2537,96.0795,9.802,204.6948,198.3923,212.1151,13.7228,0.012754,0.0322,0.020533,1.512e-05,0.003889,154,3.6883,6.1165,757.0454,32.9427,1604,329226,48.6906,9993.8939,0.4917,0.4998
flow_1191,0x100004a7,04,VoIP,46,correlator,94.3626,122.6531,106.244,31.4073,5.6042,105.7416,102.3211,110.167,7.8459,0.023684,0.038582,0.029643,8.88e-06,0.00298,99,2.4477,8.8473,260.0547,42.9405,1448,153841,33.7211,3582.6568,0.4958,0.4955
flow_1203,0x100004b3,04,VoIP,46,correlator,148.1015,224.9229,177.0472,462.1043,21.4966,175.4615,161.9996,192.0949,30.0953,0.023816,0.039683,0.030163,1.007e-05,0.003173,126,3.4587,6.1116,612.36,37.9345,1257,222548,33.1361,5866.646,0.5293,0.545
flow_1215,0x100004bf,04,VoIP,46,correlator,189.9054,231.7077,207.7773,55.7634,7.4675,207.121,202.55,213.0045,10.4545,0.020345,0.043523,0.029616,2.149e-05,0.004636,62,3.5885,6.5382,745.6154,19.2595,650,135055,33.7496,7012.3975,0.5143,0.522
flow_1227,0x100004cb,04,VoIP,46,correlator,85.4371,119.3331,97.985,39.9459,6.3203,98.3231,93.5608,102.4092,8.8484,0.021175,0.045156,0.030768,2.3e-05,0.004796,128,4.7417,6.0798,464.6191,30.6095,994,97397,32.4736,3181.9237,0.4799,0.4998
flow_1239,0x100004d7,04,VoIP,46,correlator,94.7409,130.2749,109.4325,45.4827,6.7441,109.0905,104.7116,114.1533,9.4417,0.023841,0.043402,0.031665,1.531e-05,0.003912,104,3.7593,7.6272,411.3948,20.0454,633,69270,31.5783,3455.6558,0.5187,0.5062
flow_1251,0x100004e3,04,VoIP,46,correlator,95.2433,129.4284,109.5217,59.0403,7.6838,109.5609,104.143,114.9003,10.7573,0.015677,0.031438,0.021981,9.94e-06,0.003152,267,3.0603,9.6766,335.1643,44.8855,2041,223533,45.4712,4980.0685,0.4922,0.4806
flow_1263,0x100004ef,04,VoIP,46,correlator,133.6211,202.2916,161.131,137.7993,11.7388,162.7754,152.9139,169.3482,16.4343,0.02128,0.041398,0.029327,1.619e-05,0.004024,70,4.6014,5.6101,741.4271,15.1615,516,83143,34.0337,5483.8385,0.5123,0.509
flow_1275,0x100004fb,04,VoIP,46,correlator,83.2013,112.6229,93.9894,52.7106,7.2602,93.9044,88.9072,99.0715,10.1643,0.021067,0.045684,0.030914,2.424e-05,0.004924,110,4.3779,5.5824,411.4753,41.1156,1330,125005,32.3479,3040.3339,0.4999,0.5012
flow_1287,0x10000507,04,VoIP,46,correlator,161.5378,217.4228,186.5014,124.456,11.156,185.6455,178.6922,194.3105,15.6184,0.011043,0.033997,0.020225,2.108e-05,0.004591,51,4.8186,9.2884,898.6717,13.7301,678,126447,49.3805,9209.4625,0.5144,0.5204
flow_1299,0x10000513,04,VoIP,46,correlator,164.5676,211.0947,186.0976,75.7557,8.7038,186.8439,180.005,192.1902,12.1853,0.025476,0.040677,0.031557,9.24e-06,0.00304,90,2.465,9.8934,458.7344,17.2793,547,101795,31.6564,5891.1558,0.496,0.4838
flow_1311,0x1000051f,04,VoIP,46,correlator,113.6435,191.2974,145.309,446.9793,21.1419,146.7147,130.5097,160.1084,29.5986,0.012096,0.033124,0.020507,1.769e-05,0.004205,74,2.0152,5.3628,292.8248,18.3576,895,130051,48.7536,7084.3118,0.5075,0.4952
flow_1323,0x1000052b,04,VoIP,46,correlator,186.9666,233.4755,207.6351,113.4892,10.6531,207.39,200.1779,215.0923,14.9144,0.01403,0.028257,0.01972,8.1e-06,0.002845,122,3.9109,5.7129,812.0472,35.1254,1781,369798,50.704,10527.9239,0.5086,0.4933
flow_1335,0x10000537,04,VoIP,46,correlator,111.2184,182.9628,145.6441,314.4956,17.734,145.0044,133.2303,158.0579,24.8276,0.009868,0.033275,0.019231,2.192e-05,0.004682,34,4.9269,8.3373,717.5672,9.3907,488,71074,51.9665,7568.5856,0.5291,0.5419
flow_1347,0x10000543,04,VoIP,46,correlator,80.3812,108.5644,92.4138,53.617,7.3224,92.0686,87.2882,97.5395,10.2513,0.024561,0.040254,0.030838,9.85e-06,0.003139,98,4.9858,9.3153,460.7574,30.7563,997,92136,32.4161,2995.6755,0.5016,0.5139
flow_1359,0x1000054f,04,VoIP,46,correlator,181.3576,220.4908,200.2805,47.007,6.8562,199.4223,195.4811,205.0798,9.5986,0.025846,0.04079,0.031824,8.93e-06,0.002989,79,4.7204,6.4674,945.395,33.8378,1063,212898,31.4146,6291.7225,0.5259,0.5302
flow_1371,0x1000055b,04,VoIP,46,correlator,116.2489,182.5299,141.7438,206.8174,14.3811,141.1737,131.677,151.8106,20.1336,0.025759,0.041312,0.03198,9.68e-06,0.003111,64,3.4495,8.9056,488.9504,29.3142,916,129837,31.2477,4429.1564,0.5029,0.5084
flow_1383,0x10000567,04,VoIP,46,correlator,188.3225,228.0358,204.1031,154.0081,12.41,203.5042,195.4161,212.7901,17.374,0.012868,0.033956,0.021303,1.779e-05,0.004218,103,3.0326,8.9261,618.9547,28.7159,1347,274926,46.9079,9574.0099,0.5108,0.5138
flow_1395,0x10000573,04,VoIP,46,correlator,71.4323,110.5137,86.3508,61.1938,7.8226,85.3212,80.8749,91.8266,10.9517,0.010288,0.034087,0.019808,2.265e-05,0.00476,56,3.0239,9.3993,261.1139,11.3107,571,49306,50.483,4359.218,0.5011,0.4927
flow_1407,0x1000057f,04,VoIP,46,correlator,71.8059,105.2214,85.9142,27.9193,5.2839,83.668,82.2155,89.6129,7.3974,0.014025,0.032119,0.021262,1.31e-05,0.003619,44,2.3385,9.8479,200.9146,13.5346,636,54641,46.9908,4037.1412,0.4965,0.5144
flow_1419,0x1000058b,04,VoIP,46,correlator,165.6642,222.9437,189.7594,166.7182,12.9119,189.451,180.721,198.7977,18.0767,0.023677,0.043359,0.03155,1.55e-05,0.003936,61,3.9197,9.7177,743.8084,20.369,645,122394,31.6657,6008.8263,0.5168,0.5139
flow_1431,0x10000597,04,VoIP,46,correlator,123.8095,215.4338,162.6095,144.3573,12.0149,163.9864,154.1991,171.02,16.8208,0.013841,0.031252,0.020806,1.213e-05,0.003482,157,2.7983,7.0552,455.0254,35.0427,1684,273834,48.0557,7814.2996,0.5115,0.5229
flow_1443,0x100005a3,04,VoIP,46,correlator,175.9416,215.2738,193.1629,73.3422,8.564,194.0538,187.1681,199.1577,11.9896,0.016333,0.02904,0.021416,6.46e-06,0.002541,50,2.8321,9.1171,547.0657,11.2489,525,101410,46.6712,9015.0917,0.4992,0.5133
flow_1455,0x100005af,04,VoIP,46,correlator,141.7549,209.563,168.9041,166.8607,12.9175,170.6167,159.8619,177.9463,18.0844,0.026698,0.039337,0.031753,6.39e-06,0.002528,50,3.9713,9.3405,670.7636,23.4131,737,124482,31.4781,5316.7628,0.4915,0.4798
flow_1467,0x100005bb,04,VoIP,46,correlator,79.6652,113.3044,94.0128,32.1432,5.6695,95.6763,90.0441,97.9814,7.9373,0.021646,0.04447,0.030775,2.084e-05,0.004565,56,3.181,6.6229,299.0551,24.937,810,76150,32.4819,3053.7008,0.4877,0.4685
flow_1479,0x100005c7,04,VoIP,46,correlator,145.9243,223.4646,173.7122,134.7751,11.6093,174.2332,165.5857,181.8387,16.253,0.014362,0.031802,0.021338,1.217e-05,0.003488,87,2.8898,8.1653,501.9891,17.0403,798,138622,46.8301,8134.9475,0.4727,0.4543
flow_1491,0x100005d3,04,VoIP,46,correlator,94.1098,123.3936,106.8728,48.3982,6.9569,107.3743,102.003,111.7426,9.7396,0.011993,0.034913,0.021161,2.101e-05,0.004584,163,3.312,7.6401,353.9641,29.2946,1384,147911,47.2442,5049.0913,0.5099,0.5153
flow_1503,0x100005df,04,VoIP,46,correlator,174.8927,216.5535,191.2648,149.6216,12.232,192.9799,182.7024,199.8272,17.1248,0.011828,0.033038,0.020312,1.799e-05,0.004242,29,2.1786,9.3514,416.6908,8.1535,401,76697,49.1813,9406.6309,0.5269,0.5396
flow_1515,0x100005eb,04,VoIP,46,correlator,129.4695,201.9222,157.8512,204.4985,14.3003,157.8473,147.841,167.8615,20.0204,0.013638,0.031006,0.020585,1.207e-05,0.003474,122,4.4523,7.4746,702.7944,35.7359,1736,274029,48.5786,7668.1645,0.4914,0.4979
flow_1527,0x100005f7,04,VoIP,46,correlator,85.7225,115.8317,97.4077,18.2659,4.2739,98.5113,94.416,100.3994,5.9834,0.02422,0.036507,0.029135,6.04e-06,0.002457,39,3.7106,8.4058,361.4397,9.1463,313,30488,34.2215,3333.3684,0.4952,0.4916
flow_1539,0x10000603,04,VoIP,46,correlator,106.4127,197.5027,145.6158,132.0364,11.4907,146.7398,137.5723,153.6593,16.087,0.009792,0.034072,0.019504,2.358e-05,0.004856,157,4.1805,8.5586,608.7516,21.1712,1085,157993,51.2489,7462.6482,0.4845,0.4773
flow_1551,0x1000060f,04,VoIP,46,correlator,73.2988,106.0075,87.0956,25.0571,5.0057,88.4908,83.5916,90.5996,7.008,0.014977,0.032308,0.02191,1.201e-05,0.003466,239,2.3166,5.7859,201.7687,43.4998,1985,172884,45.6324,3974.3664,0.5164,0.5179
flow_1563,0x1000061b,04,VoIP,46,correlator,167.1119,205.7548,184.1526,57.9228,7.6107,184.3231,178.8251,189.48,10.655,0.025651,0.040306,0.031513,8.59e-06,0.002931,87,2.8452,7.2812,523.9546,40.6385,1289,237372,31.7187,5841.0677,0.5018,0.49
flow_1575,0x10000627,04,VoIP,46,correlator,90.9586,123.4383,101.2902,31.7647,5.636,99.4547,97.345,105.2354,7.8904,0.020701,0.045836,0.030755,2.527e-05,0.005027,95,3.2957,5.1723,333.8199,35.6828,1160,117496,32.5087,3292.7927,0.5023,0.5088
flow_1587,0x10000633,04,VoIP,46,correlator,86.3298,117.8641,98.6504,50.9356,7.1369,97.9702,93.6545,103.6462,9.9917,0.011008,0.030999,0.019004,1.599e-05,0.003998,127,4.6687,5.5461,460.5707,25.8557,1360,134164,52.5995,5188.9445,0.506,0.4973
flow_1599,0x1000063f,04,VoIP,46,correlator,126.0304,216.1074,165.8981,162.726,12.7564,165.9253,156.9686,174.8276,17.859,0.00972,0.034888,0.019787,2.534e-05,0.005034,81,3.0497,6.8063,505.9342,17.0802,863,143170,50.5263,8382.2066,0.4945,0.4883
flow_1611,0x1000064b,04,VoIP,46,correlator,170.6323,225.6468,192.3377,168.1429,12.967,192.421,183.2608,201.4146,18.1538,0.020532,0.042888,0.029475,1.999e-05,0.004471,94,2.1958,5.1253,422.33,28.8094,977,187913,33.9126,6522.6309,0.5272,0.5262
flow_1623,0x10000657,04,VoIP,46,correlator,95.2267,122.4947,106.1992,47.6478,6.9027,106.2267,101.3673,111.0311,9.6638,0.013247,0.030707,0.020231,1.219e-05,0.003492,49,3.4405,8.3421,365.3775,10.9685,542,57559,49.4143,5247.6715,0.4831,0.4774
flow_1635,0x10000663,04,VoIP,46,correlator,141.7482,212.1892,179.1716,126.1197,11.2303,178.3181,171.3104,187.0328,15.7224,0.011777,0.031746,0.019764,1.595e-05,0.003994,74,4.5201,8.2845,809.8708,16.7407,847,151758,50.5952,9065.2009,0.4728,0.4766
flow_1647,0x1000066f,04,VoIP,46,correlator,119.112,200.1745,152.2245,102.0522,10.1021,152.1055,145.1531,159.296,14.1429,0.023228,0.039846,0.029875,1.105e-05,0.003324,30,3.631,6.0553,552.728,12.0642,403,61346,33.4047,5084.9793,0.5162,0.4977
flow_1659,0x1000067b,04,VoIP,46,correlator,168.7718,219.2764,189.4098,45.1095,6.7164,188.2397,184.7084,194.1113,9.4029,0.024739,0.036066,0.02927,5.13e-06,0.002265,29,2.2529,9.3425,426.7244,9.8955,338,64020,34.1569,6469.5972,0.5156,0.4959
flow_1671,0x10000687,04,VoIP,46,correlator,179.893,231.7066,202.4705,87.8622,9.3735,202.1809,195.9091,209.032,13.1229,0.014439,0.032047,0.021482,1.24e-05,0.003522,174,2.6551,6.8024,537.5895,26.3693,1227,248431,46.5314,9421.2312,0.5119,0.5257
flow_1683,0x10000693,04,VoIP,46,correlator,132.1339,221.1649,169.5749,443.6307,21.0625,171.3157,154.8311,184.3187,29.4876,0.011425,0.034319,0.020583,2.097e-05,0.004579,114,3.2949,7.9111,558.7284,15.7539,765,129724,48.5593,8234.3898,0.5108,0.5234
flow_1695,0x1000069f,04,VoIP,46,correlator,87.9035,118.463,101.9843,39.1326,6.2556,100.114,97.6053,106.3632,8.7579,0.012003,0.031511,0.019806,1.522e-05,0.003901,49,2.0013,6.4737,204.1012,13.9978,706,72000,50.4365,5143.6671,0.5286,0.5354
flow_1707,0x100006ab,04,VoIP,46,correlator,186.1665,233.6267,206.3351,39.683,6.2994,205.9669,201.9254,210.7447,8.8192,0.022435,0.042763,0.030566,1.653e-05,0.004066,38,3.3621,7.9799,693.7184,12.8478,420,86660,32.6904,6745.1233,0.5096,0.5041
flow_1719,0x100006b7,04,VoIP,46,correlator,116.5168,196.8244,147.6163,127.7681,11.3035,146.8997,139.7039,155.5288,15.8248,0.013956,0.031832,0.021107,1.278e-05,0.003575,102,2.6384,5.6754,389.4768,30.2467,1433,211534,47.3771,6993.6228,0.4737,0.4827
flow_1731,0x100006c3,04,VoIP,46,correlator,105.1136,172.0906,140.5116,248.7947,15.7732,140.9902,129.4704,151.5529,22.0825,0.019621,0.044883,0.029726,2.553e-05,0.005052,31,3.9123,5.9752,549.7287,12.1987,410,57609,33.61,4722.539,0.5261,0.5142
flow_1743,0x100006cf,04,VoIP,46,correlator,186.0372,234.295,204.9339,130.4579,11.4218,204.8186,196.9386,212.9291,15.9905,0.011074,0.03213,0.019497,1.773e-05,0.004211,104,2.3804,8.0997,487.8193,17.148,879,180136,51.2597,10504.8027,0.477,0.4709
flow_1755,0x100006db,04,VoIP,46,correlator,184.7118,233.4529,202.7252,158.2409,12.5794,203.5879,193.9196,211.5308,17.6111,0.014443,0.029419,0.020433,8.97e-06,0.002995,103,3.0489,7.3207,618.0927,23.6571,1157,234553,48.9071,9914.708,0.4998,0.4808
flow_1767,0x100006e7,04,VoIP,46,correlator,185.2734,235.9929,207.194,62.3887,7.8987,206.7403,201.6649,212.723,11.0581,0.014119,0.032867,0.021618,1.406e-05,0.00375,92,3.2488,6.5296,673.122,18.8211,870,180258,46.2248,9577.4675,0.5127,0.5064
flow_1779,0x100006f3,04,VoIP,46,correlator,95.3509,129.2413,105.361,52.9174,7.2744,104.5043,100.2689,110.4531,10.1842,0.012161,0.029525,0.019107,1.206e-05,0.003473,79,3.0794,7.9878,324.4459,14.2579,746,78599,52.322,5512.6759,0.4962,0.5149
flow_1791,0x100006ff,04,VoIP,46,correlator,187.9274,234.4696,203.0686,160.8915,12.6843,203.2447,194.1896,211.9476,17.758,0.024951,0.038778,0.030482,7.65e-06,0.002765,72,4.1941,8.9993,851.6911,14.4615,474,96254,32.7766,6655.8705,0.4765,0.4934
flow_1803,0x1000070b,04,VoIP,46,correlator,145.964,227.3531,178.7362,190.9516,13.8185,179.2469,169.0632,188.4091,19.3459,0.013079,0.030578,0.020079,1.225e-05,0.0035,58,3.9421,9.5099,704.6034,10.3126,513,91691,49.7449,8891.1465,0.4725,0.4532
flow_1815,0x10000717,04,VoIP,46,correlator,83.9283,118.1235,95.8082,61.1873,7.8222,95.8594,90.3326,101.2837,10.9511,0.023255,0.040093,0.02999,1.134e-05,0.003368,46,3.2078,6.1407,307.3297,16.0342,534,51161,33.3039,3190.7464,0.4713,0.4883
flow_1827,0x10000723,04,VoIP,46,correlator,167.2149,214.4958,186.5559,46.747,6.8372,187.5685,181.7699,191.3419,9.572,0.025499,0.038562,0.030724,6.83e-06,0.002613,214,4.6859,7.4576,874.1841,44.95,1463,272931,32.5473,6071.8756,0.4834,0.4679
flow_1839,0x1000072f,04,VoIP,46,correlator,92.8516,118.5277,103.1214,33.281,5.769,103.2,99.0831,107.1597,8.0766,0.012002,0.03359,0.020637,1.864e-05,0.004318,121,4.4664,5.8265,460.5762,19.463,943,97243,48.4509,4996.3016,0.5179,0.5214
flow_1851,0x1000073b,04,VoIP,46,correlator,75.2743,110.1813,88.2162,25.0666,5.0067,88.229,84.7115,91.7208,7.0093,0.02277,0.041815,0.030388,1.451e-05,0.003809,83,4.1294,7.2621,364.2794,28.3978,934,82393,32.8899,2901.3918,0.5134,0.5128
flow_1863,0x10000747,04,VoIP,46,correlator,135.0614,220.8649,167.6919,141.579,11.8987,168.6135,159.3628,176.021,16.6582,0.021561,0.045056,0.030959,2.208e-05,0.004699,56,3.9694,8.4961,665.6445,26.0351,840,140861,32.2641,5410.4235,0.5191,0.5284
flow_1875,0x10000753,04,VoIP,46,correlator,188.795,230.3989,208.0499,45.4923,6.7448,207.6793,203.3286,212.7713,9.4427,0.011892,0.03656,0.021759,2.434e-05,0.004934,187,3.3698,7.0888,701.0819,28.8408,1325,275666,45.9419,9558.2,0.4839,0.4669
flow_1887,0x1000075f,04,VoIP,46,correlator,92.5385,122.8289,102.5861,45.0864,6.7146,102.576,97.8859,107.2864,9.4005,0.012011,0.032867,0.020353,1.74e-05,0.004171,70,2.4338,6.6992,249.678,11.5461,567,58166,49.1073,5037.6996,0.4907,0.4856
flow_1899,0x1000076b,04,VoIP,46,correlator,90.3378,122.025,105.1305,63.5674,7.9729,104.4011,99.5494,110.7115,11.1621,0.022098,0.039609,0.029102,1.227e-05,0.003502,45,2.2608,7.74,237.6815,17.1093,587,61711,34.3088,3606.8709,0.4874,0.4756
flow_1911,0x10000777,04,VoIP,46,correlator,95.322,122.1079,105.8386,22.9465,4.7903,105.6257,102.4855,109.1918,6.7064,0.012131,0.032371,0.020227,1.639e-05,0.004048,63,4.405,7.0663,466.2187,16.6007,820,86787,49.3955,5227.9147,0.4826,0.4878
flow_1923,0x10000783,04,VoIP,46,correlator,135.2892,213.7354,165.7603,191.4172,13.8354,164.6193,156.0756,175.4451,19.3695,0.021985,0.041624,0.02984,1.543e-05,0.003928,113,3.8891,6.9153,644.6609,23.3584,782,129624,33.4783,5549.3514,0.5081,0.5097
flow_1935,0x1000078f,04,VoIP,46,correlator,107.1604,179.424,145.4117,117.0186,10.8175,146.551,137.8395,152.984,15.1445,0.013717,0.030037,0.020245,1.065e-05,0.003264,62,4.8795,6.4542,709.5414,16.7289,826,120110,49.3755,7179.7761,0.5259,0.5386
flow_1947,0x1000079b,04,VoIP,46,correlator,149.6698,206.9061,174.8237,389.8774,19.7453,174.926,161.002,188.6454,27.6434,0.015045,0.030883,0.02138,1.003e-05,0.003168,266,3.0238,7.4064,528.6295,36.7156,1717,300172,46.7648,8175.5934,0.5075,0.521
flow_1959,0x100007a7,04,VoIP,46,correlator,82.3921,117.9046,94.8553,57.8257,7.6043,95.1584,89.5323,100.1783,10.6461,0.011721,0.035448,0.021212,2.252e-05,0.004745,242,2.5189,7.4947,238.9293,43.3093,2041,193599,47.1261,4470.1487,0.5241,0.5167
flow_1971,0x100007b3,04,VoIP,46,correlator,124.055,196.0554,151.4209,196.2536,14.0091,152.047,141.6146,161.2273,19.6127,0.01495,0.027183,0.019843,5.99e-06,0.002447,245,2.7575,6.1768,417.5447,36.3874,1833,277554,50.3745,7627.7444,0.4905,0.4899
flow_1983,0x100007bf,04,VoIP,46,correlator,116.3016,186.4164,154.2024,375.8466,19.3868,155.2315,140.6316,167.7731,27.1415,0.023827,0.04258,0.031328,1.407e-05,0.003751,54,3.1579,6.2052,486.949,16.7982,536,82652,31.9082,4920.2879,0.4995,0.5074
flow_1995,0x100007cb,04,VoIP,46,correlator,78.2188,105.41,89.7727,30.8941,5.5582,90.3268,85.8819,93.6635,7.7815,0.011916,0.033362,0.020495,1.84e-05,0.004289,80,3.5584,7.8628,319.4512,15.9096,776,69663,48.7757,4378.6874,0.4812,0.4935
flow_2007,0x100007d7,04,Video,34,correlator,129.3165,1465.5169,1140.1175,180301.4468,424.6192,1180.1293,879.8069,1455.5169,575.71,0.000232,0.081578,0.003124,0.00049758,0.022306,267,24.2563,70.9997,27655.0013,13.1391,4206,4795334,320.1127,364966.0649,0.7617,0.9671
flow_2019,0x100007e3,04,Video,34,correlator,121.9351,1471.1225,1091.2269,149377.8039,386.4942,1329.2361,753.4746,1461.1225,707.6479,0.0009,0.11399,0.009862,0.00091287,0.030214,269,18.409,83.8927,20088.4022,45.1614,4579,4996727,101.3919,110641.5119,0.7521,0.8903
flow_2031,0x100007ef,04,Video,34,correlator,174.4849,1479.8107,1298.9556,190524.2601,436.4908,1340.3417,722.0561,1469.8107,747.7546,0.000212,0.084168,0.013966,0.00100969,0.031776,67,20.478,49.6787,26599.9744,27.7251,1985,2578426,71.5958,92999.7511,0.7662,0.9095
flow_2043,0x100007fb,04,Video,34,correlator,147.2606,1464.2013,994.6861,186872.6566,432.2877,1078.4164,837.792,1454.2013,616.4093,0.00026,0.130653,0.006452,0.000677,0.026019,444,14.7427,60.6493,14664.3105,44.1971,6849,6812605,154.9651,154141.6115,0.8262,0.9575
flow_2055,0x10000807,04,Video,34,correlator,190.5966,1494.8881,1029.9146,123095.7751,350.8501,1135.0992,665.1327,1480.0,814.8673,0.000129,0.122127,0.008996,0.00044275,0.021042,289,24.2005,39.5552,24924.4186,42.9289,4771,4913722,111.1374,114461.9888,0.8235,0.9309
flow_2067,0x10000813,04,Video,34,correlator,250.4665,1483.0974,1343.1047,75881.4447,275.4659,1262.9512,824.7855,1473.0974,648.3119,0.000756,0.118994,0.012385,0.00117373,0.03426,45,21.9753,73.3074,29515.1406,14.5967,1178,1582177,80.7032,108392.8743,0.8367,0.9032
flow_2079,0x1000081f,04,Video,34,correlator,245.5855,1465.1448,993.8681,147406.9457,383.9361,1131.0514,826.4479,1455.1448,628.6969,0.000486,0.110703,0.012041,0.00089169,0.029861,114,19.98,62.9012,19857.5009,40.7035,3380,3359274,83.0396,82530.4392,0.8569,0.8721
flow_2091,0x1000082b,04,Video,34,correlator,145.9249,1472.4572,1343.4052,100201.2455,316.5458,1204.4704,723.56,1462.4572,738.8971,0.000215,0.138146,0.013044,0.00022576,0.015025,49,21.5636,80.2854,28968.593,20.8013,1594,2141387,76.6299,102945.0185,0.734,0.9753
flow_2103,0x10000837,04,Video,34,correlator,139.7464,1482.5877,1197.1309,105863.158,325.3662,1137.1699,740.1858,1472.5877,732.4019,0.00011,0.066785,0.011417,0.00112709,0.033572,152,16.3837,70.847,19613.3875,45.8752,4018,4810072,87.5854,104851.2478,0.8934,0.8835
flow_2115,0x10000843,04,Video,34,correlator,193.8591,1487.3779,995.1962,130493.908,361.2394,1419.8425,886.0444,1477.3779,591.3335,0.000236,0.096904,0.006499,0.00056097,0.023685,125,22.6536,45.171,22544.8091,27.4318,4220,4199727,153.8363,153097.2729,0.9185,0.9402
flow_2127,0x1000084f,04,Video,34,correlator,214.5367,1483.8622,1091.8812,119607.1678,345.8427,1334.7679,873.7192,1473.8622,600.143,0.000667,0.073076,0.005272,0.000158,0.01257,212,13.9368,61.2415,15217.2985,21.3228,4044,4415567,189.6563,207082.0844,0.9129,0.9576
flow_2139,0x1000085b,04,Video,34,correlator,193.3117,1473.0347,1331.9234,101847.1622,319.135,1132.2548,890.1818,1463.0347,572.8529,0.000469,0.092045,0.012702,0.00073191,0.027054,276,25.15,68.0633,33497.8802,57.6322,4537,6042936,78.7234,104853.5015,0.9137,0.9226
flow_2151,0x10000867,04,Video,34,correlator,130.4595,1499.869,1050.9625,192168.5891,438.3704,1234.4196,727.9486,1480.0,752.0514,0.000184,0.075939,0.010258,0.00075746,0.027522,131,17.6576,53.409,18557.4249,26.8308,2615,2748266,97.4626,102429.4648,0.8663,0.9279
flow_2163,0x10000873,04,Video,34,correlator,223.6148,1467.8751,1013.5786,113067.1982,336.2547,1129.9842,678.3245,1457.8751,779.5506,0.000372,0.0575,0.007789,0.00062222,0.024944,154,21.815,50.5182,22111.2612,23.9826,3079,3120808,128.3848,130128.0587,0.8268,0.9111
flow_2175,0x1000087f,04,Video,34,correlator,176.2341,1471.743,942.4545,174428.9036,417.6469,1390.2248,818.9437,1461.743,642.7993,0.000597,0.055156,0.008336,0.00067832,0.026045,131,26.956,54.7435,25404.786,30.9322,3710,3496506,119.9396,113037.653,0.8839,0.9484
flow_2187,0x1000088b,04,Video,34,correlator,203.6729,1469.3527,1183.9254,168862.4235,410.9287,1379.1197,885.222,1459.3527,574.1307,0.000708,0.087073,0.004516,0.00102145,0.03196,387,25.4872,38.1616,30174.9162,56.2949,12465,14757630,221.4231,262148.4448,0.7554,0.9694
flow_2199,0x10000897,04,Video,34,correlator,173.6022,1495.1957,1053.5993,194733.4163,441.2861,1182.0194,864.8753,1480.0,615.1247,0.000654,0.06202,0.005139,0.00095956,0.030977,139,23.1491,54.8063,24389.8975,15.0694,2932,3089153,194.5669,204995.5254,0.7742,0.9256
flow_2211,0x100008a3,04,Video,34,correlator,173.0339,1461.9463,1184.8204,183795.2682,428.7135,1207.2677,671.0257,1451.9463,780.9205,0.000674,0.091345,0.013086,0.00015175,0.012319,146,10.0029,55.5019,11851.5829,55.6594,4253,5039041,76.4112,90533.5674,0.7561,0.8869
flow_2223,0x100008af,04,Video,34,correlator,128.729,1486.0237,1333.6122,100565.3796,317.1204,1145.0454,702.7624,1476.0237,773.2614,0.000137,0.06609,0.003831,0.00049425,0.022232,172,29.9049,64.78,39881.5533,12.2532,3198,4264891,260.9929,348063.2154,0.7334,0.9233
flow_2235,0x100008bb,04,Video,34,correlator,127.3301,1475.3983,1064.342,196742.7046,443.5569,1258.7443,702.2176,1465.3983,763.1807,0.000117,0.139957,0.006591,0.0005921,0.024333,242,24.3247,46.0144,25889.7754,39.7506,6031,6419046,151.7209,161482.8773,0.7243,0.93
flow_2247,0x100008c7,04,Video,34,correlator,157.9529,1489.2312,1184.4156,78208.8192,279.6584,1412.0991,800.7458,1479.2312,678.4854,0.000817,0.059732,0.008619,0.00098257,0.031346,128,16.8108,52.4515,19910.9725,26.739,3102,3674057,116.0101,137404.1885,0.7904,0.8685
flow_2259,0x100008d3,04,Video,34,correlator,249.0422,1485.7429,965.9494,158664.7565,398.3274,1289.8221,816.7581,1475.7429,658.9849,0.000622,0.077682,0.013142,0.0003747,0.019357,77,10.146,48.6463,9800.5257,25.6422,1951,1884567,76.0856,73494.8676,0.7503,0.8656
flow_2271,0x100008df,04,Video,34,correlator,234.6027,1498.253,1094.2541,101928.343,319.2622,1405.4073,722.8768,1480.0,757.1232,0.000213,0.073589,0.014249,0.00034668,0.018619,147,17.5991,84.8221,19257.934,36.9352,2592,2836306,70.177,76791.4124,0.7388,0.9299
flow_2283,0x100008eb,04,Video,34,correlator,200.161,1468.5483,944.6918,105784.829,325.2458,1274.9495,712.9718,1458.5483,745.5765,0.000168,0.070589,0.013381,0.00129782,0.036025,164,11.8585,84.5352,11202.6735,34.7046,2593,2449585,74.7164,70583.9582,0.7291,0.8822
flow_2295,0x100008f7,04,Video,34,correlator,169.0729,1462.9197,956.7966,109564.4203,331.0052,1323.6878,724.5565,1452.9197,728.3632,0.000728,0.081767,0.008753,0.00015277,0.01236,61,25.3924,70.878,24295.4085,18.4908,2112,2020754,114.2187,109284.0756,0.8646,0.9053
flow_2307,0x10000903,04,Video,34,correlator,163.6775,1484.1163,1069.287,67143.772,259.1212,1163.6172,870.6506,1474.1163,603.4657,0.000709,0.130288,0.005056,0.00050117,0.022387,117,22.5458,45.856,24107.9347,15.8952,3144,3361838,197.7961,211500.7319,0.7262,0.9598
flow_2319,0x1000090f,04,Video,34,correlator,139.135,1484.5948,955.7853,150109.8786,387.4402,1142.1075,702.1649,1474.5948,772.43,0.000161,0.092483,0.011994,0.0003531,0.018791,121,11.1701,59.9458,10676.2248,39.3206,3278,3133064,83.366,79680.0092,0.7919,0.9084
flow_2331,0x1000091b,04,Video,34,correlator,206.9974,1467.4411,1102.5321,138539.0184,372.2083,1261.5275,656.57,1457.4411,800.8711,0.00055,0.059947,0.007127,0.00049862,0.02233,356,19.7884,71.505,21817.3888,55.1299,7735,8528085,140.3051,154690.8314,0.8638,0.8991
flow_2343,0x10000927,04,Video,34,correlator,175.7953,1477.59,1320.7621,146152.5042,382.299,1111.764,693.9505,1467.59,773.6396,0.000108,0.094859,0.010733,0.00052889,0.022998,177,21.1721,45.7358,27963.2407,57.1054,5320,7026454,93.1611,123043.6542,0.7871,0.9796
flow_2355,0x10000933,04,Video,34,correlator,231.8767,1495.2148,992.4976,154676.4433,393.2893,1395.6409,828.566,1480.0,651.434,0.000855,0.069562,0.00467,0.00058428,0.024172,285,22.7074,40.8632,22537.0389,37.8498,8104,8043200,214.1095,212503.1598,0.7755,0.9218
flow_2367,0x1000093f,04,Video,34,correlator,163.1186,1482.7883,1265.2452,77151.7427,277.762,1108.1839,832.7812,1472.7883,640.007,0.000441,0.089791,0.003832,0.0001358,0.011654,302,21.3771,74.2452,27047.2216,34.5432,9014,11404920,260.9485,330163.8233,0.73,0.891
flow_2379,0x1000094b,04,Video,34,correlator,179.841,1493.1848,1150.6633,65619.346,256.1627,1404.217,895.5057,1480.0,584.4943,0.000711,0.146628,0.005822,0.00071009,0.026648,306,17.2057,70.1786,19797.9126,35.2208,6049,6960362,171.7452,197620.9204,0.8145,0.8603
flow_2391,0x10000957,04,Video,34,correlator,252.2495,1496.1068,1016.0727,124547.2427,352.9125,1409.2419,675.3201,1480.0,804.6799,0.000536,0.145154,0.006571,0.00123749,0.035178,180,19.0825,60.1468,19389.1637,30.2481,4603,4676982,152.175,154620.8026,0.9035,0.9403
flow_2403,0x10000963,04,Video,34,correlator,217.5694,1485.5813,1247.2481,74298.6427,272.5778,1200.6669,719.0242,1475.5813,756.557,0.000558,0.112644,0.010854,0.00033491,0.018301,147,23.869,43.6015,29770.5117,53.5589,4934,6153922,92.1229,114900.0631,0.8978,0.8766
flow_2415,0x1000096f,04,Video,34,correlator,126.056,1477.4772,971.9171,72977.6822,270.1438,1130.9332,808.8192,1467.4772,658.658,0.000859,0.125308,0.009847,0.00046452,0.021553,168,23.9222,47.4627,23250.3924,44.7699,4546,4418335,101.5414,98689.7754,0.772,0.8888
flow_2427,0x1000097b,04,Video,34,correlator,203.7311,1483.6717,1296.127,63495.091,251.9823,1325.4584,791.4152,1473.6717,682.2564,0.000573,0.062764,0.01306,0.00024166,0.015545,110,22.4706,65.5124,29124.8144,43.65,3342,4331656,76.5636,99236.141,0.7887,0.9332
flow_2439,0x10000987,04,Video,34,correlator,205.3354,1470.7558,1054.421,145375.0049,381.2807,1269.349,899.4416,1460.7558,561.3141,0.000279,0.096391,0.006731,0.00038195,0.019544,403,29.2282,35.7237,30818.8241,52.1933,7753,8174925,148.544,156627.8917,0.881,0.9399
flow_2451,0x10000993,04,Video,34,correlator,128.6856,1498.7011,1075.6603,93601.1349,305.943,1407.9355,866.9237,1480.0,613.0763,0.000145,0.10514,0.013813,0.00012731,0.011283,83,15.2072,74.017,16357.7459,20.0113,1448,1557556,72.3592,77833.9338,0.8543,0.9521
flow_2463,0x1000099f,04,Video,34,correlator,126.3004,1463.9072,1348.153,146925.4822,383.3086,1069.9311,843.1413,1453.9072,610.7659,0.000955,0.052657,0.007333,0.00096296,0.031032,433,15.9447,69.482,21495.83,58.2861,7948,10715120,136.362,183836.7789,0.8632,0.8721
flow_2475,0x100009ab,04,Video,34,correlator,246.7091,1476.5991,973.5995,66675.9016,258.2168,1388.7947,874.0312,1466.5991,592.5679,0.000861,0.075489,0.008001,0.0009067,0.030111,182,17.1498,87.0297,16697.0803,43.4133,5425,5281777,124.9617,121662.6054,0.9134,0.9133
flow_2487,0x100009b7,04,Video,34,correlator,129.7372,1463.2671,966.3468,169825.9857,412.0995,1351.4932,802.0452,1453.2671,651.2219,0.000461,0.078439,0.003188,0.00033269,0.01824,770,10.3994,67.3327,10049.4258,39.8941,12515,12093830,313.7053,303148.1417,0.7729,0.9392
flow_2499,0x100009c3,04,Video,34,correlator,252.606,1487.7536,1134.3174,98354.6134,313.6154,1402.6331,896.4529,1477.7536,581.3007,0.000426,0.061123,0.003246,0.00035525,0.018848,450,23.9283,40.8798,27142.3134,22.6355,6974,7910729,308.0999,349483.0403,0.8975,0.9259
flow_2511,0x100009cf,04,Video,34,correlator,225.1641,1482.3458,1049.252,79357.1181,281.704,1151.1918,662.1198,1472.3458,810.226,0.000517,0.129922,0.00763,0.00016405,0.012808,56,12.463,71.0789,13076.8775,14.2863,1872,1964199,131.035,137488.7266,0.7681,0.9598
flow_2523,0x100009db,04,Video,34,correlator,205.9418,1464.2414,1147.2059,72518.5185,269.2926,1272.6591,695.4748,1454.2414,758.7666,0.0006,0.082977,0.004298,0.00127783,0.035747,116,28.8516,49.1325,33098.7076,16.7067,3887,4459189,232.6614,266910.5518,0.807,0.9339
flow_2535,0x100009e7,04,Video,34,correlator,225.2942,1462.4672,1302.1848,153618.9427,391.9425,1137.7448,717.6625,1452.4672,734.8046,0.000845,0.094637,0.014537,0.00077138,0.027774,97,17.1344,52.6288,22312.1575,49.2731,3389,4413104,68.7799,89564.1369,0.7286,0.9458
flow_2547,0x100009f3,04,Video,34,correlator,222.5892,1484.3712,1017.3847,196010.9252,442.7312,1114.4349,850.2892,1474.3712,624.082,0.000551,0.052805,0.013516,0.00018022,0.013425,122,25.5654,62.5703,26009.8841,42.8107,3167,3222057,73.9769,75262.9285,0.7908,0.8678
flow_2559,0x100009ff,04,Video,34,correlator,121.1254,1491.2599,1288.6187,181721.2142,426.2877,1175.4557,654.3116,1480.0,825.6884,0.000309,0.104257,0.013512,0.00014287,0.011953,123,23.6235,80.5771,30441.7201,51.1937,3788,4881287,73.9935,95349.4459,0.8571,0.9329
flow_2571,0x10000a0b,04,Video,34,correlator,132.7612,1466.113,1235.1124,176734.8859,420.3985,1398.5098,889.0737,1456.113,567.0392,0.000457,0.058216,0.014936,0.00013624,0.011672,86,10.7337,63.9481,13257.2925,44.5387,2981,3681870,66.9305,82666.7244,0.8267,0.8712
flow_2583,0x10000a17,04,Video,34,correlator,182.9219,1472.4453,1182.686,198035.4865,445.0118,1326.7815,850.7573,1462.4453,611.688,0.000162,0.12469,0.014733,0.00040895,0.020223,50,24.7675,65.7095,29292.1457,17.8126,1209,1429867,67.8732,80272.6777,0.7934,0.9169
flow_2595,0x10000a23,04,Video,34,correlator,210.5946,1474.6017,999.7883,160750.5641,400.9371,1179.0076,663.0922,1464.6017,801.5095,0.000939,0.147086,0.009123,0.00088165,0.029693,136,21.1444,64.3448,21139.9429,33.9081,3716,3715213,109.5902,109566.9911,0.7429,0.9372
flow_2607,0x10000a2f,04,Video,34,correlator,145.0415,1478.201,1343.9482,84963.4538,291.4849,1207.6853,713.6502,1468.201,754.5508,0.000247,0.064081,0.009499,0.00113343,0.033666,61,22.0415,80.1765,29622.6886,15.5551,1637,2200043,105.2386,141435.2361,0.8872,0.8633
flow_2619,0x10000a3b,04,Video,34,correlator,169.457,1485.5866,900.259,113031.2726,336.2012,1201.4778,684.6857,1475.5866,790.901,0.000209,0.073094,0.012825,0.00128138,0.035796,97,28.68,86.2239,25819.4157,42.3598,3302,2972655,77.9512,70176.2421,0.808,0.9782
flow_2631,0x10000a47,04,Video,34,correlator,239.0215,1484.0871,1257.1925,97998.5092,313.0471,1403.2225,686.847,1474.0871,787.2401,0.00038,0.091405,0.006313,0.00011104,0.010538,244,10.2103,85.8181,12836.2947,23.5828,3735,4695614,158.3782,199111.8393,0.867,0.9408
flow_2643,0x10000a53,04,Video,34,correlator,171.3165,1497.7505,1117.3361,103318.0262,321.4312,1191.2754,821.4036,1480.0,658.5964,0.000165,0.137406,0.011044,0.00094408,0.030726,150,12.5758,61.7684,14051.4397,57.9207,5244,5859310,90.5375,101160.8178,0.9078,0.9487
flow_2655,0x10000a5f,04,Video,34,correlator,137.0471,1491.5217,957.1631,108309.4094,329.1039,1202.6397,682.1168,1480.0,797.8832,0.000147,0.053315,0.003974,0.00014086,0.011868,379,18.5135,45.2707,17720.442,50.7724,12774,12226801,251.5936,240816.0592,0.7857,0.9564
flow_2667,0x10000a6b,04,Video,34,correlator,128.9017,1461.9834,984.603,103658.8933,321.961,1404.4731,710.2999,1451.9834,741.6835,0.000875,0.128476,0.013956,0.00095137,0.030844,241,19.5796,53.856,19278.0939,58.7085,4206,4141240,71.6421,70539.0292,0.7768,0.9081
flow_2679,0x10000a77,04,Video,34,correlator,236.4387,1492.6965,1017.036,176466.666,420.0794,1274.1256,828.0394,1480.0,651.9606,0.000696,0.080853,0.013565,0.00030068,0.01734,194,22.5067,45.5065,22890.1024,55.3399,4079,4148489,73.7081,74963.7759,0.794,0.8957
flow_2691,0x10000a83,04,Video,34,correlator,174.1867,1484.4891,1274.3704,115432.7691,339.754,1149.9216,670.0182,1474.4891,804.4709,0.000623,0.122067,0.012943,0.00072165,0.026864,144,22.3516,42.7023,28484.2534,41.0419,3171,4041028,77.2624,98460.9464,0.7792,0.9199
flow_2703,0x10000a8f,04,Video,34,correlator,185.8707,1484.9444,911.8152,150095.4811,387.4216,1328.7485,695.0622,1474.9444,779.8822,0.000642,0.116854,0.010792,0.00111373,0.033373,196,13.0859,60.9958,11931.927,45.6342,4228,3855154,92.6498,84479.5053,0.7664,0.9393
flow_2715,0x10000a9b,04,Video,34,correlator,226.3779,1493.8464,1279.5872,71985.8495,268.3018,1098.1178,654.6592,1480.0,825.3408,0.000134,0.096518,0.0045,0.0010543,0.03247,167,26.0573,77.1297,33342.5963,23.8616,5302,6784371,222.1982,284321.9109,0.7957,0.9703
flow_2727,0x10000aa7,04,Video,34,correlator,216.9807,1474.7411,1231.6108,138143.721,371.6769,1176.7477,886.314,1464.7411,578.4271,0.000859,0.143522,0.00723,0.00029598,0.017204,312,27.3898,45.1041,33733.6071,57.915,8010,9865202,138.3061,170339.2167,0.8978,0.9486
flow_2739,0x10000ab3,04,Video,34,correlator,219.478,1483.3714,1020.5861,76723.3454,276.9898,1272.4594,875.8395,1473.3714,597.532,0.00034,0.085356,0.013711,0.00031537,0.017759,50,10.6933,45.5229,10913.4765,23.7719,1733,1768675,72.9013,74402.0633,0.7257,0.961
flow_2751,0x10000abf,04,Video,34,correlator,188.8115,1491.6448,911.4972,178385.6476,422.3573,1279.2128,890.8131,1480.0,589.1869,0.000697,0.141398,0.006375,0.00039927,0.019982,281,25.9103,40.2163,23617.2103,49.976,7839,7145226,156.8554,142973.2867,0.8648,0.9252
flow_2763,0x10000acb,04,Video,34,correlator,198.7963,1476.3776,1035.6646,138979.1801,372.7991,1335.5837,873.2231,1466.3776,593.1545,0.000169,0.135401,0.008953,0.00033089,0.01819,268,14.1452,72.0365,14649.6901,52.9713,5916,6126991,111.6832,115666.3458,0.8713,0.9438
flow_2775,0x10000ad7,04,Video,34,correlator,246.0072,1488.3348,1240.455,146018.8749,382.1242,1268.6838,795.0089,1478.3348,683.326,0.000311,0.141519,0.009089,0.00108583,0.032952,179,14.2205,50.1835,17639.93,38.8557,4274,5301704,109.9968,136446.1153,0.8368,0.8697
flow_2787,0x10000ae3,04,Video,34,correlator,129.1312,1465.6718,909.6455,119243.6808,345.3168,1249.5541,671.5893,1455.6718,784.0824,0.000902,0.059926,0.005173,0.00028748,0.016955,222,27.4035,73.1224,24927.4409,35.5051,6863,6242897,193.2959,175830.7592,0.7731,0.8658
flow_2799,0x10000aef,04,Video,34,correlator,166.0958,1478.2378,942.8762,180023.8762,424.2922,1096.503,807.5996,1468.2378,660.6382,0.000328,0.07355,0.009832,0.00124377,0.035267,163,26.2362,44.5186,24737.4664,42.1056,4282,4037395,101.6968,95887.4345,0.7801,0.8507
flow_2811,0x10000afb,04,Video,34,correlator,159.062,1465.3831,1150.5334,173708.8449,416.7839,1071.6372,672.7164,1455.3831,782.6667,0.000331,0.072963,0.012563,0.00035154,0.018749,184,13.2179,57.3304,15207.6197,58.594,4663,5364937,79.5816,91561.25,0.7721,0.8719
flow_2823,0x10000b07,04,Video,34,correlator,201.1304,1479.2231,971.1711,178445.2778,422.4278,1405.8521,761.8945,1469.2231,707.3287,0.000372,0.099183,0.003242,0.00011927,0.010921,383,15.1477,46.5358,14711.0288,32.7748,10110,9818540,308.4685,299575.6972,0.9148,0.8865
flow_2835,0x10000b13,04,Video,34,correlator,250.9685,1479.3664,1268.5123,157259.6905,396.5598,1215.9319,772.8485,1469.3664,696.5179,0.000356,0.120375,0.006175,0.00101872,0.031917,335,13.1302,36.3684,16655.7938,53.9981,8744,11091871,161.9317,205412.3054,0.8546,0.8792
flow_2847,0x10000b1f,04,Video,34,correlator,157.8642,1466.8545,1278.7585,130305.7078,360.9788,1133.1561,816.1145,1456.8545,640.74,0.000187,0.13802,0.007458,0.0006789,0.026056,360,21.1815,54.914,27086.0561,40.5829,5441,6957724,134.0714,171444.8717,0.9011,0.868
flow_2859,0x10000b2b,04,Video,34,correlator,174.3769,1495.8219,1069.4125,112294.8254,335.1042,1328.7372,656.864,1480.0,823.136,0.000599,0.080988,0.007246,0.00087918,0.029651,181,20.1025,75.6579,21497.8949,43.5225,6006,6422891,137.9976,147576.3323,0.7597,0.9115
flow_2871,0x10000b37,04,Video,34,correlator,248.4136,1485.9813,998.8531,148939.9262,385.9274,1363.4075,673.8262,1475.9813,802.1552,0.00076,0.101561,0.014214,0.00123916,0.035202,103,13.0826,51.2187,13067.6301,40.99,2883,2879693,70.3342,70253.5245,0.7402,0.8982
flow_2883,0x10000b43,04,Video,34,correlator,201.8216,1491.2233,1082.5631,116858.7903,341.8462,1210.5231,856.8258,1480.0,623.1742,0.000728,0.103187,0.012768,0.00036928,0.019217,234,16.7207,53.4693,18101.1971,47.9145,3752,4061776,78.3062,84771.3466,0.8394,0.877
flow_2895,0x10000b4f,04,Video,34,correlator,177.0071,1477.0719,1321.1359,75001.4898,273.864,1106.2978,837.7166,1467.0719,629.3553,0.000773,0.112899,0.003269,0.00070769,0.026602,462,29.8835,82.2645,39480.1443,25.8146,7897,10433010,305.9117,404150.9278,0.8661,0.8743
flow_2907,0x10000b5b,04,Video,34,correlator,162.5173,1478.5986,976.42,107101.0466,327.263,1341.5463,840.9125,1468.5986,627.686,0.000213,0.135475,0.007326,0.00123919,0.035202,304,11.2027,85.6572,10938.5155,58.9897,8052,7862133,136.4984,133279.7642,0.8074,0.8723
flow_2919,0x10000b67,04,Video,34,correlator,187.2489,1460.6764,984.0772,144583.55,380.2414,1248.0756,858.4286,1450.6764,592.2478,0.000367,0.058217,0.012623,0.00035427,0.018822,153,16.7259,73.6958,16459.6181,48.3059,3826,3765079,79.2036,77942.4898,0.7748,0.9121
flow_2931,0x10000b73,04,Video,34,correlator,131.2705,1491.591,986.9007,95466.6256,308.9767,1318.716,817.8596,1480.0,662.1404,0.00048,0.118987,0.004646,0.00050553,0.022484,267,21.9345,39.5556,21647.162,24.5255,5279,5209848,215.2455,212425.8838,0.8538,0.9071
flow_2943,0x10000b7f,04,Video,34,correlator,214.6187,1474.9776,931.7652,188942.9696,434.6757,1325.9308,892.7496,1464.9776,572.228,0.000696,0.134563,0.013384,0.00044717,0.021146,107,16.1517,59.06,15049.5611,21.786,1627,1515981,74.681,69585.089,0.8449,0.8842
flow_2955,0x10000b8b,04,Video,34,correlator,173.1342,1493.3459,1349.4828,122677.8563,350.254,1428.7379,767.2196,1480.0,712.7804,0.0005,0.077079,0.011571,0.00011942,0.010928,168,22.8002,48.96,30768.4177,50.0725,4327,5839211,86.4148,116615.2176,0.7434,0.9385
flow_2967,0x10000b97,04,Video,34,correlator,209.4447,1494.4848,1066.7578,92567.7586,304.2495,1385.7473,861.6915,1480.0,618.3085,0.000266,0.088848,0.01402,0.00094204,0.030693,98,25.8945,41.8552,27623.1791,27.7478,1979,2111113,71.3209,76082.0601,0.8158,0.9625
flow_2979,0x10000ba3,04,Video,34,correlator,189.049,1476.4054,966.1285,86257.4853,293.6962,1088.3338,668.0736,1466.4054,798.3318,0.000652,0.12269,0.009793,0.00079426,0.028183,103,24.9537,74.1053,24108.4474,31.512,3217,3108035,102.0881,98630.186,0.8732,0.8801
flow_2991,0x10000baf,04,Video,34,correlator,132.8911,1490.3713,1049.7795,79284.2524,281.5746,1135.8132,791.1239,1480.0,688.8761,0.000877,0.117539,0.007104,0.00011241,0.010602,262,21.1875,60.3206,22242.1616,57.8503,8142,8547305,140.7425,147748.5803,0.9093,0.9051
flow_3003,0x10000bbb,04,Video,34,correlator,222.308,1477.0426,1044.0135,169824.8494,412.0981,1085.5782,829.6645,1467.0426,637.3781,0.000599,0.114098,0.013844,0.00019274,0.013883,51,15.0459,76.4468,15708.1534,18.3725,1327,1385405,72.2275,75406.414,0.8336,0.9034
flow_3015,0x10000bc7,04,Video,34,correlator,167.5866,1460.5117,1125.2766,195185.1103,441.7976,1304.2445,795.259,1450.5117,655.2527,0.000442,0.126821,0.014598,0.00030772,0.017542,143,25.0213,49.6966,28155.8924,40.5352,2776,3123767,68.4837,77063.0383,0.8318,0.9613
flow_3027,0x10000bd3,04,Video,34,correlator,219.4449,1478.3941,917.8659,169125.6912,411.2489,1146.7331,820.3027,1468.3941,648.0915,0.000519,0.096844,0.004369,0.0003823,0.019552,224,15.5473,44.1593,14270.3552,25.1154,5749,5276811,228.9038,210102.9857,0.7467,0.9663
flow_3039,0x10000bdf,04,Video,34,correlator,121.9566,1461.6085,1154.1757,181269.3668,425.7574,1284.1273,651.3854,1451.6085,800.2232,0.00021,0.131156,0.010656,0.00036529,0.019113,126,13.3013,41.387,15352.0565,39.6697,3722,4295841,93.8249,108290.3379,0.8229,0.9186
flow_3051,0x10000beb,04,Video,34,correlator,211.4226,1462.217,1031.8247,133530.6991,365.4185,1311.6591,765.8183,1452.217,686.3987,0.000734,0.139154,0.006039,0.00023117,0.015204,314,22.0541,82.5379,22755.9573,59.0388,9775,10086086,165.5691,170838.2773,0.7979,0.9647
flow_3063,0x10000bf7,04,Video,34,correlator,233.3665,1468.0763,1086.4558,144655.5512,380.3361,1389.6715,798.0217,1458.0763,660.0546,0.000216,0.104052,0.010402,0.00012902,0.011359,105,17.6849,44.6229,19213.8758,29.7909,2863,3110522,96.1032,104411.8718,0.8794,0.9599
flow_3075,0x10000c03,04,Video,34,correlator,232.2144,1488.6683,1336.309,172027.2716,414.7617,1367.9474,826.3459,1478.6683,652.3224,0.000975,0.094897,0.00992,0.00010579,0.010286,224,19.1212,60.4293,25551.8352,50.2458,5065,6768405,100.8044,134705.787,0.918,0.8775
flow_3087,0x10000c0f,04,Video,34,correlator,237.5089,1496.5769,1176.2977,175242.251,418.6195,1179.4475,887.9942,1480.0,592.0058,0.000243,0.127701,0.005082,0.00026823,0.016378,217,20.2013,57.1802,23762.7414,32.8558,6465,7604764,196.7692,231459.1011,0.8993,0.9062
flow_3099,0x10000c1b,04,Video,34,correlator,197.7182,1489.1804,976.2093,166056.8452,407.5007,1126.531,736.0779,1479.1804,743.1025,0.000901,0.146981,0.011804,0.00127387,0.035691,110,13.2574,60.9941,12942.0106,31.0438,2629,2566454,84.6869,82672.0946,0.8761,0.859
flow_3111,0x10000c27,04,Video,34,correlator,250.24,1498.6403,968.4179,121041.538,347.9102,1397.9358,754.1328,1480.0,725.8672,0.000534,0.069003,0.009218,0.00135335,0.036788,62,20.2921,85.5963,19651.2196,13.8563,1503,1455532,108.4703,105044.5915,0.8784,0.8582
flow_3123,0x10000c33,04,Video,34,correlator,252.1479,1477.8161,1197.1781,151239.4695,388.8952,1353.6149,709.8083,1467.8161,758.0078,0.000374,0.088757,0.009869,0.00079549,0.028205,148,17.2327,69.4129,20630.5793,45.6643,4627,5539343,101.3264,121305.7684,0.8529,0.9708
flow_3135,0x10000c3f,04,Video,34,correlator,124.3804,1494.4264,1032.7859,141724.8876,376.4637,1295.3257,729.4417,1480.0,750.5583,0.000903,0.076286,0.005135,0.00028898,0.016999,204,12.3684,82.8904,12773.8703,35.6041,6933,7160304,194.7247,201108.9249,0.8687,0.9131
flow_3147,0x10000c4b,04,Video,34,correlator,248.2245,1483.0548,1154.5965,81962.5212,286.291,1251.4318,757.1435,1473.0548,715.9113,0.000694,0.149729,0.010749,0.00071072,0.026659,40,27.0969,48.4827,31285.9957,13.3251,1239,1430545,92.9827,107357.5124,0.8715,0.8636
flow_3159,0x10000c57,04,Video,34,correlator,195.1103,1475.1762,1305.5004,73894.3818,271.8352,1408.464,792.0484,1465.1762,673.1278,0.000149,0.112101,0.014398,0.00023317,0.01527,87,22.029,63.2858,28758.8796,37.2894,2589,3379940,69.4299,90640.7586,0.9005,0.892
flow_3171,0x10000c63,04,Video,34,correlator,134.2571,1494.0577,1218.4507,75068.7078,273.9867,1066.6714,809.6503,1480.0,670.3497,0.000157,0.147969,0.006265,0.00012356,0.011116,156,15.3306,86.4431,18679.5481,22.7086,3624,4415665,159.5874,194449.4098,0.7348,0.9206
flow_3183,0x10000c6f,04,Video,34,correlator,209.6674,1466.2667,937.084,122450.6279,349.9295,1365.4821,831.3994,1456.2667,624.8673,0.000256,0.14308,0.009995,0.00084126,0.029005,121,12.8001,86.492,11994.7353,22.1987,2220,2080326,100.006,93713.996,0.8122,0.9193
flow_3195,0x10000c7b,04,Video,34,correlator,121.0255,1470.3027,1336.8418,119004.2122,344.9699,1291.3727,668.8057,1460.3027,791.497,0.000143,0.102357,0.010443,0.00092895,0.030479,100,22.296,69.0592,29806.2714,18.8166,1801,2407652,95.7132,127953.4441,0.8308,0.9163
flow_3207,0x10000c87,04,Video,34,correlator,175.4803,1489.2996,1070.2372,115038.1315,339.1727,1218.1712,829.4177,1479.2996,649.8819,0.000287,0.124145,0.011044,0.00089405,0.029901,158,22.7917,35.6488,24392.5104,26.2175,2373,2539672,90.5121,96869.3346,0.7396,0.8553
flow_3219,0x10000c93,04,Video,34,correlator,154.1489,1498.9756,1110.1659,126453.7026,355.6033,1334.4331,780.5005,1480.0,699.4995,0.000355,0.133566,0.011801,0.00108592,0.032953,66,22.7331,66.2694,25237.498,24.611,2085,2314696,84.7181,94051.1518,0.8128,0.9209
flow_3231,0x10000c9f,04,Video,34,correlator,182.1927,1467.0735,1318.8581,80378.5276,283.5111,1071.1565,716.8162,1457.0735,740.2572,0.000484,0.126444,0.003058,0.00018164,0.013477,227,29.758,60.5299,39246.5226,22.2586,7278,9598648,326.9746,431233.0513,0.9184,0.9251
flow_3243,0x10000cab,04,Video,34,correlator,256.7851,1465.8052,1167.8747,151187.686,388.8286,1162.0849,657.9664,1455.8052,797.8387,0.000498,0.079254,0.004957,0.00019422,0.013936,363,20.797,81.881,24288.3155,57.3304,11565,13506470,201.7255,235590.0438,0.837,0.9696
flow_3255,0x10000cb7,04,Video,34,correlator,124.822,1486.3577,1054.0931,91666.7043,302.7651,1101.3295,853.3548,1476.3577,623.0029,0.000219,0.10141,0.0095,0.0004786,0.021877,149,20.5366,72.4982,21647.4526,24.8348,2614,2755399,105.2554,110949.0032,0.7314,0.8573
flow_3267,0x10000cc3,04,Video,34,correlator,131.6091,1493.1796,1163.4034,79893.2242,282.6539,1091.8822,765.681,1480.0,714.319,0.000158,0.079918,0.007145,0.0001036,0.010178,216,11.3271,44.4451,13178.0406,49.5761,6938,8071692,139.9466,162814.3346,0.7878,0.9345
flow_3279,0x10000ccf,04,Video,34,correlator,186.2787,1485.8426,1106.3733,181733.6544,426.3023,1297.1165,806.1266,1475.8426,669.716,0.00072,0.085552,0.01465,0.00027644,0.016626,88,28.4557,58.4906,31482.6298,40.7482,2781,3076824,68.2484,75508.1781,0.8864,0.8936
flow_3291,0x10000cdb,04,Video,34,correlator,216.0434,1473.9779,1065.4011,145980.3403,382.0737,1207.571,775.4695,1463.9779,688.5084,0.000641,0.118325,0.007545,0.00096187,0.031014,220,20.1905,48.9815,21511.0119,51.4045,6813,7258577,132.5371,141205.1369,0.7927,0.9218
flow_3303,0x10000ce7,04,Video,34,correlator,167.6788,1488.9585,1264.2858,157203.3632,396.4888,1187.2746,707.221,1478.9585,771.7374,0.000961,0.112732,0.007293,0.00034022,0.018445,288,17.2858,60.6391,21854.1349,43.5627,5973,7551579,137.1126,173349.5563,0.9153,0.9368
flow_3315,0x10000cf3,04,Video,34,correlator,222.8592,1495.9753,1031.547,110008.0563,331.6746,1215.9955,882.9533,1480.0,597.0467,0.000757,0.059654,0.008684,9.506e-05,0.00975,192,25.2542,65.2579,26050.8717,42.2755,4868,5021570,115.1494,118781.9929,0.755,0.9662
flow_3327,0x10000cff,04,Video,34,correlator,249.6499,1496.7285,1320.6717,63941.4767,252.8665,1255.8574,654.5597,1480.0,825.4403,0.000487,0.055262,0.010254,0.00053035,0.023029,78,14.8402,44.8358,19598.9844,17.0338,1661,2193635,97.5123,128781.6824,0.8903,0.8537
flow_3339,0x10000d0b,04,Video,34,correlator,147.8389,1495.4612,1150.8308,199739.5042,446.9223,1236.2596,888.3605,1480.0,591.6395,0.000244,0.060408,0.009526,0.00038769,0.01969,223,18.1546,86.5465,20892.9301,45.9209,4820,5547004,104.9631,120794.7245,0.76,0.8985
flow_3351,0x10000d17,04,Video,34,correlator,172.0083,1499.8531,1204.0815,147824.0896,384.479,1123.6486,810.7121,1480.0,669.2879,0.000532,0.114755,0.013553,0.00062304,0.024961,191,13.2621,70.818,15968.6125,50.7287,3742,4505673,73.7649,88818.9701,0.7269,0.9573
flow_3363,0x10000d23,04,Video,34,correlator,162.2396,1491.2974,1113.9589,198538.2398,445.5763,1087.2515,805.1637,1480.0,674.8363,0.000856,0.077612,0.0145,0.00017036,0.013052,81,24.7125,36.9691,27528.7361,21.6318,1491,1660912,68.9264,76781.1986,0.8041,0.9406
flow_3375,0x10000d2f,04,Video,34,correlator,204.339,1460.8665,1302.4691,69649.1398,263.9112,1052.1308,751.4877,1450.8665,699.3787,0.000821,0.114933,0.013189,0.00122699,0.035028,79,25.1338,45.0993,32736.0555,32.4747,2462,3206678,75.8128,98743.8606,0.8632,0.953
flow_3387,0x10000d3b,04,Video,34,correlator,205.8266,1488.2343,968.7965,97178.0128,311.7339,1132.4879,681.3692,1478.2343,796.8651,0.000164,0.070696,0.008042,0.0002187,0.014788,166,19.2584,68.5135,18657.4858,41.7067,5186,5024178,124.3444,120464.4367,0.8501,0.9347
flow_3399,0x10000d47,04,Video,34,correlator,177.1413,1494.1431,1118.0793,157852.2784,397.3063,1368.7579,866.2266,1480.0,613.7734,0.000684,0.061123,0.013738,0.00029105,0.01706,209,17.8075,86.1875,19910.2395,58.5068,4258,4760781,72.7778,81371.3605,0.846,0.8875
flow_3411,0x10000d53,04,Video,34,correlator,131.6701,1470.5939,1164.8878,77003.6279,277.4953,1314.6842,759.5492,1460.5939,701.0447,0.000457,0.092886,0.013394,0.00043476,0.020851,190,16.8261,49.7334,19600.514,46.2588,3453,4022357,74.6453,86953.3288,0.7976,0.9685
flow_3423,0x10000d5f,04,Video,34,correlator,133.0521,1485.1882,1129.3293,103658.5549,321.9605,1185.0566,895.7717,1475.1882,579.4164,0.000419,0.109957,0.007866,0.00011298,0.010629,286,13.3637,77.3151,15092.0222,37.3335,4746,5359796,127.1245,143565.3951,0.7214,0.88
flow_3435,0x10000d6b,04,Video,34,correlator,245.6036,1472.4611,910.2285,173301.1086,416.2945,1398.8792,653.888,1462.4611,808.5731,0.000104,0.080486,0.007671,0.00103667,0.032197,179,11.7594,48.6934,10703.7595,24.3948,3180,2894526,130.3555,118653.233,0.76,0.9767
flow_3447,0x10000d77,04,Video,34,correlator,206.3999,1474.9727,1210.3205,144096.6204,379.6006,1310.7952,872.5484,1464.9727,592.4243,0.000131,0.120006,0.006218,0.00019815,0.014076,179,11.4666,85.9812,13878.3164,28.0997,4518,5468228,160.7845,194600.7807,0.8377,0.8662
flow_3459,0x10000d83,04,Video,34,correlator,216.7973,1480.9513,1164.6401,147183.8379,383.6455,1214.737,683.2111,1470.9513,787.7402,0.000648,0.086902,0.012745,0.00040037,0.020009,99,21.5702,42.751,25121.5137,35.1445,2757,3210912,78.4474,91363.0141,0.7671,0.8726
flow_3471,0x10000d8f,04,Video,34,correlator,207.8075,1487.5909,936.6812,146945.1766,383.3343,1343.9974,887.4962,1477.5909,590.0947,0.000949,0.129193,0.012577,0.00015203,0.01233,33,16.0794,68.2767,15061.2786,12.1602,966,904834,79.4392,74409.1712,0.7766,0.9449
flow_3483,0x10000d9b,04,Video,34,correlator,240.646,1470.7148,1107.3646,177228.3467,420.985,1419.1399,773.9009,1460.7148,686.8139,0.000379,0.115891,0.014142,0.00019534,0.013976,61,27.979,88.5488,30982.9867,23.4247,1656,1833795,70.6945,78284.5789,0.827,0.9458
flow_3495,0x10000da7,04,Video,34,correlator,228.813,1494.6247,1121.9123,121274.2208,348.2445,1234.6366,785.0179,1480.0,694.9821,0.00045,0.125013,0.013298,0.00012752,0.011292,242,10.8694,79.2805,12194.535,58.2748,4382,4916219,75.1955,84362.739,0.9141,0.9429
flow_3507,0x10000db3,04,Video,34,correlator,169.297,1491.9189,1330.7515,167535.9236,409.3115,1226.1312,740.1799,1480.0,739.8201,0.000498,0.085422,0.005533,0.00028992,0.017027,279,13.8699,49.3418,18457.3327,42.9176,7757,10322639,180.7416,240522.1921,0.729,0.8997
flow_3519,0x10000dbf,04,Video,34,correlator,159.4593,1488.5207,1300.3497,83854.718,289.5768,1095.9252,720.246,1478.5207,758.2747,0.000902,0.111679,0.012572,0.00083838,0.028955,172,28.3669,82.86,36886.9509,56.0721,4460,5799559,79.5405,103430.4473,0.8147,0.8508
flow_3531,0x10000dcb,04,Video,34,correlator,131.6477,1463.5064,921.382,116173.7192,340.8427,1216.852,833.356,1453.5064,620.1504,0.000886,0.067092,0.00953,0.00106865,0.03269,50,10.1996,56.6632,9397.7628,13.9809,1467,1351667,104.9288,96679.4432,0.7308,0.9097
flow_3543,0x10000dd7,04,Video,34,correlator,168.2438,1480.4554,1118.0374,74188.233,272.3752,1247.2551,781.4538,1470.4554,689.0017,0.000299,0.086772,0.0099,0.00024321,0.015595,175,24.1228,67.1818,26970.1974,37.8095,3819,4269784,101.0063,112928.7674,0.7426,0.8791
flow_3555,0x10000de3,04,Video,34,correlator,179.0078,1462.0156,1027.9149,173996.7385,417.1292,1225.7706,746.1287,1452.0156,705.887,0.000426,0.1287,0.004774,0.00041015,0.020252,488,18.2057,88.6374,18713.9077,52.681,11034,11342013,209.4494,215296.1924,0.7956,0.9317
flow_3567,0x10000def,04,Video,34,correlator,191.867,1461.0679,1096.9808,189544.6518,435.3673,1390.2041,719.6999,1451.0679,731.368,0.000586,0.061413,0.012844,0.00054177,0.023276,149,29.1039,78.0597,31926.4738,52.1533,4060,4453742,77.8474,85397.1467,0.8133,0.9614
flow_3579,0x10000dfb,04,Video,34,correlator,123.4299,1494.8234,1297.183,78096.5421,279.4576,1436.4634,835.3233,1480.0,644.6767,0.00035,0.072945,0.004514,0.0001699,0.013035,82,12.5294,89.4152,16252.9818,12.1933,2701,3503691,221.5148,287345.1782,0.7728,0.9247
flow_3591,0x10000e07,04,Video,34,correlator,207.6826,1462.5208,1238.1549,90614.0741,301.0217,1187.9069,723.4604,1452.5208,729.0605,0.000974,0.05695,0.012621,0.00137451,0.037074,132,28.6007,66.7868,35412.1567,44.5353,3528,4368210,79.2181,98084.32,0.8115,0.9084
flow_3603,0x10000e13,04,Video,34,correlator,257.1889,1472.7835,937.9854,123313.6715,351.1605,1193.1965,843.1023,1462.7835,619.6812,0.000706,0.099263,0.010157,0.0001239,0.011131,243,20.1953,64.0596,18942.9314,41.5779,4093,3839174,98.4418,92336.9984,0.7492,0.9299
flow_3615,0x10000e1f,04,Video,34,correlator,186.8404,1471.4394,929.0418,173624.0141,416.6821,1086.6393,876.6405,1461.4394,584.7989,0.000968,0.123901,0.007789,0.0004686,0.021647,154,12.9963,70.1345,12074.1033,25.3844,3259,3027747,128.3861,119276.0344,0.8522,0.9656
flow_3627,0x10000e2b,04,Video,34,correlator,166.9605,1463.8676,1031.8302,143440.3055,378.7351,1382.5224,720.3507,1453.8676,733.5169,0.000669,0.119885,0.013171,0.00109632,0.033111,170,29.7294,55.9987,30675.6771,50.3151,3820,3941591,75.9215,78338.1393,0.737,0.9453
flow_3639,0x10000e37,04,Video,34,correlator,256.5522,1481.4274,1101.1883,98783.633,314.2986,1296.2645,818.1966,1471.4274,653.2308,0.000559,0.112432,0.014249,0.00036471,0.019097,204,28.0067,44.7684,30840.6066,46.0211,3229,3555737,70.1635,77263.2549,0.765,0.9403
flow_3651,0x10000e43,04,Video,34,correlator,193.7464,1482.8371,1292.4251,144985.2789,380.7693,1143.0184,807.2343,1472.8371,665.6028,0.000337,0.140964,0.01069,0.00036651,0.019144,101,21.7828,51.9609,28152.6273,19.3893,1813,2343166,93.5053,120848.6126,0.8208,0.8848
flow_3663,0x10000e4f,04,Video,34,correlator,126.6091,1491.6354,1182.3394,167593.3663,409.3817,1231.2859,820.2918,1480.0,659.7082,0.000724,0.145266,0.00987,0.00011641,0.010789,164,15.1267,69.9551,17884.913,28.4557,2882,3407502,101.2801,119747.4625,0.9167,0.9555
flow_3675,0x10000e5b,04,Video,34,correlator,145.7174,1467.5166,1281.365,99695.2148,315.7455,1086.527,689.5378,1457.5166,767.9788,0.000151,0.055487,0.010933,0.00037402,0.01934,45,27.0,81.4861,34596.8761,14.8541,1358,1740093,91.4227,117145.7985,0.8291,0.901
flow_3687,0x10000e67,04,Video,34,correlator,154.8454,1471.3046,922.7135,101151.2673,318.0429,1085.0717,790.4802,1461.3046,670.8244,0.000531,0.08811,0.005219,0.00027788,0.01667,153,11.167,83.4196,10303.9148,27.4323,5256,4849781,191.5991,176791.0625,0.9057,0.9758
flow_3699,0x10000e73,04,Video,34,correlator,219.0877,1462.8384,936.3328,83129.5901,288.322,1248.7305,853.846,1452.8384,598.9924,0.000413,0.057368,0.007403,0.00012478,0.011171,116,27.617,84.1458,25858.7448,21.041,2842,2661057,135.0696,126470.0734,0.8608,0.9595
flow_3711,0x10000e7f,04,Video,34,correlator,248.7945,1489.1897,1053.6404,94751.0965,307.8167,1338.5549,894.6127,1479.1897,584.577,0.000904,0.076474,0.006486,0.00029748,0.017248,141,26.016,48.7405,27411.525,31.9372,4924,5188125,154.1777,162447.8664,0.9105,0.9597
flow_3723,0x10000e8b,04,Video,34,correlator,145.391,1495.5118,910.8344,62774.9589,250.5493,1248.7959,679.3837,1480.0,800.6163,0.000742,0.145322,0.005272,0.00022016,0.014838,197,16.5937,70.0696,15114.0761,17.8165,3379,3077709,189.6552,172744.4888,0.7939,0.8862
flow_3735,0x10000e97,04,Video,34,correlator,194.3693,1494.1339,1055.1757,111918.8139,334.5427,1339.7182,740.5938,1480.0,739.4062,0.000151,0.124987,0.010948,0.00095845,0.030959,315,11.6344,68.8497,12276.2893,57.326,5236,5524900,91.3373,96376.8875,0.8553,0.9101
flow_3747,0x10000ea3,04,Video,34,correlator,228.3518,1477.6762,1169.4475,92445.8251,304.0491,1256.8255,765.0497,1467.6762,702.6265,0.000644,0.064883,0.003196,0.00015152,0.012309,616,11.7187,87.3449,13704.456,48.9142,15306,17899563,312.9155,365938.2841,0.8877,0.9331
flow_3759,0x10000eaf,04,Video,34,correlator,228.6741,1497.3329,1018.4351,112384.6744,335.2382,1295.4489,801.6837,1480.0,678.3163,0.00095,0.058791,0.009756,0.00037724,0.019423,276,21.1144,45.1369,21503.683,42.3877,4344,4424081,102.4826,104371.8358,0.7369,0.8569
flow_3771,0x10000ebb,04,Video,34,correlator,237.5828,1495.8098,1317.8086,159098.6861,398.8718,1350.8351,846.8105,1480.0,633.1895,0.00026,0.100036,0.011103,0.00018594,0.013636,260,20.9281,83.7923,27579.1817,45.1489,4066,5358209,90.0576,118678.7141,0.7452,0.8907
flow_3783,0x10000ec7,04,Video,34,correlator,191.5152,1490.8197,1234.2306,84075.9718,289.9586,1256.9663,731.289,1480.0,748.711,0.000285,0.069613,0.014899,0.00046153,0.021483,114,25.9936,61.4287,32082.0602,59.7892,4012,4951733,67.1024,82819.8388,0.8532,0.9413
flow_3795,0x10000ed3,04,Video,34,correlator,179.1473,1464.3526,1203.841,93148.2646,305.202,1170.3231,825.2847,1454.3526,629.0678,0.000763,0.134196,0.011804,0.00058291,0.024143,106,10.2452,36.6095,12333.6073,36.4248,3085,3713849,84.695,101959.331,0.8405,0.9326
flow_3807,0x10000edf,04,Video,34,correlator,156.3582,1488.8437,910.7355,163179.2861,403.9546,1433.5535,896.6037,1478.8437,582.24,0.000437,0.142461,0.012013,0.00075696,0.027513,98,21.3392,84.331,19434.3633,35.0716,2919,2658436,83.2297,75800.2319,0.8579,0.8899
flow_3819,0x10000eeb,04,Video,34,correlator,222.7212,1490.7468,949.221,111672.2429,334.174,1362.4915,651.7388,1480.0,828.2612,0.000556,0.102224,0.00477,0.00043714,0.020908,382,29.0231,88.1099,27549.3674,54.7773,11482,10898955,209.6123,198968.4203,0.7301,0.8631
flow_3831,0x10000ef7,04,Video,34,correlator,228.2073,1489.3773,1093.0688,116987.5014,342.0344,1431.1694,789.9266,1479.3773,689.4506,0.000294,0.127801,0.00751,0.00013172,0.011477,245,25.9177,83.1866,28329.8261,56.4825,7520,8219877,133.1386,145529.6319,0.809,0.8681
flow_3843,0x10000f03,04,Video,34,correlator,170.583,1498.9116,916.7529,134141.4894,366.2533,1237.4965,793.6168,1480.0,686.3832,0.000774,0.087628,0.0095,0.00013266,0.011518,234,19.8062,54.8769,18157.4138,59.8142,6296,5771876,105.2592,96496.6981,0.8277,0.9115
flow_3855,0x10000f0f,04,Video,34,correlator,227.0371,1483.4805,1166.2112,122287.4536,349.6962,1423.2855,721.2513,1473.4805,752.2291,0.000553,0.098558,0.008674,0.00020439,0.014297,234,12.8607,87.2318,14998.2653,49.0387,5653,6592591,115.2764,134436.6326,0.7736,0.8818
flow_3867,0x10000f1b,04,Video,34,correlator,133.7131,1490.9796,1314.2817,167052.6317,408.7207,1381.4237,870.2271,1480.0,609.7729,0.00073,0.118051,0.004151,0.00098242,0.031344,360,22.1783,50.719,29148.598,30.3575,7314,9612656,240.9289,316648.3818,0.9034,0.9291
flow_3879,0x10000f27,04,Video,34,correlator,199.2127,1462.1725,1038.7706,159182.4363,398.9767,1328.2196,697.3044,1452.1725,754.868,0.000753,0.104696,0.008367,9.609e-05,0.009803,324,23.1385,66.5002,24035.5784,58.9948,7051,7324371,119.5191,124152.8902,0.831,0.9052
flow_3891,0x10000f33,04,Video,34,correlator,148.4392,1478.652,1255.7374,82560.747,287.3339,1309.1016,834.8499,1468.652,633.8021,0.000295,0.102589,0.006066,0.0008238,0.028702,427,23.543,42.3301,29563.7978,46.415,7651,9607646,164.839,206994.4191,0.7342,0.8954
flow_3903,0x10000f3f,04,Video,34,correlator,204.9189,1477.6014,1090.1426,180782.734,425.1855,1293.269,820.3268,1467.6014,647.2746,0.000502,0.090184,0.013577,0.00015723,0.012539,111,18.9982,41.4407,20710.7411,48.044,3538,3856924,73.6408,80278.9994,0.8723,0.9518
flow_3915,0x10000f4b,04,Video,34,correlator,203.6828,1477.2974,1091.2783,85212.5212,291.9118,1227.8585,887.0202,1467.2974,580.2771,0.000692,0.096139,0.010055,0.00086408,0.029395,165,10.3093,82.474,11250.3626,31.546,3137,3423340,99.4422,108519.1515,0.7755,0.9269
flow_3927,0x10000f57,04,Video,34,correlator,140.6609,1462.7121,1257.0363,123284.5147,351.1189,1265.0619,720.3194,1452.7121,732.3927,0.000429,0.128791,0.014667,0.00133094,0.036482,103,27.234,59.1686,34234.0767,50.5065,3443,4327975,68.1695,85691.4959,0.7922,0.9716
flow_3939,0x10000f63,04,Video,34,correlator,186.3192,1472.1538,1117.7686,129364.2759,359.6725,1376.8569,827.2563,1462.1538,634.8975,0.000794,0.146111,0.013343,0.00039061,0.019764,49,21.9275,67.2145,24509.8547,15.781,1182,1321202,74.9,83720.8479,0.8226,0.9569
flow_3951,0x10000f6f,04,Video,34,correlator,129.8269,1485.1836,1079.8016,173623.9616,416.6821,1128.3855,725.1259,1475.1836,750.0578,0.000836,0.147343,0.009155,0.00046222,0.021499,121,25.4872,39.1027,27521.132,17.1231,1870,2019229,109.2095,117924.6084,0.768,0.8954
flow_3963,0x10000f7b,04,Video,34,correlator,135.3703,1481.4035,910.6525,101431.7393,318.4835,1239.8767,788.1227,1471.4035,683.2807,0.000836,0.121996,0.009214,0.00018614,0.013643,177,26.6452,71.5357,24264.5523,53.4412,5799,5280874,108.5118,98816.5608,0.808,0.9326
flow_3975,0x10000f87,04,Video,34,correlator,162.1661,1479.8741,1293.7111,119434.1514,345.5925,1159.4314,753.9089,1469.8741,715.9651,0.000818,0.132047,0.008315,0.00026437,0.016259,261,12.0582,62.9988,15599.7788,33.364,4012,5190368,120.2494,155567.9047,0.7722,0.893
flow_3987,0x10000f93,04,Video,34,correlator,205.2261,1462.1846,1095.0446,133850.945,365.8565,1067.0991,855.9056,1452.1846,596.279,0.000802,0.068156,0.012662,0.0008958,0.02993,95,22.4641,63.4643,24599.1811,36.5705,2888,3162488,78.9708,86476.5454,0.791,0.9361
flow_3999,0x10000f9f,04,Video,34,correlator,225.7363,1461.5607,1068.8752,137390.8276,370.6627,1135.2292,722.7703,1451.5607,728.7904,0.000368,0.053585,0.010398,0.00040935,0.020232,68,18.1182,36.6189,19366.0691,19.3415,1860,1988107,96.1664,102789.8467,0.7901,0.8975
flow_4011,0x10000fab,04,Web,0,correlator,102.9426,1483.0825,819.7341,208715.4654,456.8539,516.6821,169.4677,1303.6504,1134.1828,0.003162,1.997213,0.106681,0.13279862,0.364415,29,6.1878,24.734,5072.3826,19.5551,183,150011,9.3582,7671.1958,0.393,0.2806
flow_4023,0x10000fb7,04,Web,0,correlator,99.0439,1494.6368,712.1546,230416.3907,480.0171,285.1546,183.1696,1246.9126,1063.743,0.001339,0.520584,0.119301,0.09008034,0.300134,12,5.6691,12.2156,4037.243,11.2535,94,66942,8.353,5948.5596,0.4741,0.3357
flow_4035,0x10000fc3,04,Web,0,correlator,125.4912,1488.0845,844.0489,122644.1907,350.2059,509.1967,135.6204,1203.2344,1067.614,0.002341,2.45209,0.149803,0.08245675,0.287153,21,6.2458,15.223,5271.7227,26.2871,175,147708,6.6572,5619.0201,0.2906,0.2383
flow_4047,0x10000fcf,04,Web,0,correlator,120.0532,1487.0768,820.3609,223697.9937,472.9672,286.2704,157.5996,1111.5003,953.9007,0.001711,2.503017,0.169087,0.00787766,0.088756,18,8.0254,24.6715,6583.7186,27.9338,165,135359,5.9068,4845.7104,0.3975,0.2308
flow_4059,0x10000fdb,04,Web,0,correlator,97.973,1479.1242,728.4113,177833.7973,421.7034,336.2931,115.4941,1148.4648,1032.9707,0.002552,2.480473,0.083404,0.16150974,0.401883,30,5.2678,14.2679,3837.1607,23.2816,279,203226,11.9837,8729.0446,0.39,0.2183
flow_4071,0x10000fe7,04,Web,0,correlator,114.7027,1476.7362,585.2833,125033.3289,353.6005,483.1283,176.9981,1203.4212,1026.4231,0.004471,3.092729,0.146692,0.0167366,0.12937,10,4.9278,12.721,2884.1846,20.8837,142,83110,6.7996,3979.6575,0.3837,0.1893
flow_4083,0x10000ff3,04,Web,0,correlator,104.2044,1499.325,540.8245,190937.0963,436.9635,335.3957,125.5758,1349.4304,1223.8546,0.003544,2.612868,0.090027,0.18023147,0.424537,26,4.524,17.288,2446.6986,19.216,213,115195,11.0845,5994.7295,0.4377,0.2067
flow_4095,0x10000fff,04,Web,0,correlator,96.3635,1473.5014,684.0892,245442.3883,495.4214,469.0258,141.8132,1277.5483,1135.7351,0.004889,0.562053,0.130599,0.01292282,0.113679,9,7.4056,28.673,5066.1137,13.6212,104,71145,7.6351,5223.0915,0.3881,0.3285
flow_4107,0x1000100b,04,Web,0,correlator,103.37,1470.345,564.5614,149310.1911,386.4068,473.7696,104.478,1112.384,1007.906,0.00273,0.594323,0.144499,0.08934165,0.298901,5,3.9838,30.1249,2249.0884,6.7616,46,25969,6.8031,3840.6341,0.3421,0.2194
flow_4119,0x10001017,04,Web,0,correlator,101.5111,1481.239,759.0429,188415.6535,434.0687,392.5612,118.7612,1111.1244,992.3632,0.001241,1.672393,0.040191,0.04307218,0.207538,12,4.6613,25.2723,3538.1491,6.2203,154,116892,24.7576,18791.9773,0.4584,0.3513
flow_4131,0x10001023,04,Web,0,correlator,89.3299,1451.9831,702.212,267670.107,517.3684,283.1871,198.9892,1217.7405,1018.7513,0.003556,2.521566,0.117985,0.17907956,0.423178,11,6.4887,27.3373,4556.4366,15.3705,130,91287,8.4578,5939.1212,0.453,0.2217
flow_4143,0x1000102f,04,Web,0,correlator,85.0201,1440.3355,814.859,113783.6636,337.3183,524.4846,147.8784,1223.2548,1075.3764,0.004959,1.401769,0.053072,0.03017353,0.173705,47,5.106,22.9201,4160.6985,33.9458,639,520694,18.8241,15338.9747,0.3982,0.3747
flow_4155,0x1000103b,04,Web,0,correlator,108.3515,1482.4622,701.4624,134038.7654,366.1131,615.3569,188.0728,1137.8038,949.7311,0.003383,3.220314,0.133445,0.07630401,0.276232,20,7.1154,20.6473,4991.1977,32.4804,243,170455,7.4814,5247.9356,0.4352,0.3464
flow_4167,0x10001047,04,Web,0,correlator,88.7717,1495.1824,568.838,174997.6651,418.3272,531.6819,116.9895,1159.8976,1042.9081,0.002012,1.878906,0.088448,0.01330684,0.115355,12,6.341,30.9485,3607.0229,13.7503,155,88169,11.2725,6412.1493,0.3355,0.1881
flow_4179,0x10001053,04,Web,0,correlator,126.8141,1473.0592,508.4834,210384.6373,458.6771,636.811,182.6827,1214.1213,1031.4386,0.004235,1.891922,0.096654,0.08277258,0.287702,11,6.6859,14.3455,3399.644,8.227,85,43221,10.3319,5253.5846,0.362,0.3352
flow_4191,0x1000105f,04,Web,0,correlator,97.8111,1461.7719,694.1074,154691.5895,393.3085,309.1448,116.5018,1258.1652,1141.6634,0.002736,3.106078,0.045882,0.03240757,0.180021,50,3.9212,16.937,2721.7232,26.0692,568,394253,21.7881,15123.3098,0.3256,0.3695
flow_4203,0x1000106b,04,Web,0,correlator,86.1392,1477.7129,693.6238,142067.1936,376.918,280.4361,113.1554,1166.6637,1053.5083,0.0026,2.136183,0.126744,0.11478921,0.338806,5,3.743,25.0301,2596.2145,7.4116,58,40230,7.8256,5428.0031,0.3437,0.278
flow_4215,0x10001077,04,Web,0,correlator,102.2053,1467.1422,454.7989,105829.8476,325.315,351.1927,104.9564,1161.5987,1056.6423,0.001141,0.668379,0.132485,0.01727261,0.131425,11,3.8191,17.4059,1736.9211,18.9367,142,64581,7.4987,3410.3645,0.4051,0.1651
flow_4227,0x10001083,04,Web,0,correlator,112.4574,1440.1489,461.1866,172197.8811,414.9673,485.8738,107.8717,1336.3171,1228.4453,0.001261,2.442809,0.134384,0.05973332,0.244404,28,6.4377,18.0448,2969.001,19.4072,144,66410,7.4199,3421.9238,0.3254,0.1481
flow_4239,0x1000108f,04,Web,0,correlator,87.2868,1448.8272,641.3284,197887.518,444.8455,376.9747,108.1302,1326.6285,1218.4983,0.003798,3.215833,0.150835,0.12734282,0.356851,10,7.2852,14.2324,4672.1922,21.1633,140,89785,6.6152,4242.4779,0.4355,0.1785
flow_4251,0x1000109b,04,Web,0,correlator,123.6128,1456.0089,727.5477,160113.6761,400.1421,396.3779,119.0827,1351.7939,1232.7112,0.002763,1.691043,0.055518,0.01814036,0.134686,55,6.7939,15.7424,4942.9201,16.7243,301,218991,17.9978,13094.1949,0.4255,0.2883
flow_4263,0x100010a7,04,Web,0,correlator,100.1957,1491.4474,554.6929,258777.2338,508.7015,508.9424,174.9334,1261.9639,1087.0305,0.005,0.910251,0.103583,0.03257919,0.180497,10,6.6517,14.074,3689.6715,13.8399,133,73774,9.6099,5330.5238,0.4659,0.1574
flow_4275,0x100010b3,04,Web,0,correlator,108.4631,1469.7751,666.3667,155588.4895,394.4471,508.41,167.7182,1118.5651,950.8469,0.004081,2.08959,0.162368,0.1041039,0.322651,18,5.9341,16.7759,3954.2669,34.8148,214,142602,6.1468,4096.0189,0.4066,0.2493
flow_4287,0x100010bf,04,Web,0,correlator,118.9137,1476.8382,560.4507,160766.9063,400.9575,600.6084,148.0872,1187.9552,1039.868,0.004986,1.335635,0.045902,0.02426674,0.155778,95,8.2352,29.4394,4615.4039,34.0257,741,415293,21.7777,12205.2902,0.2843,0.3109
flow_4299,0x100010cb,04,Web,0,correlator,101.0792,1441.7777,451.4468,150974.725,388.5547,533.0401,173.291,1101.4663,928.1754,0.003733,2.752061,0.072427,0.01916548,0.138439,36,5.6822,23.5735,2565.196,26.4776,365,164778,13.7852,6223.3011,0.4421,0.1442
flow_4311,0x100010d7,04,Web,0,correlator,94.9414,1469.8035,633.4294,237843.3348,487.6918,443.9221,135.2102,1137.3077,1002.0974,0.003158,2.463412,0.076197,0.10835106,0.329167,47,3.742,13.1875,2370.3002,19.3981,254,160891,13.0941,8294.1675,0.3631,0.3332
flow_4323,0x100010e3,04,Web,0,correlator,128.4233,1495.1973,576.164,252375.4426,502.3698,441.4039,185.9509,1306.496,1120.5451,0.001372,2.611404,0.129581,0.14401067,0.379487,18,7.0513,29.1647,4062.6888,28.2067,217,125027,7.6932,4432.5358,0.4358,0.3113
flow_4335,0x100010ef,04,Web,0,correlator,85.0667,1478.8173,658.3224,262405.918,512.2557,520.0256,196.5631,1141.9523,945.3891,0.00373,2.924282,0.125561,0.09590509,0.309685,10,6.979,21.4602,4594.4511,10.517,83,54640,7.892,5195.3903,0.4526,0.3221
flow_4347,0x100010fb,04,Web,0,correlator,115.3774,1497.885,834.2688,130935.5457,361.8502,542.3524,146.5714,1289.0568,1142.4854,0.002863,0.577033,0.135331,0.06965264,0.263918,6,4.3765,29.5313,3651.1664,9.8754,72,60067,7.2909,6082.5027,0.2842,0.2294
flow_4359,0x10001107,04,Web,0,correlator,103.6502,1463.9785,588.1607,138259.1461,371.8321,344.5993,164.593,1310.7739,1146.1808,0.001974,0.823923,0.14807,0.01205228,0.109783,15,7.33,27.9246,4311.2193,21.9981,148,87047,6.7278,3957.0182,0.4644,0.1912
flow_4371,0x10001113,04,Web,0,correlator,124.4909,1473.6852,815.3237,218362.8742,467.2931,551.2734,165.2543,1388.4857,1223.2314,0.004177,1.749972,0.078278,0.05174769,0.227481,20,4.3934,13.1409,3582.036,11.2717,143,116591,12.6867,10343.7121,0.3586,0.3174
flow_4383,0x1000111f,04,Web,0,correlator,118.8934,1456.3075,843.7788,153662.9576,391.9987,500.7199,168.3566,1298.173,1129.8164,0.003119,2.497258,0.135104,0.12628532,0.355366,18,8.5087,29.9653,7179.4461,27.0602,200,168755,7.3909,6236.2815,0.2885,0.3751
flow_4395,0x1000112b,04,Web,0,correlator,114.7959,1492.518,538.9241,120546.144,347.1976,439.0892,162.289,1270.3563,1108.0673,0.003719,3.24802,0.056047,0.19237848,0.43861,14,7.6721,28.2269,4134.6847,10.6626,190,102395,17.8192,9603.1543,0.4549,0.1493
flow_4407,0x10001137,04,Web,0,correlator,107.1109,1491.3727,810.8935,126506.1165,355.677,320.3305,109.2607,1376.0349,1266.7742,0.001658,2.058405,0.052995,0.09111601,0.301854,48,7.2431,21.3917,5873.3707,18.2705,344,278947,18.8281,15267.5936,0.3778,0.3716
flow_4419,0x10001143,04,Web,0,correlator,121.1218,1475.3343,630.7645,269511.3733,519.1448,495.5657,179.7979,1166.624,986.8261,0.001776,3.263067,0.169831,0.01694412,0.13017,17,5.1449,16.3587,3245.2436,33.9449,199,125522,5.8624,3697.8152,0.4103,0.1453
flow_4431,0x1000114f,04,Web,0,correlator,129.4372,1450.7265,474.3594,224403.664,473.7126,259.2279,177.9198,1251.8333,1073.9136,0.001908,2.385032,0.109177,0.02335122,0.152811,35,4.8476,25.9132,2299.4957,29.3712,269,127602,9.1586,4344.4545,0.3639,0.2093
flow_4443,0x1000115b,04,Web,0,correlator,124.8141,1451.5251,536.5862,226931.0759,476.3728,322.3041,161.43,1113.4184,951.9884,0.004504,2.169448,0.102863,0.04646944,0.215568,19,8.8634,18.1026,4755.98,15.0651,146,78341,9.6913,5200.163,0.3275,0.239
flow_4455,0x10001167,04,Web,0,correlator,99.9778,1488.8318,732.7515,213993.4202,462.5942,642.4073,150.4452,1385.1468,1234.7016,0.002586,3.220647,0.119236,0.08622449,0.29364,19,4.5976,14.5972,3368.9047,31.3609,263,192713,8.3862,6145.0067,0.4354,0.2131
flow_4467,0x10001173,04,Web,0,correlator,94.3265,1489.2725,451.4669,164372.3888,405.4286,590.7941,111.6651,1157.6,1045.9348,0.003621,1.374925,0.074576,0.0760921,0.275848,28,5.6017,23.7829,2528.9837,24.3306,326,147178,13.3988,6049.1025,0.4636,0.3671
flow_4479,0x1000117f,04,Web,0,correlator,86.8653,1457.7075,843.1717,223719.8271,472.9903,568.4008,187.345,1306.8131,1119.4682,0.003867,2.67086,0.094803,0.01432868,0.119702,20,4.7894,15.6473,4038.321,23.6902,249,209949,10.5107,8862.2621,0.4714,0.156
flow_4491,0x1000118b,04,Web,0,correlator,103.5258,1449.5005,662.0495,108352.2319,329.169,415.6423,140.5519,1152.0563,1011.5044,0.004991,2.608514,0.173791,0.12742709,0.356969,11,4.4235,15.0586,2928.5672,20.3236,116,76797,5.7076,3778.7102,0.3773,0.1728
flow_4503,0x10001197,04,Web,0,correlator,106.1479,1456.6682,461.0322,241635.9635,491.5648,427.9343,155.4656,1140.2431,984.7775,0.001331,1.503571,0.072077,0.00918864,0.095857,14,4.88,31.3167,2249.8276,11.1076,154,70998,13.8644,6391.8395,0.4602,0.2099
flow_4515,0x100011a3,04,Web,0,correlator,124.1383,1480.0893,659.4413,148489.6994,385.3436,497.6598,104.1215,1167.4599,1063.3384,0.004682,2.603196,0.053254,0.10950068,0.330909,54,6.749,21.8946,4450.5673,32.0888,602,396983,18.7604,12371.394,0.3982,0.3465
flow_4527,0x100011af,04,Web,0,correlator,97.7721,1440.5022,673.5305,165876.4794,407.2794,395.562,142.9535,1227.3257,1084.3722,0.004953,1.697897,0.169089,0.1578455,0.397298,20,8.1653,16.2457,5499.5863,18.4051,108,72741,5.868,3952.2287,0.2917,0.3465
flow_4539,0x100011bb,04,Web,0,correlator,123.5455,1489.5103,816.1985,107895.3132,328.4742,417.9943,111.5838,1136.7569,1025.1731,0.003234,3.455966,0.145851,0.07913255,0.281305,19,3.9696,24.5375,3239.9704,30.2481,207,168953,6.8434,5585.5775,0.2955,0.2169
flow_4551,0x100011c7,04,Web,0,correlator,98.5354,1453.8406,824.4338,133532.449,365.4209,516.0914,197.3376,1106.1203,908.7827,0.001559,2.576149,0.116881,0.14725989,0.383745,12,4.6658,21.7342,3846.6429,19.8895,170,140153,8.5472,7046.5739,0.4518,0.1553
flow_4563,0x100011d3,04,Web,0,correlator,117.4154,1447.7539,578.9321,256618.6682,506.5754,641.5856,186.0479,1293.3533,1107.3054,0.004247,0.840772,0.096389,0.09189962,0.30315,32,6.9725,17.6826,4036.6172,23.2505,241,139522,10.3654,6000.825,0.4305,0.2445
flow_4575,0x100011df,04,Web,0,correlator,82.391,1446.5485,825.0362,195128.0555,441.733,537.7611,139.4626,1172.5739,1033.1113,0.0014,1.063712,0.054376,0.18186494,0.426456,48,3.6216,22.4307,2987.9223,31.2667,575,474395,18.3902,15172.5176,0.3279,0.1396
flow_4587,0x100011eb,04,Web,0,correlator,124.4624,1480.1821,576.3371,170366.9432,412.7553,617.3547,163.9007,1294.4054,1130.5047,0.003906,2.715402,0.087148,0.15725442,0.396553,19,6.5495,15.8833,3774.7346,23.0466,264,152152,11.4551,6601.9298,0.2938,0.2988
flow_4599,0x100011f7,04,Web,0,correlator,123.1823,1484.1535,722.9002,241377.6876,491.302,361.626,107.8563,1113.0418,1005.1856,0.001758,1.831526,0.041056,0.10871992,0.329727,93,6.5037,31.1517,4701.5121,33.6234,818,591332,24.3283,17586.8988,0.3041,0.2233
flow_4611,0x10001203,04,Web,0,correlator,86.1215,1449.1933,760.8878,130278.0861,360.9406,401.1966,143.6468,1120.514,976.8672,0.004445,3.021694,0.042682,0.0905734,0.300954,51,4.9228,15.3828,3745.7025,23.357,547,416205,23.4191,17819.3155,0.2973,0.3075
flow_4623,0x1000120f,04,Web,0,correlator,89.6747,1479.4034,650.1859,220105.0331,469.1535,293.9536,148.2416,1304.5325,1156.2909,0.003004,1.287615,0.110114,0.08899944,0.298328,19,5.9353,18.6202,3859.0728,21.9604,199,129386,9.0618,5891.799,0.2941,0.1321
flow_4635,0x1000121b,04,Web,0,correlator,122.604,1459.4111,793.4519,263355.1655,513.1814,352.2699,185.7905,1350.9357,1165.1452,0.003445,2.984891,0.099572,0.09293153,0.304847,12,6.4252,16.7449,5098.0949,17.7658,178,141234,10.0193,7949.7869,0.414,0.3171
flow_4647,0x10001227,04,Web,0,correlator,88.3961,1476.7798,687.4103,145155.7018,380.993,590.2766,159.7044,1344.5817,1184.8773,0.004695,2.492907,0.08092,0.11048707,0.332396,33,4.4588,15.0729,3065.0121,18.2096,225,154667,12.3561,8493.7148,0.373,0.2746
flow_4659,0x10001233,04,Web,0,correlator,127.5844,1494.3687,772.6865,210564.969,458.8736,452.1876,143.8839,1277.3869,1133.503,0.002893,1.679504,0.123743,0.17792248,0.421809,15,4.366,25.9837,3373.5727,12.3398,99,76495,8.0228,6199.0534,0.454,0.3193
flow_4671,0x1000123f,04,Web,0,correlator,124.8795,1460.4654,676.1636,109076.5426,330.2674,538.9272,178.283,1213.2361,1034.9531,0.002758,0.614913,0.168877,0.08192207,0.28622,5,7.7822,16.0264,5262.0146,10.0509,59,39893,5.8701,3969.0946,0.3707,0.2353
flow_4683,0x1000124b,04,Web,0,correlator,117.9848,1488.1213,620.2716,193099.755,439.4312,474.548,109.8098,1158.0893,1048.2795,0.004075,1.932089,0.065986,0.16062366,0.400779,12,7.6515,28.3112,4745.991,10.9449,165,102344,15.0755,9350.8606,0.3811,0.2506
flow_4695,0x10001257,04,Web,0,correlator,82.7052,1483.089,450.193,207763.2685,455.8106,307.9636,170.2821,1124.3517,954.0696,0.002276,2.602391,0.126689,0.03600728,0.189756,19,3.5666,23.2311,1605.6509,19.2665,152,68429,7.8894,3551.7143,0.478,0.2535
flow_4707,0x10001263,04,Web,0,correlator,89.3619,1475.4001,485.325,138916.4053,372.7149,283.4585,192.4265,1153.9827,961.5562,0.003087,0.957613,0.057916,0.00701805,0.083774,14,6.3939,17.0945,3103.1404,8.3803,144,69886,17.1832,8339.3625,0.4667,0.2344
flow_4719,0x1000126f,04,Web,0,correlator,106.4778,1473.5654,842.8178,183371.3763,428.2188,256.7478,166.9252,1161.6704,994.7451,0.004256,1.768384,0.160808,0.0214134,0.146333,12,3.7379,21.4867,3150.3905,23.3027,144,121365,6.1795,5208.1898,0.416,0.282
flow_4731,0x1000127b,04,Web,0,correlator,99.3056,1489.8471,529.332,195496.4763,442.1498,472.2146,145.9859,1370.6432,1224.6574,0.001047,2.888167,0.097095,0.1498592,0.387117,29,6.6069,31.4658,3497.2333,19.1136,196,103749,10.2545,5428.0199,0.3016,0.35
flow_4743,0x10001287,04,Web,0,correlator,102.3362,1445.1432,810.0752,133475.0435,365.3424,253.1661,158.2438,1348.2765,1190.0326,0.002971,3.033356,0.05031,0.03543137,0.188232,40,3.9311,24.2382,3184.5184,24.6111,489,396126,19.8691,16095.4194,0.4339,0.1529
flow_4755,0x10001293,04,Web,0,correlator,119.2985,1451.4568,634.386,252666.9746,502.6599,609.8377,125.9728,1166.085,1040.1121,0.001877,2.226074,0.157544,0.02984471,0.172756,13,4.2383,13.7856,2688.7064,24.637,156,98964,6.332,4016.8922,0.2977,0.2371
flow_4767,0x1000129f,04,Web,0,correlator,84.2358,1494.1497,472.5499,226251.2525,475.6588,317.5212,171.8565,1246.6706,1074.8141,0.002815,3.496687,0.179638,0.01049977,0.102468,35,6.8049,28.406,3215.6474,31.9987,178,84113,5.5627,2628.6377,0.3443,0.3025
flow_4779,0x100012ab,04,Web,0,correlator,128.2514,1499.04,586.2685,240795.037,490.7087,387.3391,110.0939,1229.3516,1119.2577,0.004208,0.475753,0.101744,0.09398642,0.306572,40,4.1035,16.0541,2405.77,29.6522,291,170604,9.8138,5753.506,0.4024,0.2807
flow_4791,0x100012b7,04,Web,0,correlator,127.0312,1456.2459,793.7746,179975.1081,424.2347,573.0654,166.3555,1341.328,1174.9725,0.002378,3.45228,0.095375,0.00926102,0.096234,42,4.0099,25.7021,3182.9467,28.2721,296,234957,10.4697,8310.5608,0.4359,0.2846
flow_4803,0x100012c3,04,Web,0,correlator,107.4924,1479.1482,684.1608,140510.0189,374.8467,542.7518,121.1795,1253.7593,1132.5798,0.001761,1.485709,0.109837,0.08602396,0.293298,10,6.4574,27.9531,4417.8753,9.1381,83,56785,9.0828,6214.0777,0.3317,0.3255
flow_4815,0x100012cf,04,Web,0,correlator,86.5671,1474.8679,708.2591,118937.2043,344.8727,424.8396,162.887,1227.833,1064.9461,0.003795,3.295862,0.085679,0.14035665,0.374642,14,8.3094,29.5589,5885.2417,12.8818,150,106238,11.6443,8247.1319,0.3634,0.3346
flow_4827,0x100012db,04,Web,0,correlator,114.6352,1474.9946,650.2631,154920.5852,393.5995,333.0206,138.53,1148.3749,1009.845,0.003688,0.673129,0.140162,0.14260196,0.377627,13,5.3922,21.9961,3506.3679,23.8195,169,109894,7.095,4613.6159,0.3805,0.2857
flow_4839,0x100012e7,04,Web,0,correlator,96.1927,1450.1011,586.1445,258623.0745,508.55,494.0788,162.1647,1328.2539,1166.0892,0.004324,2.20145,0.103644,0.01412005,0.118828,38,4.3829,30.6937,2568.9923,28.4567,274,160603,9.6287,5643.7731,0.413,0.2739
flow_4851,0x100012f3,04,Web,0,correlator,90.1679,1469.5573,677.5122,151525.4277,389.2627,523.7048,103.9308,1251.9584,1148.0276,0.001238,1.75727,0.164851,0.06201344,0.249025,17,8.7065,29.5088,5898.791,34.4628,209,141600,6.0645,4108.781,0.4513,0.2058
flow_4863,0x100012ff,04,Web,0,correlator,120.4811,1486.1658,622.2779,241478.8645,491.405,347.9729,184.7613,1287.5447,1102.7834,0.001181,1.501099,0.13615,0.12224975,0.349642,17,4.458,31.5554,2774.1412,16.6823,122,75917,7.3132,4550.7599,0.3586,0.2253
flow_4875,0x1000130b,04,Web,0,correlator,83.6159,1442.3684,741.6272,141438.3611,376.0829,413.5266,124.8296,1376.6754,1251.8458,0.004982,1.763575,0.154337,0.03055515,0.1748,25,8.2514,20.6115,6119.4646,24.8123,160,118660,6.4484,4782.3082,0.4249,0.2866
flow_4887,0x10001317,04,Web,0,correlator,112.2708,1468.1438,833.5516,140126.777,374.3351,480.3311,112.955,1215.9792,1103.0242,0.002061,2.557257,0.146763,0.16055834,0.400697,8,6.2865,22.7071,5240.1017,13.1972,89,74186,6.7439,5621.3564,0.325,0.3042
flow_4899,0x10001323,04,Web,0,correlator,88.4108,1481.3025,691.5539,148404.8796,385.2335,424.4,182.9326,1303.9761,1121.0435,0.00224,1.955083,0.103585,0.01009598,0.100479,25,4.4378,18.7447,3068.9523,16.3959,158,109265,9.6365,6664.1582,0.4791,0.2747
flow_4911,0x1000132f,04,Web,0,correlator,122.4909,1465.5381,635.8913,144692.8053,380.3851,530.1181,127.9854,1222.7859,1094.8005,0.003063,2.945549,0.130812,0.07915876,0.281352,11,5.4685,12.4847,3477.3888,8.2345,62,39425,7.5293,4787.7608,0.325,0.3672
flow_4923,0x1000133b,04,Web,0,correlator,118.6338,1496.4391,578.2233,153365.2252,391.6187,311.1234,199.5878,1386.1226,1186.5347,0.003835,0.473644,0.111815,0.16388051,0.404822,8,4.0106,29.9151,2318.9953,8.5805,76,43944,8.8573,5121.3625,0.4069,0.2812
flow_4935,0x10001347,04,Web,0,correlator,90.6345,1481.7015,531.5895,208123.7907,456.2059,524.3132,179.985,1176.3004,996.3154,0.002283,1.180775,0.129499,0.19653074,0.443318,17,6.6904,19.0713,3556.5266,18.1787,140,74422,7.7013,4093.9199,0.3024,0.2487
flow_4947,0x10001353,04,Web,0,correlator,129.5333,1471.1606,789.5513,169599.7823,411.8249,331.2045,183.8979,1113.9584,930.0605,0.003376,3.302771,0.07798,0.03123503,0.176734,12,7.0039,22.2084,5529.9723,9.0405,115,90798,12.7206,10043.5012,0.3476,0.2317
flow_4959,0x1000135f,04,Web,0,correlator,91.4247,1448.4442,675.1531,112421.4682,335.2931,643.8352,116.8843,1114.9265,998.0422,0.002336,1.875953,0.155511,0.09599837,0.309836,25,4.015,30.2184,2710.7448,34.5218,221,149208,6.4018,4322.1437,0.3948,0.2528
flow_4971,0x1000136b,04,Web,0,correlator,96.7364,1447.2973,804.5356,145066.6303,380.8761,542.4953,191.4287,1380.7801,1189.3514,0.003264,1.411536,0.16687,0.19487611,0.441448,16,4.4145,24.5363,3551.6216,27.8268,166,133552,5.9655,4799.4066,0.327,0.1664
flow_4983,0x10001377,04,Web,0,correlator,93.5759,1498.188,453.7989,147959.9482,384.6556,516.0292,146.1953,1248.9124,1102.7172,0.00333,2.763329,0.054341,0.01088374,0.104325,31,7.9973,12.2356,3629.1529,15.6789,288,130694,18.3686,8335.6598,0.4062,0.2074
flow_4995,0x10001383,04,Web,0,correlator,113.592,1464.7132,773.5217,114421.3844,338.2623,524.6566,186.8336,1355.6394,1168.8058,0.001674,2.254268,0.17367,0.14233798,0.377277,13,4.1186,15.6816,3185.8433,30.9863,178,137686,5.7445,4443.4456,0.4391,0.3263
flow_5007,0x1000138f,04,Web,0,correlator,104.0527,1464.7714,651.4807,160796.0003,400.9938,462.75,157.0205,1125.3591,968.3386,0.001839,1.817664,0.166443,0.184052,0.429013,13,6.4279,17.8206,4187.6733,22.455,134,87298,5.9675,3887.6856,0.3712,0.2682
flow_5019,0x1000139b,04,Web,0,correlator,119.0801,1449.84,495.5667,264097.7329,513.9044,429.8812,173.7917,1168.471,994.6792,0.001648,1.357445,0.144536,0.07761553,0.278596,41,6.5236,20.5404,3232.8731,30.2162,209,103573,6.9168,3427.7336,0.3125,0.2129
flow_5031,0x100013a7,04,Web,0,correlator,128.3079,1472.1377,734.4521,128674.274,358.712,596.5485,186.7303,1146.0296,959.2993,0.003964,1.045423,0.103043,0.04233116,0.205745,32,8.0198,24.15,5890.1755,31.2541,303,222538,9.6947,7120.2799,0.3773,0.2946
flow_5043,0x100013b3,04,Web,0,correlator,91.5166,1478.4882,566.7347,184356.0148,429.367,571.4818,109.8718,1135.1783,1025.3065,0.003946,0.493379,0.068972,0.05828393,0.241421,50,4.2838,23.671,2427.7924,34.055,493,279400,14.4766,8204.3791,0.3553,0.1351
flow_5055,0x100013bf,04,Web,0,correlator,120.7731,1467.3594,649.3305,194916.3887,441.4934,381.565,176.2378,1106.8132,930.5754,0.00151,3.276368,0.162688,0.0120144,0.10961,11,4.9145,12.3191,3191.1257,22.0723,135,87659,6.1163,3971.448,0.4119,0.3214
flow_5067,0x100013cb,04,Web,0,correlator,119.5143,1457.927,674.2034,173495.987,416.5285,344.4083,174.746,1186.9561,1012.2101,0.003376,3.069462,0.131916,0.05114969,0.226163,12,6.988,22.9823,4711.3075,21.4357,162,109220,7.5575,5095.242,0.3618,0.3163
flow_5079,0x100013d7,04,Web,0,correlator,110.831,1497.7897,516.5051,145426.7648,381.3486,505.7465,155.5524,1263.3828,1107.8304,0.001372,0.464282,0.141063,0.1188463,0.344741,4,7.717,16.343,3985.8732,6.8278,48,24792,7.03,3631.0118,0.3932,0.1883
flow_5091,0x100013e3,04,Web,0,correlator,97.7307,1463.2232,740.8976,252799.0969,502.7913,452.4943,177.6189,1221.8237,1044.2048,0.002131,0.865115,0.095185,0.13097249,0.361901,35,7.6127,13.7731,5640.2347,23.4141,245,181519,10.4638,7752.5567,0.3112,0.1672
flow_5103,0x100013ef,04,Web,0,correlator,126.4364,1465.5684,768.7788,173354.9869,416.3592,344.4348,166.3252,1105.6615,939.3362,0.004266,3.165307,0.11667,0.0301392,0.173606,8,4.6793,22.2203,3597.3442,11.0553,94,72265,8.5027,6536.6566,0.4526,0.3187
flow_5115,0x100013fb,04,Web,0,correlator,118.9102,1443.418,629.9683,205559.7976,453.387,413.7449,106.4969,1384.9367,1278.4398,0.002516,3.31499,0.168996,0.01762612,0.132763,18,4.6328,23.2303,2918.5372,24.5025,144,90715,5.877,3702.277,0.3873,0.35
flow_5127,0x10001407,04,Web,0,correlator,91.1157,1455.1078,584.2726,178162.7022,422.0932,644.5828,136.8358,1166.9603,1030.1245,0.001826,2.236593,0.13644,0.06339006,0.251774,42,6.8546,24.1101,4004.9799,29.631,217,126787,7.3234,4278.862,0.4598,0.1732
flow_5139,0x10001413,04,Web,0,correlator,128.3147,1477.9347,528.6539,124197.7465,352.417,630.459,198.0469,1237.4857,1039.4388,0.004446,2.375585,0.046181,0.13580597,0.368519,35,8.3964,22.5352,4438.8065,16.712,361,190844,21.6013,11419.5974,0.3971,0.33
flow_5151,0x1000141f,04,Web,0,correlator,100.8785,1499.8993,652.2815,203768.0041,451.4067,464.086,193.1165,1138.5588,945.4424,0.00122,2.105286,0.131681,0.15448087,0.393041,23,5.4902,27.6224,3581.1636,20.2081,153,99799,7.5712,4938.5523,0.3375,0.3433
flow_5163,0x1000142b,04,Web,0,correlator,119.9957,1492.6246,533.8871,157832.0747,397.2809,538.0831,123.4468,1195.6864,1072.2395,0.00241,3.418729,0.137377,0.07573794,0.275205,12,8.4115,16.6109,4490.8063,18.9588,138,73676,7.2789,3886.1058,0.4283,0.1838
flow_5175,0x10001437,04,Web,0,correlator,128.3626,1498.588,547.6957,255100.6363,505.0749,391.127,133.251,1372.7278,1239.4768,0.003376,2.523413,0.098136,0.07562401,0.274998,44,8.9318,28.0107,4891.8903,28.4473,289,158284,10.1591,5564.1119,0.3336,0.302
flow_5187,0x10001443,04,Web,0,correlator,105.147,1473.827,560.1936,125874.0821,354.7874,428.5519,196.572,1387.3246,1190.7526,0.002561,2.866749,0.148676,0.18461136,0.429664,22,8.9095,18.8705,4991.0714,25.1454,169,94672,6.7209,3764.9897,0.3067,0.2451
flow_5199,0x1000144f,04,Web,0,correlator,90.5053,1473.0998,581.0484,217995.2757,466.8996,577.8147,144.1629,1306.9525,1162.7896,0.002444,2.01927,0.143613,0.0163915,0.128029,4,7.8402,24.5537,4555.5139,6.5294,45,26147,6.8919,4004.5014,0.3165,0.2511
flow_5211,0x1000145b,04,Web,0,correlator,90.5408,1466.3451,741.4563,179812.2732,424.0428,420.1256,135.9157,1307.8976,1171.9819,0.003858,2.350691,0.119745,0.04626058,0.215083,17,4.1934,30.4098,3109.2209,27.6441,230,170534,8.32,6168.9034,0.3265,0.155
flow_5223,0x10001467,04,Web,0,correlator,101.2188,1486.0202,475.6109,133291.9859,365.0918,489.9661,176.702,1307.0241,1130.322,0.004071,2.808022,0.063304,0.03505186,0.187221,43,8.7858,31.3757,4178.6421,32.0518,506,240659,15.7869,7508.4373,0.2806,0.2743
flow_5235,0x10001473,04,Web,0,correlator,107.1643,1477.0073,816.978,186278.7496,431.6002,360.7685,172.2665,1200.7044,1028.4379,0.004461,1.765239,0.077334,0.0124376,0.111524,20,3.9383,31.5241,3217.5007,15.6715,202,165029,12.8896,10530.5066,0.4011,0.3192
flow_5247,0x1000147f,04,Web,0,correlator,118.1697,1467.1844,659.4602,121081.5045,347.9677,512.2538,159.6982,1393.4968,1233.7986,0.003005,1.879237,0.113101,0.16396547,0.404927,21,5.071,31.9858,3344.0958,22.3877,197,129913,8.7995,5802.8627,0.4184,0.1497
flow_5259,0x1000148b,04,Web,0,correlator,95.8019,1476.8228,482.4437,125689.0616,354.5265,255.7065,191.3486,1285.2512,1093.9025,0.003972,2.635773,0.042836,0.0661583,0.257213,64,7.3785,24.4154,3559.7243,31.9744,746,359903,23.3312,11255.9825,0.3385,0.2143
flow_5271,0x10001497,04,Web,0,correlator,123.472,1458.6097,671.1768,187125.8525,432.5805,545.9886,116.7989,1124.1361,1007.3372,0.003929,3.341041,0.173833,0.1500513,0.387365,26,3.6535,15.6238,2452.1498,32.7373,188,126181,5.7427,3854.3451,0.4013,0.257
flow_5283,0x100014a3,04,Web,0,correlator,108.2986,1440.4053,796.365,250035.1628,500.0352,305.4507,148.038,1379.53,1231.492,0.004376,3.358827,0.139618,0.03158663,0.177726,21,7.3785,21.4969,5875.9996,26.637,190,151309,7.1329,5680.3995,0.4505,0.2793
flow_5295,0x100014af,04,Web,0,correlator,83.3402,1440.1967,576.9403,106224.8196,325.9215,596.1264,150.3785,1313.3895,1163.0109,0.00379,3.162309,0.054375,0.00949386,0.097436,39,3.5651,22.8215,2056.8488,26.678,490,282700,18.3672,10596.7472,0.3598,0.3569
flow_5307,0x100014bb,04,Web,0,correlator,83.0861,1443.2172,584.0487,265598.7263,515.3627,447.7009,131.4295,1300.668,1169.2385,0.001567,3.093512,0.179248,0.0976597,0.312506,4,4.11,14.6577,2400.4648,9.4816,52,30370,5.4843,3203.0301,0.4235,0.3083
flow_5319,0x100014c7,04,Web,0,correlator,113.0222,1452.9746,833.6652,250260.7144,500.2606,266.0886,182.9668,1302.8412,1119.8744,0.002637,1.117775,0.119484,0.17450065,0.417733,5,7.246,13.4474,6040.7153,9.3353,78,65025,8.3554,6965.5317,0.3788,0.1353
flow_5331,0x100014d3,04,Web,0,correlator,112.4968,1441.9721,496.9371,185687.8672,430.9152,305.6595,185.6255,1362.1555,1176.53,0.003051,0.686444,0.079215,0.08879314,0.297982,11,4.4827,23.5246,2227.6438,7.595,95,47209,12.5083,6215.8372,0.4544,0.3537
flow_5343,0x100014df,04,Web,0,correlator,110.2304,1464.3374,686.447,115661.2776,340.0901,637.9244,115.6035,1165.4339,1049.8305,0.003395,2.072295,0.049217,0.08431713,0.290374,55,6.6747,14.3163,4581.8031,25.2815,513,352147,20.2915,13929.0508,0.4595,0.3784
flow_5355,0x100014eb,04,Web,0,correlator,97.1025,1494.7679,585.2177,128174.8356,358.0151,307.6087,180.1482,1173.0756,992.9274,0.002831,1.959367,0.174757,0.10291552,0.320804,28,8.2346,16.1171,4819.0077,33.8296,193,112947,5.7051,3338.7054,0.3352,0.3744
flow_5367,0x100014f7,04,Web,0,correlator,85.5954,1475.9204,720.0749,136486.1668,369.4403,516.4898,199.5307,1244.9317,1045.401,0.002249,0.927377,0.067617,0.0276517,0.166288,46,6.1246,29.7223,4410.1632,16.4718,243,174978,14.7525,10622.9038,0.3733,0.2524
flow_5379,0x10001503,04,Web,0,correlator,81.0959,1484.9505,591.228,204986.5948,452.7545,586.039,110.8727,1278.7178,1167.8452,0.004729,0.818032,0.124864,0.02638535,0.162436,12,8.1289,30.5105,4806.0048,18.3833,147,86910,7.9964,4727.6702,0.4407,0.3459
flow_5391,0x1000150f,04,Web,0,correlator,120.5229,1482.2117,645.029,184372.4897,429.3862,640.7501,176.5563,1396.8812,1220.3249,0.001454,1.630311,0.074817,0.04087432,0.202174,45,8.086,12.1854,5215.73,34.0433,455,293488,13.3653,8621.0209,0.3844,0.3687
flow_5403,0x1000151b,04,Web,0,correlator,94.3746,1479.3167,751.3219,180230.8635,424.5361,279.771,133.5751,1379.4688,1245.8937,0.003231,3.347712,0.062639,0.01181775,0.108709,53,6.6449,19.3272,4992.463,25.1266,401,301280,15.9592,11990.4894,0.3298,0.143
flow_5415,0x10001527,04,Web,0,correlator,125.8569,1485.8492,667.7573,184570.1513,429.6163,388.0947,184.6699,1370.1029,1185.4331,0.003735,3.498062,0.149582,0.14959521,0.386775,14,5.515,21.7811,3682.7038,20.6006,137,91482,6.6503,4440.7443,0.3996,0.2607
flow_5427,0x10001533,04,Web,0,correlator,116.8343,1456.2744,563.7001,192864.2059,439.1631,256.7702,111.8793,1390.5032,1278.6239,0.002837,2.960978,0.154777,0.0070808,0.084147,11,7.8669,31.3206,4434.5997,19.3984,125,70462,6.4438,3632.3626,0.3085,0.3029
flow_5439,0x1000153f,04,Web,0,correlator,127.3101,1450.8125,650.9589,159305.766,399.1313,527.3066,116.0823,1112.7537,996.6713,0.002264,2.638555,0.129425,0.03737712,0.193332,18,5.2181,12.3974,3396.7696,23.2337,179,116521,7.7043,5015.1647,0.3809,0.1225
flow_5451,0x1000154b,04,Web,0,correlator,108.3076,1489.484,624.7271,226158.1605,475.5609,281.8108,154.2176,1228.8624,1074.6448,0.004699,2.632884,0.136814,0.17409861,0.417251,8,8.264,31.855,5162.7623,13.1846,96,59973,7.2812,4548.7078,0.3658,0.2931
flow_5463,0x10001557,04,Web,0,correlator,112.1712,1488.6475,579.0981,134147.8394,366.262,291.3466,108.0119,1145.4657,1037.4538,0.003741,0.615282,0.130891,0.16000109,0.400001,11,6.0562,21.404,3507.1257,21.0216,160,92655,7.6112,4407.6144,0.3117,0.2848
flow_5475,0x10001563,04,Web,0,correlator,96.7065,1474.9395,804.165,163105.8928,403.8637,579.0595,172.9966,1199.3848,1026.3882,0.003593,1.767467,0.089027,0.11632199,0.34106,10,4.3463,21.7766,3495.1286,10.513,118,94891,11.2242,9026.0834,0.432,0.2928
flow_5487,0x1000156f,04,Web,0,correlator,114.7938,1444.5327,811.8896,232369.9522,482.0477,601.5918,117.1509,1275.9984,1158.8476,0.004731,3.291841,0.092015,0.15875513,0.398441,36,8.853,18.1748,7187.6489,19.4132,210,170496,10.8174,8782.4557,0.3376,0.354
flow_5499,0x1000157b,04,Web,0,correlator,116.1808,1442.3863,804.895,195895.2746,442.6006,375.1908,132.2747,1397.4123,1265.1376,0.002194,2.132617,0.090347,0.08259236,0.287389,21,3.9383,13.2715,3169.9068,18.2824,202,162588,11.0489,8893.1214,0.4507,0.3409
flow_5511,0x10001587,04,Web,0,correlator,93.4763,1470.3578,737.67,262373.7314,512.2243,466.605,172.9449,1342.419,1169.4741,0.002392,1.820801,0.161216,0.10194792,0.319293,4,5.7231,26.3592,4221.7489,6.5109,40,29506,6.1436,4531.7947,0.3485,0.257
flow_5523,0x10001593,04,Web,0,correlator,84.3759,1478.3541,752.9357,236404.3801,486.2143,550.6546,197.8963,1215.0425,1017.1462,0.003962,2.637994,0.093615,0.17026007,0.412626,12,5.7347,17.5943,4317.8288,12.9178,137,103152,10.6056,7985.2883,0.3027,0.122
flow_5535,0x1000159f,04,Web,0,correlator,117.7569,1458.7591,743.4345,115643.7704,340.0644,255.5397,141.5946,1217.527,1075.9324,0.004862,0.494771,0.126508,0.14830204,0.3851,11,7.8406,17.8116,5828.9952,16.1026,127,94416,7.8869,5863.3864,0.4398,0.372
flow_5547,0x100015ab,04,Web,0,correlator,83.7399,1486.8756,842.1406,107103.0219,327.266,318.7443,150.9036,1370.0153,1219.1118,0.003017,1.576543,0.157498,0.13433454,0.366517,26,7.0765,15.663,5959.4281,29.2045,185,155796,6.3346,5334.6577,0.3713,0.3381
flow_5559,0x100015b7,04,Web,0,correlator,120.1633,1470.0993,734.7704,146149.5181,382.2951,447.1266,157.1618,1184.9737,1027.8119,0.004382,2.112642,0.104637,0.04004453,0.200111,38,4.1814,13.7305,3072.3816,31.7575,303,222635,9.5411,7010.4746,0.4522,0.203
flow_5571,0x100015c3,04,Web,0,correlator,119.5435,1470.5971,807.7811,161732.2987,402.1595,527.4028,173.4364,1200.3376,1026.9011,0.004646,1.978204,0.110994,0.01011066,0.100552,26,4.7608,18.2946,3845.6796,30.6398,276,222947,9.0079,7276.3957,0.3534,0.3369
flow_5583,0x100015cf,04,Web,0,correlator,116.6965,1458.5498,785.176,152926.2418,391.0578,572.6324,115.9449,1207.6334,1091.6885,0.003332,1.962508,0.090603,0.02593547,0.161045,38,5.6763,13.4134,4456.8793,20.6221,227,178234,11.0076,8642.8603,0.3666,0.3703
flow_5595,0x100015db,04,Web,0,correlator,116.3553,1492.2089,699.836,260022.3524,509.9239,270.6465,139.7287,1204.7268,1064.9981,0.002018,1.521436,0.057805,0.07171545,0.267797,25,5.845,12.0917,4090.5412,15.3083,264,184756,17.2455,12068.9815,0.3857,0.2634
flow_5607,0x100015e7,04,Web,0,correlator,90.7543,1499.967,731.7233,252639.0595,502.6321,448.9474,189.351,1395.41,1206.059,0.00429,2.873352,0.070239,0.0177673,0.133294,35,6.9339,20.9297,5073.6669,28.3145,403,294884,14.233,10414.5765,0.293,0.2684
flow_5619,0x100015f3,04,Web,0,correlator,88.3172,1476.4772,787.962,253274.4902,503.2638,320.1617,162.8407,1145.6883,982.8476,0.001777,2.620817,0.157466,0.04728029,0.21744,16,5.48,17.5944,4318.0565,29.0973,184,144985,6.3236,4982.7586,0.4257,0.3388
flow_5631,0x100015ff,04,Web,0,correlator,126.2524,1490.2338,624.4035,253476.8273,503.4648,475.1133,121.8816,1205.9597,1084.0782,0.004257,2.097603,0.043658,0.07314877,0.27046,22,7.0919,24.4578,4428.2196,6.3893,146,91162,22.8507,14267.9153,0.3884,0.2812
flow_5643,0x1000160b,04,Web,0,correlator,107.2071,1440.9596,677.2232,144260.7105,379.8167,464.5622,136.2043,1232.5348,1096.3305,0.003232,3.35646,0.177631,0.09507468,0.308342,10,8.9618,24.6273,6069.1494,10.0797,56,37924,5.5557,3762.4193,0.3996,0.1309
flow_5655,0x10001617,04,Web,0,correlator,111.6758,1450.4919,628.9994,239546.8805,489.4353,408.0551,151.1761,1332.1597,1180.9836,0.001074,0.420753,0.148045,0.05305923,0.230346,16,7.6438,31.4024,4807.9185,30.5518,206,129573,6.7427,4241.0978,0.3844,0.1615
flow_5667,0x10001623,04,Web,0,correlator,117.3709,1496.1366,575.5907,132700.5301,364.2808,278.4974,155.83,1343.2323,1187.4023,0.004905,1.042872,0.049888,0.06161373,0.248221,33,6.6851,23.582,3847.8648,17.5042,350,201456,19.9952,11509.0359,0.4723,0.3304
flow_5679,0x1000162f,04,Web,0,correlator,86.3729,1497.7638,670.3934,170084.7336,412.4133,619.3399,153.6466,1248.4733,1094.8266,0.002201,2.494597,0.139965,0.01736802,0.131788,22,5.8053,30.0928,3891.8187,28.6417,204,136760,7.1225,4774.8573,0.3113,0.2474
flow_5691,0x1000163b,04,Web,0,correlator,117.2374,1445.2257,701.4021,153074.8092,391.2478,256.8479,179.1385,1363.8143,1184.6758,0.001508,0.911339,0.057984,0.20420219,0.451887,11,3.7191,24.9846,2608.6086,7.6213,131,91883,17.1887,12056.112,0.4739,0.1648
flow_5703,0x10001647,04,Web,0,correlator,124.3291,1459.3314,464.1336,189232.9946,435.0092,547.369,117.0834,1249.461,1132.3776,0.001422,1.000555,0.076174,0.14135237,0.375969,25,5.5373,31.6548,2570.0492,11.2542,147,68227,13.0618,6062.3574,0.3879,0.257
flow_5715,0x10001653,04,Web,0,correlator,127.8606,1485.1025,497.7297,260206.9155,510.1048,552.955,102.7808,1370.7558,1267.975,0.003626,1.541449,0.04782,0.14410521,0.379612,27,8.7543,27.2002,4357.2838,12.1804,254,126423,20.8532,10379.2497,0.3912,0.2181
flow_5727,0x1000165f,04,Web,0,correlator,93.5025,1476.0262,729.4669,254002.1238,503.9862,419.7656,141.1295,1120.2782,979.1487,0.003714,2.833302,0.041397,0.10166071,0.318843,30,3.8917,21.8311,2838.8422,14.6662,354,258231,24.1372,17607.2554,0.4544,0.3751
flow_5739,0x1000166b,04,Web,0,correlator,120.7578,1498.2437,623.8665,268014.9863,517.7016,332.2971,176.1949,1256.5561,1080.3612,0.003176,3.216816,0.173672,0.00683951,0.082701,9,6.0883,23.8401,3798.298,12.8942,74,46166,5.739,3580.3627,0.4503,0.3769
flow_5751,0x10001677,04,Web,0,correlator,82.3123,1495.8581,497.3721,227944.178,477.435,552.3778,100.1106,1183.7998,1083.6892,0.00423,2.418285,0.148521,0.15088904,0.388444,4,3.6886,30.5693,1834.6127,6.9085,46,22879,6.6584,3311.7088,0.3654,0.203
flow_5763,0x10001683,04,Web,0,correlator,103.3411,1474.9302,749.5183,186312.5874,431.6394,520.4638,145.3047,1376.7802,1231.4755,0.004056,1.78116,0.065255,0.11854614,0.344305,41,6.8046,19.7428,5100.1807,18.9447,290,217360,15.3077,11473.4121,0.4355,0.1934
flow_5775,0x1000168f,04,Web,0,correlator,91.7383,1492.3692,494.9605,226844.5322,476.282,607.5696,172.1997,1194.4446,1022.2449,0.003104,3.084953,0.050367,0.03045233,0.174506,22,4.0936,17.3856,2026.1866,12.1387,241,119285,19.8538,9826.8149,0.4498,0.2808
flow_5787,0x1000169b,04,Web,0,correlator,84.6012,1493.1748,481.5257,254134.3833,504.1174,569.5371,184.2994,1315.6737,1131.3743,0.004903,2.882859,0.099008,0.14958389,0.386761,26,6.9747,30.3536,3358.5163,33.3087,336,161792,10.0875,4857.3526,0.3913,0.1758
flow_5799,0x100016a7,04,Web,0,correlator,94.1265,1451.3462,663.0635,118126.6918,343.6956,466.248,186.3801,1321.172,1134.7919,0.003541,0.625591,0.052281,0.14965721,0.386856,87,6.1396,31.2609,4070.9705,28.8152,551,365348,19.1219,12679.0227,0.4405,0.2358
flow_5811,0x100016b3,04,Web,0,correlator,111.0662,1475.4354,647.9374,167055.4995,408.7242,514.8973,136.0556,1370.8969,1234.8413,0.001167,3.193236,0.165489,0.11342245,0.336782,19,4.8367,20.677,3133.8657,29.6259,179,115980,6.042,3914.8133,0.4482,0.2726
flow_5823,0x100016bf,04,Web,0,correlator,114.6502,1493.2678,721.7666,150720.9087,388.2279,267.9634,146.8802,1158.3981,1011.5178,0.004302,1.480684,0.166187,0.01612116,0.126969,9,8.8875,21.4679,6414.6944,7.8049,46,33201,5.8937,4253.8651,0.4247,0.1471
flow_5835,0x100016cb,04,Web,0,correlator,100.4142,1470.1105,756.8991,106248.6652,325.9581,599.199,114.7969,1366.6732,1251.8763,0.004972,0.558317,0.174682,0.02787488,0.166958,19,4.7775,16.8917,3616.1033,19.5026,111,84015,5.6916,4307.8904,0.3172,0.3399
flow_5847,0x100016d7,04,Web,0,correlator,128.0052,1473.152,503.3354,234004.6414,483.7403,365.3181,137.3967,1391.0626,1253.6658,0.0018,1.518672,0.174588,0.17181883,0.41451,4,4.0921,23.6563,2059.7094,6.4516,36,18120,5.58,2808.5923,0.4216,0.2486
flow_5859,0x100016e3,04,Web,0,correlator,89.9853,1453.6605,582.4388,178280.6832,422.233,641.3795,102.8728,1328.9186,1226.0458,0.00142,2.105751,0.066534,0.0074823,0.0865,20,5.1205,15.7012,2982.394,9.6611,145,84453,15.0087,8741.5654,0.3402,0.1974
flow_5871,0x100016ef,04,Web,0,correlator,110.4513,1488.2593,846.1249,200936.5628,448.2595,494.974,156.5862,1328.1191,1171.5328,0.003025,1.257674,0.089968,0.11683152,0.341806,31,7.5079,12.0236,6352.6129,29.9209,332,280913,11.0959,9388.5056,0.4726,0.1684
flow_5883,0x100016fb,04,Web,0,correlator,118.8193,1465.8536,455.5251,241654.0781,491.5832,613.7282,181.1575,1250.8475,1069.6899,0.004136,2.687971,0.103074,0.04452533,0.21101,36,4.2553,14.5941,1938.3944,33.6124,326,148501,9.6988,4418.0482,0.3561,0.2277
flow_5895,0x10001707,04,Web,0,correlator,118.372,1447.8633,695.8546,195944.6289,442.6563,582.4237,199.9004,1303.5017,1103.6014,0.003573,0.974928,0.106359,0.1311927,0.362205,46,3.7977,27.3556,2642.634,33.6856,316,219890,9.3809,6527.7096,0.3112,0.2902
flow_5907,0x10001713,04,Web,0,correlator,92.9021,1458.7787,844.0392,185384.7196,430.5633,400.3675,175.0155,1117.0422,942.0267,0.004074,0.867862,0.042745,0.2034466,0.451051,21,6.2694,15.2867,5291.6235,11.8448,277,233798,23.3859,19738.5066,0.3842,0.1704
flow_5919,0x1000171f,04,Web,0,correlator,87.4171,1470.5491,535.4126,176105.5559,419.6493,302.2996,156.8612,1334.0137,1177.1525,0.004606,3.070358,0.065127,0.0621819,0.249363,11,6.4407,26.6965,3448.4246,6.1794,94,50328,15.2118,8144.487,0.3352,0.2259
flow_5931,0x1000172b,04,Web,0,correlator,83.864,1490.4361,607.0214,193885.011,440.3238,312.7882,111.6452,1241.9061,1130.2609,0.003782,3.239735,0.178094,0.15155511,0.389301,27,5.8396,26.1924,3544.7349,29.8173,167,101372,5.6008,3399.7688,0.3845,0.178
flow_5943,0x10001737,04,Web,0,correlator,91.8358,1486.8464,548.3864,117504.95,342.79,529.743,140.41,1105.2343,964.8244,0.004628,2.129598,0.123419,0.04985032,0.223272,20,3.9604,22.3575,2171.8472,16.3791,132,72387,8.0591,4419.4838,0.4122,0.2673
flow_5955,0x10001743,04,Web,0,correlator,96.1326,1494.243,562.7917,118311.3393,343.9642,621.2979,137.2836,1174.5972,1037.3136,0.0021,0.821173,0.146774,0.03441914,0.185524,4,7.3844,12.6979,4155.8647,6.384,43,24200,6.7356,3790.7516,0.4732,0.3528
flow_5967,0x1000174f,04,Web,0,correlator,122.7842,1459.8636,483.6611,157198.4541,396.4826,309.4953,191.3798,1328.5577,1137.1779,0.001928,2.144629,0.082537,0.15077258,0.388294,39,4.464,15.5207,2159.0756,34.8395,422,204104,12.1127,5858.4032,0.3929,0.2938
flow_5979,0x1000175b,04,Web,0,correlator,118.8292,1466.6329,775.6113,214819.0639,463.4858,445.1649,155.8688,1275.6036,1119.7348,0.003873,3.159146,0.160233,0.1313102,0.362367,8,8.8545,18.4649,6867.6293,17.1718,107,82990,6.2311,4832.921,0.4115,0.315
flow_5991,0x10001767,04,Web,0,correlator,98.7916,1441.5007,460.2404,119063.0224,345.0551,350.7148,103.3145,1155.2066,1051.8921,0.001205,3.152913,0.118258,0.05612627,0.23691,10,5.4285,20.149,2498.4239,16.1226,136,62592,8.4354,3882.2622,0.2951,0.3409
flow_6003,0x10001773,04,Email,0,correlator,89.5041,1072.4231,358.5865,35958.9882,189.6286,292.379,148.2138,529.7452,381.5315,0.048024,9.582112,0.780882,3.02093022,1.738082,5,4.8836,13.7202,1751.1873,19.5497,25,8964,1.2788,458.524,0.5894,0.5224
flow_6015,0x1000177f,04,Email,0,correlator,134.7325,959.3643,288.897,56824.2862,238.3785,169.4248,155.4595,433.8009,278.3414,0.049583,10.135671,0.464747,0.48846779,0.698905,9,2.7967,12.6194,807.9473,25.3383,54,15600,2.1312,615.6696,0.5127,0.5791
flow_6027,0x1000178b,04,Email,0,correlator,80.3495,835.671,311.6082,40845.6494,202.1031,189.9111,104.3238,524.7491,420.4253,0.023833,8.699381,0.713122,3.12082628,1.766586,12,2.4182,6.492,753.5191,28.9344,40,12464,1.3824,430.7677,0.5618,0.5467
flow_6039,0x10001797,04,Email,0,correlator,116.8035,1048.8138,394.3921,29547.5548,171.894,195.0865,124.1796,381.6369,257.4573,0.056164,6.659968,0.834927,3.00721404,1.734132,5,4.3429,10.334,1712.7884,15.9076,19,7493,1.1944,471.0327,0.559,0.4647
flow_6051,0x100017a3,04,Email,0,correlator,100.3606,951.7309,222.377,10757.5802,103.7188,251.0456,146.5123,363.2647,216.7524,0.033371,9.451935,0.532539,0.56342263,0.750615,6,4.7014,12.8218,1045.4927,22.2126,41,9117,1.8458,410.4431,0.6111,0.5928
flow_6063,0x100017af,04,Email,0,correlator,128.9673,965.1753,297.4065,11908.369,109.1255,248.9915,157.3669,410.221,252.8541,0.032369,7.000277,0.32794,0.39436217,0.627983,14,4.9618,13.227,1475.6704,27.9574,85,25279,3.0403,904.1971,0.5998,0.4017
flow_6075,0x100017bb,04,Email,0,correlator,113.4588,604.1222,299.2915,12554.0032,112.0446,209.8407,129.6061,440.1089,310.5027,0.0504,3.290891,0.401735,1.44664989,1.202768,9,3.4629,13.2763,1036.4247,24.4365,60,17957,2.4553,734.8436,0.5223,0.601
flow_6087,0x100017c7,04,Email,0,correlator,111.0721,619.1928,320.2332,53790.8283,231.9285,270.937,138.7188,450.7482,312.0294,0.031492,5.137286,0.670735,1.3800004,1.174734,8,2.7342,11.8506,875.5964,25.3847,37,11848,1.4576,466.7385,0.5116,0.581
flow_6099,0x100017d3,04,Email,0,correlator,115.4756,725.2595,379.229,51996.4603,228.0273,208.0194,110.9024,535.5183,424.6158,0.011399,11.14674,0.544029,1.98380028,1.408474,6,2.3423,10.3767,888.2811,15.7404,28,10618,1.7789,674.5695,0.5519,0.3885
flow_6111,0x100017df,04,Email,0,correlator,83.1557,1014.3664,350.1245,46803.4325,216.341,276.4416,128.728,421.7074,292.9794,0.033821,4.714315,0.370225,2.46709625,1.570699,8,2.3414,7.4501,819.7799,12.3983,33,11554,2.6616,931.8983,0.3871,0.3862
flow_6123,0x100017eb,04,Email,0,correlator,94.4626,675.2888,332.3287,32898.3882,181.3791,247.3552,113.8357,514.4379,400.6022,0.013366,11.864866,0.583985,0.79749962,0.893028,7,2.2798,7.1002,757.6468,21.2477,36,11963,1.6943,563.0256,0.549,0.5904
flow_6135,0x100017f7,04,Email,0,correlator,94.1531,624.7866,406.76,54052.9432,232.4929,208.1194,130.9762,474.9146,343.9384,0.021022,10.291286,0.422518,0.98227801,0.991099,6,3.7753,13.7588,1535.6434,10.9264,25,10168,2.288,930.5874,0.3977,0.3921
flow_6147,0x10001803,04,Email,0,correlator,118.3531,806.367,259.4619,22267.2544,149.2222,200.3284,153.7198,516.5538,362.834,0.015255,8.538124,0.566224,1.80166046,1.342259,8,3.1913,13.668,828.0094,18.7483,33,8562,1.7602,456.6824,0.5505,0.3671
flow_6159,0x1000180f,04,Email,0,correlator,115.3034,1103.6459,220.0893,28266.1633,168.1254,287.0363,145.9057,368.1342,222.2285,0.049983,5.344842,0.695326,1.09459973,1.046231,6,4.7884,9.8643,1053.8751,27.1499,39,8583,1.4365,316.1334,0.5141,0.3875
flow_6171,0x1000181b,04,Email,0,correlator,139.3407,1188.9739,264.8375,31798.2293,178.3206,220.5317,146.4263,543.8006,397.3742,0.05956,7.820079,0.761985,3.20412784,1.790008,4,3.3434,12.0194,885.4656,8.0472,15,3972,1.864,493.5887,0.4633,0.4708
flow_6183,0x10001827,04,Email,0,correlator,86.9452,737.8011,222.8046,15998.0185,126.4833,220.7724,135.0549,381.5241,246.4693,0.02424,8.890688,0.389966,0.97415067,0.986991,10,3.1339,11.0748,698.2563,20.3536,52,11585,2.5548,569.1869,0.4478,0.4668
flow_6195,0x10001833,04,Email,0,correlator,122.6705,712.2974,307.503,48911.4908,221.1594,165.0602,134.1981,472.7595,338.5615,0.024109,10.070255,0.910507,1.03608575,1.017883,7,2.7128,9.9937,834.208,26.5213,29,8917,1.0935,336.2207,0.5076,0.6228
flow_6207,0x1000183f,04,Email,0,correlator,88.8888,622.4309,326.3006,32506.4105,180.2953,255.2465,124.5098,516.7034,392.1937,0.04399,10.534792,0.851985,2.79338695,1.671343,7,2.6275,6.691,857.3422,21.065,24,7831,1.1393,371.7541,0.4969,0.3985
flow_6219,0x1000184b,04,Email,0,correlator,126.6888,1142.5146,265.1496,8612.6352,92.8043,263.8016,148.3472,416.6583,268.3111,0.035965,6.393886,0.707677,2.7771988,1.666493,6,4.2328,11.4325,1122.3245,23.4018,33,8749,1.4101,373.8603,0.3955,0.5846
flow_6231,0x10001857,04,Email,0,correlator,114.2686,863.6312,256.0823,47739.2186,218.4931,244.7454,146.7334,513.8495,367.1161,0.030059,11.467026,0.291375,0.79232743,0.890128,11,4.3245,5.7729,1107.4366,12.402,42,10755,3.3865,867.1973,0.4323,0.4097
flow_6243,0x10001863,04,Email,0,correlator,119.6968,941.6617,414.7742,38573.9853,196.4026,169.739,101.971,518.2024,416.2314,0.026267,4.674784,0.639181,1.97892895,1.406744,5,3.4339,12.9341,1424.2883,20.2777,31,12858,1.5288,634.0964,0.5433,0.5
flow_6255,0x1000186f,04,Email,0,correlator,89.6485,684.2692,334.5744,8580.5916,92.6315,185.1524,146.8628,367.2866,220.4239,0.017349,11.903221,0.713782,2.39354563,1.547109,5,3.3817,6.6345,1131.4312,20.4595,28,9368,1.3686,457.881,0.6081,0.6175
flow_6267,0x1000187b,04,Email,0,correlator,125.8669,630.8335,389.2325,28989.227,170.2622,204.0396,112.5404,469.2802,356.7398,0.046648,9.750678,0.584156,0.60480278,0.777691,6,2.0433,9.8333,795.3106,18.3419,31,12066,1.6901,657.8367,0.5215,0.5545
flow_6279,0x10001887,04,Email,0,correlator,86.2747,765.9024,358.1649,26809.3567,163.7356,232.404,124.8327,496.4979,371.6652,0.054792,7.51718,0.912417,0.81589895,0.903271,3,4.8807,5.761,1748.0934,23.2226,25,8954,1.0765,385.5723,0.5201,0.3818
flow_6291,0x10001893,04,Email,0,correlator,129.8614,681.8843,235.1778,32733.9843,180.9254,246.4065,147.4603,411.2884,263.8281,0.011159,11.149365,0.491519,1.51183305,1.229566,6,4.9856,6.1592,1172.4981,11.8506,24,5644,2.0252,476.2628,0.579,0.5586
flow_6303,0x1000189f,04,Email,0,correlator,119.8606,695.5073,220.8175,44534.5851,211.0322,227.0115,157.0955,371.5594,214.4639,0.019408,3.007407,0.909585,2.52818789,1.590028,4,2.6336,12.9658,581.5551,29.4494,32,7066,1.0866,239.9373,0.56,0.4407
flow_6315,0x100018ab,04,Email,0,correlator,110.0631,1029.4278,410.409,41582.9068,203.9189,292.64,123.762,366.8016,243.0396,0.016298,4.399761,0.782816,0.9082381,0.953015,2,4.663,5.3991,1913.7442,12.7995,16,6566,1.25,512.9884,0.535,0.4649
flow_6327,0x100018b7,04,Email,0,correlator,96.2851,647.311,392.8333,39502.5541,198.7525,229.039,149.6655,442.4064,292.7409,0.058423,3.921751,0.920932,2.94484852,1.716056,8,3.0159,11.9466,1184.7623,28.4733,30,11784,1.0536,413.8612,0.5029,0.5917
flow_6339,0x100018c3,04,Email,0,correlator,122.7415,1079.6984,407.1697,19088.0759,138.1596,160.4742,110.8998,442.0185,331.1187,0.021411,8.154915,0.757518,3.14587403,1.773661,5,2.3816,12.9802,969.7089,19.2473,25,10179,1.2989,528.8522,0.4235,0.3522
flow_6351,0x100018cf,04,Email,0,correlator,120.5279,624.0234,361.1785,53911.3623,232.1882,193.9286,116.1304,529.5287,413.3983,0.058012,9.597839,0.405215,1.44903155,1.203757,12,2.6684,5.3097,963.7783,26.5134,65,23476,2.4516,885.4378,0.4749,0.5897
flow_6363,0x100018db,04,Email,0,correlator,129.0695,1170.7685,385.5563,42938.8908,207.217,181.1612,101.8332,448.3545,346.5213,0.047285,3.279762,0.899755,1.62626195,1.27525,2,2.4438,5.153,942.2041,13.4841,15,5783,1.1124,428.8746,0.4491,0.5384
flow_6375,0x100018e7,04,Email,0,correlator,134.3958,1020.6494,258.4754,26851.5132,163.8643,209.7461,109.2993,417.8904,308.5911,0.055904,9.744278,0.621698,1.01077169,1.005371,4,2.5838,6.9941,667.8379,19.6082,31,8012,1.581,408.604,0.5762,0.5058
flow_6387,0x100018f3,04,Email,0,correlator,123.1696,795.1369,263.7752,44115.4831,210.0369,297.0376,103.1046,371.9948,268.8902,0.01806,3.536185,0.347644,0.38331246,0.619122,9,3.3886,7.2274,893.8177,13.6603,39,10287,2.855,753.0568,0.4504,0.3667
flow_6399,0x100018ff,04,Email,0,correlator,88.3265,1058.1483,392.2672,18452.0884,135.8385,242.8956,106.9849,505.7586,398.7738,0.050439,4.095798,0.773839,1.137848,1.0667,3,4.5832,8.8668,1797.848,19.457,25,9806,1.2849,503.9843,0.5811,0.4287
flow_6411,0x1000190b,04,Email,0,correlator,120.605,1125.2389,404.0592,32133.7709,179.2589,297.8242,148.4482,410.2413,261.7932,0.037421,7.263245,0.512524,1.53809286,1.240199,9,4.7298,10.3824,1911.1073,25.5626,49,19798,1.9169,774.4921,0.4754,0.576
flow_6423,0x10001917,04,Email,0,correlator,82.1304,696.6211,408.5148,23009.2023,151.6878,208.4411,126.1788,373.0914,246.9126,0.05223,7.098163,0.591909,2.45042739,1.565384,4,2.8905,7.4162,1180.813,11.9742,20,8170,1.6703,682.3003,0.4629,0.5783
flow_6435,0x10001923,04,Email,0,correlator,88.2561,748.2149,399.6241,23231.4447,152.4186,245.884,105.0164,541.2632,436.2468,0.054951,8.286279,0.697773,1.31912565,1.148532,5,2.7269,7.8802,1089.7241,16.2068,23,9191,1.4192,567.1085,0.4803,0.5984
flow_6447,0x1000192f,04,Email,0,correlator,93.2743,907.7515,333.7269,10649.942,103.1986,182.4928,122.3652,441.7789,319.4137,0.041512,9.98565,0.611561,0.64747251,0.804657,7,3.6112,11.826,1205.1526,22.4421,36,12014,1.6041,535.333,0.5964,0.456
flow_6459,0x1000193b,04,Email,0,correlator,97.6432,811.4388,364.0735,18826.6693,137.2103,162.4415,105.0048,528.1929,423.1881,0.042749,8.142717,0.834147,3.17164974,1.780913,3,2.4495,8.3627,891.8117,18.7712,22,8009,1.172,426.6644,0.4843,0.456
flow_6471,0x10001947,04,Email,0,correlator,103.9059,765.3146,255.1675,53990.5461,232.3587,219.456,141.9504,411.3223,269.372,0.057622,5.368933,0.694108,0.77898873,0.882603,8,2.5973,6.7039,662.7481,28.337,40,10206,1.4116,360.1648,0.5405,0.579
flow_6483,0x10001953,04,Email,0,correlator,102.1357,1097.5507,411.3327,25698.1955,160.3066,195.3678,139.4122,462.4592,323.047,0.04983,4.813741,0.627177,1.39989652,1.183172,3,4.5733,11.1416,1881.1303,13.0379,20,8226,1.534,630.9286,0.5726,0.5163
flow_6495,0x1000195f,04,Email,0,correlator,110.6893,800.6942,407.5046,18163.2636,134.7712,188.0087,127.858,350.191,222.333,0.052578,8.625135,0.730521,0.97474178,0.98729,6,4.7297,10.759,1927.3691,19.7009,26,10595,1.3197,537.7934,0.5884,0.355
flow_6507,0x1000196b,04,Email,0,correlator,111.172,882.8024,378.9991,37944.836,194.7943,173.4333,120.3019,454.7161,334.4142,0.046541,11.571275,0.347813,0.7453741,0.863351,6,2.8954,6.7312,1097.3356,8.2115,23,8716,2.8009,1061.4351,0.5778,0.5955
flow_6519,0x10001977,04,Email,0,correlator,92.3462,745.2027,278.9331,36767.3455,191.7481,202.4203,107.9367,395.4615,287.5248,0.011142,2.897884,0.939239,1.04828261,1.023857,4,3.4775,12.7514,969.9824,23.6831,25,6973,1.0556,294.4288,0.528,0.6215
flow_6531,0x10001983,04,Email,0,correlator,113.3563,779.6424,321.4209,15232.1477,123.4186,279.4775,109.7884,475.3788,365.5903,0.040991,5.238861,0.926004,1.98922129,1.410398,3,4.3168,5.0287,1387.5153,21.0321,22,7071,1.046,336.1998,0.5046,0.5965
flow_6543,0x1000198f,04,Email,0,correlator,107.405,1087.6676,238.0655,42927.2846,207.189,194.3898,134.4506,376.9146,242.464,0.014884,8.177703,0.328592,0.7412635,0.860967,6,4.3798,6.9041,1042.6762,11.8557,36,8570,3.0365,722.8583,0.551,0.5285
flow_6555,0x1000199b,04,Email,0,correlator,137.9474,814.8948,358.9979,21392.4588,146.2616,235.8773,113.1938,533.5273,420.3334,0.044437,3.170857,0.40429,0.49123005,0.700878,8,4.9253,10.94,1768.1735,11.1533,27,9692,2.4208,868.9789,0.5152,0.5485
flow_6567,0x100019a7,04,Email,0,correlator,82.7459,1070.1601,237.0267,26343.5423,162.3069,246.7178,130.2264,500.968,370.7417,0.020344,11.631756,0.339297,2.68038439,1.637188,14,4.2129,8.4645,998.5685,18.0878,53,12562,2.9302,694.5013,0.425,0.6083
flow_6579,0x100019b3,04,Email,0,correlator,119.6357,1059.4081,293.3308,31592.9347,177.744,281.7632,126.6379,506.4636,379.8257,0.052075,9.040247,0.664384,0.51261574,0.715972,6,2.7688,9.6949,812.1674,23.044,34,9973,1.4754,432.7816,0.5207,0.456
flow_6591,0x100019bf,04,Email,0,correlator,113.9738,1055.325,273.6668,13549.1752,116.4009,256.8632,104.5006,369.9539,265.4533,0.047046,10.56598,0.281244,0.91548961,0.956812,12,4.7069,7.3178,1288.1202,16.6669,59,16146,3.5399,968.7438,0.6172,0.4427
flow_6603,0x100019cb,04,Email,0,correlator,131.7833,973.9521,412.8383,51930.8842,227.8835,164.5706,116.6883,387.7647,271.0764,0.020047,9.401055,0.688769,1.95663479,1.398798,10,3.0307,8.2572,1251.1896,25.8069,37,15275,1.4337,591.8962,0.409,0.6006
flow_6615,0x100019d7,04,Email,0,correlator,119.4931,1135.9995,347.2456,15259.6955,123.5301,187.3505,140.5118,462.888,322.3763,0.027073,5.061408,0.873965,1.77290478,1.331505,6,3.5775,10.9731,1242.2847,29.5622,33,11459,1.1163,387.6235,0.5612,0.6334
flow_6627,0x100019e3,04,Email,0,correlator,84.1517,1064.1411,415.2705,31142.7414,176.4731,246.5575,133.4985,441.0707,307.5722,0.029687,5.740526,0.254478,0.54946396,0.741258,16,2.6544,11.0199,1102.3069,25.2927,99,41111,3.9142,1625.408,0.5727,0.4386
flow_6639,0x100019ef,04,Email,0,correlator,130.0598,954.0396,331.7362,56092.1292,236.8378,192.1994,147.349,351.647,204.2981,0.013362,11.026751,0.627439,1.40255981,1.184297,5,3.6338,7.3661,1205.4519,23.2741,37,12274,1.5897,527.3666,0.4936,0.4002
flow_6651,0x100019fb,04,Email,0,correlator,95.1366,642.2322,281.5407,24550.3749,156.6856,206.4658,132.9568,463.0595,330.1027,0.025934,11.146983,0.510703,1.50415137,1.226438,5,4.1746,7.4191,1175.3155,19.2296,37,10417,1.9241,541.7157,0.5467,0.4109
flow_6663,0x10001a07,04,Email,0,correlator,115.118,613.9861,227.8216,27088.6918,164.5864,228.3747,154.7475,415.3914,260.644,0.027214,6.182162,0.625332,1.30889956,1.144071,8,4.8496,7.296,1104.8349,25.5588,40,9112,1.565,356.5109,0.5078,0.4791
flow_6675,0x10001a13,04,Email,0,correlator,137.0378,781.9249,404.3151,14386.2612,119.9427,272.899,132.1902,466.0379,333.8477,0.022054,6.915668,0.561002,2.61368618,1.61669,8,4.5136,11.3959,1824.9342,24.0495,42,16981,1.7464,706.0842,0.6155,0.4134
flow_6687,0x10001a1f,04,Email,0,correlator,86.7,1091.6245,230.5821,28274.7622,168.151,187.9248,159.93,476.4903,316.5603,0.05984,9.626594,0.590628,2.88176052,1.697575,3,2.449,9.5904,564.692,13.733,23,5303,1.6748,386.149,0.5896,0.5355
flow_6699,0x10001a2b,04,Email,0,correlator,109.1996,1126.5442,245.5643,15510.9726,124.5431,256.819,109.5088,413.8038,304.295,0.025579,11.729039,0.516251,2.95571841,1.71922,7,3.7626,12.2419,923.9513,14.0389,27,6630,1.9232,472.2584,0.5254,0.4393
flow_6711,0x10001a37,04,Email,0,correlator,87.5559,975.1436,394.6466,49179.4629,221.7644,219.2849,109.8065,531.5915,421.785,0.039072,5.993672,0.334595,1.81378557,1.346769,7,4.2684,7.1323,1684.4946,13.8206,41,16180,2.9666,1170.7175,0.4561,0.4919
flow_6723,0x10001a43,04,Email,0,correlator,93.2514,630.5753,308.7579,43500.7322,208.5683,251.8683,110.8047,358.8282,248.0236,0.042287,6.922973,0.338425,1.18447887,1.088338,6,2.0176,6.6269,622.9388,13.0055,38,11732,2.9218,902.082,0.4011,0.4346
flow_6735,0x10001a4f,04,Email,0,correlator,104.6564,1057.602,329.596,10807.0648,103.957,174.952,108.9788,390.8317,281.8529,0.052679,7.838388,0.46991,1.12872386,1.062414,7,3.3621,11.4412,1108.1404,21.672,46,15161,2.1226,699.5649,0.5845,0.4562
flow_6747,0x10001a5b,04,Email,0,correlator,138.9233,1190.1143,271.2738,49191.6916,221.792,175.0947,125.1612,454.0306,328.8694,0.017567,8.297871,0.589496,3.22819103,1.796717,3,3.1712,13.4869,860.2501,13.3321,22,5968,1.6502,447.6408,0.5085,0.4889
flow_6759,0x10001a67,04,Email,0,correlator,92.3251,720.6527,306.5615,26796.7191,163.697,285.4716,152.158,444.2658,292.1079,0.013374,8.042006,0.707095,1.90639175,1.380721,3,4.732,9.8202,1450.652,14.4831,20,6131,1.3809,423.3198,0.5366,0.3728
flow_6771,0x10001a73,04,Email,0,correlator,95.6587,948.7026,348.0825,39114.6683,197.7743,254.4018,115.6128,484.2553,368.6425,0.054394,11.71157,0.504705,1.20182328,1.096277,4,3.3091,5.4105,1151.8441,15.1946,30,10442,1.9744,687.2182,0.5573,0.6149
flow_6783,0x10001a7f,04,Email,0,correlator,114.5724,939.6348,304.5373,48801.1448,220.9098,172.5973,131.8707,414.6448,282.7741,0.021253,10.347494,0.776838,2.01770361,1.420459,2,3.0158,10.6758,918.4388,11.7076,15,4568,1.2812,390.1736,0.5072,0.4354
flow_6795,0x10001a8b,04,Email,0,correlator,131.1445,640.3765,290.3267,9353.1134,96.7115,256.6232,104.5848,352.1233,247.5385,0.030368,3.041643,0.613567,1.32560981,1.151351,4,2.7594,10.7794,801.1318,16.723,27,7838,1.6145,468.6964,0.4362,0.4596
flow_6807,0x10001a97,04,Email,0,correlator,109.132,1019.103,417.7679,36760.485,191.7302,177.7627,102.9342,367.945,265.0108,0.010174,9.642562,0.525389,0.78196487,0.884288,6,2.1248,6.935,887.6841,21.7063,41,17128,1.8889,789.0797,0.4287,0.3661
flow_6819,0x10001aa3,04,Email,0,correlator,93.2224,643.957,327.839,41737.8547,204.2984,230.9497,134.5005,521.6979,387.1974,0.047362,9.561571,0.678526,1.22591556,1.107211,2,3.6473,5.9559,1195.723,9.1403,15,4917,1.6411,537.9474,0.4065,0.5618
flow_6831,0x10001aaf,04,Email,0,correlator,101.131,817.1698,257.7592,8874.5237,94.2047,236.93,129.8762,491.8345,361.9584,0.029974,10.893457,0.763004,1.89228346,1.375603,6,2.1547,11.35,555.3843,18.5567,24,6186,1.2933,333.3563,0.404,0.3825
flow_6843,0x10001abb,04,Email,0,correlator,101.3188,828.7076,366.0526,14136.8726,118.8986,165.9172,108.4852,496.0402,387.555,0.045857,3.798807,0.366952,2.79599308,1.672122,14,3.6324,13.2024,1329.6439,24.8073,67,24525,2.7008,988.621,0.4381,0.4289
flow_6855,0x10001ac7,04,Email,0,correlator,82.5607,610.3018,258.0023,32145.4282,179.2915,164.2652,117.4275,537.1662,419.7387,0.038605,6.132671,0.287795,0.43618267,0.660441,10,2.4083,7.0882,621.3353,20.4511,71,18318,3.4717,895.6985,0.6116,0.6387
flow_6867,0x10001ad3,04,Email,0,correlator,87.2233,874.1409,303.6803,33604.9139,183.3164,205.7358,110.5834,478.9822,368.3987,0.044,8.020998,0.690408,1.15077475,1.072742,2,2.2875,12.172,694.6776,11.1704,16,4858,1.4324,434.8982,0.4923,0.5073
flow_6879,0x10001adf,04,Email,0,correlator,131.6529,618.1242,298.5262,23092.1719,151.9611,225.7006,156.4064,427.0147,270.6084,0.041676,7.00958,0.70699,3.14156665,1.772447,5,4.4013,10.7313,1313.9163,28.0566,39,11642,1.39,414.9462,0.529,0.5267
flow_6891,0x10001aeb,04,Email,0,correlator,131.8715,1038.906,236.8414,37527.5786,193.7204,171.7271,120.7599,358.1808,237.4209,0.047986,7.995007,0.56655,2.44618504,1.564028,8,2.0064,13.9587,475.1878,25.4691,44,10421,1.7276,409.1625,0.5986,0.4927
flow_6903,0x10001af7,04,Email,0,correlator,89.3521,840.2394,380.5948,43798.119,209.28,288.7739,156.3847,533.2736,376.8889,0.044637,4.421853,0.250822,2.22578454,1.491906,9,3.9609,10.1458,1507.4911,8.6178,34,12940,3.9453,1501.536,0.5354,0.5591
flow_6915,0x10001b03,04,Email,0,correlator,86.7387,970.1826,223.0697,47233.8698,217.3335,189.5665,113.3562,487.7934,374.4372,0.037047,8.798845,0.35921,1.06143667,1.03026,6,4.2956,13.5928,958.2081,15.2903,42,9368,2.7468,612.678,0.522,0.5568
flow_6927,0x10001b0f,04,Email,0,correlator,115.9294,889.3924,342.3659,21342.2791,146.09,252.0692,123.9203,446.668,322.7478,0.054684,5.306944,0.719482,0.63418907,0.79636,9,4.4957,5.3823,1539.188,24.9751,34,11640,1.3614,466.0637,0.4494,0.5518
flow_6939,0x10001b1b,04,Email,0,correlator,114.1446,952.988,309.6535,11090.5485,105.3117,163.6105,133.9081,420.3821,286.4741,0.037025,11.289273,0.899421,0.79389033,0.891005,9,4.086,7.2112,1265.2308,28.3578,31,9599,1.0932,338.4962,0.4311,0.4801
flow_6951,0x10001b27,04,Email,0,correlator,88.3313,839.8522,264.0892,23720.8693,154.0158,290.1527,115.5317,385.2878,269.7561,0.013835,4.334841,0.798038,0.73337458,0.856373,8,2.749,12.4032,725.9864,28.9414,36,9507,1.2439,328.4911,0.5242,0.487
flow_6963,0x10001b33,04,Email,0,correlator,80.3653,1166.4849,277.0152,57363.3795,239.5065,189.3391,155.5205,350.7457,195.2253,0.040178,9.570379,0.7357,2.38955877,1.54582,8,3.8026,11.4168,1053.3672,27.0573,36,9972,1.3305,368.5508,0.5858,0.3569
flow_6975,0x10001b3f,04,Email,0,correlator,135.5268,824.316,335.0005,47387.3898,217.6864,242.6241,113.6684,486.8147,373.1463,0.019346,4.558321,0.351793,0.55462262,0.74473,7,4.1776,9.8876,1399.4842,15.4857,44,14740,2.8413,951.8449,0.598,0.4337
flow_6987,0x10001b4b,04,Email,0,correlator,131.0894,1055.1526,303.1316,10936.4574,104.5775,212.0603,156.9653,461.6427,304.6773,0.032893,4.405236,0.475061,1.23433195,1.111005,17,4.658,11.9127,1411.9832,25.4861,53,16065,2.0796,630.3446,0.415,0.5294
flow_6999,0x10001b57,04,Email,0,correlator,104.2816,615.2265,375.3981,8439.664,91.8676,174.1554,118.3104,529.3755,411.0651,0.010223,3.42265,0.66911,0.7701312,0.877571,3,2.5353,11.1941,951.7544,14.1953,21,7883,1.4794,555.3246,0.5198,0.4963
flow_7011,0x10001b63,04,Email,0,correlator,106.324,1076.3516,267.5098,16010.4696,126.5325,189.4664,123.085,495.2698,372.1849,0.023787,6.695638,0.566427,1.37119157,1.170979,9,3.6738,7.8194,982.7904,17.647,31,8292,1.7567,469.8808,0.5779,0.361
flow_7023,0x10001b6f,04,Email,0,correlator,98.5403,1080.8502,227.4456,14619.5362,120.9113,180.5711,140.7521,438.5488,297.7967,0.053344,6.362648,0.829884,0.8899386,0.943366,4,4.1463,11.5171,943.0466,18.6384,22,5003,1.1804,268.4244,0.4648,0.5489
flow_7035,0x10001b7b,04,Email,0,correlator,108.1231,831.6927,419.2756,23078.7389,151.9169,191.4568,126.3217,468.8635,342.5417,0.012254,6.057163,0.487804,1.68526563,1.298178,9,4.3684,11.2966,1831.5495,21.2214,43,18028,2.0263,849.5218,0.6071,0.5605
flow_7047,0x10001b87,04,Email,0,correlator,93.4326,829.5882,368.3164,31646.3285,177.8941,277.4898,122.7758,480.6195,357.8437,0.019873,3.298973,0.338724,2.39628019,1.547992,12,4.4923,13.108,1654.5799,29.7219,87,32043,2.9271,1078.0926,0.5431,0.4855
flow_7059,0x10001b93,04,Email,0,correlator,117.75,883.952,391.3454,32384.7681,179.9577,222.389,152.3136,375.0816,222.768,0.026392,6.86545,0.506962,1.37375285,1.172072,7,4.0193,9.9786,1572.9434,17.316,34,13305,1.9635,768.3658,0.4263,0.5853
flow_7071,0x10001b9f,04,Email,0,correlator,130.8693,1128.1076,304.4492,24294.6983,155.8676,195.9035,102.337,490.1499,387.8128,0.054515,3.320458,0.414727,2.88030097,1.697145,14,3.2751,11.7986,997.0876,19.1789,46,14004,2.3985,730.1764,0.4624,0.5449
flow_7083,0x10001bab,04,Email,0,correlator,111.5884,950.0735,393.5071,15656.7697,125.127,243.8764,136.0914,363.804,227.7126,0.051882,9.889404,0.814102,0.38365194,0.619396,4,4.2677,9.0752,1679.3754,9.5143,15,5902,1.5766,620.3303,0.461,0.5327
flow_7095,0x10001bb7,04,Email,0,correlator,134.6425,714.9281,280.0338,31631.1182,177.8514,234.0795,137.4648,493.7811,356.3163,0.034348,11.271737,0.709904,0.44945396,0.670413,11,4.8238,5.3739,1350.8407,28.7654,40,11201,1.3906,389.3918,0.4894,0.5003
flow_7107,0x10001bc3,04,Email,0,correlator,133.073,736.3024,222.4475,13880.0215,117.8135,192.8908,122.7339,401.1388,278.4049,0.041804,6.174812,0.565102,2.0132398,1.418887,8,4.6358,5.5016,1031.2185,20.1591,35,7785,1.7362,386.1778,0.5139,0.4692
flow_7119,0x10001bcf,04,Email,0,correlator,121.744,828.6183,418.9265,32060.6989,179.055,291.562,153.6242,455.1513,301.5271,0.055208,7.170935,0.808852,1.54268687,1.242049,5,3.0571,7.7901,1280.6925,26.1922,32,13405,1.2217,511.7943,0.5656,0.639
flow_7131,0x10001bdb,04,Email,0,correlator,114.0554,716.6513,409.4461,12183.6873,110.3797,195.4211,125.2456,445.9415,320.6959,0.054405,10.623552,0.392247,1.5189922,1.232474,13,2.8985,9.2104,1186.7773,26.9644,68,27842,2.5218,1032.545,0.4143,0.4938
flow_7143,0x10001be7,04,Email,0,correlator,107.5267,1153.4063,300.0319,40197.0449,200.492,280.8499,135.8811,444.3701,308.4891,0.016941,8.891242,0.488455,3.20917609,1.791417,14,3.7115,6.8847,1113.5819,28.6451,58,17401,2.0248,607.4677,0.5394,0.641
flow_7155,0x10001bf3,04,Email,0,correlator,105.869,1007.8724,286.8872,42418.9493,205.9586,298.8944,115.602,352.9089,237.3069,0.050265,6.572386,0.634815,1.78271303,1.335183,3,4.4751,12.562,1283.8569,16.2404,25,7172,1.5394,441.6152,0.4712,0.5874
flow_7167,0x10001bff,04,Email,0,correlator,102.0478,796.9892,328.5755,28393.959,168.5051,262.1736,113.3063,500.3429,387.0366,0.053727,2.969979,0.524042,0.67535531,0.8218,5,3.501,6.4986,1150.3448,18.4255,35,11500,1.8995,624.1341,0.4093,0.584
flow_7179,0x10001c0b,04,Email,0,correlator,117.452,815.1937,313.4283,51447.0316,226.8194,283.7514,124.5215,436.167,311.6455,0.026302,8.281205,0.888793,0.43566499,0.660049,2,2.5614,10.9789,802.8008,15.9065,17,5328,1.0687,334.9582,0.4104,0.4163
flow_7191,0x10001c17,04,Email,0,correlator,93.3552,1079.1261,268.9742,18701.1277,136.7521,177.4109,142.0329,444.4191,302.3862,0.046976,5.766113,0.866714,1.289116,1.135392,4,2.1204,6.1054,570.3271,20.9143,24,6455,1.1475,308.64,0.4756,0.3553
flow_7203,0x10001c23,04,Email,0,correlator,102.6171,744.3986,253.1733,54758.1162,234.0045,248.8261,126.8087,539.8842,413.0755,0.032947,9.809131,0.646959,0.50326108,0.709409,11,2.6724,8.8368,676.5926,27.4032,42,10633,1.5327,388.0208,0.4976,0.4628
flow_7215,0x10001c2f,04,Email,0,correlator,108.4711,626.5061,234.9057,39815.9379,199.5393,172.6246,111.5973,418.9225,307.3252,0.026947,5.984947,0.540866,0.58706346,0.766201,3,2.491,12.9395,585.1418,9.8316,18,4228,1.8308,430.0398,0.414,0.5129
flow_7227,0x10001c3b,04,Email,0,correlator,107.3465,641.0481,359.7292,21730.8637,147.4139,222.0692,103.4375,377.1716,273.7341,0.035202,4.152662,0.882149,1.03043662,1.015104,4,2.3953,10.1219,861.6442,24.9477,28,10072,1.1223,403.7239,0.5237,0.6047
flow_7239,0x10001c47,04,Email,0,correlator,134.4922,771.937,277.93,28723.0142,169.4787,197.4744,142.2639,506.3681,364.1042,0.051734,9.07286,0.843579,2.54618992,1.595679,2,3.1741,6.3213,882.1804,11.6658,15,4168,1.2858,357.284,0.5545,0.5516
flow_7251,0x10001c53,04,Email,0,correlator,129.8225,770.4911,290.1438,45560.4618,213.449,262.0898,102.2293,449.3108,347.0815,0.012623,9.856385,0.583367,1.89911615,1.378084,8,2.4488,7.073,710.515,16.6972,28,8124,1.6769,486.5474,0.3908,0.4459
flow_7263,0x10001c5f,04,Email,0,correlator,92.9454,1133.0154,259.5752,40614.3428,201.53,220.6396,121.1937,371.1749,249.9812,0.039917,8.266939,0.821886,3.16791976,1.779865,2,2.5623,11.7561,665.0996,8.1274,15,3893,1.8456,478.998,0.5501,0.366
flow_7275,0x10001c6b,04,Email,0,correlator,109.9566,611.2284,378.841,38867.46,197.1483,257.0178,123.4801,453.8249,330.3448,0.045614,2.525133,0.459082,2.70187784,1.643739,5,2.2518,7.3737,853.0924,11.8317,25,9471,2.113,800.4791,0.4896,0.6141
flow_7287,0x10001c77,04,Email,0,correlator,86.5323,609.3915,378.7937,49432.6189,222.3345,224.5151,133.8386,450.166,316.3273,0.045237,9.011434,0.290493,1.36897166,1.170031,10,3.4384,7.9396,1302.4619,13.4136,46,17424,3.4293,1298.9777,0.4166,0.4506
flow_7299,0x10001c83,04,Email,0,correlator,108.5715,701.0653,306.1146,13349.6317,115.5406,283.1141,159.1411,514.0152,354.8741,0.050652,4.113286,0.451307,1.09701664,1.047386,7,2.7544,10.0217,843.1501,19.6289,43,13162,2.1907,670.5434,0.5541,0.416
flow_7311,0x10001c8f,04,Email,0,correlator,92.4178,709.1139,294.5081,9715.0811,98.5651,269.4553,147.8109,483.449,335.638,0.010221,4.078468,0.923593,1.77396647,1.331903,3,2.1932,10.8886,645.9164,16.704,18,5301,1.0776,317.3483,0.6163,0.3999
flow_7323,0x10001c9b,04,Email,0,correlator,83.2409,604.7037,354.6888,18661.1326,136.6058,210.3853,146.1909,430.7578,284.5669,0.045575,9.344352,0.748033,1.19158939,1.091599,5,2.8761,5.1093,1020.1224,18.51,24,8512,1.2966,459.8606,0.403,0.3671
flow_7335,0x10001ca7,04,Email,0,correlator,108.9773,732.6357,290.4957,42162.0785,205.3341,215.1429,135.5335,468.4717,332.9382,0.050945,5.450762,0.38483,3.10053205,1.760833,14,4.4559,5.3008,1294.4286,17.478,45,13072,2.5747,747.9111,0.5287,0.47
flow_7347,0x10001cb3,04,Email,0,correlator,136.9137,1152.0502,244.7838,25920.5839,160.9987,190.0918,116.3467,471.5201,355.1734,0.011239,10.529779,0.618869,2.36968536,1.539378,3,4.9437,10.079,1210.1401,11.437,18,4406,1.5738,385.2402,0.5659,0.5751
flow_7359,0x10001cbf,04,Email,0,correlator,125.4611,994.8506,291.069,9740.0982,98.6919,244.0421,138.7555,547.2339,408.4785,0.013269,3.001063,0.761798,3.23682247,1.799117,5,4.7176,8.7696,1373.1508,26.9234,35,10187,1.3,378.3699,0.4111,0.419
flow_7371,0x10001ccb,04,Email,0,correlator,124.4077,932.3082,228.6594,49455.0151,222.3848,256.744,100.9801,514.6355,413.6554,0.025285,3.132782,0.343421,3.04874245,1.746065,9,4.8681,7.1017,1113.1272,21.9787,63,14405,2.8664,655.4084,0.4406,0.5672
flow_7383,0x10001cd7,04,Email,0,correlator,86.4089,1041.8853,401.4302,40252.5124,200.6303,263.6102,130.326,525.254,394.928,0.054086,5.987521,0.656384,1.18158298,1.087006,5,3.4998,8.4623,1404.9054,12.9273,19,7627,1.4698,589.9938,0.4338,0.5627
flow_7395,0x10001ce3,04,Email,0,correlator,138.0017,944.1159,310.4377,8802.9148,93.8238,286.1286,153.9066,432.8748,278.9682,0.046388,9.485727,0.314286,1.58932582,1.260685,7,2.5213,11.6836,782.7179,13.9891,44,13659,3.1453,976.3996,0.4919,0.5953
flow_7407,0x10001cef,04,Email,0,correlator,83.3869,654.4159,363.0796,37306.0731,193.1478,215.5766,135.7598,385.3057,249.5459,0.014586,9.643291,0.732823,0.91871962,0.958499,8,2.9268,9.5687,1062.6611,26.9944,36,13070,1.3336,484.1738,0.4649,0.6174
flow_7419,0x10001cfb,04,Email,0,correlator,122.1595,1124.9829,222.8539,16013.1234,126.543,293.3293,130.1224,497.1104,366.988,0.054159,3.070138,0.443616,2.1357892,1.461434,3,2.4233,11.7141,540.0439,8.6684,19,4234,2.1919,488.4435,0.6108,0.3701
flow_7431,0x10001d07,04,Email,0,correlator,93.3814,796.7369,245.0891,14366.8162,119.8617,246.9153,155.9247,479.1131,323.1884,0.05275,5.758533,0.664016,0.38739544,0.622411,7,4.1452,12.593,1015.9541,15.0893,22,5391,1.458,357.2734,0.5181,0.411
flow_7443,0x10001d13,04,Email,0,correlator,139.8777,1142.5665,406.0147,50559.1635,224.8536,235.5684,130.1133,486.8788,356.7656,0.055033,11.058001,0.584338,2.58604824,1.608119,9,4.8912,10.9893,1985.9067,27.4881,47,19082,1.7098,694.1906,0.5196,0.6496
flow_7455,0x10001d1f,04,Email,0,correlator,86.0988,733.5849,377.082,55084.0231,234.6999,287.7677,108.7619,425.1322,316.3703,0.010661,5.715005,0.44965,1.97922456,1.406849,11,3.4051,10.8735,1284.0063,24.3331,54,20362,2.2192,836.8009,0.5134,0.6254
flow_7467,0x10001d2b,04,Email,0,correlator,130.539,761.5263,398.3302,31881.1224,178.5529,191.3325,113.4247,449.9692,336.5445,0.030695,5.256321,0.356467,0.37180079,0.609755,11,2.3349,7.3905,930.06,16.9627,47,18721,2.7708,1103.6563,0.5118,0.5384
flow_7479,0x10001d37,04,Email,0,correlator,130.2373,626.2976,363.4969,11554.446,107.4916,240.2541,145.5415,436.8955,291.354,0.017367,6.752883,0.587534,1.70895048,1.307268,4,3.2561,6.7062,1183.5711,13.2225,22,7996,1.6638,604.7261,0.5081,0.4264
flow_7491,0x10001d43,04,Email,0,correlator,117.5608,624.4913,347.4605,53403.8191,231.0927,228.3613,101.6489,374.6295,272.9807,0.046419,9.017948,0.500043,1.31411142,1.146347,11,4.3734,6.9842,1519.5889,19.8472,39,13550,1.965,682.716,0.4154,0.423
flow_7503,0x10001d4f,04,Email,0,correlator,124.9506,1006.7802,415.5951,24753.6254,157.3328,251.6844,140.3244,383.3196,242.9952,0.019862,9.332496,0.30631,0.4472542,0.668771,17,2.8424,10.6094,1181.3003,29.6542,96,39897,3.2373,1345.4103,0.5836,0.4731
flow_7515,0x10001d5b,04,Email,0,correlator,126.9967,825.3545,230.0273,14854.9417,121.8809,179.5225,102.4795,422.3442,319.8646,0.017688,7.633392,0.737149,0.92492916,0.961732,3,4.9097,11.4881,1129.3689,12.3275,16,3680,1.2979,298.5184,0.4877,0.4202
flow_7527,0x10001d67,04,Email,0,correlator,84.9066,986.1713,255.5566,33395.1631,182.7434,200.7248,153.7187,391.9833,238.2646,0.03159,2.949401,0.766139,2.8618576,1.691703,9,3.8988,11.789,996.3529,28.3497,37,9455,1.3051,333.5136,0.4762,0.4798
flow_7539,0x10001d73,04,Email,0,correlator,86.9163,842.8061,328.3893,11708.9504,108.2079,202.8595,136.1653,429.9092,293.7439,0.059383,3.96425,0.520872,1.04645136,1.022962,4,2.4899,9.3585,817.6503,15.2938,29,9523,1.8962,622.6698,0.4525,0.4135
flow_7551,0x10001d7f,04,Email,0,correlator,123.6673,1021.7055,392.2418,35504.0385,188.4252,191.8995,123.4915,430.1882,306.6967,0.029824,4.717758,0.60389,1.40635708,1.185899,4,2.1286,12.3141,834.9201,21.0102,34,13336,1.6183,634.7393,0.4741,0.3784
flow_7563,0x10001d8b,04,Email,0,correlator,128.6581,1161.451,417.2244,31249.5647,176.7755,250.472,104.1701,354.2916,250.1216,0.035214,11.115552,0.389519,1.04154225,1.02056,9,3.095,7.4889,1291.2964,21.9335,56,23364,2.5532,1065.2194,0.3836,0.3565
flow_7575,0x10001d97,04,Email,0,correlator,98.1338,1005.3255,417.4492,22365.1627,149.5499,224.7094,101.0659,527.2144,426.1485,0.03906,10.678865,0.425585,0.53603284,0.732143,15,4.8761,9.4383,2035.5387,25.1778,59,24629,2.3433,978.2025,0.413,0.6464
flow_7587,0x10001da3,04,Email,0,correlator,131.8476,1076.274,246.4142,42474.5851,206.0936,160.081,106.2272,501.6095,395.3823,0.054308,6.481037,0.394352,0.63456969,0.796599,8,4.9429,9.7269,1217.9909,14.2652,36,8870,2.5236,621.791,0.4709,0.5759
flow_7599,0x10001daf,04,Email,0,correlator,109.6791,1145.1136,316.1654,27754.4371,166.5966,183.2828,158.754,448.8962,290.1422,0.019709,8.316244,0.706719,1.00917788,1.004578,4,2.5644,5.0446,810.7635,11.6907,16,5058,1.3686,432.6505,0.5609,0.3699
flow_7611,0x10001dbb,04,Email,0,correlator,112.4963,899.8185,365.2824,43041.3279,207.464,269.465,128.9372,364.0123,235.0752,0.055476,11.812492,0.527186,1.80756502,1.344457,12,3.4481,13.1758,1259.5388,24.2849,46,16802,1.8942,691.87,0.4143,0.5198
flow_7623,0x10001dc7,04,Email,0,correlator,119.8671,683.829,315.9964,17519.9623,132.363,191.2575,122.7519,360.9771,238.2252,0.043669,4.018786,0.39459,2.90074799,1.703158,19,3.9047,12.5302,1233.861,26.1936,66,20855,2.5197,796.1858,0.4342,0.6225
flow_7635,0x10001dd3,04,Email,0,correlator,114.2824,1023.4178,257.8417,12339.2458,111.0822,260.738,102.9731,542.9611,439.988,0.053358,4.711463,0.579031,0.63852444,0.799077,3,2.2186,13.677,572.0453,8.6112,15,3867,1.7419,449.0652,0.6064,0.5566
flow_7647,0x10001ddf,04,Email,0,correlator,105.6203,1024.309,240.1247,25623.5993,160.0737,257.5188,125.8347,531.6034,405.7687,0.055968,10.295609,0.44453,2.81610753,1.678126,9,4.1397,11.8864,994.0531,14.5033,32,7683,2.2064,529.7422,0.4105,0.6272
flow_7659,0x10001deb,04,Email,0,correlator,84.8009,944.9602,374.182,11606.2943,107.7325,219.8624,111.4002,432.4171,321.0169,0.016331,9.895037,0.284696,0.66028863,0.812581,4,2.5026,11.7447,936.4184,8.3442,29,10851,3.4755,1300.4202,0.5135,0.376
flow_7671,0x10001df7,04,Email,0,correlator,115.0151,1149.0199,266.5674,35834.2916,189.2995,288.9168,154.6797,500.0197,345.34,0.034388,8.307564,0.317906,1.06359327,1.031307,14,2.794,9.6226,744.782,18.6535,58,15460,3.1093,828.7971,0.545,0.567
flow_7683,0x10001e03,04,Email,0,correlator,117.489,670.9428,240.6038,49649.017,222.8206,286.9552,148.5739,422.0091,273.4352,0.035867,5.63871,0.341152,1.4207934,1.19197,16,3.4279,8.9031,824.7768,25.6288,75,18045,2.9264,704.0902,0.5072,0.5309
flow_7695,0x10001e0f,04,Email,0,correlator,125.3832,994.273,255.5397,8683.7143,93.1864,255.8086,123.6213,453.5055,329.8842,0.015352,9.992864,0.594758,1.86572321,1.365915,4,2.724,6.3169,696.0778,10.0699,16,4088,1.5889,405.9635,0.4451,0.4753
flow_7707,0x10001e1b,04,Email,0,correlator,115.2235,748.17,344.7372,23113.9685,152.0328,222.5058,142.206,525.5297,383.3237,0.05135,10.030042,0.725376,1.94170211,1.39345,3,2.5496,8.2851,878.957,13.8093,19,6550,1.3759,474.3195,0.6,0.3565
flow_7719,0x10001e27,04,Email,0,correlator,85.7752,955.4472,259.0832,41044.7384,202.595,251.384,133.7136,503.1472,369.4336,0.020927,11.653237,0.781806,1.30357959,1.141744,5,3.0575,8.3686,792.139,23.5745,30,7772,1.2726,329.678,0.4395,0.4361
flow_7731,0x10001e33,04,Email,0,correlator,121.5823,709.7135,364.3889,42278.4736,205.6173,222.1911,155.63,495.6181,339.9881,0.049925,8.695788,0.531097,1.89451963,1.376416,3,2.3593,5.3154,859.7066,9.5363,17,6194,1.7827,649.5167,0.5436,0.6269
flow_7743,0x10001e3f,04,Email,0,correlator,108.1784,721.8559,371.484,19447.3982,139.4539,195.0114,129.0604,350.9407,221.8803,0.042767,4.811709,0.658013,0.36703302,0.605833,10,4.5228,5.4382,1680.1595,28.4421,43,15973,1.5118,561.5969,0.3822,0.4403
flow_7755,0x10001e4b,04,Email,0,correlator,137.0248,712.5884,290.2903,33824.9924,183.9157,261.4702,106.4604,543.5914,437.131,0.011728,10.420401,0.561076,1.4182391,1.190898,10,3.5698,7.5375,1036.2858,23.6088,42,12192,1.779,516.4177,0.4261,0.4909
flow_7767,0x10001e57,04,Email,0,correlator,116.4459,839.572,325.2454,36425.9242,190.8558,269.0035,139.3462,480.995,341.6489,0.013458,2.523321,0.513944,1.03146028,1.015608,13,4.5116,6.8472,1467.3892,25.9896,50,16262,1.9238,625.7114,0.4845,0.4926
flow_7779,0x10001e63,04,Email,0,correlator,137.7387,680.5487,273.6177,28684.9276,169.3663,266.7824,102.8002,389.1023,286.3021,0.044753,5.256946,0.82787,1.98029643,1.40723,2,4.2407,6.8181,1160.344,12.7118,15,4104,1.18,322.8506,0.526,0.5224
flow_7791,0x10001e6f,04,Email,0,correlator,103.1373,610.5877,406.4003,26284.0448,162.1235,264.8881,119.1308,378.1655,259.0348,0.034304,6.779081,0.766643,0.80553325,0.897515,4,2.5202,13.4549,1024.1951,21.5235,28,11379,1.3009,528.6782,0.3925,0.3911
flow_7803,0x10001e7b,04,Email,0,correlator,121.767,608.1207,316.6449,53197.3734,230.6456,277.8734,110.6946,464.2744,353.5798,0.042116,6.372132,0.334354,0.47160511,0.686735,14,4.1167,12.2206,1303.5351,26.2116,78,24698,2.9758,942.2545,0.4782,0.5584
flow_7815,0x10001e87,04,Email,0,correlator,88.3393,1104.3674,268.8876,12322.2986,111.0058,217.0436,148.2205,529.7226,381.5021,0.015792,3.209516,0.414213,2.03110355,1.425168,6,3.6042,6.0381,969.1315,16.9838,41,11024,2.4141,649.0873,0.4171,0.5849
flow_7827,0x10001e93,04,Email,0,correlator,109.549,607.2697,333.5008,15912.7946,126.1459,224.5355,156.1955,494.2989,338.1033,0.055262,7.236665,0.694597,0.95466071,0.977067,6,4.7377,11.402,1580.0382,14.5683,20,6670,1.3728,457.8422,0.52,0.3705
flow_7839,0x10001e9f,04,Email,0,correlator,80.1855,1041.2335,299.0421,34248.0464,185.0623,179.5193,147.5301,407.8544,260.3243,0.018224,10.439642,0.546974,0.5398602,0.734752,2,4.5103,9.8542,1348.7674,8.8799,16,4784,1.8018,538.7455,0.5653,0.5473
flow_7851,0x10001eab,04,Email,0,correlator,93.3891,908.3494,244.875,9281.2437,96.3392,271.2084,105.5861,377.211,271.6249,0.035,7.154178,0.461835,1.00897435,1.004477,5,2.4744,13.8806,605.9235,13.874,30,7346,2.1623,529.4811,0.435,0.6031
flow_7863,0x10001eb7,04,Email,0,correlator,101.233,1112.4224,284.8624,53229.5585,230.7153,286.0522,100.2373,440.2415,340.0041,0.024949,4.80855,0.439675,1.23936624,1.113268,7,4.4159,11.532,1257.9212,13.8249,31,8830,2.2423,638.7048,0.386,0.4778
flow_7875,0x10001ec3,04,Email,0,correlator,92.7955,792.1574,330.4991,12291.6496,110.8677,254.2699,105.7325,436.1991,330.4666,0.059079,10.550924,0.280003,2.06265328,1.436194,15,4.1382,13.1205,1367.6574,19.4427,69,22804,3.5489,1172.8803,0.5831,0.434
flow_7887,0x10001ecf,04,Email,0,correlator,94.1224,826.71,392.1205,21498.2469,146.6228,218.4004,134.394,471.1005,336.7064,0.032479,3.542457,0.815548,1.24990698,1.117992,6,2.3989,11.9375,940.6653,29.9433,36,14116,1.2023,471.4243,0.4778,0.5473
flow_7899,0x10001edb,04,Email,0,correlator,110.9076,1069.8942,308.1484,13962.607,118.1635,202.7593,122.6596,505.5933,382.9337,0.055593,6.31013,0.489034,0.37337061,0.611041,12,3.8702,10.271,1192.5954,27.5509,56,17256,2.0326,626.3324,0.4427,0.5772
flow_7911,0x10001ee7,04,Email,0,correlator,127.4802,869.1426,252.434,36248.2785,190.3898,275.0053,108.0269,471.9681,363.9412,0.018783,3.663854,0.697278,2.03544305,1.42669,6,2.1581,8.5373,544.7846,22.5535,32,8077,1.4188,358.1263,0.4563,0.5309
flow_7923,0x10001ef3,04,Email,0,correlator,89.8669,726.4962,361.4663,8482.7092,92.1016,190.0631,151.94,547.7927,395.8528,0.015298,8.019697,0.713983,0.41754004,0.646173,3,3.1314,13.1245,1131.8977,15.3687,21,7590,1.3664,493.8599,0.4731,0.5929
flow_7935,0x10001eff,04,Email,0,correlator,120.2324,935.5089,338.6757,51259.5287,226.4057,197.5843,132.6918,543.9508,411.2589,0.055783,11.442939,0.937958,2.10414573,1.450567,4,3.8249,11.0101,1295.4122,12.0907,15,5080,1.2406,420.1565,0.4278,0.5864
flow_7947,0x10001f0b,04,Email,0,correlator,99.316,1044.2422,385.9034,8872.0636,94.1916,240.4849,134.3242,354.3261,220.0019,0.025032,10.399683,0.907811,0.79344904,0.890758,4,3.3263,5.553,1283.6194,28.1018,30,11577,1.0675,411.9658,0.5039,0.4729
flow_7959,0x10001f17,04,Email,0,correlator,84.3391,792.1623,417.779,31894.3181,178.5898,271.424,132.4184,407.1614,274.743,0.036674,3.029595,0.271942,1.74440442,1.320759,7,2.4205,9.2154,1011.2536,13.7335,50,20888,3.6407,1520.9535,0.5907,0.4465
flow_7971,0x10001f23,04,Email,0,correlator,87.8003,1082.3424,328.725,15172.8862,123.1783,214.3582,135.0086,374.8155,239.8069,0.01986,8.927418,0.853352,1.13670628,1.066164,7,4.6575,8.2925,1531.028,27.3601,32,10519,1.1696,384.4646,0.4858,0.385
flow_7983,0x10001f2f,04,Email,0,correlator,129.1493,1013.1208,396.4498,48054.4212,219.2132,183.6331,137.9642,480.7259,342.7617,0.03375,5.141765,0.502745,0.59079813,0.768634,8,3.814,7.2795,1512.0494,26.5469,52,20615,1.9588,776.5492,0.425,0.5305
flow_7995,0x10001f3b,04,Email,0,correlator,97.1181,1019.3373,393.1019,20673.0736,143.7813,189.937,102.0023,412.0211,310.0188,0.054435,10.500154,0.700437,1.30662535,1.143077,5,4.2403,7.061,1666.8729,17.2002,24,9434,1.3953,548.4805,0.5556,0.4386
flow_8007,0x10001f47,04,ICMP,48,correlator,104.0,104.0,104.0,0.5802,0.7617,104.0,104.0,104.0,0.0,0.987574,1.012426,1.0,3.86e-05,0.006213,16,1.0,2.0,104.0,32.1743,32,3328,0.9946,103.4367,0.5,0.5
flow_8019,0x10001f53,04,ICMP,48,correlator,104.0,104.0,104.0,0.3187,0.5646,104.0,104.0,104.0,0.0,0.490354,0.509646,0.5,2.326e-05,0.004823,22,1.0,2.0,104.0,22.333,44,4576,1.9702,204.8988,0.5,0.5
flow_8031,0x10001f5f,04,ICMP,48,correlator,112.0,112.0,112.0,0.0125,0.1116,112.0,112.0,112.0,0.0,0.980575,1.019425,1.0,9.433e-05,0.009712,5,1.0,2.0,112.0,10.3751,10,1120,0.9638,107.9506,0.5,0.5
flow_8043,0x10001f6b,04,ICMP,48,correlator,96.0,96.0,96.0,0.0231,0.1519,96.0,96.0,96.0,0.0,0.990968,1.009032,1.0,2.039e-05,0.004516,14,1.0,2.0,96.0,28.968,28,2688,0.9666,92.7921,0.5,0.5
flow_8055,0x10001f77,04,ICMP,48,correlator,104.0,104.0,104.0,0.0426,0.2065,104.0,104.0,104.0,0.0,0.475699,0.524301,0.5,0.00014763,0.01215,35,1.0,2.0,104.0,35.278,70,7280,1.9842,206.3612,0.5,0.5
flow_8067,0x10001f83,04,ICMP,48,correlator,104.0,104.0,104.0,0.1076,0.328,104.0,104.0,104.0,0.0,0.494267,0.505733,0.5,8.22e-06,0.002866,25,1.0,2.0,104.0,25.6691,51,5304,1.9868,206.6295,0.5,0.5
flow_8079,0x10001f8f,04,ICMP,48,correlator,104.0,104.0,104.0,0.0106,0.1031,104.0,104.0,104.0,0.0,0.981771,1.018229,1.0,8.308e-05,0.009115,16,1.0,2.0,104.0,32.0697,32,3328,0.9978,103.7738,0.5,0.5
flow_8091,0x10001f9b,04,ICMP,48,correlator,96.0,96.0,96.0,0.5425,0.7365,96.0,96.0,96.0,0.0,0.482182,0.517818,0.5,7.937e-05,0.008909,38,1.0,2.0,96.0,38.3512,76,7296,1.9817,190.2418,0.5,0.5
flow_8103,0x10001fa7,04,ICMP,48,correlator,96.0,96.0,96.0,0.0896,0.2993,96.0,96.0,96.0,0.0,0.983358,1.016642,1.0,6.924e-05,0.008321,19,1.0,2.0,96.0,38.9431,38,3648,0.9758,93.6752,0.5,0.5
flow_8115,0x10001fb3,04,ICMP,48,correlator,112.0,112.0,112.0,0.5092,0.7136,112.0,112.0,112.0,0.0,0.9883,1.0117,1.0,3.422e-05,0.00585,16,1.0,2.0,112.0,32.6093,32,3584,0.9813,109.9073,0.5,0.5
flow_8127,0x10001fbf,04,ICMP,48,correlator,104.0,104.0,104.0,0.3763,0.6134,104.0,104.0,104.0,0.0,0.99108,1.00892,1.0,1.989e-05,0.00446,7,1.0,2.0,104.0,15.9457,15,1560,0.9407,97.8322,0.5,0.5
flow_8139,0x10001fcb,04,ICMP,48,correlator,96.0,96.0,96.0,0.1542,0.3926,96.0,96.0,96.0,0.0,0.487106,0.512894,0.5,4.157e-05,0.006447,32,1.0,2.0,96.0,32.7732,65,6240,1.9833,190.3992,0.5,0.5
flow_8151,0x10001fd7,04,ICMP,48,correlator,104.0,104.0,104.0,0.013,0.1138,104.0,104.0,104.0,0.0,0.475842,0.524158,0.5,0.0001459,0.012079,37,1.0,2.0,104.0,37.2012,74,7696,1.9892,206.8751,0.5,0.5
flow_8163,0x10001fe3,04,ICMP,48,correlator,96.0,96.0,96.0,0.1839,0.4289,96.0,96.0,96.0,0.0,0.485186,0.514814,0.5,5.486e-05,0.007407,20,1.0,2.0,96.0,20.4687,40,3840,1.9542,187.6038,0.5,0.5
flow_8175,0x10001fef,04,ICMP,48,correlator,104.0,104.0,104.0,0.273,0.5225,104.0,104.0,104.0,0.0,0.989961,1.010039,1.0,2.519e-05,0.005019,8,1.0,2.0,104.0,16.6835,16,1664,0.959,99.7394,0.5,0.5
flow_8187,0x10001ffb,04,ICMP,48,correlator,96.0,96.0,96.0,0.3565,0.597,96.0,96.0,96.0,0.0,0.981874,1.018126,1.0,8.214e-05,0.009063,14,1.0,2.0,96.0,28.9335,28,2688,0.9677,92.9028,0.5,0.5
flow_8199,0x10002007,04,ICMP,48,correlator,96.0,96.0,96.0,0.0903,0.3005,96.0,96.0,96.0,0.0,0.975694,1.024306,1.0,0.0001477,0.012153,8,1.0,2.0,96.0,16.6729,16,1536,0.9596,92.1255,0.5,0.5
flow_8211,0x10002013,04,ICMP,48,correlator,112.0,112.0,112.0,0.0973,0.3119,112.0,112.0,112.0,0.0,0.992213,1.007787,1.0,1.516e-05,0.003893,11,1.0,2.0,112.0,22.3385,22,2464,0.9848,110.303,0.5,0.5
flow_8223,0x1000201f,04,ICMP,48,correlator,96.0,96.0,96.0,0.2476,0.4976,96.0,96.0,96.0,0.0,0.485094,0.514906,0.5,5.554e-05,0.007453,28,1.0,2.0,96.0,28.5614,57,5472,1.9957,191.5873,0.5,0.5
flow_8235,0x1000202b,04,ICMP,48,correlator,96.0,96.0,96.0,0.1266,0.3559,96.0,96.0,96.0,0.0,0.975635,1.024365,1.0,0.00014842,0.012183,8,1.0,2.0,96.0,16.3051,16,1536,0.9813,94.2034,0.5,0.5
flow_8247,0x10002037,04,ICMP,48,correlator,96.0,96.0,96.0,0.5673,0.7532,96.0,96.0,96.0,0.0,0.491735,0.508265,0.5,1.708e-05,0.004132,10,1.0,2.0,96.0,10.0181,20,1920,1.9964,191.6527,0.5,0.5
flow_8259,0x10002043,04,ICMP,48,correlator,112.0,112.0,112.0,0.1508,0.3883,112.0,112.0,112.0,0.0,0.977164,1.022836,1.0,0.00013037,0.011418,9,1.0,2.0,112.0,19.9266,19,2128,0.9535,106.7921,0.5,0.5
flow_8271,0x1000204f,04,ICMP,48,correlator,112.0,112.0,112.0,0.3541,0.5951,112.0,112.0,112.0,0.0,0.488416,0.511584,0.5,3.355e-05,0.005792,19,1.0,2.0,112.0,19.1733,38,4256,1.9819,221.9752,0.5,0.5
flow_8283,0x1000205b,04,ICMP,48,correlator,104.0,104.0,104.0,0.3033,0.5507,104.0,104.0,104.0,0.0,0.493927,0.506073,0.5,9.22e-06,0.003037,10,1.0,2.0,104.0,10.4254,20,2080,1.9184,199.5135,0.5,0.5
flow_8295,0x10002067,04,ICMP,48,correlator,96.0,96.0,96.0,0.302,0.5496,96.0,96.0,96.0,0.0,0.992456,1.007544,1.0,1.423e-05,0.003772,18,1.0,2.0,96.0,37.7042,37,3552,0.9813,94.2069,0.5,0.5
flow_8307,0x10002073,04,ICMP,48,correlator,104.0,104.0,104.0,0.3736,0.6112,104.0,104.0,104.0,0.0,0.988658,1.011342,1.0,3.216e-05,0.005671,19,1.0,2.0,104.0,38.9711,38,3952,0.9751,101.4083,0.5,0.5
flow_8319,0x1000207f,04,ICMP,48,correlator,96.0,96.0,96.0,0.3055,0.5527,96.0,96.0,96.0,0.0,0.98229,1.01771,1.0,7.842e-05,0.008855,10,1.0,2.0,96.0,21.8055,21,2016,0.9631,92.4536,0.5,0.5
flow_8331,0x1000208b,04,ICMP,48,correlator,96.0,96.0,96.0,0.2155,0.4642,96.0,96.0,96.0,0.0,0.990978,1.009022,1.0,2.035e-05,0.004511,7,1.0,2.0,96.0,14.406,14,1344,0.9718,93.2946,0.5,0.5
flow_8343,0x10002097,04,ICMP,48,correlator,96.0,96.0,96.0,0.1187,0.3446,96.0,96.0,96.0,0.0,0.977073,1.022927,1.0,0.00013142,0.011464,19,1.0,2.0,96.0,38.7739,38,3648,0.98,94.0839,0.5,0.5
flow_8355,0x100020a3,04,ICMP,48,correlator,96.0,96.0,96.0,0.365,0.6042,96.0,96.0,96.0,0.0,0.983308,1.016692,1.0,6.966e-05,0.008346,12,1.0,2.0,96.0,25.4306,25,2400,0.9831,94.3745,0.5,0.5
flow_8367,0x100020af,04,ICMP,48,correlator,96.0,96.0,96.0,0.0373,0.1932,96.0,96.0,96.0,0.0,0.487279,0.512721,0.5,4.046e-05,0.006361,33,1.0,2.0,96.0,33.8452,67,6432,1.9796,190.0415,0.5,0.5
flow_8379,0x100020bb,04,ICMP,48,correlator,104.0,104.0,104.0,0.4386,0.6623,104.0,104.0,104.0,0.0,0.48997,0.51003,0.5,2.515e-05,0.005015,38,1.0,2.0,104.0,38.4418,76,7904,1.977,205.6097,0.5,0.5
flow_8391,0x100020c7,04,ICMP,48,correlator,96.0,96.0,96.0,0.2452,0.4952,96.0,96.0,96.0,0.0,0.486088,0.513912,0.5,4.839e-05,0.006956,27,1.0,2.0,96.0,27.0117,54,5184,1.9991,191.9169,0.5,0.5
flow_8403,0x100020d3,04,ICMP,48,correlator,104.0,104.0,104.0,0.0563,0.2373,104.0,104.0,104.0,0.0,0.975581,1.024419,1.0,0.00014907,0.012209,15,1.0,2.0,104.0,30.9774,30,3120,0.9684,100.7186,0.5,0.5
flow_8415,0x100020df,04,ICMP,48,correlator,96.0,96.0,96.0,0.1049,0.3239,96.0,96.0,96.0,0.0,0.494715,0.505285,0.5,6.98e-06,0.002642,10,1.0,2.0,96.0,10.9645,21,2016,1.9153,183.8657,0.5,0.5
flow_8427,0x100020eb,04,ICMP,48,correlator,96.0,96.0,96.0,0.4515,0.6719,96.0,96.0,96.0,0.0,0.479106,0.520894,0.5,0.00010914,0.010447,21,1.0,2.0,96.0,21.9397,43,4128,1.9599,188.1517,0.5,0.5
flow_8439,0x100020f7,04,ICMP,48,correlator,104.0,104.0,104.0,0.1737,0.4167,104.0,104.0,104.0,0.0,0.994805,1.005195,1.0,6.75e-06,0.002598,8,1.0,2.0,104.0,16.3057,16,1664,0.9813,102.0503,0.5,0.5
flow_8451,0x10002103,04,ICMP,48,correlator,96.0,96.0,96.0,0.0459,0.2142,96.0,96.0,96.0,0.0,0.494847,0.505153,0.5,6.64e-06,0.002576,19,1.0,2.0,96.0,19.0787,38,3648,1.9917,191.2078,0.5,0.5
flow_8463,0x1000210f,04,ICMP,48,correlator,112.0,112.0,112.0,0.3473,0.5893,112.0,112.0,112.0,0.0,0.494433,0.505567,0.5,7.75e-06,0.002783,13,1.0,2.0,112.0,13.8209,27,3024,1.9536,218.7992,0.5,0.5
flow_8475,0x1000211b,04,ICMP,48,correlator,112.0,112.0,112.0,0.5665,0.7527,112.0,112.0,112.0,0.0,0.492608,0.507392,0.5,1.366e-05,0.003696,34,1.0,2.0,112.0,34.2343,68,7616,1.9863,222.4669,0.5,0.5
flow_8487,0x10002127,04,ICMP,48,correlator,112.0,112.0,112.0,0.6188,0.7866,112.0,112.0,112.0,0.0,0.490882,0.509118,0.5,2.079e-05,0.004559,14,1.0,2.0,112.0,14.9472,29,3248,1.9402,217.2982,0.5,0.5
flow_8499,0x10002133,04,ICMP,48,correlator,104.0,104.0,104.0,0.2949,0.543,104.0,104.0,104.0,0.0,0.985374,1.014626,1.0,5.348e-05,0.007313,6,1.0,2.0,104.0,13.7286,13,1352,0.9469,98.4803,0.5,0.5
flow_8511,0x1000213f,04,ICMP,48,correlator,96.0,96.0,96.0,0.4079,0.6386,96.0,96.0,96.0,0.0,0.479098,0.520902,0.5,0.00010922,0.010451,30,1.0,2.0,96.0,30.4426,60,5760,1.9709,189.2088,0.5,0.5
flow_8523,0x1000214b,04,ICMP,48,correlator,104.0,104.0,104.0,0.5568,0.7462,104.0,104.0,104.0,0.0,0.478584,0.521416,0.5,0.00011466,0.010708,16,1.0,2.0,104.0,16.168,32,3328,1.9792,205.8388,0.5,0.5
flow_8535,0x10002157,04,ICMP,48,correlator,104.0,104.0,104.0,0.5274,0.7262,104.0,104.0,104.0,0.0,0.975951,1.024049,1.0,0.00014459,0.012025,8,1.0,2.0,104.0,17.6981,17,1768,0.9606,99.8977,0.5,0.5
flow_8547,0x10002163,04,ICMP,48,correlator,96.0,96.0,96.0,0.522,0.7225,96.0,96.0,96.0,0.0,0.994097,1.005903,1.0,8.71e-06,0.002951,5,1.0,2.0,96.0,10.4989,10,960,0.9525,91.4384,0.5,0.5
flow_8559,0x1000216f,04,ICMP,48,correlator,96.0,96.0,96.0,0.028,0.1673,96.0,96.0,96.0,0.0,0.98461,1.01539,1.0,5.921e-05,0.007695,12,1.0,2.0,96.0,24.1832,24,2304,0.9924,95.2728,0.5,0.5
flow_8571,0x1000217b,04,ICMP,48,correlator,104.0,104.0,104.0,0.6387,0.7992,104.0,104.0,104.0,0.0,0.484857,0.515143,0.5,5.733e-05,0.007571,38,1.0,2.0,104.0,38.4676,76,7904,1.9757,205.4717,0.5,0.5
flow_8583,0x10002187,04,ICMP,48,correlator,96.0,96.0,96.0,0.1351,0.3675,96.0,96.0,96.0,0.0,0.985443,1.014557,1.0,5.298e-05,0.007278,19,1.0,2.0,96.0,38.9743,38,3648,0.975,93.6001,0.5,0.5
flow_8595,0x10002193,04,ICMP,48,correlator,112.0,112.0,112.0,0.3639,0.6032,112.0,112.0,112.0,0.0,0.989001,1.010999,1.0,3.025e-05,0.0055,14,1.0,2.0,112.0,28.6788,28,3136,0.9763,109.349,0.5,0.5
flow_8607,0x1000219f,04,ICMP,48,correlator,112.0,112.0,112.0,0.0707,0.2658,112.0,112.0,112.0,0.0,0.992346,1.007654,1.0,1.465e-05,0.003827,11,1.0,2.0,112.0,22.9336,22,2464,0.9593,107.4406,0.5,0.5
flow_8619,0x100021ab,04,ICMP,48,correlator,112.0,112.0,112.0,0.3815,0.6176,112.0,112.0,112.0,0.0,0.482448,0.517552,0.5,7.702e-05,0.008776,38,1.0,2.0,112.0,38.3372,76,8512,1.9824,222.0298,0.5,0.5
flow_8631,0x100021b7,04,ICMP,48,correlator,96.0,96.0,96.0,0.471,0.6863,96.0,96.0,96.0,0.0,0.47608,0.52392,0.5,0.00014304,0.01196,24,1.0,2.0,96.0,24.8535,49,4704,1.9716,189.2691,0.5,0.5
flow_8643,0x100021c3,04,ICMP,48,correlator,112.0,112.0,112.0,0.1944,0.4409,112.0,112.0,112.0,0.0,0.48657,0.51343,0.5,4.509e-05,0.006715,34,1.0,2.0,112.0,34.542,69,7728,1.9976,223.7274,0.5,0.5
flow_8655,0x100021cf,04,ICMP,48,correlator,104.0,104.0,104.0,0.2334,0.4831,104.0,104.0,104.0,0.0,0.98057,1.01943,1.0,9.438e-05,0.009715,18,1.0,2.0,104.0,37.2071,37,3848,0.9944,103.421,0.5,0.5
flow_8667,0x100021db,04,ICMP,48,correlator,112.0,112.0,112.0,0.5601,0.7484,112.0,112.0,112.0,0.0,0.482427,0.517573,0.5,7.72e-05,0.008786,33,1.0,2.0,112.0,33.8222,67,7504,1.9809,221.8663,0.5,0.5
flow_8679,0x100021e7,04,ICMP,48,correlator,112.0,112.0,112.0,0.0336,0.1832,112.0,112.0,112.0,0.0,0.982485,1.017515,1.0,7.67e-05,0.008758,7,1.0,2.0,112.0,14.0535,14,1568,0.9962,111.5736,0.5,0.5
flow_8691,0x100021f3,04,ICMP,48,correlator,104.0,104.0,104.0,0.2949,0.543,104.0,104.0,104.0,0.0,0.985232,1.014768,1.0,5.452e-05,0.007384,9,1.0,2.0,104.0,19.7876,19,1976,0.9602,99.8604,0.5,0.5
flow_8703,0x100021ff,04,ICMP,48,correlator,96.0,96.0,96.0,0.2261,0.4755,96.0,96.0,96.0,0.0,0.9916,1.0084,1.0,1.764e-05,0.0042,8,1.0,2.0,96.0,16.4743,16,1536,0.9712,93.2359,0.5,0.5
flow_8715,0x1000220b,04,ICMP,48,correlator,112.0,112.0,112.0,0.3957,0.6291,112.0,112.0,112.0,0.0,0.475148,0.524852,0.5,0.0001544,0.012426,27,1.0,2.0,112.0,27.2366,54,6048,1.9826,222.0543,0.5,0.5
flow_8727,0x10002217,04,ICMP,48,correlator,112.0,112.0,112.0,0.4637,0.681,112.0,112.0,112.0,0.0,0.98939,1.01061,1.0,2.814e-05,0.005305,12,1.0,2.0,112.0,24.4513,24,2688,0.9815,109.9329,0.5,0.5
flow_8739,0x10002223,04,ICMP,48,correlator,112.0,112.0,112.0,0.1778,0.4217,112.0,112.0,112.0,0.0,0.495562,0.504438,0.5,4.93e-06,0.002219,35,1.0,2.0,112.0,35.0724,70,7840,1.9959,223.5374,0.5,0.5
flow_8751,0x1000222f,04,ICMP,48,correlator,96.0,96.0,96.0,0.2087,0.4568,96.0,96.0,96.0,0.0,0.480962,0.519038,0.5,9.061e-05,0.009519,14,1.0,2.0,96.0,14.7643,29,2784,1.9642,188.5632,0.5,0.5
flow_8763,0x1000223b,04,ICMP,48,correlator,104.0,104.0,104.0,0.0347,0.1862,104.0,104.0,104.0,0.0,0.984088,1.015912,1.0,6.33e-05,0.007956,14,1.0,2.0,104.0,29.7875,29,3016,0.9736,101.2507,0.5,0.5
flow_8775,0x10002247,04,ICMP,48,correlator,96.0,96.0,96.0,0.617,0.7855,96.0,96.0,96.0,0.0,0.984263,1.015737,1.0,6.192e-05,0.007869,19,1.0,2.0,96.0,39.4136,39,3744,0.9895,94.9925,0.5,0.5
flow_8787,0x10002253,04,ICMP,48,correlator,96.0,96.0,96.0,0.4289,0.6549,96.0,96.0,96.0,0.0,0.981627,1.018373,1.0,8.439e-05,0.009186,5,1.0,2.0,96.0,10.7301,10,960,0.932,89.4682,0.5,0.5
flow_8799,0x1000225f,04,ICMP,48,correlator,96.0,96.0,96.0,0.0201,0.1419,96.0,96.0,96.0,0.0,0.484039,0.515961,0.5,6.368e-05,0.00798,13,1.0,2.0,96.0,13.9263,27,2592,1.9388,186.1225,0.5,0.5
flow_8811,0x1000226b,04,ICMP,48,correlator,112.0,112.0,112.0,0.5866,0.7659,112.0,112.0,112.0,0.0,0.492755,0.507245,0.5,1.312e-05,0.003623,26,1.0,2.0,112.0,26.5848,53,5936,1.9936,223.2854,0.5,0.5
flow_8823,0x10002277,04,ICMP,48,correlator,112.0,112.0,112.0,0.3794,0.6159,112.0,112.0,112.0,0.0,0.983479,1.016521,1.0,6.823e-05,0.00826,18,1.0,2.0,112.0,37.2531,37,4144,0.9932,111.2391,0.5,0.5
flow_8835,0x10002283,04,ICMP,48,correlator,96.0,96.0,96.0,0.0959,0.3097,96.0,96.0,96.0,0.0,0.481201,0.518799,0.5,8.835e-05,0.0094,21,1.0,2.0,96.0,21.248,42,4032,1.9767,189.7587,0.5,0.5
flow_8847,0x1000228f,04,ICMP,48,correlator,104.0,104.0,104.0,0.4197,0.6478,104.0,104.0,104.0,0.0,0.490217,0.509783,0.5,2.393e-05,0.004892,17,1.0,2.0,104.0,17.6512,35,3640,1.9829,206.2178,0.5,0.5
flow_8859,0x1000229b,04,ICMP,48,correlator,112.0,112.0,112.0,0.404,0.6356,112.0,112.0,112.0,0.0,0.990914,1.009086,1.0,2.064e-05,0.004543,16,1.0,2.0,112.0,33.3499,33,3696,0.9895,110.8249,0.5,0.5
flow_8871,0x100022a7,04,ICMP,48,correlator,112.0,112.0,112.0,0.0775,0.2784,112.0,112.0,112.0,0.0,0.481249,0.518751,0.5,8.79e-05,0.009375,12,1.0,2.0,112.0,12.6874,25,2800,1.9705,220.6915,0.5,0.5
flow_8883,0x100022b3,04,ICMP,48,correlator,96.0,96.0,96.0,0.3435,0.5861,96.0,96.0,96.0,0.0,0.993216,1.006784,1.0,1.151e-05,0.003392,9,1.0,2.0,96.0,18.6482,18,1728,0.9652,92.6631,0.5,0.5
flow_8895,0x100022bf,04,ICMP,48,correlator,96.0,96.0,96.0,0.017,0.1303,96.0,96.0,96.0,0.0,0.485874,0.514126,0.5,4.988e-05,0.007063,10,1.0,2.0,96.0,10.5034,21,2016,1.9993,191.9376,0.5,0.5
flow_8907,0x100022cb,04,ICMP,48,correlator,112.0,112.0,112.0,0.0274,0.1654,112.0,112.0,112.0,0.0,0.979925,1.020075,1.0,0.00010075,0.010037,14,1.0,2.0,112.0,29.2894,29,3248,0.9901,110.8932,0.5,0.5
flow_8919,0x100022d7,04,ICMP,48,correlator,96.0,96.0,96.0,0.0579,0.2406,96.0,96.0,96.0,0.0,0.480938,0.519062,0.5,9.084e-05,0.009531,34,1.0,2.0,96.0,34.7002,69,6624,1.9885,190.8923,0.5,0.5
flow_8931,0x100022e3,04,ICMP,48,correlator,104.0,104.0,104.0,0.1955,0.4422,104.0,104.0,104.0,0.0,0.97656,1.02344,1.0,0.00013736,0.01172,13,1.0,2.0,104.0,27.2263,27,2808,0.9917,103.1356,0.5,0.5
flow_8943,0x100022ef,04,ICMP,48,correlator,104.0,104.0,104.0,0.0166,0.1287,104.0,104.0,104.0,0.0,0.488616,0.511384,0.5,3.24e-05,0.005692,27,1.0,2.0,104.0,27.6277,55,5720,1.9908,207.0386,0.5,0.5
flow_8955,0x100022fb,04,ICMP,48,correlator,112.0,112.0,112.0,0.3209,0.5664,112.0,112.0,112.0,0.0,0.494336,0.505664,0.5,8.02e-06,0.002832,36,1.0,2.0,112.0,36.7775,73,8176,1.9849,222.3101,0.5,0.5
flow_8967,0x10002307,04,ICMP,48,correlator,112.0,112.0,112.0,0.0335,0.183,112.0,112.0,112.0,0.0,0.483177,0.516823,0.5,7.076e-05,0.008412,30,1.0,2.0,112.0,30.1842,60,6720,1.9878,222.6332,0.5,0.5
flow_8979,0x10002313,04,ICMP,48,correlator,96.0,96.0,96.0,0.0547,0.2339,96.0,96.0,96.0,0.0,0.481235,0.518765,0.5,8.804e-05,0.009383,16,1.0,2.0,96.0,16.0832,32,3072,1.9897,191.0067,0.5,0.5
flow_8991,0x1000231f,04,ICMP,48,correlator,104.0,104.0,104.0,0.0997,0.3158,104.0,104.0,104.0,0.0,0.488577,0.511423,0.5,3.262e-05,0.005711,39,1.0,2.0,104.0,39.5649,79,8216,1.9967,207.6587,0.5,0.5
flow_9003,0x1000232b,04,ICMP,48,correlator,104.0,104.0,104.0,0.0754,0.2747,104.0,104.0,104.0,0.0,0.984544,1.015456,1.0,5.972e-05,0.007728,8,1.0,2.0,104.0,16.2286,16,1664,0.9859,102.5347,0.5,0.5
flow_9015,0x10002337,04,ICMP,48,correlator,104.0,104.0,104.0,0.0324,0.18,104.0,104.0,104.0,0.0,0.481941,0.518059,0.5,8.153e-05,0.00903,11,1.0,2.0,104.0,11.8316,23,2392,1.9439,202.1706,0.5,0.5
flow_9027,0x10002343,04,ICMP,48,correlator,112.0,112.0,112.0,0.581,0.7622,112.0,112.0,112.0,0.0,0.983544,1.016456,1.0,6.77e-05,0.008228,19,1.0,2.0,112.0,39.6281,39,4368,0.9841,110.2247,0.5,0.5
flow_9039,0x1000234f,04,ICMP,48,correlator,96.0,96.0,96.0,0.5689,0.7543,96.0,96.0,96.0,0.0,0.488521,0.511479,0.5,3.294e-05,0.005739,25,1.0,2.0,96.0,25.1878,50,4800,1.9851,190.5688,0.5,0.5
flow_9051,0x1000235b,04,ICMP,48,correlator,96.0,96.0,96.0,0.5051,0.7107,96.0,96.0,96.0,0.0,0.479322,0.520678,0.5,0.0001069,0.010339,27,1.0,2.0,96.0,27.3013,54,5184,1.9779,189.881,0.5,0.5
flow_9063,0x10002367,04,ICMP,48,correlator,96.0,96.0,96.0,0.0719,0.2681,96.0,96.0,96.0,0.0,0.48224,0.51776,0.5,7.886e-05,0.00888,22,1.0,2.0,96.0,22.3011,44,4224,1.973,189.4076,0.5,0.5
flow_9075,0x10002373,04,ICMP,48,correlator,104.0,104.0,104.0,0.273,0.5225,104.0,104.0,104.0,0.0,0.994973,1.005027,1.0,6.32e-06,0.002513,7,1.0,2.0,104.0,15.4425,15,1560,0.9713,101.0197,0.5,0.5
flow_9087,0x1000237f,04,ICMP,48,correlator,112.0,112.0,112.0,0.1947,0.4413,112.0,112.0,112.0,0.0,0.976041,1.023959,1.0,0.00014351,0.01198,5,1.0,2.0,112.0,10.4864,10,1120,0.9536,106.8052,0.5,0.5
flow_9099,0x1000238b,04,ICMP,48,correlator,112.0,112.0,112.0,0.3808,0.6171,112.0,112.0,112.0,0.0,0.47859,0.52141,0.5,0.0001146,0.010705,11,1.0,2.0,112.0,11.5065,23,2576,1.9989,223.8743,0.5,0.5
flow_9111,0x10002397,04,ICMP,48,correlator,104.0,104.0,104.0,0.0138,0.1173,104.0,104.0,104.0,0.0,0.992353,1.007647,1.0,1.462e-05,0.003823,8,1.0,2.0,104.0,16.4147,16,1664,0.9747,101.3724,0.5,0.5
flow_9123,0x100023a3,04,ICMP,48,correlator,96.0,96.0,96.0,0.2439,0.4939,96.0,96.0,96.0,0.0,0.990246,1.009754,1.0,2.378e-05,0.004877,10,1.0,2.0,96.0,21.343,21,2016,0.9839,94.4573,0.5,0.5
flow_9135,0x100023af,04,ICMP,48,correlator,104.0,104.0,104.0,0.3307,0.5751,104.0,104.0,104.0,0.0,0.983334,1.016666,1.0,6.944e-05,0.008333,5,1.0,2.0,104.0,11.7441,11,1144,0.9366,97.4106,0.5,0.5
flow_9147,0x100023bb,04,ICMP,48,correlator,112.0,112.0,112.0,0.5029,0.7092,112.0,112.0,112.0,0.0,0.986644,1.013356,1.0,4.46e-05,0.006678,9,1.0,2.0,112.0,19.5977,19,2128,0.9695,108.584,0.5,0.5
flow_9159,0x100023c7,04,ICMP,48,correlator,96.0,96.0,96.0,0.0182,0.135,96.0,96.0,96.0,0.0,0.489872,0.510128,0.5,2.564e-05,0.005064,33,1.0,2.0,96.0,33.5732,67,6432,1.9956,191.5816,0.5,0.5
flow_9171,0x100023d3,04,ICMP,48,correlator,112.0,112.0,112.0,0.025,0.1582,112.0,112.0,112.0,0.0,0.97512,1.02488,1.0,0.00015475,0.01244,13,1.0,2.0,112.0,27.5193,27,3024,0.9811,109.8867,0.5,0.5
flow_9183,0x100023df,04,ICMP,48,correlator,96.0,96.0,96.0,0.1183,0.344,96.0,96.0,96.0,0.0,0.477319,0.522681,0.5,0.0001286,0.01134,12,1.0,2.0,96.0,12.0902,24,2304,1.9851,190.5683,0.5,0.5
flow_9195,0x100023eb,04,ICMP,48,correlator,112.0,112.0,112.0,0.4708,0.6862,112.0,112.0,112.0,0.0,0.989363,1.010637,1.0,2.828e-05,0.005318,17,1.0,2.0,112.0,34.2525,34,3808,0.9926,111.1744,0.5,0.5
flow_9207,0x100023f7,04,ICMP,48,correlator,112.0,112.0,112.0,0.0392,0.198,112.0,112.0,112.0,0.0,0.987028,1.012972,1.0,4.207e-05,0.006486,5,1.0,2.0,112.0,11.6105,11,1232,0.9474,106.1109,0.5,0.5
flow_9219,0x10002403,04,ICMP,48,correlator,112.0,112.0,112.0,0.1037,0.3221,112.0,112.0,112.0,0.0,0.495111,0.504889,0.5,5.98e-06,0.002445,12,1.0,2.0,112.0,12.465,24,2688,1.9254,215.6441,0.5,0.5
flow_9231,0x1000240f,04,ICMP,48,correlator,112.0,112.0,112.0,0.016,0.1264,112.0,112.0,112.0,0.0,0.485757,0.514243,0.5,5.072e-05,0.007122,15,1.0,2.0,112.0,15.9438,31,3472,1.9443,217.7645,0.5,0.5
flow_9243,0x1000241b,04,ICMP,48,correlator,104.0,104.0,104.0,0.2379,0.4877,104.0,104.0,104.0,0.0,0.97634,1.02366,1.0,0.00013995,0.01183,13,1.0,2.0,104.0,26.1023,26,2704,0.9961,103.5922,0.5,0.5
flow_9255,0x10002427,04,ICMP,48,correlator,96.0,96.0,96.0,0.0583,0.2415,96.0,96.0,96.0,0.0,0.988252,1.011748,1.0,3.45e-05,0.005874,5,1.0,2.0,96.0,10.0194,10,960,0.9981,95.8137,0.5,0.5
flow_9267,0x10002433,04,ICMP,48,correlator,96.0,96.0,96.0,0.1793,0.4234,96.0,96.0,96.0,0.0,0.989195,1.010805,1.0,2.919e-05,0.005403,18,1.0,2.0,96.0,37.9954,37,3552,0.9738,93.4849,0.5,0.5
flow_9279,0x1000243f,04,ICMP,48,correlator,96.0,96.0,96.0,0.0679,0.2605,96.0,96.0,96.0,0.0,0.486995,0.513005,0.5,4.229e-05,0.006503,33,1.0,2.0,96.0,33.8747,67,6432,1.9779,189.8765,0.5,0.5
flow_9291,0x1000244b,04,ICMP,48,correlator,96.0,96.0,96.0,0.32,0.5656,96.0,96.0,96.0,0.0,0.976197,1.023803,1.0,0.00014165,0.011902,9,1.0,2.0,96.0,18.8202,18,1728,0.9564,91.8165,0.5,0.5
flow_9303,0x10002457,04,ICMP,48,correlator,96.0,96.0,96.0,0.046,0.2144,96.0,96.0,96.0,0.0,0.989618,1.010382,1.0,2.695e-05,0.005191,17,1.0,2.0,96.0,35.3959,35,3360,0.9888,94.9262,0.5,0.5
flow_9315,0x10002463,04,ICMP,48,correlator,104.0,104.0,104.0,0.1759,0.4194,104.0,104.0,104.0,0.0,0.491237,0.508763,0.5,1.92e-05,0.004382,32,1.0,2.0,104.0,32.1548,64,6656,1.9904,206.9985,0.5,0.5
flow_9327,0x1000246f,04,ICMP,48,correlator,96.0,96.0,96.0,0.4649,0.6819,96.0,96.0,96.0,0.0,0.486215,0.513785,0.5,4.75e-05,0.006892,26,1.0,2.0,96.0,26.441,52,4992,1.9666,188.7974,0.5,0.5
flow_9339,0x1000247b,04,ICMP,48,correlator,112.0,112.0,112.0,0.1615,0.4019,112.0,112.0,112.0,0.0,0.983798,1.016202,1.0,6.563e-05,0.008101,18,1.0,2.0,112.0,36.9116,36,4032,0.9753,109.234,0.5,0.5
flow_9351,0x10002487,04,ICMP,48,correlator,112.0,112.0,112.0,0.4716,0.6868,112.0,112.0,112.0,0.0,0.986548,1.013452,1.0,4.524e-05,0.006726,8,1.0,2.0,112.0,16.038,16,1792,0.9976,111.7345,0.5,0.5
flow_9363,0x10002493,04,ICMP,48,correlator,96.0,96.0,96.0,0.4882,0.6987,96.0,96.0,96.0,0.0,0.48787,0.51213,0.5,3.678e-05,0.006065,21,1.0,2.0,96.0,21.9322,43,4128,1.9606,188.2168,0.5,0.5
flow_9375,0x1000249f,04,ICMP,48,correlator,112.0,112.0,112.0,0.1206,0.3473,112.0,112.0,112.0,0.0,0.992841,1.007159,1.0,1.281e-05,0.003579,5,1.0,2.0,112.0,10.1528,10,1120,0.9849,110.3141,0.5,0.5
flow_9387,0x100024ab,04,ICMP,48,correlator,96.0,96.0,96.0,0.5625,0.75,96.0,96.0,96.0,0.0,0.49356,0.50644,0.5,1.037e-05,0.00322,36,1.0,2.0,96.0,36.2552,72,6912,1.9859,190.6486,0.5,0.5
flow_9399,0x100024b7,04,ICMP,48,correlator,104.0,104.0,104.0,0.2581,0.508,104.0,104.0,104.0,0.0,0.485147,0.514853,0.5,5.515e-05,0.007427,31,1.0,2.0,104.0,31.6092,63,6552,1.9931,207.2813,0.5,0.5
flow_9411,0x100024c3,04,ICMP,48,correlator,96.0,96.0,96.0,0.0641,0.2532,96.0,96.0,96.0,0.0,0.484517,0.515483,0.5,5.993e-05,0.007741,11,1.0,2.0,96.0,11.8035,23,2208,1.9486,187.0627,0.5,0.5
flow_9423,0x100024cf,04,ICMP,48,correlator,104.0,104.0,104.0,0.3043,0.5516,104.0,104.0,104.0,0.0,0.491594,0.508406,0.5,1.766e-05,0.004203,23,1.0,2.0,104.0,23.2406,46,4784,1.9793,205.8469,0.5,0.5
flow_9435,0x100024db,04,ICMP,48,correlator,96.0,96.0,96.0,0.5373,0.733,96.0,96.0,96.0,0.0,0.475843,0.524157,0.5,0.00014588,0.012078,25,1.0,2.0,96.0,25.7687,51,4896,1.9791,189.9976,0.5,0.5
flow_9447,0x100024e7,04,ICMP,48,correlator,112.0,112.0,112.0,0.1596,0.3995,112.0,112.0,112.0,0.0,0.489075,0.510925,0.5,2.984e-05,0.005462,14,1.0,2.0,112.0,14.7926,29,3248,1.9604,219.5696,0.5,0.5
flow_9459,0x100024f3,04,ICMP,48,correlator,104.0,104.0,104.0,0.2741,0.5236,104.0,104.0,104.0,0.0,0.487396,0.512604,0.5,3.972e-05,0.006302,14,1.0,2.0,104.0,14.2415,28,2912,1.9661,204.4729,0.5,0.5
flow_9471,0x100024ff,04,ICMP,48,correlator,112.0,112.0,112.0,0.6069,0.7791,112.0,112.0,112.0,0.0,0.47977,0.52023,0.5,0.00010231,0.010115,18,1.0,2.0,112.0,18.8095,37,4144,1.9671,220.3138,0.5,0.5
flow_9483,0x1000250b,04,ICMP,48,correlator,96.0,96.0,96.0,0.2162,0.4649,96.0,96.0,96.0,0.0,0.992723,1.007277,1.0,1.324e-05,0.003639,10,1.0,2.0,96.0,21.5423,21,2016,0.9748,93.5835,0.5,0.5
flow_9495,0x10002517,04,ICMP,48,correlator,104.0,104.0,104.0,0.5426,0.7366,104.0,104.0,104.0,0.0,0.488343,0.511657,0.5,3.397e-05,0.005828,17,1.0,2.0,104.0,17.8439,35,3640,1.9614,203.9908,0.5,0.5
flow_9507,0x10002523,04,ICMP,48,correlator,104.0,104.0,104.0,0.0293,0.1711,104.0,104.0,104.0,0.0,0.491587,0.508413,0.5,1.769e-05,0.004206,35,1.0,2.0,104.0,35.1492,70,7280,1.9915,207.1173,0.5,0.5
flow_9519,0x1000252f,04,ICMP,48,correlator,96.0,96.0,96.0,0.1323,0.3637,96.0,96.0,96.0,0.0,0.481107,0.518893,0.5,8.924e-05,0.009446,30,1.0,2.0,96.0,30.9782,61,5856,1.9691,189.0363,0.5,0.5
flow_9531,0x1000253b,04,ICMP,48,correlator,104.0,104.0,104.0,0.0386,0.1964,104.0,104.0,104.0,0.0,0.984333,1.015667,1.0,6.136e-05,0.007834,18,1.0,2.0,104.0,36.7372,36,3744,0.9799,101.9131,0.5,0.5
flow_9543,0x10002547,04,ICMP,48,correlator,96.0,96.0,96.0,0.1971,0.444,96.0,96.0,96.0,0.0,0.478884,0.521116,0.5,0.00011147,0.010558,33,1.0,2.0,96.0,33.903,67,6432,1.9762,189.7175,0.5,0.5
flow_9555,0x10002553,04,ICMP,48,correlator,112.0,112.0,112.0,0.0746,0.2731,112.0,112.0,112.0,0.0,0.97741,1.02259,1.0,0.00012757,0.011295,6,1.0,2.0,112.0,12.1975,12,1344,0.9838,110.1868,0.5,0.5
flow_9567,0x1000255f,04,ICMP,48,correlator,104.0,104.0,104.0,0.2913,0.5398,104.0,104.0,104.0,0.0,0.98086,1.01914,1.0,9.159e-05,0.00957,8,1.0,2.0,104.0,16.5912,16,1664,0.9644,100.2943,0.5,0.5
flow_9579,0x1000256b,04,ICMP,48,correlator,112.0,112.0,112.0,0.0914,0.3024,112.0,112.0,112.0,0.0,0.977253,1.022747,1.0,0.00012935,0.011373,7,1.0,2.0,112.0,14.9103,14,1568,0.939,105.1625,0.5,0.5
flow_9591,0x10002577,04,ICMP,48,correlator,96.0,96.0,96.0,0.013,0.1139,96.0,96.0,96.0,0.0,0.98537,1.01463,1.0,5.351e-05,0.007315,12,1.0,2.0,96.0,25.7921,25,2400,0.9693,93.0516,0.5,0.5
flow_9603,0x10002583,04,ICMP,48,correlator,96.0,96.0,96.0,0.134,0.3661,96.0,96.0,96.0,0.0,0.478858,0.521142,0.5,0.00011175,0.010571,12,1.0,2.0,96.0,12.0999,24,2304,1.9835,190.4147,0.5,0.5
flow_9615,0x1000258f,04,ICMP,48,correlator,96.0,96.0,96.0,0.1189,0.3449,96.0,96.0,96.0,0.0,0.490747,0.509253,0.5,2.14e-05,0.004626,10,1.0,2.0,96.0,10.9528,21,2016,1.9173,184.0623,0.5,0.5
flow_9627,0x1000259b,04,ICMP,48,correlator,96.0,96.0,96.0,0.4576,0.6765,96.0,96.0,96.0,0.0,0.980865,1.019135,1.0,9.154e-05,0.009568,7,1.0,2.0,96.0,15.8742,15,1440,0.9449,90.7134,0.5,0.5
flow_9639,0x100025a7,04,ICMP,48,correlator,112.0,112.0,112.0,0.124,0.3522,112.0,112.0,112.0,0.0,0.493292,0.506708,0.5,1.125e-05,0.003354,16,1.0,2.0,112.0,16.3537,32,3584,1.9567,219.1551,0.5,0.5
flow_9651,0x100025b3,04,ICMP,48,correlator,104.0,104.0,104.0,0.097,0.3115,104.0,104.0,104.0,0.0,0.488753,0.511247,0.5,3.163e-05,0.005624,33,1.0,2.0,104.0,33.2464,66,6864,1.9852,206.4587,0.5,0.5
flow_9663,0x100025bf,04,ICMP,48,correlator,112.0,112.0,112.0,0.37,0.6083,112.0,112.0,112.0,0.0,0.98371,1.01629,1.0,6.634e-05,0.008145,5,1.0,2.0,112.0,11.1168,11,1232,0.9895,110.8233,0.5,0.5
flow_9675,0x100025cb,04,ICMP,48,correlator,96.0,96.0,96.0,0.3715,0.6095,96.0,96.0,96.0,0.0,0.485298,0.514702,0.5,5.404e-05,0.007351,21,1.0,2.0,96.0,21.2748,42,4032,1.9742,189.5196,0.5,0.5
flow_9687,0x100025d7,04,ICMP,48,correlator,112.0,112.0,112.0,0.4973,0.7052,112.0,112.0,112.0,0.0,0.977574,1.022426,1.0,0.00012574,0.011213,18,1.0,2.0,112.0,37.8484,37,4144,0.9776,109.4894,0.5,0.5
flow_9699,0x100025e3,04,ICMP,48,correlator,96.0,96.0,96.0,0.1754,0.4188,96.0,96.0,96.0,0.0,0.492312,0.507688,0.5,1.478e-05,0.003844,12,1.0,2.0,96.0,12.2709,24,2304,1.9558,187.7615,0.5,0.5
flow_9711,0x100025ef,04,ICMP,48,correlator,96.0,96.0,96.0,0.135,0.3675,96.0,96.0,96.0,0.0,0.992986,1.007014,1.0,1.23e-05,0.003507,10,1.0,2.0,96.0,21.4789,21,2016,0.9777,93.8594,0.5,0.5
flow_9723,0x100025fb,04,ICMP,48,correlator,112.0,112.0,112.0,0.2848,0.5337,112.0,112.0,112.0,0.0,0.985446,1.014554,1.0,5.295e-05,0.007277,19,1.0,2.0,112.0,39.4692,39,4368,0.9881,110.6686,0.5,0.5
flow_9735,0x10002607,04,ICMP,48,correlator,96.0,96.0,96.0,0.2404,0.4903,96.0,96.0,96.0,0.0,0.49429,0.50571,0.5,8.15e-06,0.002855,16,1.0,2.0,96.0,16.508,33,3168,1.999,191.9071,0.5,0.5
flow_9747,0x10002613,04,ICMP,48,correlator,96.0,96.0,96.0,0.3731,0.6109,96.0,96.0,96.0,0.0,0.977951,1.022049,1.0,0.00012154,0.011024,9,1.0,2.0,96.0,19.5666,19,1824,0.971,93.2199,0.5,0.5
flow_9759,0x1000261f,04,ICMP,48,correlator,104.0,104.0,104.0,0.0648,0.2545,104.0,104.0,104.0,0.0,0.991386,1.008614,1.0,1.855e-05,0.004307,16,1.0,2.0,104.0,33.2677,33,3432,0.992,103.1633,0.5,0.5
flow_9771,0x1000262b,04,ICMP,48,correlator,104.0,104.0,104.0,0.4339,0.6587,104.0,104.0,104.0,0.0,0.977588,1.022412,1.0,0.00012557,0.011206,13,1.0,2.0,104.0,27.6666,27,2808,0.9759,101.4941,0.5,0.5
flow_9783,0x10002637,04,ICMP,48,correlator,112.0,112.0,112.0,0.5781,0.7603,112.0,112.0,112.0,0.0,0.985276,1.014724,1.0,5.42e-05,0.007362,6,1.0,2.0,112.0,12.6152,12,1344,0.9512,106.5383,0.5,0.5
flow_9795,0x10002643,04,ICMP,48,correlator,104.0,104.0,104.0,0.0433,0.2082,104.0,104.0,104.0,0.0,0.484948,0.515052,0.5,5.664e-05,0.007526,17,1.0,2.0,104.0,17.511,35,3640,1.9987,207.8699,0.5,0.5
flow_9807,0x1000264f,04,ICMP,48,correlator,96.0,96.0,96.0,0.0163,0.1275,96.0,96.0,96.0,0.0,0.983932,1.016068,1.0,6.455e-05,0.008034,7,1.0,2.0,96.0,14.7752,14,1344,0.9475,90.9631,0.5,0.5
flow_9819,0x1000265b,04,ICMP,48,correlator,112.0,112.0,112.0,0.1512,0.3888,112.0,112.0,112.0,0.0,0.990785,1.009215,1.0,2.123e-05,0.004608,7,1.0,2.0,112.0,14.1458,14,1568,0.9897,110.8459,0.5,0.5
flow_9831,0x10002667,04,ICMP,48,correlator,112.0,112.0,112.0,0.168,0.4099,112.0,112.0,112.0,0.0,0.99509,1.00491,1.0,6.03e-06,0.002455,19,1.0,2.0,112.0,39.816,39,4368,0.9795,109.7047,0.5,0.5
flow_9843,0x10002673,04,ICMP,48,correlator,104.0,104.0,104.0,0.0261,0.1617,104.0,104.0,104.0,0.0,0.97766,1.02234,1.0,0.00012477,0.01117,19,1.0,2.0,104.0,39.5996,39,4056,0.9849,102.4252,0.5,0.5
flow_9855,0x1000267f,04,ICMP,48,correlator,96.0,96.0,96.0,0.0678,0.2603,96.0,96.0,96.0,0.0,0.494183,0.505817,0.5,8.46e-06,0.002909,14,1.0,2.0,96.0,14.986,29,2784,1.9351,185.7732,0.5,0.5
flow_9867,0x1000268b,04,ICMP,48,correlator,104.0,104.0,104.0,0.5641,0.7511,104.0,104.0,104.0,0.0,0.977681,1.022319,1.0,0.00012453,0.011159,17,1.0,2.0,104.0,35.105,35,3640,0.997,103.6889,0.5,0.5
flow_9879,0x10002697,04,ICMP,48,correlator,112.0,112.0,112.0,0.0713,0.267,112.0,112.0,112.0,0.0,0.482485,0.517515,0.5,7.67e-05,0.008758,39,1.0,2.0,112.0,39.0628,78,8736,1.9968,223.6399,0.5,0.5
flow_9891,0x100026a3,04,ICMP,48,correlator,112.0,112.0,112.0,0.2216,0.4708,112.0,112.0,112.0,0.0,0.991516,1.008484,1.0,1.799e-05,0.004242,18,1.0,2.0,112.0,37.7915,37,4144,0.9791,109.6544,0.5,0.5
flow_9903,0x100026af,04,ICMP,48,correlator,96.0,96.0,96.0,0.4599,0.6782,96.0,96.0,96.0,0.0,0.48139,0.51861,0.5,8.658e-05,0.009305,39,1.0,2.0,96.0,39.2798,78,7488,1.9858,190.6323,0.5,0.5
flow_9915,0x100026bb,04,ICMP,48,correlator,104.0,104.0,104.0,0.2242,0.4735,104.0,104.0,104.0,0.0,0.991653,1.008347,1.0,1.742e-05,0.004174,6,1.0,2.0,104.0,12.0688,12,1248,0.9943,103.4074,0.5,0.5
flow_9927,0x100026c7,04,ICMP,48,correlator,96.0,96.0,96.0,0.2467,0.4966,96.0,96.0,96.0,0.0,0.978524,1.021476,1.0,0.0001153,0.010738,17,1.0,2.0,96.0,35.3175,35,3360,0.991,95.1371,0.5,0.5
flow_9939,0x100026d3,04,ICMP,48,correlator,112.0,112.0,112.0,0.0817,0.2858,112.0,112.0,112.0,0.0,0.982932,1.017068,1.0,7.283e-05,0.008534,19,1.0,2.0,112.0,39.8478,39,4368,0.9787,109.617,0.5,0.5
flow_9951,0x100026df,04,ICMP,48,correlator,96.0,96.0,96.0,0.1465,0.3827,96.0,96.0,96.0,0.0,0.491943,0.508057,0.5,1.623e-05,0.004029,29,1.0,2.0,96.0,29.4326,58,5568,1.9706,189.1781,0.5,0.5
flow_9963,0x100026eb,04,ICMP,48,correlator,112.0,112.0,112.0,0.2913,0.5397,112.0,112.0,112.0,0.0,0.990837,1.009163,1.0,2.099e-05,0.004582,12,1.0,2.0,112.0,24.7802,24,2688,0.9685,108.4739,0.5,0.5
flow_9975,0x100026f7,04,ICMP,48,correlator,104.0,104.0,104.0,0.0578,0.2404,104.0,104.0,104.0,0.0,0.483436,0.516564,0.5,6.86e-05,0.008282,27,1.0,2.0,104.0,27.0315,54,5616,1.9977,207.7576,0.5,0.5
flow_9987,0x10002703,04,ICMP,48,correlator,112.0,112.0,112.0,0.0787,0.2806,112.0,112.0,112.0,0.0,0.983596,1.016404,1.0,6.727e-05,0.008202,11,1.0,2.0,112.0,22.0405,22,2464,0.9982,111.7944,0.5,0.5
flow_9999,0x1000270f,04,ICMP,48,correlator,104.0,104.0,104.0,0.0168,0.1295,104.0,104.0,104.0,0.0,0.490321,0.509679,0.5,2.342e-05,0.00484,24,1.0,2.0,104.0,24.7058,49,5096,1.9833,206.2673,0.5,0.5
