flow_id,spi,scenario_id,traffic_type,dscp_label,label_source,pkt_len_min,pkt_len_max,pkt_len_mean,pkt_len_var,pkt_len_std,pkt_len_median,pkt_len_q25,pkt_len_q75,pkt_len_iqr,iat_min,iat_max,iat_mean,iat_var,iat_std,burst_count,burst_len_mean,burst_len_max,burst_bytes_mean,flow_duration_s,total_packets,total_bytes,packet_rate_pps,byte_rate_bps,forward_packet_ratio,forward_byte_ratio
flow_0009,0x10000009,10,VoIP,46,correlator,171.6418,215.7101,194.4691,97.8767,9.8933,197.383,187.5438,201.3944,13.8506,0.025798,0.040837,0.031813,9.05e-06,0.003008,95,2.9947,7.6034,582.378,25.5191,802,155964,31.4274,6111.6557,0.4963,0.4772
flow_0021,0x10000015,10,VoIP,46,correlator,144.4403,214.863,176.6539,269.7878,16.4252,178.3979,165.1563,188.1516,22.9953,0.023697,0.041849,0.030958,1.318e-05,0.003631,76,2.8645,8.6745,506.0193,27.7107,895,158105,32.298,5705.5528,0.4821,0.4899
flow_0033,0x10000021,10,VoIP,46,correlator,131.1722,222.4947,169.4682,257.3969,16.0436,169.2978,158.2377,180.6987,22.461,0.026569,0.038645,0.0314,5.83e-06,0.002415,118,2.3476,5.3603,397.8386,38.9831,1241,210310,31.8343,5394.8953,0.5205,0.5027
flow_0045,0x1000002d,10,VoIP,46,correlator,164.9952,202.28,182.015,92.6645,9.6262,182.1924,175.2766,188.7534,13.4767,0.014738,0.027968,0.02003,7e-06,0.002646,170,3.6226,6.4227,659.3621,43.4907,2171,395154,49.9187,9085.9335,0.5238,0.5132
flow_0057,0x10000039,10,VoIP,46,correlator,89.8872,126.3725,103.5429,39.4351,6.2797,102.4151,99.1471,107.9387,8.7916,0.02412,0.043099,0.031712,1.441e-05,0.003796,171,2.6132,8.718,270.5775,37.5296,1183,122491,31.5218,3263.85,0.4714,0.4906
flow_0069,0x10000045,10,VoIP,46,correlator,161.0768,212.5845,182.7517,127.7641,11.3033,183.1306,174.8394,190.664,15.8246,0.015709,0.026386,0.01998,4.56e-06,0.002136,133,2.74,8.3392,500.7472,36.7916,1841,336445,50.0386,9144.6139,0.4778,0.4688
flow_0081,0x10000051,10,VoIP,46,correlator,111.8585,192.4055,140.0427,315.2574,17.7555,140.6557,127.6139,152.4715,24.8577,0.015968,0.030225,0.021671,8.13e-06,0.002851,81,2.1785,6.0759,305.0774,25.6154,1182,165530,46.1441,6462.1295,0.5051,0.493
flow_0093,0x1000005d,10,VoIP,46,correlator,149.0903,213.4842,178.7501,180.4339,13.4326,177.6231,169.3473,188.1529,18.8056,0.011663,0.030713,0.019283,1.452e-05,0.00381,131,4.9277,9.2108,880.8255,34.1902,1773,316923,51.8569,9269.404,0.5266,0.5117
flow_0105,0x10000069,10,VoIP,46,correlator,174.369,221.1443,192.0498,182.5321,13.5104,190.2691,182.5925,201.5072,18.9146,0.015773,0.028019,0.020671,6e-06,0.002449,88,2.1738,9.7465,417.4849,14.2826,690,132514,48.3105,9278.0032,0.4942,0.5075
flow_0117,0x10000075,10,VoIP,46,correlator,122.1209,181.4737,148.4709,117.8452,10.8557,150.3938,140.8719,156.0698,15.1979,0.01531,0.025091,0.019222,3.83e-06,0.001956,178,4.3233,8.1546,641.877,38.6084,2008,298129,52.0094,7721.8648,0.5229,0.5285
flow_0129,0x10000081,10,VoIP,46,correlator,84.4649,118.5924,95.3483,59.3323,7.7027,96.4196,89.9563,100.7402,10.7838,0.018482,0.026748,0.021789,2.73e-06,0.001653,132,2.0362,8.8151,194.1439,42.2236,1937,184689,45.8748,4374.0692,0.5282,0.5444
flow_0141,0x1000008d,10,VoIP,46,correlator,123.2801,190.6397,151.1742,213.8033,14.622,149.0182,140.9388,161.4096,20.4708,0.016303,0.025505,0.019984,3.39e-06,0.00184,57,4.2699,9.954,645.506,8.9326,446,67423,49.9296,7547.9847,0.5257,0.5259
flow_0153,0x10000099,10,VoIP,46,correlator,174.2888,220.6913,194.1492,73.911,8.5971,194.4812,188.1312,200.1672,12.036,0.023868,0.039932,0.030293,1.032e-05,0.003213,91,2.2362,6.9234,434.1623,41.2304,1361,264237,33.0096,6408.7839,0.4808,0.4749
flow_0165,0x100000a5,10,VoIP,46,correlator,114.1554,194.6233,144.23,213.1633,14.6001,143.9874,134.0099,154.4501,20.4402,0.017552,0.027192,0.021408,3.72e-06,0.001928,97,3.2064,5.2547,462.4611,30.5204,1425,205527,46.6901,6734.0837,0.5254,0.5407
flow_0177,0x100000b1,10,VoIP,46,correlator,127.0736,198.0536,155.7634,386.9012,19.6698,155.5669,141.9945,169.5322,27.5377,0.012934,0.028625,0.01921,9.85e-06,0.003138,114,3.3418,6.9932,520.5342,25.2891,1316,204984,52.0382,8105.6219,0.4983,0.5016
flow_0189,0x100000bd,10,VoIP,46,correlator,84.7292,113.0502,95.956,40.3389,6.3513,97.0219,91.5101,100.4019,8.8918,0.011969,0.030028,0.019193,1.305e-05,0.003612,121,3.294,9.0752,316.0746,21.9294,1142,109581,52.0763,4996.9974,0.4893,0.4996
flow_0201,0x100000c9,10,VoIP,46,correlator,84.0024,114.9976,96.8561,20.8407,4.5652,97.0404,93.6605,100.0517,6.3912,0.025299,0.040999,0.031579,9.86e-06,0.00314,53,2.1934,6.2695,212.4414,21.9856,696,67411,31.6571,3066.146,0.4838,0.5032
flow_0213,0x100000d5,10,VoIP,46,correlator,186.0065,241.424,207.5004,87.1167,9.3336,207.5522,200.9669,214.034,13.0671,0.025262,0.035077,0.029188,3.85e-06,0.001963,42,4.1038,8.9532,851.5428,11.5281,394,81755,34.1774,7091.8154,0.5054,0.4913
flow_0225,0x100000e1,10,VoIP,46,correlator,187.1034,230.7119,207.6717,131.8359,11.482,207.2278,199.6343,215.7091,16.0748,0.026401,0.039982,0.031834,7.38e-06,0.002716,77,4.0959,9.8705,850.6026,17.935,563,116919,31.3911,6519.0392,0.4717,0.4813
flow_0237,0x100000ed,10,VoIP,46,correlator,96.6904,132.3461,107.6127,52.5446,7.2488,108.487,102.5385,112.6868,10.1483,0.022899,0.041773,0.030449,1.425e-05,0.003775,49,2.4214,6.5353,260.568,19.3506,635,68334,32.8155,3531.3559,0.4967,0.4896
flow_0249,0x100000f9,10,VoIP,46,correlator,107.8502,179.8598,143.6055,420.9365,20.5167,144.0079,129.2438,157.9672,28.7234,0.02577,0.035348,0.029601,3.67e-06,0.001916,90,4.2539,7.323,610.8886,26.9267,909,130537,33.7584,4847.8734,0.4906,0.4811
flow_0261,0x10000105,10,VoIP,46,correlator,165.62,214.2698,186.2206,159.4963,12.6292,186.0826,177.3802,195.061,17.6809,0.025819,0.040596,0.03173,8.73e-06,0.002955,88,2.1081,7.4855,392.5669,29.686,935,174116,31.4963,5865.247,0.4858,0.4795
flow_0273,0x10000111,10,VoIP,46,correlator,97.208,129.8054,107.6854,47.7688,6.9115,107.8563,102.8473,112.5234,9.6761,0.01563,0.027945,0.020556,6.07e-06,0.002463,145,3.5009,8.8393,377.0008,38.6264,1879,202340,48.6455,5238.3855,0.4861,0.4897
flow_0285,0x1000011d,10,VoIP,46,correlator,148.5202,228.6091,175.8643,158.6761,12.5967,177.986,167.0466,184.6819,17.6353,0.017058,0.026449,0.020814,3.53e-06,0.001878,74,3.7697,9.0479,662.9517,10.4153,500,87932,48.0065,8442.614,0.4942,0.492
flow_0297,0x10000129,10,VoIP,46,correlator,168.7344,207.7305,185.2475,126.9728,11.2682,183.0611,177.3598,193.1353,15.7755,0.02193,0.041371,0.029706,1.512e-05,0.003888,52,2.1215,7.4783,393.002,18.3088,616,114112,33.645,6232.627,0.5093,0.5107
flow_0309,0x10000135,10,VoIP,46,correlator,76.8495,116.0075,91.8235,23.6225,4.8603,92.0958,88.4213,95.2257,6.8044,0.012877,0.031662,0.020391,1.412e-05,0.003757,258,2.3733,7.0837,217.929,37.6979,1848,169689,49.0213,4501.2852,0.5222,0.5375
flow_0321,0x10000141,10,VoIP,46,correlator,83.2712,112.0713,95.282,31.9898,5.6559,95.7085,91.3229,99.2412,7.9183,0.025409,0.041203,0.031727,9.98e-06,0.003159,49,4.2204,6.6611,402.1319,19.0767,601,57264,31.5044,3001.7766,0.5196,0.5025
flow_0333,0x1000014d,10,VoIP,46,correlator,73.8985,108.8367,86.0965,43.6012,6.6031,87.6892,81.4743,90.7186,9.2444,0.015654,0.027041,0.020209,5.19e-06,0.002277,174,4.1787,5.9848,359.7701,27.6758,1369,117866,49.4656,4258.8083,0.4875,0.4877
flow_0345,0x10000159,10,VoIP,46,correlator,157.967,201.9685,181.6287,104.9355,10.2438,181.9868,174.4581,188.7994,14.3413,0.024524,0.040007,0.030717,9.59e-06,0.003097,152,4.0248,9.4018,731.0159,33.2196,1081,196340,32.541,5910.3659,0.5285,0.5262
flow_0357,0x10000165,10,VoIP,46,correlator,136.1024,216.0762,175.3799,376.6988,19.4087,176.2022,161.7938,188.966,27.1722,0.026028,0.035826,0.029947,3.84e-06,0.00196,238,3.792,8.2511,665.042,44.89,1498,262719,33.3705,5852.5093,0.5109,0.5011
flow_0369,0x10000171,10,VoIP,46,correlator,87.3158,123.4818,98.766,42.0769,6.4867,99.3784,94.2254,103.3067,9.0813,0.025596,0.037518,0.030364,5.69e-06,0.002384,37,2.5283,8.3104,249.7094,10.3809,341,33679,32.8488,3244.3199,0.5227,0.5149
flow_0381,0x1000017d,10,VoIP,46,correlator,133.7945,218.2808,172.018,192.389,13.8704,172.4111,162.3087,181.7273,19.4186,0.025348,0.036718,0.029896,5.17e-06,0.002274,112,4.687,5.7795,806.2511,40.7968,1364,234632,33.434,5751.2332,0.5271,0.5316
flow_0393,0x10000189,10,VoIP,46,correlator,120.374,204.4806,158.5948,305.6324,17.4823,159.18,146.3572,170.8325,24.4753,0.021404,0.041397,0.029401,1.599e-05,0.003999,37,2.8177,6.3207,446.8736,11.8775,403,63913,33.9297,5381.008,0.5057,0.5176
flow_0405,0x10000195,10,VoIP,46,correlator,131.0418,198.38,159.6644,351.5959,18.7509,158.7758,146.5388,172.79,26.2512,0.023089,0.038739,0.029349,9.8e-06,0.00313,70,3.1236,5.3254,498.7354,30.458,1037,165571,34.0469,5436.0513,0.5023,0.5078
flow_0417,0x100001a1,10,VoIP,46,correlator,72.8604,102.2391,86.8657,16.9108,4.1123,88.8642,83.9871,89.7443,5.7572,0.023409,0.039046,0.029664,9.78e-06,0.003127,47,4.1814,6.0508,363.2244,8.9552,301,26146,33.6116,2919.6351,0.5094,0.5194
flow_0429,0x100001ad,10,VoIP,46,correlator,181.0165,230.9586,200.7029,146.0477,12.085,199.8451,192.2434,209.1624,16.919,0.014182,0.028362,0.019854,8.04e-06,0.002836,75,4.2402,7.3602,851.0187,18.1213,912,183041,50.3274,10100.8621,0.5134,0.5138
flow_0441,0x100001b9,10,VoIP,46,correlator,135.2967,210.8192,163.3206,328.5901,18.1271,164.0764,150.6316,176.0095,25.3779,0.025323,0.041123,0.031643,9.99e-06,0.00316,140,2.3661,8.5122,386.4399,37.3213,1179,192554,31.5906,5159.3629,0.5176,0.5131
flow_0453,0x100001c5,10,VoIP,46,correlator,146.6366,227.7039,178.0021,144.3659,12.0152,177.4351,169.5915,186.4128,16.8213,0.026103,0.035881,0.030014,3.82e-06,0.001955,114,3.9026,5.9505,694.6636,26.5668,885,157531,33.3123,5929.6238,0.4774,0.4962
flow_0465,0x100001d1,10,VoIP,46,correlator,166.5845,202.5028,181.6363,49.3301,7.0235,181.7703,176.7198,186.5528,9.833,0.025789,0.040619,0.031721,8.8e-06,0.002966,87,4.2048,6.9569,763.7497,37.485,1181,214512,31.5059,5722.6099,0.5218,0.5315
flow_0477,0x100001dd,10,VoIP,46,correlator,77.2472,105.138,89.92,36.1803,6.015,90.6162,85.7095,94.1305,8.421,0.024684,0.04099,0.031206,1.064e-05,0.003261,112,2.3465,9.8653,210.9934,21.2607,681,61235,32.031,2880.1996,0.5253,0.5183
flow_0489,0x100001e9,10,VoIP,46,correlator,176.6589,216.2533,194.302,39.6249,6.2948,193.8136,189.8956,198.7084,8.8128,0.015671,0.031141,0.021859,9.57e-06,0.003094,126,4.1253,5.7063,801.5465,26.0915,1193,231802,45.7237,8884.1876,0.4866,0.4928
flow_0501,0x100001f5,10,VoIP,46,correlator,92.3675,121.0058,104.2822,19.7459,4.4436,105.569,101.1717,107.3927,6.2211,0.026727,0.035344,0.030174,2.97e-06,0.001723,45,3.5225,9.1132,367.3355,20.3445,674,70286,33.1294,3454.7918,0.4778,0.4685
flow_0513,0x10000201,10,VoIP,46,correlator,175.1602,223.8824,193.8905,89.8434,9.4786,194.366,187.2555,200.5255,13.27,0.015796,0.027001,0.020278,5.02e-06,0.002241,139,3.6198,9.1544,701.8362,18.1265,893,173144,49.2649,9551.9911,0.5161,0.5137
flow_0525,0x1000020d,10,VoIP,46,correlator,113.1819,195.2513,148.7738,269.8111,16.4259,148.5498,137.2757,160.272,22.9963,0.015303,0.025319,0.019309,4.01e-06,0.002003,96,3.7522,5.3702,558.2348,22.1876,1149,170941,51.7856,7704.3351,0.5275,0.5197
flow_0537,0x10000219,10,VoIP,46,correlator,176.1322,227.0947,192.3883,88.2554,9.3944,192.9067,185.8122,198.9644,13.1522,0.014239,0.027845,0.019681,7.41e-06,0.002721,217,2.0265,6.2126,389.8695,44.4337,2257,434220,50.7948,9772.3178,0.5287,0.5483
flow_0549,0x10000225,10,VoIP,46,correlator,74.8714,102.3508,86.8278,31.1211,5.5786,86.9436,82.9228,90.7328,7.8101,0.013824,0.032242,0.021192,1.357e-05,0.003684,202,4.3005,6.2475,373.4068,33.4492,1578,137014,47.1761,4096.1852,0.5156,0.5183
flow_0561,0x10000231,10,VoIP,46,correlator,76.0293,111.7738,90.8498,16.2537,4.0316,91.302,88.0277,93.6719,5.6442,0.025105,0.041459,0.031647,1.07e-05,0.003271,87,3.2614,8.9931,296.2957,36.2337,1144,103932,31.5728,2868.3808,0.5263,0.5131
flow_0573,0x1000023d,10,VoIP,46,correlator,140.904,203.8676,169.8084,140.5216,11.8542,170.5523,161.5104,178.1063,16.5959,0.017304,0.026365,0.020928,3.28e-06,0.001812,49,3.7133,8.43,630.5576,12.2566,585,99337,47.7294,8104.7867,0.4807,0.4897
flow_0585,0x10000249,10,VoIP,46,correlator,181.4936,232.0604,199.7779,171.164,13.083,201.0062,190.6199,208.936,18.3162,0.023051,0.040404,0.029992,1.204e-05,0.003471,84,3.4323,8.0013,685.6928,28.7012,956,190987,33.3088,6654.3308,0.4781,0.4745
flow_0597,0x10000255,10,VoIP,46,correlator,114.0807,196.1333,152.7746,415.816,20.3916,152.8202,138.5005,167.0487,28.5482,0.027999,0.036707,0.031482,3.03e-06,0.001741,90,2.095,9.5943,320.0553,19.0304,604,92275,31.7387,4848.8198,0.513,0.518
flow_0609,0x10000261,10,VoIP,46,correlator,174.9042,216.2163,191.0326,77.4576,8.801,190.9604,184.8719,197.1933,12.3214,0.016345,0.030274,0.021917,7.76e-06,0.002786,187,2.3226,6.1508,443.698,41.8338,1908,364490,45.6091,8712.8179,0.4945,0.4875
flow_0621,0x1000026d,10,VoIP,46,correlator,86.9099,115.5009,100.0292,30.4015,5.5138,99.2076,96.1696,103.8888,7.7193,0.013661,0.031934,0.02097,1.336e-05,0.003655,102,3.7357,6.5602,373.6771,23.5671,1123,112332,47.6512,4766.4764,0.4732,0.4534
flow_0633,0x10000279,10,VoIP,46,correlator,73.8751,106.1937,86.8311,25.0115,5.0011,87.8801,83.3303,90.3319,7.0016,0.021657,0.041334,0.029528,1.549e-05,0.003935,149,2.9155,5.6874,253.1524,40.7289,1379,119740,33.858,2939.9267,0.525,0.5301
flow_0645,0x10000285,10,VoIP,46,correlator,76.5665,105.6631,88.806,48.2092,6.9433,89.4597,83.9457,93.6663,9.7206,0.015326,0.028634,0.020649,7.08e-06,0.002661,124,2.4595,6.1014,218.4164,25.203,1220,108343,48.4069,4298.8102,0.4739,0.4585
flow_0657,0x10000291,10,VoIP,46,correlator,192.3077,240.0593,207.7475,126.6323,11.2531,206.617,199.8703,215.6247,15.7543,0.012545,0.031365,0.020073,1.417e-05,0.003764,262,3.0603,6.1875,635.7788,39.8924,1987,412794,49.809,10347.6873,0.4774,0.4832
flow_0669,0x1000029d,10,VoIP,46,correlator,164.8054,210.3927,180.0382,86.5116,9.3012,178.7169,173.5274,186.549,13.0216,0.026011,0.034781,0.029519,3.08e-06,0.001754,59,4.9152,9.4183,884.9208,22.359,757,136288,33.8565,6095.4298,0.499,0.5116
flow_0681,0x100002a9,10,VoIP,46,correlator,173.2017,220.8485,195.8279,67.2554,8.2009,196.0042,190.0872,201.5686,11.4813,0.012475,0.030658,0.019748,1.322e-05,0.003637,79,3.2032,6.4976,627.2812,14.5539,736,144129,50.5705,9903.0906,0.4702,0.4596
flow_0693,0x100002b5,10,VoIP,46,correlator,87.5539,113.9687,97.6692,36.8814,6.073,97.2222,93.4181,101.9203,8.5022,0.016195,0.030449,0.021897,8.13e-06,0.002851,82,4.1758,5.8575,407.8446,11.0919,506,49420,45.619,4455.5141,0.4813,0.4782
flow_0705,0x100002c1,10,VoIP,46,correlator,105.4108,187.9374,142.5296,229.2361,15.1405,141.7379,131.9312,153.128,21.1968,0.026034,0.036861,0.030365,4.69e-06,0.002165,126,4.6936,8.6548,668.9746,25.4825,839,119582,32.9245,4692.7055,0.5156,0.5306
flow_0717,0x100002cd,10,VoIP,46,correlator,162.9784,207.3441,181.0013,114.1619,10.6847,180.4537,173.522,188.4805,14.9585,0.022188,0.041733,0.030006,1.528e-05,0.003909,67,3.4543,7.3249,625.2392,25.6323,854,154575,33.3174,6030.4871,0.5073,0.4977
flow_0729,0x100002d9,10,VoIP,46,correlator,167.1203,216.9565,191.5032,145.2926,12.0537,192.2535,183.0656,199.9408,16.8752,0.013884,0.033952,0.021911,1.611e-05,0.004014,124,4.9629,6.0909,950.4155,28.5371,1302,249337,45.6248,8737.2833,0.4813,0.4998
flow_0741,0x100002e5,10,VoIP,46,correlator,120.3793,184.1645,149.6196,470.8303,21.6986,149.2601,134.4306,164.8086,30.3781,0.024306,0.043016,0.03179,1.4e-05,0.003742,126,2.5116,6.6344,375.7882,41.533,1306,195403,31.4449,4704.767,0.4875,0.4962
flow_0753,0x100002f1,10,VoIP,46,correlator,171.2504,220.5252,192.112,54.8566,7.4065,193.2361,186.9274,197.2965,10.3691,0.01477,0.027012,0.019667,5.99e-06,0.002448,35,2.7432,6.757,526.9982,8.52,433,83184,50.8217,9763.3958,0.4901,0.4906
flow_0765,0x100002fd,10,VoIP,46,correlator,113.5733,188.5007,141.127,206.2001,14.3597,141.2321,131.0752,151.1787,20.1035,0.016116,0.030736,0.021964,8.55e-06,0.002924,96,3.5599,7.3512,502.3997,22.5736,1027,144937,45.4957,6420.6509,0.5068,0.5222
flow_0777,0x10000309,10,VoIP,46,correlator,171.4781,214.3236,194.2447,59.6862,7.7257,193.1833,188.8367,199.6527,10.816,0.026019,0.040563,0.031836,8.46e-06,0.002909,69,3.3555,9.3392,651.7817,21.481,674,130920,31.3765,6094.6828,0.5277,0.5415
flow_0789,0x10000315,10,VoIP,46,correlator,167.1079,214.6183,191.032,73.2186,8.5568,191.825,185.0423,197.0218,11.9795,0.014364,0.030047,0.020637,9.84e-06,0.003137,92,4.9861,9.187,952.5113,27.6887,1341,256173,48.4313,9251.8907,0.5183,0.513
flow_0801,0x10000321,10,VoIP,46,correlator,93.4835,122.4347,104.2508,55.8189,7.4712,104.1616,99.021,109.4807,10.4597,0.023775,0.040826,0.030596,1.163e-05,0.00341,144,4.4119,9.6142,459.9427,29.382,960,100080,32.673,3406.1631,0.4732,0.458
flow_0813,0x1000032d,10,VoIP,46,correlator,87.5448,121.8414,101.8671,18.3253,4.2808,101.3289,98.8706,104.8637,5.9931,0.011713,0.032505,0.02003,1.729e-05,0.004158,134,3.5475,8.5471,361.3717,33.5768,1676,170729,49.9154,5084.7292,0.5134,0.496
flow_0825,0x10000339,10,VoIP,46,correlator,93.822,119.8133,104.0945,30.3038,5.5049,105.4762,100.241,107.9479,7.7068,0.026398,0.035712,0.030124,3.47e-06,0.001863,82,4.3755,8.2526,455.4676,29.9043,992,103261,33.1725,3453.0489,0.4938,0.5112
flow_0837,0x10000345,10,VoIP,46,correlator,115.864,190.022,149.9751,227.0506,15.0682,147.6192,139.4274,160.5229,21.0955,0.024067,0.038489,0.029836,8.32e-06,0.002884,61,3.8105,8.7551,571.4733,13.9151,466,69888,33.4888,5022.4646,0.5082,0.5014
flow_0849,0x10000351,10,VoIP,46,correlator,74.0597,111.682,88.7027,24.357,4.9353,89.2536,85.248,92.1574,6.9094,0.024928,0.037969,0.030145,6.8e-06,0.002608,114,3.2838,8.5972,291.2862,38.2417,1268,112475,33.1575,2941.1622,0.4975,0.4826
flow_0861,0x1000035d,10,VoIP,46,correlator,88.598,121.3168,103.559,28.0239,5.2938,102.6657,99.8534,107.2646,7.4113,0.016228,0.028883,0.02129,6.41e-06,0.002531,154,3.8234,9.1451,395.9489,33.0393,1551,160619,46.9441,4861.4571,0.5008,0.4999
flow_0873,0x10000369,10,VoIP,46,correlator,106.6542,187.782,144.1901,456.6196,21.3687,143.6191,129.232,159.1481,29.9161,0.016798,0.027018,0.020886,4.18e-06,0.002044,141,4.7943,9.6696,691.2914,28.0015,1340,193214,47.8546,6900.1309,0.4819,0.4867
flow_0885,0x10000375,10,VoIP,46,correlator,162.7631,206.8555,180.331,61.2216,7.8244,180.508,174.8539,185.8081,10.9542,0.014348,0.030912,0.020974,1.097e-05,0.003313,133,4.6721,8.1009,842.5217,41.0693,1958,353088,47.6755,8597.3741,0.4823,0.5001
flow_0897,0x10000381,10,VoIP,46,correlator,123.9528,199.1893,157.8447,315.5895,17.7648,157.9295,145.4093,170.2801,24.8708,0.016934,0.029221,0.021849,6.04e-06,0.002457,76,2.4445,6.9712,385.8504,14.0349,642,101336,45.7432,7220.2987,0.5224,0.5162
flow_0909,0x1000038d,10,VoIP,46,correlator,173.1467,224.3106,190.0014,97.314,9.8648,187.9555,183.096,196.9068,13.8107,0.013112,0.02874,0.019363,9.77e-06,0.003125,102,3.237,8.9103,615.0251,28.5469,1474,280062,51.6343,9810.5788,0.4883,0.4914
flow_0921,0x10000399,10,VoIP,46,correlator,132.6862,219.6999,169.5199,209.1864,14.4633,169.5629,159.3956,179.6442,20.2486,0.026681,0.036292,0.030525,3.69e-06,0.001922,79,3.8329,8.7298,649.7533,30.1313,987,167316,32.7567,5552.9045,0.4771,0.4876
flow_0933,0x100003a5,10,VoIP,46,correlator,125.9642,193.9192,156.6306,207.4972,14.4048,157.6084,146.5473,166.7139,20.1667,0.026419,0.038133,0.031105,5.49e-06,0.002343,117,3.6733,6.8518,575.354,34.3268,1103,172763,32.1323,5032.8898,0.5013,0.5105
flow_0945,0x100003b1,10,VoIP,46,correlator,93.4871,122.5769,104.4381,59.9893,7.7453,105.4647,99.0164,109.8598,10.8434,0.022619,0.042612,0.030616,1.599e-05,0.003998,104,4.6468,5.5692,485.2986,40.3453,1317,137545,32.6432,3409.1911,0.5155,0.5341
flow_0957,0x100003bd,10,VoIP,46,correlator,175.1782,222.2508,193.0148,175.3616,13.2424,191.5197,183.7451,202.2845,18.5394,0.015359,0.028615,0.020662,7.03e-06,0.002651,239,2.1458,8.2067,414.1654,34.1801,1654,319246,48.3908,9340.1243,0.5021,0.4984
flow_0969,0x100003c9,10,VoIP,46,correlator,91.6872,125.24,101.8447,21.02,4.5848,101.6605,98.6354,105.0541,6.4187,0.022507,0.042616,0.03055,1.618e-05,0.004022,112,4.1879,7.6384,426.52,44.9315,1470,149711,32.7165,3331.9817,0.5099,0.4957
flow_0981,0x100003d5,10,VoIP,46,correlator,165.7604,215.7981,188.2232,77.2426,8.7888,187.38,182.0711,194.3754,12.3043,0.024942,0.039713,0.03085,8.73e-06,0.002954,108,4.8156,9.0903,906.4084,36.605,1186,223232,32.4,6098.4081,0.4915,0.4901
flow_0993,0x100003e1,10,VoIP,46,correlator,76.685,108.0504,90.5654,52.8652,7.2708,89.3188,85.4758,95.655,10.1792,0.013295,0.031104,0.020419,1.269e-05,0.003562,133,2.3151,8.3595,209.6677,22.1819,1086,98354,48.9589,4433.9834,0.4982,0.5106
flow_1005,0x100003ed,10,VoIP,46,correlator,95.373,130.0058,108.9318,53.5331,7.3166,111.124,103.8102,114.0535,10.2433,0.025558,0.038909,0.030898,7.13e-06,0.00267,184,3.2831,8.2585,357.638,35.5203,1149,125162,32.3477,3523.6785,0.4976,0.4872
flow_1017,0x100003f9,10,VoIP,46,correlator,147.5198,225.1363,175.2796,415.2785,20.3784,173.8914,161.0147,189.5445,28.5297,0.027453,0.037384,0.031426,3.95e-06,0.001986,102,2.637,5.826,462.208,43.0438,1369,239957,31.8048,5574.7204,0.5262,0.5124
flow_1029,0x10000405,10,VoIP,46,correlator,141.2619,216.5731,177.9214,204.2503,14.2916,178.7946,167.9172,187.9255,20.0083,0.015032,0.030006,0.021021,8.97e-06,0.002995,269,4.4571,5.2903,793.0173,36.7164,1746,310650,47.5536,8460.788,0.5229,0.5046
flow_1041,0x10000411,10,VoIP,46,correlator,141.0601,212.9863,176.8662,230.0171,15.1663,176.6939,166.2497,187.4826,21.2328,0.02364,0.037308,0.029107,7.47e-06,0.002734,118,4.5414,5.7194,803.2147,20.7861,714,126282,34.3499,6075.3188,0.5001,0.5114
flow_1053,0x1000041d,10,VoIP,46,correlator,138.8556,211.5397,171.0688,106.2297,10.3068,171.787,163.8541,178.2836,14.4295,0.016278,0.02887,0.021315,6.34e-06,0.002518,111,3.1029,8.0779,530.8155,27.1276,1272,217599,46.8895,8021.3063,0.496,0.5112
flow_1065,0x10000429,10,VoIP,46,correlator,84.6696,117.8649,99.4521,48.9309,6.9951,98.754,94.5556,104.3487,9.7931,0.015825,0.028719,0.020982,6.65e-06,0.002579,115,2.3053,9.7972,229.2624,16.4035,781,77672,47.6117,4735.0808,0.5173,0.5071
flow_1077,0x10000435,10,VoIP,46,correlator,132.2213,204.5914,167.4618,449.5447,21.2025,167.9922,152.6201,182.3035,29.6835,0.025449,0.039872,0.031218,8.32e-06,0.002885,49,2.4144,7.9788,404.3203,9.7433,312,52248,32.0221,5362.4641,0.5179,0.5358
flow_1089,0x10000441,10,VoIP,46,correlator,92.3447,124.2683,104.0507,59.1537,7.6911,105.815,98.6669,109.4345,10.7676,0.012148,0.031626,0.019939,1.518e-05,0.003896,141,2.1119,7.0948,219.7443,25.0895,1258,130895,50.1405,5217.1228,0.5,0.4963
flow_1101,0x1000044d,10,VoIP,46,correlator,168.4727,218.2856,192.2884,47.1514,6.8667,189.9579,187.4817,197.095,9.6134,0.015549,0.027923,0.020499,6.12e-06,0.002475,139,3.4904,6.5336,671.1659,41.064,2003,385153,48.7776,9379.3417,0.499,0.4877
flow_1113,0x10000459,10,VoIP,46,correlator,86.8789,119.5464,98.2561,30.1511,5.491,99.4897,94.4124,102.0998,7.6874,0.015816,0.028698,0.020969,6.64e-06,0.002576,49,3.2953,9.5754,323.781,13.8317,659,64750,47.6443,4681.2887,0.4816,0.4967
flow_1125,0x10000465,10,VoIP,46,correlator,178.8405,237.8279,203.8088,89.8162,9.4771,203.9786,197.1748,210.4428,13.268,0.023202,0.037777,0.029032,8.5e-06,0.002915,163,2.5968,7.1948,529.2557,39.841,1372,279625,34.4369,7018.5312,0.5236,0.5217
flow_1137,0x10000471,10,VoIP,46,correlator,105.8862,193.3802,142.7426,157.7015,12.5579,142.0997,133.9521,151.5332,17.5811,0.024696,0.038166,0.030084,7.26e-06,0.002694,101,3.1253,7.4406,446.1182,42.6464,1417,202266,33.2267,4742.8661,0.4872,0.4878
flow_1149,0x1000047d,10,VoIP,46,correlator,171.3423,219.9117,189.7674,120.2624,10.9664,188.1081,182.0909,197.4439,15.353,0.013175,0.028627,0.019356,9.55e-06,0.003091,165,2.011,6.4116,381.6132,35.3577,1826,346515,51.6437,9800.2796,0.5167,0.5264
flow_1161,0x10000489,10,VoIP,46,correlator,74.2664,104.1941,88.6458,24.583,4.9581,90.0594,85.1752,92.1165,6.9414,0.013803,0.032064,0.021107,1.334e-05,0.003652,120,2.8657,7.8405,254.0284,23.1808,1098,97333,47.3668,4198.8668,0.4909,0.484
flow_1173,0x10000495,10,VoIP,46,correlator,97.4745,124.203,108.496,22.7606,4.7708,109.5991,105.1564,111.8356,6.6791,0.012753,0.033452,0.021033,1.714e-05,0.00414,167,4.6773,9.7906,507.4676,34.2636,1629,176740,47.5432,5158.2422,0.5175,0.5198
flow_1185,0x100004a1,10,VoIP,46,correlator,158.6059,209.915,181.2225,159.2513,12.6195,181.771,172.3888,190.0561,17.6673,0.016927,0.027645,0.021215,4.59e-06,0.002144,280,4.4894,6.0622,813.5805,44.9825,2120,384191,47.1295,8540.9026,0.517,0.5314
flow_1197,0x100004ad,10,VoIP,46,correlator,148.4283,229.5199,174.9922,275.0847,16.5857,174.7026,163.3823,186.6022,23.2199,0.024713,0.041133,0.031281,1.079e-05,0.003284,102,2.8302,8.4291,495.2645,20.0869,642,112345,31.9612,5592.9547,0.5218,0.5019
flow_1209,0x100004b9,10,VoIP,46,correlator,190.152,240.9436,209.1577,142.3154,11.9296,209.9609,200.807,217.5085,16.7014,0.02653,0.038507,0.031321,5.74e-06,0.002395,18,4.1482,9.063,867.6296,8.5651,273,57100,31.8736,6666.6054,0.5176,0.527
flow_1221,0x100004c5,10,VoIP,46,correlator,184.3809,229.7549,204.251,142.994,11.958,203.1106,195.8804,212.6216,16.7412,0.023889,0.041163,0.030798,1.194e-05,0.003455,48,4.2057,5.5871,859.0139,17.963,583,119078,32.4556,6629.0799,0.4894,0.4857
flow_1233,0x100004d1,10,VoIP,46,correlator,181.4981,225.5938,199.629,45.1275,6.7177,200.3905,194.9266,204.3314,9.4048,0.023294,0.038525,0.029386,9.28e-06,0.003046,107,2.879,8.1678,574.7273,22.8516,777,155111,34.002,6787.7465,0.4719,0.4905
flow_1245,0x100004dd,10,VoIP,46,correlator,171.843,219.3653,191.0267,133.7533,11.5652,191.6464,182.9311,199.1223,16.1912,0.026055,0.035435,0.029807,3.52e-06,0.001876,73,2.684,9.4525,512.7178,23.8653,800,152821,33.5215,6403.4809,0.5179,0.5177
flow_1257,0x100004e9,10,VoIP,46,correlator,174.5658,219.6489,194.564,120.4324,10.9742,194.4845,186.8821,202.2459,15.3638,0.015846,0.028134,0.020761,6.04e-06,0.002458,147,2.4801,8.4313,482.5441,34.4538,1659,322781,48.1515,9368.5227,0.517,0.4997
flow_1269,0x100004f5,10,VoIP,46,correlator,171.9853,216.8419,190.1619,156.138,12.4955,191.5387,181.4151,198.9088,17.4937,0.016777,0.029787,0.021981,6.77e-06,0.002602,140,4.2869,9.4418,815.1987,33.8727,1541,293039,45.4939,8651.1843,0.5007,0.5005
flow_1281,0x10000501,10,VoIP,46,correlator,82.0888,117.3273,95.2046,54.1808,7.3608,94.608,90.052,100.3571,10.3051,0.014983,0.030856,0.021332,1.008e-05,0.003175,93,3.5893,8.5777,341.7225,12.3312,578,55028,46.873,4462.5067,0.4765,0.4737
flow_1293,0x1000050d,10,VoIP,46,correlator,115.6246,205.1296,153.4746,390.0036,19.7485,153.8747,139.6506,167.2985,27.6479,0.016105,0.030485,0.021857,8.27e-06,0.002876,40,3.9003,6.9026,598.5963,11.578,529,81188,45.69,7012.244,0.5285,0.5221
flow_1305,0x10000519,10,VoIP,46,correlator,86.7322,118.3776,99.1469,62.9727,7.9355,100.271,93.592,104.7018,11.1097,0.017059,0.026126,0.020686,3.29e-06,0.001814,96,4.7771,6.0775,473.6324,28.976,1400,138805,48.3159,4790.3519,0.4814,0.4675
flow_1317,0x10000525,10,VoIP,46,correlator,76.5641,110.8988,87.4283,46.2716,6.8023,88.3118,82.6667,92.1899,9.5233,0.016148,0.025253,0.01979,3.32e-06,0.001821,110,4.7125,8.7156,412.0099,20.9095,1056,92324,50.5033,4415.4051,0.4987,0.4841
flow_1329,0x10000531,10,VoIP,46,correlator,71.4382,107.7201,85.7778,22.1898,4.7106,87.8327,82.4804,89.0752,6.5948,0.017573,0.028309,0.021867,4.61e-06,0.002147,121,2.0121,8.4439,172.5892,31.9394,1460,125235,45.7116,3921.024,0.4833,0.4993
flow_1341,0x1000053d,10,VoIP,46,correlator,87.1532,117.3432,99.639,16.2102,4.0262,99.877,96.8206,102.4573,5.6367,0.017958,0.026695,0.021453,3.05e-06,0.001747,140,3.4381,5.2417,342.5652,35.2496,1643,163706,46.6105,4644.2005,0.5254,0.5245
flow_1353,0x10000549,10,VoIP,46,correlator,87.3021,115.8134,98.1031,55.781,7.4687,97.8984,92.875,103.3312,10.4561,0.02238,0.042285,0.030342,1.585e-05,0.003981,180,3.8178,8.9942,374.5372,38.3096,1262,123806,32.9421,3231.7216,0.5185,0.5022
flow_1365,0x10000555,10,VoIP,46,correlator,79.0651,115.0781,90.3669,18.5185,4.3033,91.12,87.3546,93.3793,6.0246,0.024632,0.042891,0.031936,1.334e-05,0.003652,149,3.4668,9.2038,313.2856,35.6162,1115,100759,31.306,2829.0214,0.4897,0.4774
flow_1377,0x10000561,10,VoIP,46,correlator,79.5544,115.006,92.509,36.7523,6.0624,92.1019,88.2653,96.7526,8.4873,0.024189,0.036739,0.029209,6.3e-06,0.00251,167,3.8656,7.5994,357.5996,43.5131,1489,137745,34.2196,3165.5973,0.5262,0.5127
flow_1389,0x1000056d,10,VoIP,46,correlator,112.7677,192.2531,142.5599,129.5404,11.3816,141.4433,134.5928,150.527,15.9342,0.014813,0.026212,0.019373,5.2e-06,0.00228,130,2.8295,9.9815,403.3741,15.4817,799,113905,51.6094,7357.4132,0.4902,0.4786
flow_1401,0x10000579,10,VoIP,46,correlator,83.1604,115.0043,95.8728,56.3103,7.504,96.547,90.62,101.1256,10.5056,0.014049,0.032213,0.021315,1.32e-05,0.003633,106,2.4607,5.9758,235.913,24.5771,1153,110541,46.9136,4497.7219,0.5019,0.4909
flow_1413,0x10000585,10,VoIP,46,correlator,84.903,113.046,95.2442,21.7316,4.6617,96.0232,91.981,98.5074,6.5264,0.027674,0.037123,0.031453,3.57e-06,0.00189,102,2.0964,6.6115,199.6655,26.998,858,81719,31.7801,3026.8515,0.4777,0.4666
flow_1425,0x10000591,10,VoIP,46,correlator,73.5828,107.0434,86.4133,37.4956,6.1234,86.5468,82.127,90.6997,8.5727,0.025571,0.034273,0.029052,3.03e-06,0.001741,62,3.2239,7.3616,278.5903,26.9147,926,80018,34.405,2973.0267,0.5289,0.5401
flow_1437,0x1000059d,10,VoIP,46,correlator,132.5227,214.1442,172.4742,121.6854,11.0311,173.1596,164.7524,180.196,15.4436,0.016927,0.025784,0.02047,3.14e-06,0.001771,180,3.2483,6.9859,560.2561,39.9776,1953,336842,48.8524,8425.7721,0.4717,0.4725
flow_1449,0x100005a9,10,VoIP,46,correlator,190.608,229.2308,208.1148,148.2402,12.1754,208.5028,199.5921,216.6376,17.0455,0.01507,0.027564,0.020067,6.24e-06,0.002499,197,4.9757,6.7179,1035.526,44.2764,2206,459101,49.8234,10368.9863,0.4948,0.4833
flow_1461,0x100005b5,10,VoIP,46,correlator,130.0272,204.467,161.2412,151.9612,12.3273,160.5196,152.6122,169.8703,17.2582,0.025923,0.040972,0.031942,9.06e-06,0.00301,52,2.5792,6.6039,415.8759,21.8512,684,110288,31.3027,5047.2389,0.5264,0.5139
flow_1473,0x100005c1,10,VoIP,46,correlator,182.9796,227.9346,206.6102,94.5682,9.7246,205.59,199.8029,213.4174,13.6145,0.02447,0.036419,0.02925,5.71e-06,0.00239,79,4.7374,7.1148,978.8011,30.5938,1045,215907,34.1572,7057.2094,0.4953,0.4815
flow_1485,0x100005cd,10,VoIP,46,correlator,116.8319,185.5749,143.5854,379.5379,19.4817,143.0702,129.9482,157.2226,27.2744,0.021118,0.041344,0.029208,1.636e-05,0.004045,123,4.0456,9.6685,580.8933,42.7397,1463,210065,34.2305,4914.9832,0.5086,0.5202
flow_1497,0x100005d9,10,VoIP,46,correlator,121.2076,206.6906,155.8416,304.609,17.4531,156.7217,143.6244,168.0587,24.4343,0.023114,0.038744,0.029366,9.77e-06,0.003126,91,4.0814,5.0173,636.0527,34.9136,1188,185139,34.0268,5302.7721,0.5164,0.5206
flow_1509,0x100005e5,10,VoIP,46,correlator,124.8505,202.8494,161.9762,113.8044,10.6679,159.5716,154.5086,169.4437,14.9351,0.023147,0.041729,0.03058,1.381e-05,0.003717,65,2.9933,7.0479,484.8398,22.507,736,119214,32.7009,5296.7466,0.4788,0.4885
flow_1521,0x100005f1,10,VoIP,46,correlator,88.4372,124.3032,101.832,44.6164,6.6796,101.283,97.1563,106.5077,9.3514,0.025569,0.038333,0.030674,6.52e-06,0.002553,82,2.9975,7.0773,305.2434,25.2733,823,83807,32.564,3316.0232,0.4931,0.4775
flow_1533,0x100005fd,10,VoIP,46,correlator,128.6396,193.138,158.0304,359.1528,18.9513,158.2212,144.7644,171.2963,26.5319,0.021645,0.042139,0.029843,1.68e-05,0.004099,178,2.4877,7.7202,393.1306,37.9825,1272,201014,33.4891,5292.2737,0.4761,0.4947
flow_1545,0x10000609,10,VoIP,46,correlator,93.2593,126.0035,106.1797,54.1036,7.3555,106.6898,101.0308,111.3285,10.2977,0.026226,0.039318,0.031463,6.86e-06,0.002618,90,2.9099,7.1766,308.975,30.6326,973,103312,31.7635,3372.6112,0.5198,0.5118
flow_1557,0x10000615,10,VoIP,46,correlator,152.0992,224.7629,177.7625,192.1546,13.862,177.0107,168.0592,187.4659,19.4068,0.016173,0.029525,0.021514,7.13e-06,0.00267,48,2.0606,6.3737,366.3036,13.3417,620,110212,46.4707,8260.6876,0.5023,0.4998
flow_1569,0x10000621,10,VoIP,46,correlator,190.9188,226.1445,206.0993,96.0013,9.798,206.9684,199.2407,212.9579,13.7172,0.011342,0.031815,0.019531,1.677e-05,0.004095,156,4.0124,5.2391,826.9486,39.2415,2009,414053,51.1958,10551.4047,0.5202,0.519
flow_1581,0x1000062d,10,VoIP,46,correlator,126.0332,199.3655,161.0596,120.7849,10.9902,161.4701,153.3664,168.7527,15.3863,0.012887,0.033348,0.021072,1.675e-05,0.004092,50,3.3699,8.3161,542.7496,15.0333,713,114835,47.4279,7638.6907,0.5218,0.5241
flow_1593,0x10000639,10,VoIP,46,correlator,170.0965,222.5927,190.8943,174.7813,13.2205,189.0555,181.64,200.1487,18.5087,0.012865,0.031544,0.020337,1.396e-05,0.003736,115,4.0237,6.9984,768.098,27.5588,1355,258661,49.1677,9385.7964,0.4992,0.5069
flow_1605,0x10000645,10,VoIP,46,correlator,137.4052,205.7556,170.4592,203.8227,14.2766,169.8912,160.4655,180.4528,19.9873,0.014136,0.026697,0.01916,6.31e-06,0.002512,33,2.3516,5.386,400.8467,8.5956,448,76365,52.12,8884.2419,0.5172,0.5008
flow_1617,0x10000651,10,VoIP,46,correlator,166.7683,210.6489,185.8857,124.8097,11.1718,186.1293,178.0654,193.706,15.6406,0.013296,0.028596,0.019416,9.36e-06,0.00306,72,2.9273,7.8955,544.1441,11.2708,580,107813,51.4603,9565.6693,0.5033,0.509
flow_1629,0x1000065d,10,VoIP,46,correlator,110.5797,174.8818,143.6948,439.2648,20.9586,144.2323,129.0238,158.3659,29.3421,0.017073,0.027141,0.0211,4.05e-06,0.002014,181,3.6763,8.2424,528.2692,39.361,1865,267990,47.3819,6808.5118,0.5024,0.5049
flow_1641,0x10000669,10,VoIP,46,correlator,113.7935,187.806,153.0653,349.2137,18.6873,152.3539,139.9843,166.1464,26.1622,0.023741,0.044229,0.031936,1.679e-05,0.004098,168,3.407,9.2726,521.4968,37.3668,1170,179086,31.3112,4792.6463,0.5083,0.5235
flow_1653,0x10000675,10,VoIP,46,correlator,96.0163,125.0548,108.1482,25.9212,5.0913,107.594,104.5843,111.7121,7.1278,0.016886,0.029149,0.021792,6.02e-06,0.002453,45,2.6398,5.4708,285.4872,13.2855,609,65862,45.8395,4957.4412,0.5101,0.4904
flow_1665,0x10000681,10,VoIP,46,correlator,176.3892,218.7573,196.4223,164.7453,12.8353,195.4091,187.4376,205.407,17.9694,0.016412,0.027666,0.020914,5.07e-06,0.002251,47,2.5382,5.3686,498.5673,13.6669,653,128263,47.7797,9384.9414,0.5075,0.5157
flow_1677,0x1000068d,10,VoIP,46,correlator,136.3366,207.9732,173.4545,315.2614,17.7556,174.5664,161.0256,185.8834,24.8578,0.015713,0.025222,0.019516,3.62e-06,0.001902,59,4.4419,9.0699,770.4601,8.8194,451,78227,51.1372,8869.8658,0.5024,0.4958
flow_1689,0x10000699,10,VoIP,46,correlator,126.5725,214.7561,165.6295,212.8506,14.5894,167.0455,155.4169,175.8421,20.4252,0.017954,0.026501,0.021372,2.92e-06,0.001709,72,2.2505,7.4271,372.7509,12.3137,576,95402,46.7772,7747.6324,0.4904,0.5094
flow_1701,0x100006a5,10,VoIP,46,correlator,90.0469,124.8093,102.105,20.5271,4.5307,102.5741,98.9336,105.2765,6.343,0.014664,0.025602,0.019039,4.79e-06,0.002188,246,3.1317,7.8083,319.7609,30.5569,1604,163776,52.4922,5359.6978,0.5137,0.5219
flow_1713,0x100006b1,10,VoIP,46,correlator,114.1058,186.0488,143.0054,373.4895,19.3259,144.8366,129.4773,156.5335,27.0562,0.022834,0.041114,0.030146,1.337e-05,0.003656,79,2.7398,9.5157,391.799,16.1501,535,76507,33.1266,4737.2339,0.5026,0.5019
flow_1725,0x100006bd,10,VoIP,46,correlator,136.2369,198.2582,163.2576,148.0654,12.1682,162.8876,154.7398,171.7753,17.0355,0.015381,0.030227,0.02132,8.82e-06,0.002969,128,2.787,5.433,455.0046,32.3998,1519,247988,46.8829,7653.9884,0.5033,0.4938
flow_1737,0x100006c9,10,VoIP,46,correlator,172.5731,211.8565,188.8663,70.1017,8.3727,188.4254,183.0054,194.7271,11.7217,0.0217,0.040447,0.029199,1.406e-05,0.003749,156,4.3259,7.9985,817.0236,40.4666,1385,261579,34.2257,6464.0659,0.5207,0.5118
flow_1749,0x100006d5,10,VoIP,46,correlator,141.9237,225.3712,174.4599,138.9822,11.7891,174.2216,166.2075,182.7122,16.5047,0.025465,0.037679,0.030351,5.97e-06,0.002443,102,4.7213,8.1761,823.67,41.9823,1383,241277,32.9425,5747.1155,0.4926,0.5028
flow_1761,0x100006e1,10,VoIP,46,correlator,95.7096,128.8783,109.1219,55.4937,7.4494,108.409,103.9073,114.3365,10.4292,0.017281,0.028414,0.021734,4.96e-06,0.002227,41,2.6128,9.1787,285.1172,9.0115,414,45176,45.9412,5013.1383,0.502,0.4935
flow_1773,0x100006ed,10,VoIP,46,correlator,78.1551,105.2655,89.4485,57.0582,7.5537,90.0715,84.1609,94.7361,10.5752,0.01202,0.03117,0.01968,1.467e-05,0.00383,276,2.8826,9.0005,257.8401,43.4513,2207,197412,50.7925,4543.2935,0.5282,0.5342
flow_1785,0x100006f9,10,VoIP,46,correlator,174.4566,219.1245,193.6981,126.0442,11.2269,194.3805,185.8393,201.557,15.7177,0.017367,0.025643,0.020678,2.74e-06,0.001655,30,2.5593,6.9903,495.7371,8.8294,427,82709,48.3612,9367.4632,0.4762,0.4654
flow_1797,0x10000705,10,VoIP,46,correlator,159.3603,215.1481,182.1295,105.0863,10.2512,182.1509,174.9537,189.3053,14.3516,0.013579,0.030361,0.020292,1.127e-05,0.003356,247,4.7068,8.287,857.2428,38.7563,1909,347685,49.2565,8971.0565,0.5143,0.4978
flow_1809,0x10000711,10,VoIP,46,correlator,116.6223,200.345,154.6268,250.7387,15.8347,155.8684,143.5425,165.7111,22.1686,0.011587,0.030689,0.019228,1.46e-05,0.003821,122,3.0871,5.2922,477.3454,14.5762,758,117207,52.0024,8040.9631,0.48,0.4896
flow_1821,0x1000071d,10,VoIP,46,correlator,187.9609,241.5495,207.8359,181.7162,13.4802,209.7251,198.3997,217.272,18.8723,0.025245,0.035762,0.029452,4.42e-06,0.002103,68,3.5042,8.9992,728.2949,25.4753,864,179570,33.9152,7048.784,0.5162,0.5043
flow_1833,0x10000729,10,VoIP,46,correlator,123.0555,191.5664,160.99,461.8842,21.4915,159.8383,145.9459,176.034,30.0881,0.022068,0.039498,0.02904,1.215e-05,0.003486,32,2.9027,6.0605,467.2986,11.0757,381,61337,34.3995,5537.9643,0.5077,0.505
flow_1845,0x10000735,10,VoIP,46,correlator,135.8244,204.3646,168.6021,387.6926,19.6899,168.8782,154.8192,182.3851,27.5659,0.022596,0.041327,0.030089,1.403e-05,0.003746,159,4.1159,9.6921,693.9531,39.9629,1328,223903,33.2308,5602.7684,0.5144,0.4956
flow_1857,0x10000741,10,VoIP,46,correlator,115.8185,183.185,143.2796,236.4235,15.3761,143.3187,132.5164,154.0429,21.5265,0.023522,0.040988,0.030508,1.22e-05,0.003493,89,3.6733,6.0046,526.3143,31.5211,1033,148007,32.7717,4695.4956,0.5063,0.4926
flow_1869,0x1000074d,10,VoIP,46,correlator,93.5367,131.5156,106.6994,61.8563,7.8649,105.3387,101.194,112.2048,11.0108,0.016278,0.026592,0.020404,4.25e-06,0.002063,141,3.9368,5.4475,420.0565,27.623,1353,144364,48.981,5226.2291,0.5201,0.5388
flow_1881,0x10000759,10,VoIP,46,correlator,74.9841,105.1163,89.5105,25.6007,5.0597,91.0317,85.9687,93.0523,7.0836,0.025091,0.036242,0.029551,4.97e-06,0.00223,104,4.4383,5.869,397.2727,44.0993,1492,133549,33.8327,3028.3711,0.4853,0.4747
flow_1893,0x10000765,10,VoIP,46,correlator,93.9442,124.741,107.6454,24.5384,4.9536,107.9739,104.1779,111.113,6.9351,0.022939,0.043173,0.031033,1.638e-05,0.004047,34,4.9621,5.5545,534.1499,11.8783,382,41120,32.1594,3461.7654,0.5284,0.5268
flow_1905,0x10000771,10,VoIP,46,correlator,181.8103,234.3722,201.7026,43.8196,6.6196,203.5982,197.0689,206.3364,9.2675,0.025247,0.037416,0.030115,5.92e-06,0.002434,103,2.5511,5.2872,514.5733,42.9147,1425,287426,33.2054,6697.6041,0.522,0.5088
flow_1917,0x1000077d,10,VoIP,46,correlator,85.6983,112.9788,97.5756,52.5571,7.2496,98.3627,92.5008,102.6503,10.1495,0.013056,0.031591,0.02047,1.374e-05,0.003707,167,3.5528,6.5628,346.6659,25.7972,1260,122945,48.8425,4765.8264,0.4971,0.516
flow_1929,0x10000789,10,VoIP,46,correlator,78.7152,117.1147,92.7125,43.2373,6.5755,93.2565,88.1096,97.3154,9.2057,0.023034,0.039905,0.029783,1.138e-05,0.003374,216,2.979,6.1678,276.19,40.0485,1344,124605,33.5593,3111.3532,0.4953,0.5061
flow_1941,0x10000795,10,VoIP,46,correlator,170.7426,226.1564,195.244,47.1064,6.8634,195.7537,190.4396,200.0484,9.6088,0.015149,0.02869,0.020565,7.33e-06,0.002708,27,4.7121,9.6187,920.0131,8.1895,398,77707,48.5986,9488.5675,0.4957,0.509
flow_1953,0x100007a1,10,VoIP,46,correlator,177.7862,228.809,197.7571,107.9619,10.3905,198.523,190.4838,205.0304,14.5467,0.013913,0.02741,0.019312,7.29e-06,0.0027,62,2.9945,9.5076,592.1879,8.5943,445,88001,51.7784,10239.4348,0.4928,0.4837
flow_1965,0x100007ad,10,VoIP,46,correlator,176.6136,225.5077,194.5054,40.6602,6.3765,195.4255,190.0418,198.969,8.9272,0.017041,0.025399,0.020384,2.79e-06,0.001672,43,3.611,8.8427,702.3629,12.9344,634,123316,49.0165,9533.9477,0.523,0.5158
flow_1977,0x100007b9,10,VoIP,46,correlator,126.16,181.5098,151.4252,107.8315,10.3842,151.078,144.1563,158.6942,14.5379,0.011896,0.030336,0.019272,1.36e-05,0.003688,171,4.516,7.5482,683.8321,27.0989,1406,212903,51.8839,7856.5059,0.491,0.4938
flow_1989,0x100007c5,10,VoIP,46,correlator,91.6749,121.5714,104.205,58.496,7.6483,103.2015,98.8512,109.5588,10.7076,0.02379,0.040929,0.030646,1.175e-05,0.003428,134,3.9813,5.0261,414.8739,26.9389,879,91596,32.6294,3400.1424,0.4832,0.4695
flow_2001,0x100007d1,10,Video,34,correlator,156.4262,1489.2325,1320.7717,143435.8227,378.7292,1128.6577,726.5105,1479.2325,752.722,0.000817,0.080205,0.009397,0.00103619,0.03219,318,16.6528,81.1777,21994.5752,45.0473,4793,6330458,106.3992,140528.9986,0.7502,0.8959
flow_2013,0x100007dd,10,Video,34,correlator,231.6347,1482.0355,1109.0603,119546.0546,345.7543,1420.6508,707.627,1472.0355,764.4085,0.000372,0.13509,0.009316,0.00012728,0.011282,182,12.2778,81.7884,13616.7889,46.3895,4979,5522011,107.3302,119035.7035,0.7796,0.9195
flow_2025,0x100007e9,10,Video,34,correlator,177.4041,1461.5825,1122.3777,139133.9767,373.0067,1285.2518,857.6397,1451.5825,593.9428,0.000268,0.143685,0.006281,0.00013042,0.01142,314,25.7173,67.2854,28864.5187,38.2407,6088,6833035,159.2019,178684.6858,0.7935,0.8524
flow_2037,0x100007f5,10,Video,34,correlator,132.8005,1468.2957,939.3217,134366.9902,366.561,1377.3664,705.6895,1458.2957,752.6061,0.000418,0.115372,0.012121,8.808e-05,0.009385,125,22.6514,60.4471,21276.9582,51.66,4262,4003389,82.5009,77494.9072,0.7321,0.8858
flow_2049,0x10000801,10,Video,34,correlator,179.0138,1473.2645,1150.917,105868.9341,325.3751,1311.7431,814.0488,1463.2645,649.2157,0.000431,0.070113,0.012082,0.00050519,0.022476,84,12.4205,46.8471,14294.9904,32.9705,2728,3139701,82.7405,95227.4858,0.853,0.9247
flow_2061,0x1000080d,10,Video,34,correlator,162.8955,1476.8575,1133.9609,157771.1321,397.2041,1310.5972,737.887,1466.8575,728.9705,0.000793,0.061389,0.01184,0.00051472,0.022687,115,17.0361,73.3919,19318.2224,31.4285,2654,3009532,84.4457,95758.1135,0.8314,0.9002
flow_2073,0x10000819,10,Video,34,correlator,121.5219,1491.7806,1243.8897,154900.2847,393.5737,1279.4934,729.2467,1480.0,750.7533,0.000332,0.080522,0.013885,0.00080192,0.028318,99,19.8108,83.356,24642.4798,46.1019,3320,4129713,72.0144,89577.9854,0.7964,0.9014
flow_2085,0x10000825,10,Video,34,correlator,177.0828,1499.0151,1310.8112,164714.9165,405.8509,1196.5449,735.7838,1480.0,744.2162,0.000705,0.135743,0.011154,0.00113095,0.03363,242,20.7698,68.5009,27225.3267,58.3816,5234,6860785,89.6516,117516.2708,0.7634,0.9537
flow_2097,0x10000831,10,Video,34,correlator,241.7837,1499.209,1221.7304,155319.4675,394.1059,1163.2889,881.9923,1480.0,598.0077,0.000955,0.100653,0.009475,0.00016126,0.012699,69,14.6758,45.3217,17929.8736,19.4646,2054,2509434,105.525,128923.0803,0.7735,0.9252
flow_2109,0x1000083d,10,Video,34,correlator,187.7222,1475.3538,1039.4472,105830.4158,325.3159,1135.4716,657.4779,1465.3538,807.8759,0.000802,0.102262,0.007996,0.00044643,0.021129,142,25.9227,61.4523,26945.2326,27.6671,3460,3596487,125.0584,129991.6261,0.831,0.8725
flow_2121,0x10000849,10,Video,34,correlator,153.6153,1477.3372,1023.2026,77872.9985,279.0573,1097.2562,817.6961,1467.3372,649.6411,0.000581,0.1204,0.004883,0.00014025,0.011843,379,14.0312,66.5277,14356.7889,49.3458,10104,10338438,204.7589,209509.7923,0.8452,0.8836
flow_2133,0x10000855,10,Video,34,correlator,140.7617,1482.2307,910.9908,65255.6443,255.4518,1093.067,849.0106,1472.2307,623.2201,0.000887,0.07126,0.008382,0.00062861,0.025072,214,24.5804,82.8905,22392.4842,53.8247,6421,5849472,119.2946,108676.2847,0.7452,0.9203
flow_2145,0x10000861,10,Video,34,correlator,227.517,1494.889,1160.7011,169517.4062,411.7249,1435.1482,809.3298,1480.0,670.6702,0.000816,0.148945,0.005911,0.00022871,0.015123,108,15.3658,57.7042,17835.0816,22.095,3737,4337540,169.1335,196313.4768,0.9016,0.975
flow_2157,0x1000086d,10,Video,34,correlator,175.2505,1466.03,1310.9874,86078.5237,293.3914,1102.5842,836.202,1456.03,619.8281,0.000741,0.098485,0.005333,0.00042926,0.020719,318,20.059,87.8467,26297.1121,55.2725,10363,13585762,187.4892,245795.9277,0.7784,0.8804
flow_2169,0x10000879,10,Video,34,correlator,199.9828,1483.6238,1276.5458,201271.5299,448.633,1348.9089,798.4739,1473.6238,675.1499,0.000788,0.11799,0.013362,0.00017787,0.013337,90,24.1931,74.4203,30883.6541,39.0361,2921,3728790,74.8283,95521.6991,0.9019,0.9409
flow_2181,0x10000885,10,Video,34,correlator,197.5095,1466.2123,1007.6436,142584.3824,377.6035,1103.3154,829.2798,1456.2123,626.9325,0.000246,0.075628,0.006875,0.00047678,0.021835,202,29.9956,53.4482,30224.8295,33.6102,4888,4925361,145.4322,146543.7933,0.7369,0.9181
flow_2193,0x10000891,10,Video,34,correlator,173.9451,1480.4237,1325.6769,69814.9696,264.2252,1239.5992,771.7367,1470.4237,698.687,0.000326,0.148312,0.007576,0.00013111,0.01145,211,20.1906,71.4004,26766.254,50.7817,6703,8886012,131.9965,174984.6468,0.821,0.9381
flow_2205,0x1000089d,10,Video,34,correlator,229.1228,1468.6075,943.7678,98105.8545,313.2185,1153.3107,797.9814,1458.6075,660.6261,0.000195,0.104021,0.01409,0.00102016,0.03194,31,17.4944,46.8176,16510.617,13.7855,978,923004,70.9442,66954.8216,0.8168,0.9066
flow_2217,0x100008a9,10,Video,34,correlator,167.4906,1494.015,1288.6579,189754.8373,435.6086,1117.7578,838.5632,1480.0,641.4368,0.000347,0.111667,0.0072,0.00036529,0.019113,132,25.5698,56.7323,32950.777,28.472,3954,5095353,138.8732,178959.9973,0.7209,0.8586
flow_2229,0x100008b5,10,Video,34,correlator,183.9225,1490.4895,1215.2979,67286.2855,259.396,1246.9544,668.4449,1480.0,811.5551,0.000506,0.147284,0.011802,0.00057029,0.023881,99,24.7506,63.8778,30079.3525,27.6488,2342,2846227,84.7053,102942.1657,0.8517,0.9769
flow_2241,0x100008c1,10,Video,34,correlator,198.1777,1480.9364,1216.0739,74054.3155,272.1292,1236.2694,670.7883,1470.9364,800.1481,0.000639,0.11061,0.00581,0.00017994,0.013414,351,24.8936,83.8993,30272.4219,51.8832,8930,10859540,172.1175,209307.5555,0.7467,0.9437
flow_2253,0x100008cd,10,Video,34,correlator,138.0872,1482.1729,1013.2109,106693.1842,326.6392,1168.9185,828.9997,1472.1729,643.1732,0.000623,0.128719,0.003948,0.00061262,0.024751,194,23.9421,74.1428,24258.3641,16.6406,4215,4270683,253.2966,256642.8665,0.8099,0.91
flow_2265,0x100008d9,10,Video,34,correlator,159.0412,1497.5978,1057.6468,167443.6734,409.1988,1368.7389,885.9098,1480.0,594.0902,0.000945,0.111442,0.013064,0.00059229,0.024337,204,19.1091,37.3623,20210.7254,40.8758,3128,3308319,76.5245,80935.8838,0.8998,0.8514
flow_2277,0x100008e5,10,Video,34,correlator,184.4085,1478.2761,1250.9769,99852.8537,315.995,1403.6319,861.651,1468.2761,606.6251,0.000915,0.077837,0.00466,0.00028479,0.016876,302,11.0879,61.3151,13870.6827,27.2476,5846,7313210,214.551,268398.3546,0.871,0.9358
flow_2289,0x100008f1,10,Video,34,correlator,237.5102,1485.0073,1100.7459,80888.297,284.4087,1136.5214,769.0997,1475.0073,705.9076,0.000197,0.091235,0.006745,0.00017444,0.013208,121,27.1283,45.092,29861.3165,28.2009,4181,4602218,148.2578,163194.1387,0.8707,0.9124
flow_2301,0x100008fd,10,Video,34,correlator,218.4731,1472.544,1123.1732,66043.7157,256.9897,1292.2492,892.3829,1462.544,570.1611,0.000659,0.05779,0.005664,0.00099938,0.031613,348,25.8747,69.966,29061.7473,47.0388,8305,9327953,176.5564,198303.3836,0.7206,0.8664
flow_2313,0x10000909,10,Video,34,correlator,147.1068,1469.1917,1148.0118,117198.189,342.3422,1192.3843,794.6629,1459.1917,664.5288,0.000473,0.122099,0.009833,0.00010542,0.010267,88,14.7077,62.3,16884.6142,30.3206,3083,3539320,101.68,116729.8837,0.8548,0.9212
flow_2325,0x10000915,10,Video,34,correlator,135.1931,1492.4064,997.4948,85644.0349,292.65,1294.1056,827.2182,1480.0,652.7818,0.000888,0.118199,0.013049,0.00106015,0.03256,208,24.5055,39.2167,24444.1268,55.9117,4284,4273267,76.6208,76428.8778,0.745,0.8794
flow_2337,0x10000921,10,Video,34,correlator,136.3536,1476.1916,939.4091,115736.7544,340.201,1276.1441,801.9105,1466.1916,664.2811,0.00021,0.116046,0.004107,0.00118511,0.034425,406,20.2426,50.2599,19016.0631,54.6547,13306,12499777,243.4555,228704.3378,0.8856,0.9296
flow_2349,0x1000092d,10,Video,34,correlator,240.218,1496.0565,1237.4705,93333.8369,305.5059,1079.5764,772.1738,1480.0,707.8262,0.000289,0.127965,0.014093,0.00020856,0.014442,124,27.2534,67.0391,33725.2852,40.4154,2867,3547827,70.9382,87783.9662,0.9041,0.8979
flow_2361,0x10000939,10,Video,34,correlator,225.7661,1493.8153,923.5008,157036.1822,396.2779,1065.1143,715.6458,1480.0,764.3542,0.000195,0.084831,0.009371,0.0010718,0.032738,142,28.3078,60.7868,26142.2521,39.692,4235,3911026,106.6965,98534.3429,0.8882,0.9302
flow_2373,0x10000945,10,Video,34,correlator,241.8026,1484.0814,1061.2714,68369.5892,261.4758,1194.1161,783.1674,1474.0814,690.9141,0.000498,0.096187,0.013,0.00064986,0.025492,258,14.1103,69.3905,14974.8802,59.8395,4603,4885032,76.9224,81635.5078,0.8603,0.9013
flow_2385,0x10000951,10,Video,34,correlator,150.9642,1478.2904,1178.6492,105731.83,325.1643,1072.7486,710.9242,1468.2904,757.3662,0.00082,0.074548,0.009722,0.00060768,0.024651,163,26.9703,75.1495,31788.5265,38.9863,4010,4726383,102.8566,121231.8401,0.7464,0.9746
flow_2397,0x1000095d,10,Video,34,correlator,230.0314,1493.7831,1276.7806,148115.8652,384.8582,1188.6612,813.292,1480.0,666.708,0.000876,0.148353,0.012949,0.00081006,0.028462,103,15.4356,88.5416,19707.8187,45.127,3484,4448303,77.2044,98573.0423,0.9021,0.8554
flow_2409,0x10000969,10,Video,34,correlator,232.9233,1486.7116,1075.0388,151044.008,388.6438,1136.585,701.1797,1476.7116,775.5319,0.000165,0.06973,0.014323,0.00053986,0.023235,74,27.9191,41.2402,30014.0765,34.1443,2383,2561817,69.792,75029.1435,0.7324,0.8658
flow_2421,0x10000975,10,Video,34,correlator,229.4524,1491.5067,931.9244,195724.3237,442.4074,1385.2098,874.801,1480.0,605.199,0.000496,0.08603,0.005453,0.00047398,0.021771,236,27.4102,64.174,25544.204,22.913,4202,3915946,183.389,170904.6375,0.8402,0.884
flow_2433,0x10000981,10,Video,34,correlator,133.6733,1492.42,912.1556,161786.4636,402.2269,1176.7045,730.9564,1480.0,749.0436,0.000209,0.126044,0.009777,0.00046121,0.021476,66,25.287,44.1975,23065.6345,20.461,2092,1908229,102.2431,93261.6255,0.8716,0.9359
flow_2445,0x1000098d,10,Video,34,correlator,128.7834,1460.8023,1198.6045,64592.7832,254.1511,1158.7681,819.0973,1450.8023,631.7049,0.000128,0.061242,0.005097,0.000295,0.017175,255,19.4412,41.9821,23302.3088,22.8444,4481,5370946,196.153,235109.8487,0.781,0.9441
flow_2457,0x10000999,10,Video,34,correlator,125.0213,1471.1815,1250.0067,71481.1117,267.3595,1171.8211,798.7315,1461.1815,662.45,0.000995,0.090139,0.010485,0.00069297,0.026324,99,20.205,56.1057,25256.3511,18.5997,1773,2216261,95.324,119155.5297,0.9026,0.9164
flow_2469,0x100009a5,10,Video,34,correlator,143.393,1495.0093,1156.3173,125823.1044,354.7155,1368.9424,879.5632,1480.0,600.4368,0.000593,0.116279,0.006106,0.00072835,0.026988,173,20.9969,35.162,24279.1119,21.6181,3540,4093363,163.7514,189348.5698,0.8633,0.871
flow_2481,0x100009b1,10,Video,34,correlator,142.0279,1470.0883,1109.6247,87747.0396,296.2213,1189.9922,808.2627,1460.0883,651.8256,0.000556,0.1057,0.014235,0.00062546,0.025009,92,21.4035,62.0707,23749.9066,34.6605,2434,2700826,70.2241,77922.3862,0.8777,0.9008
flow_2493,0x100009bd,10,Video,34,correlator,128.371,1482.7365,1088.9393,83226.4709,288.49,1355.4705,878.3207,1472.7365,594.4158,0.000908,0.134452,0.006776,8.333e-05,0.009129,335,11.5941,88.6179,12625.3053,50.2487,7415,8074484,147.5659,160690.28,0.8187,0.8964
flow_2505,0x100009c9,10,Video,34,correlator,203.3625,1463.8998,989.5043,124552.3669,352.9198,1107.6131,878.0856,1453.8998,575.8141,0.000105,0.065644,0.005199,0.00057172,0.023911,437,20.8557,45.1384,20636.7578,35.968,6917,6844401,192.3096,190291.179,0.8653,0.9629
flow_2517,0x100009d5,10,Video,34,correlator,155.1024,1483.0134,1314.8323,165347.9405,406.63,1414.6564,747.4363,1473.0134,725.5771,0.000918,0.082426,0.010941,0.00041412,0.02035,113,19.9558,83.8246,26238.51,27.7692,2538,3337044,91.3961,120170.5477,0.7615,0.9347
flow_2529,0x100009e1,10,Video,34,correlator,147.4037,1472.911,929.4681,122194.8242,349.5638,1394.8565,660.2353,1462.911,802.6757,0.000442,0.111198,0.010339,0.00096061,0.030994,197,20.0892,39.8982,18672.2886,33.303,3221,2993816,96.7179,89896.1905,0.857,0.8903
flow_2541,0x100009ed,10,Video,34,correlator,121.6199,1471.975,1138.6936,120088.8103,346.5383,1096.3491,897.5594,1461.975,564.4156,0.000735,0.084063,0.012135,0.00017363,0.013177,143,12.7772,60.3048,14549.2677,42.3767,3491,3975179,82.3802,93805.8059,0.9123,0.9473
flow_2553,0x100009f9,10,Video,34,correlator,120.0815,1470.805,1251.005,141051.1202,375.5677,1245.7539,805.5142,1460.805,655.2908,0.000421,0.128888,0.006884,0.00013511,0.011624,194,28.0456,48.7312,35085.2222,41.1968,5984,7486013,145.2541,181713.5929,0.9029,0.9361
flow_2565,0x10000a05,10,Video,34,correlator,233.1067,1472.7395,950.5149,201292.3028,448.6561,1285.8281,885.0044,1462.7395,577.7351,0.000699,0.076808,0.011763,0.00116963,0.0342,219,21.3001,55.5173,20246.0774,50.413,4285,4072956,84.9978,80791.711,0.8798,0.9487
flow_2577,0x10000a11,10,Video,34,correlator,140.9854,1499.6432,978.0457,90260.9824,300.4347,1186.22,686.9448,1480.0,793.0552,0.000821,0.076355,0.006867,7.697e-05,0.008773,267,19.6109,88.4761,19180.3772,51.2536,7464,7300132,145.6287,142431.4693,0.7973,0.8732
flow_2589,0x10000a1d,10,Video,34,correlator,169.1841,1472.229,1129.7322,168992.472,411.0869,1218.5051,772.724,1462.229,689.505,0.000753,0.050491,0.01015,0.00039268,0.019816,103,22.3181,61.752,25213.4489,35.1849,3466,3915651,98.508,111287.6757,0.8744,0.9011
flow_2601,0x10000a29,10,Video,34,correlator,227.4381,1468.3006,1188.3487,189526.1431,435.346,1334.6452,782.1553,1458.3006,676.1453,0.000808,0.128117,0.012398,0.00028004,0.016734,215,26.98,44.2978,32061.6684,53.05,4278,5083755,80.6409,95829.4782,0.8744,0.9709
flow_2613,0x10000a35,10,Video,34,correlator,225.1428,1493.4849,1028.4567,127274.6405,356.7557,1277.1891,816.6129,1480.0,663.3871,0.000252,0.097102,0.008027,0.00066601,0.025807,60,18.0282,68.9593,18541.2096,16.5123,2057,2115535,124.5738,128118.7293,0.818,0.8535
flow_2625,0x10000a41,10,Video,34,correlator,161.1836,1478.9666,1320.3725,68062.5658,260.888,1383.8537,825.3447,1468.9666,643.6219,0.000466,0.119837,0.007353,0.00102139,0.031959,326,11.4451,82.7469,15111.815,49.8175,6774,8944203,135.9762,179539.2258,0.7663,0.9711
flow_2637,0x10000a4d,10,Video,34,correlator,246.1578,1477.8219,1102.3317,157242.6915,396.5384,1186.3471,857.3025,1467.8219,610.5194,0.000583,0.113761,0.010577,0.00090551,0.030092,134,23.7833,41.6466,26217.1273,37.3754,3533,3894538,94.5273,104200.4637,0.8737,0.8962
flow_2649,0x10000a59,10,Video,34,correlator,163.4088,1478.2025,1150.419,153896.3954,392.2963,1337.415,738.8472,1468.2025,729.3553,0.000446,0.112211,0.006127,0.00052912,0.023003,205,10.0771,40.6017,11592.9219,41.3546,6749,7764177,163.1983,187746.4463,0.8773,0.9259
flow_2661,0x10000a65,10,Video,34,correlator,175.5424,1471.9021,1147.8209,198494.4304,445.5271,1166.2285,660.469,1461.9021,801.4331,0.000278,0.132904,0.014669,0.00117279,0.034246,250,25.095,44.8937,28804.5615,56.1416,3827,4392710,68.1669,78243.3746,0.8854,0.8527
flow_2673,0x10000a71,10,Video,34,correlator,151.4328,1493.7405,1004.5877,67263.3411,259.3518,1247.9321,717.241,1480.0,762.759,0.000141,0.070049,0.009786,0.00076739,0.027702,96,12.1945,75.9107,12250.4492,30.7628,3143,3157419,102.1689,102637.6178,0.9107,0.8601
flow_2685,0x10000a7d,10,Video,34,correlator,135.9856,1487.5284,1219.4879,64011.0921,253.0041,1192.8743,709.1758,1477.5284,768.3526,0.000655,0.12419,0.006023,9.121e-05,0.009551,161,19.9479,89.6232,24326.1916,26.008,4318,5265748,166.0256,202466.2165,0.8825,0.973
flow_2697,0x10000a89,10,Video,34,correlator,216.5851,1474.6644,908.5123,141484.1323,376.1438,1160.9113,675.5314,1464.6644,789.133,0.000267,0.139514,0.008203,0.00012756,0.011294,66,11.2058,74.4927,10180.5673,15.0456,1834,1666211,121.8958,110743.7777,0.9156,0.9058
flow_2709,0x10000a95,10,Video,34,correlator,125.9675,1463.9482,1060.4313,174947.0093,418.2667,1068.3828,713.074,1453.9482,740.8743,0.000454,0.057786,0.01482,0.00066276,0.025744,97,24.8309,41.4026,26331.434,48.2516,3255,3451703,67.4589,71535.484,0.8264,0.9024
flow_2721,0x10000aa1,10,Video,34,correlator,207.5465,1465.5365,959.0919,182753.7128,427.497,1348.2732,813.5787,1455.5365,641.9578,0.000868,0.121521,0.005796,0.00117673,0.034303,206,16.7613,81.7163,16075.5897,29.5377,5096,4887532,172.5254,165467.7036,0.7818,0.881
flow_2733,0x10000aad,10,Video,34,correlator,125.2789,1469.4877,999.2715,68566.3421,261.8518,1244.8478,676.1373,1459.4877,783.3504,0.000795,0.106219,0.007983,0.00083743,0.028938,65,15.0532,66.2624,15042.2349,13.4775,1688,1686770,125.2459,125154.6047,0.9017,0.9279
flow_2745,0x10000ab9,10,Video,34,correlator,165.0957,1488.2244,1339.9587,106096.6199,325.7248,1258.4824,856.6983,1478.2244,621.5261,0.000467,0.113708,0.011965,0.00047809,0.021865,102,25.9996,41.698,34838.3913,32.9142,2750,3684886,83.5505,111954.265,0.8595,0.857
flow_2757,0x10000ac5,10,Video,34,correlator,259.863,1485.0038,955.3392,118860.9584,344.7622,1405.8988,884.2756,1475.0038,590.7282,0.000315,0.124657,0.003359,0.00090016,0.030003,443,19.4144,44.6755,18547.3696,29.0402,8645,8258906,297.6913,284396.1121,0.8048,0.9013
flow_2769,0x10000ad1,10,Video,34,correlator,154.6525,1467.834,1043.4828,63448.5692,251.89,1350.5409,843.193,1457.834,614.641,0.000395,0.052679,0.006843,0.00056701,0.023812,200,16.677,48.2755,17402.1582,40.3099,5890,6146113,146.1181,152471.6709,0.7728,0.8954
flow_2781,0x10000add,10,Video,34,correlator,184.0075,1497.1759,1112.588,97524.9557,312.2899,1082.3942,693.002,1480.0,786.998,0.000414,0.053152,0.003812,0.00074647,0.027322,627,27.8704,80.2696,31008.3038,48.1056,12617,14037522,262.2774,291806.6398,0.7808,0.8806
flow_2793,0x10000ae9,10,Video,34,correlator,128.5421,1467.8374,1328.639,79638.4319,282.2028,1050.4665,889.3458,1457.8374,568.4916,0.000891,0.137163,0.012103,0.00023668,0.015384,146,21.6943,88.2896,28823.9188,47.5677,3930,5221551,82.6191,109770.8961,0.813,0.9551
flow_2805,0x10000af5,10,Video,34,correlator,127.0475,1490.6798,1022.636,94424.9986,307.2865,1272.2702,858.5431,1480.0,621.4569,0.000159,0.147005,0.009646,0.00042595,0.020639,154,26.6574,83.969,27260.787,26.186,2714,2775434,103.6431,105989.1614,0.7797,0.9213
flow_2817,0x10000b01,10,Video,34,correlator,174.0168,1464.5198,1250.4469,162408.9859,403.0,1236.5647,787.2982,1454.5198,667.2216,0.00035,0.088895,0.008463,7.894e-05,0.008885,161,29.7527,62.9053,37204.2244,38.6137,4562,5704538,118.1446,147733.5539,0.8544,0.9749
flow_2829,0x10000b0d,10,Video,34,correlator,224.861,1460.087,1116.9251,163965.9992,404.9272,1395.6271,739.4292,1450.087,710.6578,0.000904,0.075402,0.010257,0.00027616,0.016618,85,12.017,62.1708,13422.0946,28.86,2813,3141910,97.4704,108867.1308,0.8363,0.9253
flow_2841,0x10000b19,10,Video,34,correlator,243.6459,1462.8015,984.9759,91422.8955,302.3622,1315.4817,827.6728,1452.8015,625.1287,0.000324,0.08449,0.010927,7.231e-05,0.008504,173,23.5076,84.0187,23154.3808,31.216,2856,2813091,91.4915,90116.888,0.9179,0.9537
flow_2853,0x10000b25,10,Video,34,correlator,208.6135,1476.8553,1304.851,161568.7493,401.9562,1058.4051,686.7497,1466.8553,780.1056,0.000671,0.100369,0.007358,0.00071598,0.026758,144,11.9139,67.7272,15545.9162,32.6464,4436,5788319,135.8803,177303.5167,0.8817,0.8854
flow_2865,0x10000b31,10,Video,34,correlator,142.3867,1475.7474,1227.5533,163868.0127,404.8061,1127.7465,742.9604,1465.7474,722.787,0.00064,0.134826,0.003661,0.00054629,0.023373,208,10.6314,86.9447,13050.5561,13.2552,3621,4444970,273.1758,335337.8182,0.8226,0.882
flow_2877,0x10000b3d,10,Video,34,correlator,191.4952,1475.9898,1079.031,141044.9218,375.5595,1096.689,780.37,1465.9898,685.6199,0.000558,0.063266,0.006269,0.00032628,0.018063,161,15.5514,77.0512,16780.4301,30.6352,4886,5272145,159.4897,172094.3255,0.7662,0.948
flow_2889,0x10000b49,10,Video,34,correlator,196.9228,1476.6454,957.0946,143430.5206,378.7222,1318.6393,840.6288,1466.6454,626.0165,0.00043,0.071123,0.004439,0.00074185,0.027237,316,19.1353,81.2465,18314.2739,37.1686,8373,8013753,225.2707,215605.3896,0.7512,0.9029
flow_2901,0x10000b55,10,Video,34,correlator,220.5417,1496.8687,1259.1277,92402.9306,303.9785,1381.406,753.8451,1480.0,726.1549,0.000646,0.141513,0.014753,0.00055977,0.023659,253,14.6492,68.7835,18445.1559,57.5233,3899,4909339,67.7812,85345.2366,0.7207,0.8913
flow_2913,0x10000b61,10,Video,34,correlator,219.011,1482.3388,1238.7217,134803.6405,367.1562,1158.7348,804.8275,1472.3388,667.5114,0.000481,0.139496,0.006118,0.00092208,0.030366,101,18.5864,42.0058,23023.384,18.141,2965,3672809,163.4423,202459.4674,0.8318,0.8775
flow_2925,0x10000b6d,10,Video,34,correlator,145.2191,1475.4854,981.3502,129684.9956,360.118,1142.3426,743.7959,1465.4854,721.6894,0.000397,0.05496,0.011608,0.00062058,0.024911,46,18.4306,78.8045,18086.8943,13.28,1144,1122664,86.1447,84538.0741,0.7364,0.9605
flow_2937,0x10000b79,10,Video,34,correlator,193.1724,1497.2789,998.9384,132012.8984,363.3358,1214.9998,879.2859,1480.0,600.7141,0.000768,0.117989,0.006718,0.00103343,0.032147,185,27.2887,66.3798,27259.7723,20.824,3099,3095710,148.8189,148660.9185,0.9131,0.9171
flow_2949,0x10000b85,10,Video,34,correlator,140.9337,1493.207,1006.8502,86821.8239,294.6554,1166.8923,661.7015,1480.0,818.2985,0.000335,0.113983,0.009473,0.00080681,0.028404,237,14.7956,48.2816,14896.9226,38.1881,4031,4058613,105.5563,106279.3882,0.8177,0.9316
flow_2961,0x10000b91,10,Video,34,correlator,237.7287,1473.7226,1111.1888,100030.1996,316.2755,1116.1302,681.4003,1463.7226,782.3223,0.000165,0.140636,0.01469,0.0004574,0.021387,199,16.3214,87.8269,18136.1583,57.7959,3934,4371416,68.0671,75635.3783,0.7232,0.8922
flow_2973,0x10000b9d,10,Video,34,correlator,140.6288,1491.3475,955.7824,198383.5478,445.4027,1428.7423,734.1834,1480.0,745.8166,0.000123,0.064343,0.003103,0.00036023,0.01898,230,17.506,35.4522,16731.9368,22.7575,7333,7008752,322.2239,307975.9651,0.8474,0.8592
flow_2985,0x10000ba9,10,Video,34,correlator,214.1672,1465.1612,1078.0642,72314.3745,268.9133,1169.4013,685.1038,1455.1612,770.0574,0.000941,0.110874,0.010183,0.00038974,0.019742,220,25.0896,75.4131,27048.1869,48.7283,4785,5158537,98.1976,105863.2881,0.9182,0.936
flow_2997,0x10000bb5,10,Video,34,correlator,210.883,1471.6522,1018.8173,164227.3757,405.2498,1118.1874,876.8114,1461.6522,584.8407,0.00019,0.103295,0.007802,9.594e-05,0.009795,282,19.0036,77.5039,19361.1524,55.7296,7143,7277412,128.1725,130584.3126,0.7654,0.938
flow_3009,0x10000bc1,10,Video,34,correlator,166.0007,1487.0579,1086.5104,143693.2441,379.0689,1106.1671,823.1697,1477.0579,653.8882,0.000435,0.054996,0.006522,0.0009185,0.030307,208,22.3341,77.8331,24266.2031,40.7415,6246,6786344,153.308,166570.7536,0.8808,0.8555
flow_3021,0x10000bcd,10,Video,34,correlator,256.306,1490.7201,1285.1594,110066.1374,331.7622,1172.7704,858.5533,1480.0,621.4467,0.000393,0.104647,0.010055,0.00103357,0.032149,182,20.8215,39.5872,26758.9141,34.1922,3400,4369541,99.4379,127793.5852,0.795,0.9193
flow_3033,0x10000bd9,10,Video,34,correlator,134.6531,1496.0484,1154.4217,107881.1318,328.4526,1312.5614,800.9473,1480.0,679.0527,0.000582,0.068747,0.007795,0.00072552,0.026935,352,26.4597,84.8567,30545.6852,42.6269,5468,6312377,128.2759,148084.4912,0.7356,0.8834
flow_3045,0x10000be5,10,Video,34,correlator,222.0843,1490.6574,1319.5377,82603.8444,287.4088,1397.5788,895.6686,1480.0,584.3314,0.000835,0.081789,0.010036,0.00107777,0.032829,97,21.0427,56.1718,27766.6719,27.9525,2785,3674912,99.6333,131469.9087,0.7294,0.853
flow_3057,0x10000bf1,10,Video,34,correlator,172.8174,1461.9813,1132.593,89427.1166,299.0437,1273.1835,726.467,1451.9813,725.5143,0.000823,0.146464,0.014783,0.0002363,0.015372,128,27.8076,57.1287,31494.6946,35.9782,2433,2755598,67.6244,76590.8679,0.8288,0.8564
flow_3069,0x10000bfd,10,Video,34,correlator,190.8243,1467.8281,1133.8827,111596.2966,334.0603,1065.5121,701.6943,1457.8281,756.1338,0.000513,0.079404,0.014626,0.00017977,0.013408,124,24.3082,70.0337,27562.6088,48.3287,3304,3746348,68.3652,77518.1035,0.8207,0.9749
flow_3081,0x10000c09,10,Video,34,correlator,240.8439,1470.5972,1150.2744,198917.5684,446.0018,1292.9731,762.2133,1460.5972,698.3839,0.000983,0.091035,0.008231,0.00103017,0.032096,152,16.4474,53.8088,18919.0768,19.8249,2408,2769860,121.4633,139716.1358,0.8052,0.8689
flow_3093,0x10000c15,10,Video,34,correlator,128.6394,1478.5904,1338.7973,174764.7588,418.0488,1304.3845,811.0237,1468.5904,657.5667,0.000387,0.083962,0.009922,0.00011816,0.01087,186,17.9629,53.0449,24048.731,50.0977,5049,6759587,100.783,134927.9661,0.8908,0.9521
flow_3105,0x10000c21,10,Video,34,correlator,245.338,1495.229,1063.6237,193048.7479,439.3731,1105.9258,669.4721,1480.0,810.5279,0.000971,0.099353,0.007785,0.00113149,0.033638,239,12.2691,70.9225,13049.7155,48.0922,6177,6570003,128.4408,136612.6715,0.7494,0.9353
flow_3117,0x10000c2d,10,Video,34,correlator,242.5498,1483.879,902.3524,67451.5809,259.7144,1191.2443,850.7418,1473.879,623.1372,0.000724,0.100436,0.008812,0.00027374,0.016545,190,24.5011,35.8571,22108.5945,39.5384,4486,4047952,113.4592,102380.1651,0.7203,0.9388
flow_3129,0x10000c39,10,Video,34,correlator,125.0711,1487.5679,962.7507,107972.0603,328.591,1433.4165,671.224,1477.5679,806.3439,0.000201,0.061761,0.006815,0.00054464,0.023338,89,15.7304,37.1726,15144.4412,15.2974,2244,2160412,146.6912,141227.0555,0.8204,0.945
flow_3141,0x10000c45,10,Video,34,correlator,145.1159,1470.8009,1081.4938,180908.5153,425.3334,1190.3685,749.6411,1460.8009,711.1598,0.000231,0.083831,0.004449,0.0012152,0.03486,535,16.762,74.3339,18128.0345,57.3956,12899,13950188,224.7384,243053.2018,0.7266,0.8918
flow_3153,0x10000c51,10,Video,34,correlator,194.9936,1469.8163,1262.0708,156429.6154,395.5118,1149.9816,832.3234,1459.8163,627.4929,0.000383,0.111715,0.004485,0.00066272,0.025743,673,23.9296,72.5826,30200.798,53.3933,11903,15022428,222.9308,281354.4095,0.8714,0.976
flow_3165,0x10000c5d,10,Video,34,correlator,201.4133,1484.4218,1166.7487,104471.9531,323.2212,1327.5687,860.6616,1474.4218,613.7602,0.000909,0.110517,0.007996,0.00039514,0.019878,153,16.2029,36.8017,18904.674,36.4647,4560,5320374,125.0525,145904.817,0.8604,0.934
flow_3177,0x10000c69,10,Video,34,correlator,201.292,1465.9919,1158.5207,137704.9424,371.0862,1201.358,722.5122,1455.9919,733.4797,0.000663,0.089802,0.00694,0.00094967,0.030817,271,27.253,75.0198,31573.1153,41.4368,5970,6916368,144.0748,166913.6082,0.7402,0.8573
flow_3189,0x10000c75,10,Video,34,correlator,216.3207,1499.3625,1030.7284,126691.8932,355.938,1306.9759,827.9846,1480.0,652.0154,0.000863,0.130366,0.005513,0.00061954,0.024891,137,10.2518,77.8459,10566.7965,26.1252,4739,4884621,181.396,186970.017,0.7834,0.9724
flow_3201,0x10000c81,10,Video,34,correlator,150.2758,1473.2695,1045.4272,92872.2319,304.7495,1373.5534,872.997,1463.2695,590.2724,0.000217,0.121613,0.007951,0.00023513,0.015334,293,27.498,48.6132,28747.1264,54.1962,6816,7125632,125.7653,131478.5055,0.8417,0.8605
flow_3213,0x10000c8d,10,Video,34,correlator,144.244,1480.1745,1087.8529,150241.8533,387.6104,1176.8967,785.1117,1470.1745,685.0628,0.000997,0.067704,0.014658,0.00101155,0.031805,79,28.5801,48.249,31090.9009,35.7184,2436,2650009,68.2002,74191.7546,0.9176,0.9074
flow_3225,0x10000c99,10,Video,34,correlator,227.9749,1478.9806,902.858,115007.6072,339.1277,1178.4294,724.3006,1468.9806,744.68,0.000878,0.130073,0.011098,0.0009405,0.030668,144,23.8713,76.7952,21552.4235,50.9598,4591,4145021,90.0906,81338.9776,0.7642,0.9744
flow_3237,0x10000ca5,10,Video,34,correlator,257.6053,1464.7042,1154.5341,92265.9063,303.753,1106.1518,651.7766,1454.7042,802.9277,0.000275,0.140353,0.011997,0.00031916,0.017865,121,23.1148,85.4191,26686.8208,45.4239,3786,4371066,83.3482,96228.354,0.7889,0.8703
flow_3249,0x10000cb1,10,Video,34,correlator,172.802,1473.927,1123.6975,187019.717,432.4578,1098.1204,812.1316,1463.927,651.7954,0.000573,0.129446,0.013982,0.00024631,0.015694,102,25.3323,44.0588,28465.888,36.708,2625,2949705,71.5103,80355.8887,0.863,0.9688
flow_3261,0x10000cbd,10,Video,34,correlator,178.9581,1475.0947,963.208,144118.1767,379.629,1120.3392,656.3539,1465.0947,808.7407,0.000699,0.109436,0.008952,8.702e-05,0.009329,259,12.4773,71.596,12018.2738,39.2033,4379,4217887,111.6997,107590.0494,0.7264,0.8651
flow_3273,0x10000cc9,10,Video,34,correlator,254.9557,1494.674,1305.5353,66250.1936,257.3911,1089.3204,803.8647,1480.0,676.1353,0.000855,0.143846,0.00572,0.00050026,0.022366,153,20.08,71.2227,26215.2028,28.013,4897,6393206,174.8117,228222.835,0.7451,0.8582
flow_3285,0x10000cd5,10,Video,34,correlator,170.5915,1463.4793,1329.5183,63248.5802,251.4927,1149.6915,742.9344,1453.4793,710.5449,0.000676,0.139378,0.01008,0.0011813,0.03437,94,27.7412,35.2848,36882.4378,19.8049,1964,2611173,99.1675,131844.91,0.8108,0.9089
flow_3297,0x10000ce1,10,Video,34,correlator,174.7367,1480.3686,1139.5277,86474.516,294.0655,1239.1646,749.5564,1470.3686,720.8122,0.000874,0.135017,0.006528,0.00019703,0.014037,275,19.0075,85.9102,21659.5923,35.2857,5405,6159147,153.1783,174550.9506,0.8759,0.955
flow_3309,0x10000ced,10,Video,34,correlator,180.2266,1463.7169,1185.1227,128454.5,358.4055,1117.8347,881.9531,1453.7169,571.7637,0.000161,0.078337,0.003412,0.00024567,0.015674,850,10.7753,46.3222,12770.0348,44.8944,13156,15591473,293.0435,347292.518,0.7255,0.9007
flow_3321,0x10000cf9,10,Video,34,correlator,251.1637,1472.4413,1092.2566,171159.0942,413.7138,1149.5394,683.9447,1462.4413,778.4966,0.000861,0.074104,0.00896,0.00073506,0.027112,267,20.0457,82.22,21895.0928,59.3593,6625,7236199,111.6084,121905.0489,0.8015,0.9485
flow_3333,0x10000d05,10,Video,34,correlator,129.7706,1486.5113,1298.5194,161059.5742,401.3223,1357.0638,835.0808,1476.5113,641.4305,0.000639,0.055097,0.004544,0.00078165,0.027958,240,20.8582,44.929,27084.7245,25.6626,5647,7332739,220.0479,285736.4107,0.8254,0.9745
flow_3345,0x10000d11,10,Video,34,correlator,142.4824,1465.0543,1084.119,145282.8607,381.1599,1158.7002,730.8058,1455.0543,724.2485,0.000921,0.052198,0.013341,0.00106786,0.032678,124,15.1629,47.4647,16438.4243,50.3237,3772,4089296,74.9548,81259.908,0.727,0.9569
flow_3357,0x10000d1d,10,Video,34,correlator,255.1014,1484.5504,1183.3558,86620.4273,294.3135,1316.7406,777.809,1474.5504,696.7414,0.000201,0.128944,0.008925,0.00045853,0.021413,171,18.8172,70.3675,22267.4032,28.6539,3210,3798572,112.0267,132567.4885,0.8307,0.9565
flow_3369,0x10000d29,10,Video,34,correlator,166.0542,1471.9476,1020.7609,62705.8341,250.4113,1127.0307,837.1274,1461.9476,624.8202,0.000474,0.058102,0.005465,0.0008306,0.02882,341,22.2425,43.2622,22704.2901,51.695,9459,9655377,182.9771,186775.8171,0.8447,0.9536
flow_3381,0x10000d35,10,Video,34,correlator,143.9172,1467.5259,1075.1841,99939.1208,316.1315,1199.9566,706.2401,1457.5259,751.2858,0.000765,0.106763,0.014864,0.00011312,0.010636,95,28.0809,72.1333,30192.1557,38.6696,2601,2796553,67.2621,72319.1028,0.7742,0.885
flow_3393,0x10000d41,10,Video,34,correlator,181.3056,1479.5131,984.6255,103455.7996,321.6455,1122.3512,719.9192,1469.5131,749.5939,0.000277,0.069574,0.008007,0.0008834,0.029722,96,14.9462,80.0699,14716.454,23.8733,2981,2935168,124.8676,122947.8452,0.7845,0.8894
flow_3405,0x10000d4d,10,Video,34,correlator,174.0648,1484.8921,996.5483,88635.0007,297.7163,1122.1184,828.9982,1474.8921,645.8938,0.000104,0.080361,0.004612,0.00119325,0.034543,652,21.7596,50.9851,21684.4646,50.5292,10957,10919179,216.8449,216096.3922,0.9131,0.8785
flow_3417,0x10000d59,10,Video,34,correlator,120.0835,1489.2547,974.7965,70144.8035,264.8486,1171.79,700.9014,1479.2547,778.3533,0.000661,0.104342,0.005233,0.00038581,0.019642,435,18.1551,35.5892,17697.5033,52.1718,9969,9717746,191.0802,186264.3055,0.872,0.9283
flow_3429,0x10000d65,10,Video,34,correlator,177.3741,1492.1038,1125.7929,84086.1712,289.9762,1313.3145,736.9947,1480.0,743.0053,0.00056,0.103997,0.00621,0.00022884,0.015127,249,16.183,53.2504,18218.6916,51.6596,8319,9365471,161.035,181292.0791,0.7762,0.8893
flow_3441,0x10000d71,10,Video,34,correlator,137.3277,1486.6878,1236.3814,125349.8159,354.0478,1327.7796,866.8657,1476.6878,609.8221,0.000867,0.123816,0.011438,0.00047645,0.021828,128,12.7623,62.4466,15779.1103,48.7082,4258,5264511,87.4185,108082.559,0.7448,0.9475
flow_3453,0x10000d7d,10,Video,34,correlator,236.3685,1497.752,900.2878,115784.3655,340.271,1173.1105,691.8905,1480.0,788.1095,0.000687,0.08039,0.003627,0.00022271,0.014923,364,11.9422,67.6152,10751.4386,26.7663,7379,6643223,275.682,248193.1015,0.8663,0.9774
flow_3465,0x10000d89,10,Video,34,correlator,190.1593,1474.7965,1151.2799,162736.6462,403.4063,1240.9175,726.681,1464.7965,738.1155,0.000152,0.097362,0.009391,0.00071588,0.026756,92,17.7675,69.591,20455.3769,28.5402,3039,3498739,106.4815,122589.955,0.8111,0.9557
flow_3477,0x10000d95,10,Video,34,correlator,252.4814,1464.4782,1168.1006,106531.8288,326.3921,1406.8537,852.9061,1454.4782,601.5721,0.000931,0.108487,0.004945,0.00011611,0.010775,418,20.8355,49.9318,24337.9706,34.2452,6925,8089096,202.2179,236210.8556,0.7586,0.9008
flow_3489,0x10000da1,10,Video,34,correlator,177.0707,1474.0457,907.063,82202.8048,286.7103,1185.213,816.4839,1464.0457,647.5618,0.000429,0.129101,0.003767,0.0003193,0.017869,203,28.8794,47.1871,26195.4153,25.1993,6689,6067344,265.4442,240774.5642,0.7956,0.9453
flow_3501,0x10000dad,10,Video,34,correlator,225.9572,1461.2578,1343.6638,152551.0538,390.5778,1381.5623,753.6889,1451.2578,697.5689,0.000402,0.112321,0.011419,0.00056275,0.023722,75,25.9528,82.898,34871.8993,29.3205,2567,3449185,87.5496,117637.1988,0.8471,0.9593
flow_3513,0x10000db9,10,Video,34,correlator,242.1671,1493.2285,1037.289,158747.8842,398.4318,1255.7266,798.8271,1480.0,681.1729,0.000838,0.104412,0.00828,0.00017141,0.013092,132,18.513,81.701,19203.2925,31.289,3778,3918877,120.7455,125247.9503,0.7471,0.8539
flow_3525,0x10000dc5,10,Video,34,correlator,219.3605,1482.0461,920.5447,79513.0745,281.9806,1328.9113,878.6351,1472.0461,593.4109,0.000887,0.076618,0.006644,0.00035726,0.018901,476,15.0418,36.9491,13846.671,56.4519,8496,7820947,150.4997,138541.7102,0.7387,0.8832
flow_3537,0x10000dd1,10,Video,34,correlator,255.5437,1460.6478,1331.134,172094.5208,414.8428,1112.9577,655.0413,1450.6478,795.6065,0.000238,0.073352,0.005351,0.00100842,0.031756,343,23.0801,65.9684,30722.6918,45.1803,8442,11237432,186.8513,248724.0946,0.8345,0.9635
flow_3549,0x10000ddd,10,Video,34,correlator,205.1804,1477.3204,1229.4144,174185.7907,417.3557,1089.6668,786.9775,1467.3204,680.3429,0.000666,0.078232,0.014098,0.00025733,0.016042,120,28.9902,73.4427,35640.9474,50.5846,3588,4411138,70.9306,87203.0989,0.8178,0.9203
flow_3561,0x10000de9,10,Video,34,correlator,226.8828,1467.5208,1101.2913,167772.9546,409.601,1406.0608,750.3456,1457.5208,707.1752,0.00025,0.055417,0.009665,0.00119092,0.03451,144,28.5805,60.0598,31475.438,34.5416,3573,3934913,103.4404,113918.0329,0.8088,0.9148
flow_3573,0x10000df5,10,Video,34,correlator,255.0399,1487.5315,995.5758,187132.5383,432.5882,1292.4285,888.2059,1477.5315,589.3256,0.000589,0.147749,0.007743,0.00072069,0.026846,118,27.2828,37.9423,27162.1445,14.9038,1924,1915487,129.0948,128523.6335,0.9015,0.8622
flow_3585,0x10000e01,10,Video,34,correlator,160.195,1494.4712,914.2763,94019.3237,306.6257,1354.5395,761.9055,1480.0,718.0945,0.000678,0.123101,0.012205,0.00020116,0.014183,145,28.2157,41.9309,25796.9305,50.8415,4165,3807960,81.9213,74898.6926,0.8301,0.9085
flow_3597,0x10000e0d,10,Video,34,correlator,160.0494,1482.3589,1075.1001,140383.9379,374.6784,1135.264,767.7375,1472.3589,704.6215,0.000444,0.09452,0.003506,0.00090783,0.03013,677,19.5033,51.2487,20967.9613,54.496,15542,16709205,285.1952,306613.3825,0.8814,0.9067
flow_3609,0x10000e19,10,Video,34,correlator,158.3808,1463.5168,912.7555,76278.3965,276.1854,1088.6949,886.6932,1453.5168,566.8237,0.000775,0.114851,0.004966,0.00010628,0.010309,260,23.3291,71.755,21293.7769,42.5323,8564,7816838,201.3528,183785.9043,0.8114,0.9235
flow_3621,0x10000e25,10,Video,34,correlator,179.8339,1477.1044,995.995,108656.8515,329.6314,1299.9032,806.3125,1467.1044,660.7919,0.000991,0.131091,0.004558,0.00079072,0.02812,86,10.5999,42.3846,10557.42,12.3804,2716,2705122,219.3795,218500.8948,0.7685,0.914
flow_3633,0x10000e31,10,Video,34,correlator,185.8977,1476.6282,1191.599,188356.0521,434.0001,1092.9861,855.0712,1466.6282,611.557,0.000589,0.104039,0.008387,0.00024626,0.015693,129,22.5375,75.446,26855.7157,18.4023,2194,2614368,119.2244,142067.6726,0.843,0.8959
flow_3645,0x10000e3d,10,Video,34,correlator,122.0583,1461.7506,1311.6999,181059.9847,425.5114,1154.7589,730.3313,1451.7506,721.4194,0.000888,0.076956,0.010104,0.00019311,0.013896,57,24.6688,87.5932,32358.0542,14.8762,1472,1930822,98.9501,129792.7709,0.845,0.8632
flow_3657,0x10000e49,10,Video,34,correlator,233.4159,1490.4338,1186.1658,111920.6233,334.5454,1278.0472,822.7928,1480.0,657.2072,0.000886,0.088868,0.013334,0.0005342,0.023113,133,11.5503,62.6158,13700.6292,48.45,3633,4309340,74.9846,88944.1247,0.8727,0.9374
flow_3669,0x10000e55,10,Video,34,correlator,181.0026,1496.952,1026.4161,70327.16,265.1927,1123.2636,822.7786,1480.0,657.2214,0.000125,0.087808,0.005382,0.00032808,0.018113,413,10.077,80.8365,10343.1598,43.1046,8009,8220566,185.8038,190711.9631,0.8642,0.9791
flow_3681,0x10000e61,10,Video,34,correlator,227.2246,1492.1111,983.9196,140716.0332,375.1214,1244.5317,665.7071,1480.0,814.2929,0.000802,0.07009,0.009566,0.00120478,0.03471,110,10.3598,39.0493,10193.2397,22.6115,2363,2325001,104.5045,102823.9514,0.8638,0.9211
flow_3693,0x10000e6d,10,Video,34,correlator,195.0017,1490.4346,1160.3821,165419.6029,406.7181,1263.3407,784.4642,1480.0,695.5358,0.000498,0.105271,0.006396,0.00096002,0.030984,256,18.8478,61.7045,21870.6584,42.3565,6622,7684050,156.3397,181413.8062,0.74,0.9569
flow_3705,0x10000e79,10,Video,34,correlator,210.5251,1495.7337,1061.6337,120993.3984,347.8411,1258.171,896.1062,1480.0,583.8938,0.000985,0.06532,0.011944,0.00075834,0.027538,84,27.0472,46.2698,28714.2069,34.4238,2882,3059628,83.7211,88881.1491,0.8043,0.8744
flow_3717,0x10000e85,10,Video,34,correlator,217.5875,1463.8979,1330.9835,133268.5651,365.0597,1052.8498,666.4165,1453.8979,787.4814,0.000555,0.054521,0.011518,0.00036855,0.019198,144,22.0421,61.1962,29337.7338,55.1199,4785,6368756,86.8107,115543.6408,0.7987,0.8757
flow_3729,0x10000e91,10,Video,34,correlator,148.5286,1489.5837,1304.2264,186966.9096,432.3967,1182.6294,873.2098,1479.5837,606.3739,0.000447,0.089814,0.010963,0.00102731,0.032052,162,20.7468,63.0022,27058.4877,36.1351,3295,4297426,91.1857,118926.7732,0.7576,0.9664
flow_3741,0x10000e9d,10,Video,34,correlator,249.4652,1498.9506,1049.0397,62905.7621,250.8102,1119.955,658.1356,1480.0,821.8644,0.000532,0.068744,0.011156,0.0001455,0.012062,230,23.9574,67.2251,25132.2299,53.6136,4805,5040635,89.6229,94017.9232,0.7951,0.9488
flow_3753,0x10000ea9,10,Video,34,correlator,172.0831,1481.3606,1314.8545,75451.0988,274.6836,1405.7948,755.6255,1471.3606,715.7351,0.000557,0.118814,0.013,0.00034183,0.018489,82,20.7409,35.9971,27271.3224,34.7432,2672,3513291,76.9072,101121.7529,0.8797,0.9142
flow_3765,0x10000eb5,10,Video,34,correlator,166.7456,1491.3574,908.1604,162131.4789,402.6555,1101.8699,769.444,1480.0,710.556,0.000321,0.133817,0.012996,0.00110566,0.033251,113,26.3031,39.9222,23887.3911,49.2532,3789,3441019,76.929,69863.8726,0.9089,0.8532
flow_3777,0x10000ec1,10,Video,34,correlator,236.0699,1466.1341,1005.1069,161647.525,402.0541,1246.5748,778.7212,1456.1341,677.4129,0.000626,0.054418,0.009419,0.00120057,0.034649,297,19.4038,80.2714,19502.9206,57.8831,6145,6176382,106.1622,106704.4051,0.7369,0.8802
flow_3789,0x10000ecd,10,Video,34,correlator,195.2693,1475.8179,1159.3657,113186.3926,336.4319,1401.6953,732.757,1465.8179,733.0609,0.000298,0.144467,0.004357,0.00123486,0.035141,395,12.6573,36.9135,14674.4222,52.5942,12072,13995862,229.5312,266110.6164,0.7542,0.9022
flow_3801,0x10000ed9,10,Video,34,correlator,137.8432,1491.1655,1060.794,183673.1996,428.5711,1106.0234,881.9719,1480.0,598.0281,0.00024,0.055218,0.01055,7.161e-05,0.008462,231,21.3942,81.787,22694.8647,49.0619,4650,4932692,94.7782,100540.1091,0.9004,0.9593
flow_3813,0x10000ee5,10,Video,34,correlator,139.4133,1477.6516,1305.2776,173160.4633,416.1255,1366.1513,696.8579,1467.6516,770.7937,0.000935,0.053884,0.009051,0.00114841,0.033888,53,14.2407,46.5692,18588.0535,12.3298,1362,1777788,110.4644,144186.6706,0.813,0.8561
flow_3825,0x10000ef1,10,Video,34,correlator,244.7787,1479.2764,1222.2759,102691.0838,320.4545,1336.2983,730.3996,1469.2764,738.8767,0.000477,0.122565,0.008154,0.00036823,0.019189,135,20.2449,50.2251,24744.863,23.7921,2917,3565378,122.6039,149855.7498,0.7466,0.9414
flow_3837,0x10000efd,10,Video,34,correlator,213.4233,1499.2293,1037.4849,98231.5458,313.4191,1291.4501,740.7876,1480.0,739.2124,0.000272,0.073271,0.012275,0.00018098,0.013453,261,22.0217,82.5022,22847.2097,53.9455,4394,4558708,81.4526,84505.8053,0.7554,0.9695
flow_3849,0x10000f09,10,Video,34,correlator,152.2106,1464.2716,1127.198,115894.1915,340.4324,1258.9502,849.2902,1454.2716,604.9814,0.000339,0.111553,0.012643,0.000245,0.015652,69,22.6882,49.1887,25574.1174,30.1848,2387,2690621,79.0794,89138.1564,0.7411,0.9441
flow_3861,0x10000f15,10,Video,34,correlator,176.0429,1479.4823,1217.6971,99791.2818,315.8976,1277.6576,650.3337,1469.4823,819.1485,0.000652,0.135524,0.013057,0.00016604,0.012886,139,20.09,59.1557,24463.4886,44.6613,3420,4164524,76.5763,93246.7469,0.7269,0.9506
flow_3873,0x10000f21,10,Video,34,correlator,140.0605,1495.1356,1182.8155,143683.7309,379.0564,1186.488,674.8159,1480.0,805.1841,0.000238,0.141395,0.010853,0.00030297,0.017406,112,16.0119,43.148,18939.0972,35.356,3257,3852429,92.1202,108961.197,0.7269,0.8948
flow_3885,0x10000f2d,10,Video,34,correlator,172.7144,1495.686,1291.1872,184243.3595,429.2358,1318.2829,858.8628,1480.0,621.1372,0.000553,0.101622,0.01411,0.00042816,0.020692,71,11.8299,54.9787,15274.5961,34.091,2416,3119508,70.8692,91505.4122,0.9013,0.9507
flow_3897,0x10000f39,10,Video,34,correlator,173.0772,1466.2581,1256.6836,191156.6516,437.2147,1167.5264,758.9973,1456.2581,697.2608,0.000908,0.082874,0.012628,0.00059614,0.024416,64,19.3345,83.455,24297.3196,21.0028,1663,2089864,79.1798,99503.8717,0.7378,0.8559
flow_3909,0x10000f45,10,Video,34,correlator,168.9277,1497.2517,1184.7898,65746.9029,256.4116,1281.6396,743.7478,1480.0,736.2522,0.000571,0.148322,0.012888,0.00047276,0.021743,126,13.3935,83.4117,15868.5306,54.7447,4247,5031802,77.5784,91914.0353,0.8056,0.9608
flow_3921,0x10000f51,10,Video,34,correlator,156.5072,1497.3639,1315.1493,74498.292,272.9438,1129.0872,766.7407,1480.0,713.2593,0.000676,0.090766,0.00553,8.511e-05,0.009226,293,28.511,63.3923,37496.1759,56.2936,10179,13386905,180.8197,237804.9173,0.7816,0.9742
flow_3933,0x10000f5d,10,Video,34,correlator,156.3045,1473.4916,1203.2436,126635.0346,355.8582,1103.1845,813.2066,1463.4916,650.285,0.00087,0.07023,0.006323,0.00033072,0.018186,309,19.0061,85.6551,22868.9806,32.6778,5168,6218362,158.15,190292.9548,0.8317,0.9629
flow_3945,0x10000f69,10,Video,34,correlator,251.9404,1465.806,927.4875,150859.2156,388.406,1335.6518,837.0528,1455.806,618.7532,0.000354,0.091654,0.007001,0.0006463,0.025422,273,19.371,72.7838,17966.3959,51.8885,7411,6873609,142.8254,132468.7523,0.868,0.9709
flow_3957,0x10000f75,10,Video,34,correlator,154.7175,1482.6561,1063.3804,153509.2461,391.8026,1358.7695,764.9284,1472.6561,707.7276,0.000897,0.058129,0.010077,0.00029425,0.017154,104,12.0397,69.5806,12802.7726,16.6768,1654,1758831,99.1798,105465.878,0.9197,0.9282
flow_3969,0x10000f81,10,Video,34,correlator,245.8521,1488.856,1264.0906,111119.0006,333.3452,1073.9649,724.7072,1478.856,754.1488,0.000239,0.0523,0.007148,0.00012468,0.011166,251,15.4293,61.439,19504.0873,33.0542,4623,5843890,139.8612,176797.2581,0.7528,0.8585
flow_3981,0x10000f8d,10,Video,34,correlator,205.1181,1465.5465,950.3533,67863.907,260.507,1174.4141,674.9668,1455.5465,780.5797,0.000714,0.140749,0.011467,0.00060952,0.024688,98,17.4814,42.7164,16613.4632,29.436,2567,2439556,87.2062,82876.6231,0.8883,0.9244
flow_3993,0x10000f99,10,Video,34,correlator,211.7054,1497.4268,1217.589,97162.0473,311.7083,1407.1352,824.8413,1480.0,655.1587,0.000432,0.058456,0.013756,0.0002003,0.014153,132,25.2526,59.0614,30747.2785,56.7528,4125,5022554,72.6837,88498.8245,0.7222,0.9761
flow_4005,0x10000fa5,10,Web,0,correlator,114.9202,1476.8287,754.3283,122640.0178,350.2,352.4991,111.8883,1247.7155,1135.8272,0.003052,3.197002,0.101941,0.1202328,0.346746,14,4.1409,14.0761,3123.5749,17.7145,173,130498,9.766,7366.7253,0.3445,0.3789
flow_4017,0x10000fb1,10,Web,0,correlator,97.6789,1454.6969,617.2072,244584.1382,494.5545,540.2417,189.7581,1186.3107,996.5526,0.002862,2.468717,0.161914,0.09356782,0.305889,4,8.2324,27.7711,5081.104,7.4156,45,27774,6.0683,3745.3303,0.4712,0.3144
flow_4029,0x10000fbd,10,Web,0,correlator,94.2939,1486.3795,756.0717,114336.4531,338.1367,428.2162,113.1758,1317.0863,1203.9105,0.00397,1.334739,0.135425,0.05496489,0.234446,14,8.1156,21.8629,6135.9526,22.2648,164,123995,7.3659,5569.1137,0.4204,0.1922
flow_4041,0x10000fc9,10,Web,0,correlator,127.7632,1475.4369,778.4442,252137.5345,502.133,420.1799,117.4474,1183.8919,1066.4444,0.003738,1.397505,0.058326,0.01745037,0.1321,42,8.5487,12.1327,6654.653,15.6943,269,209401,17.14,13342.4705,0.3265,0.3615
flow_4053,0x10000fd5,10,Web,0,correlator,81.3926,1463.4347,567.1501,111329.7339,333.6611,317.2764,115.9545,1325.3841,1209.4296,0.002618,0.543232,0.071178,0.12122512,0.348174,19,7.1183,31.2222,4037.1271,12.472,175,99251,14.0314,7957.8805,0.2921,0.1776
flow_4065,0x10000fe1,10,Web,0,correlator,110.7816,1467.6186,650.6929,136175.5258,369.0197,565.3999,127.8137,1273.832,1146.0183,0.004735,2.109916,0.045343,0.19257141,0.43883,74,6.2332,19.3807,4055.8952,22.3684,493,320791,22.04,14341.2709,0.3639,0.2458
flow_4077,0x10000fed,10,Web,0,correlator,106.4585,1475.2895,501.4713,105188.2002,324.3273,285.8369,188.2812,1395.7853,1207.5041,0.001585,1.493939,0.086621,0.09015939,0.300266,12,4.5062,21.6166,2259.7245,14.9295,172,86253,11.5208,5777.3505,0.3241,0.2243
flow_4089,0x10000ff9,10,Web,0,correlator,129.6864,1474.8506,533.71,206773.1614,454.7232,471.0694,160.9054,1180.0544,1019.149,0.00334,0.630694,0.154145,0.09253853,0.304201,15,8.9306,13.6527,4766.3557,25.2278,163,86994,6.4611,3448.3378,0.3735,0.2946
flow_4101,0x10001005,10,Web,0,correlator,114.6875,1471.7701,652.2283,124565.0101,352.9377,534.3612,199.1099,1187.2474,988.1375,0.001801,3.312411,0.097523,0.11334854,0.336673,19,5.3366,27.4132,3480.6628,19.6612,201,131097,10.2232,6667.8173,0.3808,0.2453
flow_4113,0x10001011,10,Web,0,correlator,116.1028,1484.7884,723.819,248814.8317,498.8134,322.9068,152.4674,1285.0717,1132.6043,0.004927,1.524049,0.078748,0.01049702,0.102455,59,4.1117,29.9351,2976.1396,34.135,433,313413,12.6849,9181.5816,0.4663,0.2607
flow_4125,0x1000101d,10,Web,0,correlator,82.075,1446.8987,671.8514,218237.3677,467.1588,641.335,198.4295,1343.758,1145.3285,0.001196,1.802203,0.046873,0.09981618,0.315937,20,4.8919,25.0418,3286.6157,10.5356,224,150494,21.2613,14284.3563,0.4262,0.195
flow_4137,0x10001029,10,Web,0,correlator,114.7387,1480.5919,735.1931,238014.7357,487.8675,459.0936,190.3197,1283.3439,1093.0242,0.004853,0.68318,0.158087,0.09768121,0.31254,24,7.0921,22.2659,5214.0752,31.7452,200,147038,6.3002,4631.8116,0.4321,0.2912
flow_4149,0x10001035,10,Web,0,correlator,102.6216,1496.3739,665.503,219943.486,468.9813,458.3033,186.7301,1329.4432,1142.7131,0.0043,0.595515,0.120129,0.07506941,0.273988,19,7.9965,17.7892,5321.7266,17.3002,144,95832,8.3236,5539.3576,0.3935,0.2492
flow_4161,0x10001041,10,Web,0,correlator,124.797,1455.1562,482.8537,112670.6195,335.6644,596.597,137.1107,1163.3536,1026.2429,0.002069,2.237485,0.098637,0.01772319,0.133128,18,5.6712,24.3368,2738.3627,20.2625,205,98985,10.1172,4885.1243,0.4204,0.2891
flow_4173,0x1000104d,10,Web,0,correlator,108.1557,1497.9294,806.4158,250537.0947,500.5368,566.8682,136.2348,1332.1709,1195.9362,0.003394,1.525252,0.114354,0.16022385,0.40028,5,7.4056,18.5377,5972.019,7.9025,69,55642,8.7314,7041.0385,0.3605,0.2323
flow_4185,0x10001059,10,Web,0,correlator,82.5501,1457.3931,519.6571,196861.9111,443.6912,298.7238,104.0952,1345.4601,1241.3649,0.004688,3.016238,0.121713,0.04510453,0.212378,7,4.5096,28.162,2343.4241,8.3295,68,35336,8.1638,4242.2767,0.4467,0.2421
flow_4197,0x10001065,10,Web,0,correlator,90.8708,1492.9058,497.6553,112355.4115,335.1946,474.0102,120.0587,1357.8942,1237.8355,0.001712,1.868912,0.145244,0.00985245,0.09926,20,5.3476,21.4235,2661.2706,34.9899,240,119437,6.8591,3413.466,0.3111,0.2224
flow_4209,0x10001071,10,Web,0,correlator,85.3512,1443.0677,624.7398,110136.1762,331.8677,271.7194,109.1713,1118.4552,1009.2839,0.00139,1.536427,0.110215,0.01416738,0.119027,21,5.1248,18.0711,3201.6784,24.5793,223,139316,9.0727,5668.0326,0.4769,0.1981
flow_4221,0x1000107d,10,Web,0,correlator,123.5681,1472.8564,690.2325,188309.44,433.9464,323.8091,113.641,1189.7536,1076.1126,0.003683,3.081222,0.061566,0.0123405,0.111088,60,4.8876,12.1692,3373.5602,30.5526,496,342355,16.2343,11205.4454,0.3202,0.131
flow_4233,0x10001089,10,Web,0,correlator,103.352,1485.7921,550.0122,131065.239,362.0293,442.6358,160.801,1181.7865,1020.9855,0.002394,1.687498,0.041406,0.02874879,0.169555,55,7.5501,14.7893,4152.6692,28.4247,686,377308,24.1339,13273.9431,0.3084,0.2008
flow_4245,0x10001095,10,Web,0,correlator,120.5212,1481.1074,458.0485,207017.2012,454.9914,511.1607,100.9226,1189.7177,1088.7952,0.002879,2.361197,0.135262,0.07932403,0.281645,23,4.4089,26.5695,2019.4799,34.8002,257,117718,7.385,3382.6864,0.3229,0.1637
flow_4257,0x100010a1,10,Web,0,correlator,117.0594,1475.9082,491.2267,244695.5716,494.6671,645.5983,149.7597,1106.7643,957.0046,0.003048,2.195766,0.06745,0.00864625,0.092985,23,4.8644,19.384,2389.5214,20.129,298,146385,14.8045,7272.3414,0.4609,0.2786
flow_4269,0x100010ad,10,Web,0,correlator,84.8162,1481.3893,668.4986,166373.7909,407.8894,271.3493,101.3056,1224.9851,1123.6795,0.00341,3.118036,0.123542,0.06794519,0.260663,13,6.8623,19.097,4587.429,11.1005,89,59496,8.0176,5359.7464,0.3112,0.2236
flow_4281,0x100010b9,10,Web,0,correlator,109.2538,1491.4246,810.8123,105955.421,325.5079,363.7246,185.5492,1265.1786,1079.6294,0.001662,1.815334,0.150446,0.13528376,0.367809,39,5.1969,18.0632,4213.6987,30.91,205,166216,6.6322,5377.4207,0.3318,0.2335
flow_4293,0x100010c5,10,Web,0,correlator,116.4583,1465.5681,663.0807,130148.5074,360.761,386.3173,107.767,1110.2713,1002.5043,0.003635,2.237459,0.138097,0.04980482,0.22317,25,5.1939,23.9638,3444.0053,29.3493,212,140573,7.2233,4789.6474,0.3891,0.3078
flow_4305,0x100010d1,10,Web,0,correlator,80.3326,1467.207,635.7211,190885.4733,436.9044,297.9897,186.0816,1166.6207,980.5391,0.002531,2.150135,0.040662,0.09672731,0.31101,24,5.0817,24.0299,3230.5219,11.899,292,185630,24.5399,15600.5031,0.38,0.3491
flow_4317,0x100010dd,10,Web,0,correlator,116.125,1471.168,849.3213,144221.766,379.7654,399.1681,163.482,1306.239,1142.757,0.002545,0.778084,0.04951,0.0065421,0.080883,45,3.6183,25.1891,3073.0647,16.7411,338,287070,20.1898,17147.5728,0.351,0.2617
flow_4329,0x100010e9,10,Web,0,correlator,101.5231,1469.1659,481.7807,125936.1558,354.8748,426.4727,131.1038,1172.3393,1041.2356,0.001599,2.735702,0.153509,0.06878209,0.262263,14,4.3381,28.6152,2090.0056,29.9268,194,93465,6.4825,3123.1169,0.2856,0.1494
flow_4341,0x100010f5,10,Web,0,correlator,110.2682,1461.4377,726.7647,180951.2373,425.3836,451.0633,105.2288,1298.4938,1193.265,0.003024,1.394745,0.107161,0.04107414,0.202668,21,4.7092,14.5937,3422.4468,13.8616,129,93752,9.3063,6763.4454,0.282,0.3118
flow_4353,0x10001101,10,Web,0,correlator,129.5513,1465.8658,624.2234,240384.313,490.29,474.0761,183.21,1310.6631,1127.4531,0.002498,2.401188,0.043919,0.07080589,0.266094,19,7.9669,15.2026,4973.122,8.5956,195,121723,22.6861,14161.1354,0.3591,0.262
flow_4365,0x1000110d,10,Web,0,correlator,112.9019,1481.4064,705.0023,203443.6781,451.0473,584.1799,138.2648,1195.5723,1057.3075,0.004283,1.433801,0.174237,0.12032926,0.346885,11,7.7164,12.858,5440.104,26.3617,151,106455,5.728,4038.2418,0.3716,0.2183
flow_4377,0x10001119,10,Web,0,correlator,115.608,1475.2237,540.4947,156830.4415,396.0182,575.6567,131.2997,1375.4189,1244.1192,0.002152,2.106146,0.125596,0.0204378,0.142961,21,4.8148,21.7534,2602.3958,20.283,161,87019,7.9377,4290.2507,0.3396,0.2742
flow_4389,0x10001125,10,Web,0,correlator,118.1111,1450.8211,481.6896,200516.2633,447.7904,354.3703,187.4415,1271.2318,1083.7903,0.001738,1.282961,0.123593,0.18079343,0.425198,24,7.2934,23.1276,3513.1716,17.073,138,66473,8.083,3893.4662,0.4308,0.2504
flow_4401,0x10001131,10,Web,0,correlator,81.6605,1479.4058,525.3778,218997.4066,467.9716,613.5287,158.9708,1299.3,1140.3292,0.002711,0.674301,0.100269,0.05389474,0.232152,16,6.3184,30.1881,3319.5483,17.1953,171,89839,9.9446,5224.6207,0.4314,0.3053
flow_4413,0x1000113d,10,Web,0,correlator,117.776,1461.5937,499.135,122577.6967,350.111,408.7181,121.0925,1107.1596,986.0671,0.00423,1.207313,0.160493,0.18390032,0.428836,17,7.0278,30.9778,3507.8098,20.032,124,61892,6.1901,3089.6528,0.4305,0.16
flow_4425,0x10001149,10,Web,0,correlator,102.7096,1452.9385,699.8195,123058.528,350.797,393.6694,175.8963,1277.4891,1101.5928,0.00465,1.293957,0.041443,0.0716419,0.26766,48,3.5979,23.7315,2517.9125,12.4163,299,209246,24.0812,16852.5025,0.3572,0.2041
flow_4437,0x10001155,10,Web,0,correlator,82.1092,1458.9017,602.2674,170607.9139,413.0471,648.7048,172.5297,1217.8779,1045.3482,0.004383,1.536088,0.090741,0.01079782,0.103913,44,4.7933,18.9257,2886.8221,27.3209,301,181282,11.0172,6635.2942,0.4444,0.3438
flow_4449,0x10001161,10,Web,0,correlator,80.4663,1448.9915,777.1848,198782.7757,445.8506,326.0558,167.7293,1149.0671,981.3378,0.002627,3.494015,0.084282,0.11001104,0.331679,9,5.1809,28.7593,4026.5007,6.1759,73,56734,11.8202,9186.4137,0.3141,0.2037
flow_4461,0x1000116d,10,Web,0,correlator,108.888,1483.7958,678.2126,248863.5883,498.8623,496.7754,184.6159,1179.3757,994.7598,0.00118,0.706371,0.131363,0.15190853,0.389754,9,6.3891,25.1784,4333.1952,13.0242,99,67143,7.6013,5155.2627,0.3261,0.1777
flow_4473,0x10001179,10,Web,0,correlator,84.8185,1464.8079,765.7529,110713.5822,332.7365,255.4655,121.8075,1358.0987,1236.2912,0.004549,1.312569,0.135454,0.11594154,0.340502,5,4.3255,18.9232,3312.258,6.027,44,33693,7.3005,5590.3716,0.333,0.1398
flow_4485,0x10001185,10,Web,0,correlator,82.8615,1446.1791,607.3999,142417.7603,377.3828,410.2869,140.61,1205.277,1064.667,0.003055,3.300335,0.113194,0.14722932,0.383705,28,4.8181,12.6334,2926.5021,28.6053,252,153064,8.8096,5350.8979,0.2911,0.177
flow_4497,0x10001191,10,Web,0,correlator,124.6878,1446.0997,838.8599,166056.5276,407.5003,337.1377,171.0765,1332.3526,1161.2761,0.001002,1.407753,0.105571,0.15583452,0.394759,5,8.6227,30.8319,7233.2039,6.5777,62,52009,9.4258,7906.8473,0.325,0.2805
flow_4509,0x1000119d,10,Web,0,correlator,108.142,1483.08,702.3477,242999.9556,492.9503,417.8412,157.6606,1281.5311,1123.8705,0.002391,2.451884,0.086251,0.13567326,0.368339,51,6.7188,29.2216,4718.9088,32.3275,374,262678,11.5691,8125.5233,0.3968,0.2294
flow_4521,0x100011a9,10,Web,0,correlator,105.0015,1489.7193,461.8638,226935.1738,476.3771,535.7696,149.9234,1157.7066,1007.7832,0.00134,0.890364,0.086597,0.07660007,0.276767,18,8.3479,14.5952,3855.5727,16.133,186,85906,11.5291,5324.8522,0.4589,0.1705
flow_4533,0x100011b5,10,Web,0,correlator,121.6967,1474.5172,566.2511,114442.9251,338.2941,316.717,162.8952,1249.3554,1086.4601,0.001535,3.169932,0.120953,0.19150513,0.437613,17,8.2968,27.0181,4698.0733,13.9836,115,65118,8.2239,4656.738,0.3224,0.2113
flow_4545,0x100011c1,10,Web,0,correlator,97.0768,1474.8991,619.0037,254571.5801,504.5509,636.029,167.5692,1214.4593,1046.8901,0.004796,1.440038,0.114133,0.18360802,0.428495,24,3.6766,27.8067,2275.8243,23.6442,207,128133,8.7548,5419.21,0.2973,0.1434
flow_4557,0x100011cd,10,Web,0,correlator,101.2003,1452.5985,843.5167,144553.6125,380.2021,613.5227,183.9294,1261.2792,1077.3498,0.002139,0.615253,0.075445,0.16721624,0.408921,26,3.8135,22.3499,3216.7768,14.2186,188,158581,13.2221,11153.0449,0.389,0.2988
flow_4569,0x100011d9,10,Web,0,correlator,96.345,1452.3216,664.6076,238857.4621,488.7305,292.4625,148.7649,1100.1365,951.3716,0.003369,1.202409,0.092126,0.03977255,0.199431,19,4.0486,25.0856,2690.7502,20.2593,219,145549,10.8099,7184.3058,0.3357,0.315
flow_4581,0x100011e5,10,Web,0,correlator,122.9574,1494.3908,720.3788,179475.0159,423.6449,631.5137,132.1775,1281.2212,1149.0437,0.004193,2.682575,0.158147,0.02771584,0.166481,34,6.5327,12.1929,4706.0119,29.2507,184,132549,6.2905,4531.4842,0.3499,0.2706
flow_4593,0x100011f1,10,Web,0,correlator,111.8677,1460.982,564.8031,165736.7371,407.1078,497.5699,119.0835,1240.3723,1121.2889,0.002868,1.097356,0.040189,0.02444757,0.156357,31,6.6571,31.8017,3759.9281,6.7533,168,94886,24.8767,14050.3244,0.346,0.3368
flow_4605,0x100011fd,10,Web,0,correlator,101.6811,1448.0896,463.2122,234105.8307,483.8448,392.2687,126.6476,1245.4726,1118.825,0.00182,0.546477,0.133653,0.02607997,0.161493,4,8.7108,14.3271,4034.947,6.7676,50,23160,7.3881,3422.1828,0.3731,0.1742
flow_4617,0x10001209,10,Web,0,correlator,105.3836,1462.6414,701.8409,129267.0879,359.5373,446.3002,196.3158,1335.4271,1139.1113,0.002339,3.229185,0.162482,0.03275894,0.180994,21,8.6305,22.9935,6057.2583,33.0918,203,142473,6.1345,4305.3903,0.2993,0.1562
flow_4629,0x10001215,10,Web,0,correlator,109.184,1440.4906,838.7761,235044.7154,484.8141,470.1181,116.0891,1364.2814,1248.1923,0.003549,0.409405,0.109129,0.19724454,0.444122,18,7.1193,22.3748,5971.4781,22.994,210,176142,9.1328,7660.3533,0.4184,0.1709
flow_4641,0x10001221,10,Web,0,correlator,118.6695,1461.5487,760.6867,211458.8143,459.8465,622.0246,106.785,1293.0152,1186.2303,0.00417,1.303572,0.14317,0.03627523,0.190461,15,8.423,31.018,6407.2555,24.4137,170,129316,6.9633,5296.8717,0.4794,0.3004
flow_4653,0x1000122d,10,Web,0,correlator,106.683,1451.7589,760.845,105096.4417,324.1858,303.9547,193.9368,1191.5008,997.5641,0.003162,1.780481,0.064849,0.11679778,0.341757,49,4.9593,28.9886,3773.2422,32.2041,496,377379,15.4018,11718.3541,0.3389,0.3323
flow_4665,0x10001239,10,Web,0,correlator,121.3516,1451.3492,639.5222,173845.5961,416.948,332.5321,138.2037,1148.3585,1010.1548,0.003241,1.452232,0.104672,0.06965676,0.263926,30,3.5715,23.4621,2284.0437,21.2339,202,129183,9.5131,6083.8176,0.3408,0.1368
flow_4677,0x10001245,10,Web,0,correlator,110.4644,1457.4492,546.6737,105315.2499,324.5231,313.7551,101.2938,1246.4244,1145.1307,0.003652,2.293829,0.140533,0.01233169,0.111048,23,7.0502,28.1549,3854.1488,22.4224,159,86921,7.0911,3876.5205,0.4076,0.2228
flow_4689,0x10001251,10,Web,0,correlator,122.691,1468.0484,557.5881,186817.4611,432.2239,256.5625,145.4151,1257.5692,1112.1541,0.001883,1.17892,0.054505,0.16892363,0.411003,10,8.7799,23.5002,4895.5595,7.4227,136,75831,18.3221,10216.034,0.4584,0.2554
flow_4701,0x1000125d,10,Web,0,correlator,103.7709,1442.0061,774.7945,269210.6031,518.8551,361.2006,166.5996,1221.6462,1055.0466,0.002624,3.243952,0.174398,0.01460349,0.120845,23,6.4206,28.0172,4974.6107,27.0845,155,120093,5.7228,4434.0152,0.3247,0.2045
flow_4713,0x10001269,10,Web,0,correlator,107.477,1448.2203,832.4655,230049.0782,479.6343,609.9341,159.7303,1349.7698,1190.0394,0.001721,3.048382,0.168856,0.00765526,0.087494,24,7.0581,29.9192,5875.5985,24.5859,145,120707,5.8977,4909.5937,0.3161,0.2484
flow_4725,0x10001275,10,Web,0,correlator,124.1057,1455.8863,638.4001,115521.6073,339.8847,338.9312,129.4051,1386.3013,1256.8962,0.004023,3.179554,0.081809,0.15873067,0.39841,55,5.2687,26.2262,3363.5426,28.3877,347,221524,12.2236,7803.5084,0.3452,0.1854
flow_4737,0x10001281,10,Web,0,correlator,94.0781,1472.8279,677.4005,150972.1366,388.5513,631.2918,117.3684,1165.121,1047.7526,0.002541,2.071888,0.115037,0.11666031,0.341556,5,3.8031,24.743,2576.1985,8.516,74,50127,8.6896,5886.2366,0.3851,0.1845
flow_4749,0x1000128d,10,Web,0,correlator,117.7003,1462.0916,598.0994,134989.8361,367.4096,288.7174,183.5614,1318.0735,1134.5121,0.001526,2.067361,0.127518,0.16041189,0.400515,13,4.9165,16.7752,2940.5848,10.0864,79,47249,7.8323,4684.4273,0.3094,0.3481
flow_4761,0x10001299,10,Web,0,correlator,104.7458,1490.53,843.0063,264688.8018,514.4792,258.1555,103.5892,1116.0034,1012.4143,0.00225,2.711215,0.120462,0.06778879,0.260363,30,8.9525,16.9492,7547.0155,27.3081,226,190519,8.2759,6976.6534,0.3544,0.3416
flow_4773,0x100012a5,10,Web,0,correlator,123.7364,1491.7025,481.3795,107377.7323,327.6854,434.2883,122.4323,1171.8362,1049.4039,0.002643,2.822542,0.063141,0.18719206,0.432657,31,4.3696,15.0003,2103.4526,23.5726,373,179554,15.8235,7617.0673,0.3433,0.3526
flow_4785,0x100012b1,10,Web,0,correlator,105.4674,1466.5575,827.5083,251512.941,501.5107,629.6192,165.2844,1354.6351,1189.3506,0.004229,1.32388,0.126194,0.07162549,0.267629,19,4.8717,27.9098,4031.3971,22.5143,178,147296,7.9061,6542.3392,0.3108,0.1902
flow_4797,0x100012bd,10,Web,0,correlator,98.6652,1443.018,533.9793,164393.8683,405.4551,274.48,157.4099,1229.1426,1071.7327,0.002723,2.764288,0.095347,0.01115335,0.105609,23,6.326,12.1098,3377.9687,25.818,270,144174,10.4578,5584.2463,0.4698,0.1991
flow_4809,0x100012c9,10,Web,0,correlator,104.2563,1470.0022,792.0902,241723.9539,491.6543,441.9382,127.5764,1232.0697,1104.4933,0.003901,0.638683,0.17683,0.09998484,0.316204,9,8.4142,20.0464,6664.7876,18.3719,103,81585,5.6064,4440.7518,0.3253,0.2937
flow_4821,0x100012d5,10,Web,0,correlator,81.8685,1486.0384,605.5867,143055.7406,378.2271,326.7287,142.1035,1177.603,1035.4995,0.004677,2.573372,0.167767,0.00874285,0.093503,4,6.886,26.3648,4170.0801,7.2358,43,26040,5.9427,3598.7888,0.3933,0.1292
flow_4833,0x100012e1,10,Web,0,correlator,83.8473,1451.0692,740.8573,200063.6807,447.2848,491.1123,167.328,1237.4676,1070.1396,0.002162,0.974175,0.171528,0.02960391,0.172058,8,7.6295,22.5604,5652.3861,15.8931,92,68158,5.7887,4288.5181,0.3836,0.3713
flow_4845,0x100012ed,10,Web,0,correlator,100.4293,1482.1245,653.8623,139754.3176,373.8373,437.7623,140.0261,1148.5414,1008.5152,0.00106,2.428831,0.143751,0.03808617,0.195157,34,6.8499,28.3215,4478.9049,34.9114,242,158234,6.9318,4532.447,0.424,0.2231
flow_4857,0x100012f9,10,Web,0,correlator,119.4623,1488.8607,667.6869,150901.0031,388.4598,393.4929,136.6695,1308.0762,1171.4067,0.003801,2.241576,0.147271,0.0665876,0.258046,11,6.2524,17.991,4174.6646,21.4942,145,96814,6.746,4504.1956,0.3637,0.1861
flow_4869,0x10001305,10,Web,0,correlator,108.3238,1453.456,658.8017,223220.0894,472.4617,489.1755,147.4656,1267.6076,1120.142,0.001893,1.603504,0.103503,0.13105867,0.36202,22,8.7404,16.1999,5758.1767,21.4665,207,136371,9.6429,6352.7318,0.442,0.1211
flow_4881,0x10001311,10,Web,0,correlator,80.5314,1445.9256,768.303,254658.5535,504.6371,278.6666,132.5428,1258.0464,1125.5036,0.00407,2.56231,0.178489,0.08805681,0.296744,7,5.1355,16.2131,3945.6577,18.1995,101,77598,5.5496,4263.7362,0.3342,0.2006
flow_4893,0x1000131d,10,Web,0,correlator,92.5232,1444.325,637.1511,159139.8685,398.9234,348.0272,165.0213,1162.1245,997.1032,0.001356,1.740229,0.141789,0.02202795,0.148418,27,4.9777,28.6984,3171.5662,23.0474,162,103218,7.029,4478.5084,0.3094,0.2932
flow_4905,0x10001329,10,Web,0,correlator,111.9204,1478.722,543.1292,263279.9704,513.1081,447.6435,196.299,1220.9343,1024.6354,0.002803,2.594268,0.152452,0.02797417,0.167255,42,3.7761,14.2931,2050.8976,34.8348,228,123833,6.5452,3554.8605,0.3928,0.2855
flow_4917,0x10001335,10,Web,0,correlator,93.715,1496.4446,478.2823,148838.821,385.7963,252.1294,100.5469,1120.3435,1019.7966,0.002637,1.43405,0.099241,0.04656655,0.215793,7,5.3056,22.7217,2537.5522,8.1759,82,39219,10.0294,4796.874,0.4402,0.3568
flow_4929,0x10001341,10,Web,0,correlator,107.0358,1498.0111,845.2513,223449.2412,472.7042,346.8848,199.2721,1381.5875,1182.3154,0.003607,0.448815,0.075001,0.06761214,0.260023,18,6.6378,31.6541,5610.5831,14.6328,195,164824,13.3263,11264.0437,0.3674,0.1277
flow_4941,0x1000134d,10,Web,0,correlator,121.4261,1444.542,658.9973,168165.3655,410.0797,643.6384,182.1065,1386.6597,1204.5533,0.003781,1.140424,0.132854,0.1515396,0.389281,10,4.059,14.9291,2674.868,14.5563,109,71830,7.4882,4934.6367,0.3597,0.2549
flow_4953,0x10001359,10,Web,0,correlator,89.9401,1489.1164,675.5655,191564.8172,437.6812,397.0438,149.1582,1297.675,1148.5168,0.002666,1.426638,0.075204,0.02513496,0.15854,52,4.3799,23.831,2958.9243,22.546,299,201994,13.2618,8959.2028,0.4414,0.1889
flow_4965,0x10001365,10,Web,0,correlator,81.1891,1498.2569,598.872,133601.8192,365.5158,636.874,174.2479,1150.2849,976.037,0.002831,1.706995,0.09482,0.10879989,0.329848,11,6.466,24.455,3872.3362,9.7553,102,61084,10.4559,6261.642,0.3101,0.3362
flow_4977,0x10001371,10,Web,0,correlator,93.8279,1470.9643,555.7973,104720.7319,323.6058,356.1441,113.5117,1111.831,998.3194,0.002889,2.388009,0.166715,0.02453212,0.156627,4,6.3458,30.2988,3526.9925,8.2015,49,27234,5.9745,3320.6165,0.3733,0.3456
flow_4989,0x1000137d,10,Web,0,correlator,89.2459,1470.0856,604.4325,269995.2915,519.6107,643.7363,159.1181,1215.6966,1056.5785,0.002907,1.222596,0.148278,0.07114736,0.266735,27,3.9682,16.2923,2398.5099,22.1417,149,90060,6.7294,4067.4426,0.3676,0.2339
flow_5001,0x10001389,10,Web,0,correlator,83.9258,1492.1118,647.717,131078.3873,362.0475,367.8585,100.8609,1262.4774,1161.6166,0.004694,2.730976,0.0807,0.04475658,0.211558,29,4.3719,26.3302,2831.7554,14.6092,181,117236,12.3894,8024.7901,0.3965,0.195
flow_5013,0x10001395,10,Web,0,correlator,103.2536,1465.7327,843.7914,122137.2765,349.4814,433.6278,173.0801,1119.343,946.2629,0.004573,2.590547,0.059119,0.11143017,0.333812,67,8.8054,22.1455,7429.9317,24.4617,413,348485,16.8836,14246.1697,0.3871,0.2978
flow_5025,0x100013a1,10,Web,0,correlator,124.2847,1478.9559,580.7433,186451.2037,431.8,497.7149,101.9077,1203.2244,1101.3167,0.003289,1.494292,0.080998,0.0641575,0.253293,28,6.7609,27.3735,3926.3508,27.2403,336,195129,12.3347,7163.258,0.3085,0.1612
flow_5037,0x100013ad,10,Web,0,correlator,117.8787,1455.326,561.6756,127376.9352,356.8991,630.4977,114.9394,1257.5177,1142.5783,0.002436,2.160445,0.041284,0.15912118,0.3989,58,5.2208,31.3559,2932.3895,17.6919,428,240397,24.1919,13587.9827,0.3537,0.2423
flow_5049,0x100013b9,10,Web,0,correlator,98.2062,1492.9778,756.353,221133.2462,470.2481,611.1555,123.2349,1359.0681,1235.8332,0.004669,2.558519,0.096952,0.17325045,0.416234,9,4.0273,19.6727,3046.0763,7.0367,72,54457,10.232,7738.9551,0.4282,0.2244
flow_5061,0x100013c5,10,Web,0,correlator,127.907,1451.4528,827.1177,152532.0966,390.5536,389.3796,122.4654,1206.2564,1083.7909,0.003024,0.929648,0.063619,0.03499443,0.187068,8,4.6069,29.4621,3810.4622,6.2259,97,80230,15.5802,12886.5742,0.3557,0.2383
flow_5073,0x100013d1,10,Web,0,correlator,82.9044,1493.9746,748.5932,193218.7058,439.5665,430.6459,104.1335,1273.2125,1169.079,0.001501,2.749304,0.164907,0.17848355,0.422473,5,6.8189,21.0244,5104.5833,7.6544,46,34435,6.0096,4498.7275,0.4121,0.2522
flow_5085,0x100013dd,10,Web,0,correlator,92.749,1451.6082,619.1596,207232.0838,455.2275,537.3097,182.9963,1193.6492,1010.6529,0.004364,2.477131,0.042691,0.19413957,0.440613,54,5.9376,22.6929,3676.3049,13.3363,312,193177,23.3948,14485.0326,0.3735,0.3197
flow_5097,0x100013e9,10,Web,0,correlator,90.1608,1480.6403,708.2128,164746.742,405.8901,350.6376,127.8885,1159.2164,1031.3279,0.004866,1.11299,0.099614,0.07082073,0.266122,21,5.6196,22.3437,3979.8864,25.4576,255,180594,10.0167,7093.9234,0.46,0.1499
flow_5109,0x100013f5,10,Web,0,correlator,89.2855,1452.7339,529.9977,220408.7467,469.4771,375.839,174.0589,1270.2411,1096.1822,0.003028,3.202744,0.120919,0.02825517,0.168093,36,6.1062,19.5323,3236.2769,34.5243,285,151049,8.255,4375.1453,0.4278,0.2407
flow_5121,0x10001401,10,Web,0,correlator,93.6004,1496.9526,810.5287,245911.7201,495.8949,251.1387,193.965,1305.3755,1111.4105,0.001194,2.626924,0.168793,0.04328256,0.208045,19,7.1051,22.5383,5758.8947,25.6975,152,123200,5.915,4794.2332,0.3058,0.1219
flow_5133,0x1000140d,10,Web,0,correlator,87.5841,1449.0725,489.5983,169298.4668,411.4589,336.2391,103.5607,1166.3481,1062.7874,0.003903,0.416871,0.075329,0.02706369,0.16451,25,5.4417,27.3573,2664.2277,13.5054,179,87638,13.254,6489.11,0.4076,0.2054
flow_5145,0x10001419,10,Web,0,correlator,128.0032,1469.7227,667.3005,136592.5368,369.5843,648.504,130.4223,1292.6157,1162.1934,0.003333,2.613633,0.050324,0.06973023,0.264065,41,6.3905,21.0611,4264.3718,12.6714,251,167492,19.8083,13218.0622,0.3709,0.2188
flow_5157,0x10001425,10,Web,0,correlator,114.4216,1448.7193,573.9332,167327.1094,409.0564,426.1964,105.5202,1235.4627,1129.9424,0.002687,1.272977,0.112433,0.12291102,0.350587,22,7.2826,16.7106,4179.7262,34.7737,309,177345,8.886,5099.9771,0.4459,0.2067
flow_5169,0x10001431,10,Web,0,correlator,117.1757,1457.3593,828.5664,164075.9947,405.063,438.7878,148.2463,1158.5721,1010.3257,0.003552,2.016746,0.17759,0.13501376,0.367442,8,8.5862,23.4501,7114.2402,18.709,105,86999,5.6123,4650.115,0.472,0.2552
flow_5181,0x1000143d,10,Web,0,correlator,101.6215,1446.852,662.8529,195036.7878,441.6297,577.115,176.7969,1211.5124,1034.7155,0.003501,2.031522,0.070801,0.03190319,0.178615,32,7.4485,18.7631,4937.238,26.6034,375,248569,14.0959,9343.499,0.3818,0.1712
flow_5193,0x10001449,10,Web,0,correlator,129.2866,1466.0723,822.1584,138358.28,371.9654,366.7524,180.2357,1364.5177,1184.282,0.002953,0.598255,0.088924,0.14307663,0.378255,19,5.5814,12.6598,4588.7973,19.8997,223,183341,11.2062,9213.251,0.4153,0.1974
flow_5205,0x10001455,10,Web,0,correlator,122.6073,1451.8097,719.5498,152574.7292,390.6082,344.4047,171.3106,1254.1809,1082.8703,0.004576,1.145847,0.064302,0.07123032,0.26689,46,5.8484,24.8945,4208.2074,28.8443,448,322358,15.5317,11175.8111,0.3864,0.2858
flow_5217,0x10001461,10,Web,0,correlator,101.3894,1492.5724,590.4214,146748.4739,383.0776,312.386,172.8008,1323.2978,1150.497,0.001525,3.277512,0.092883,0.10323639,0.321304,34,8.345,27.1955,4927.0722,30.9889,333,196610,10.7458,6344.5357,0.355,0.2364
flow_5229,0x1000146d,10,Web,0,correlator,117.3009,1470.0078,815.058,113172.4863,336.4112,454.2285,124.0313,1238.8406,1114.8093,0.001794,1.354598,0.135596,0.14738958,0.383914,20,5.5061,22.3006,4487.754,22.1123,163,132854,7.3715,6008.1433,0.3903,0.3329
flow_5241,0x10001479,10,Web,0,correlator,88.7526,1492.4378,725.9616,140485.0484,374.8134,600.3453,168.982,1346.2964,1177.3144,0.003565,3.375388,0.160328,0.18546794,0.43066,19,8.1846,19.3664,5941.7296,32.8786,205,148822,6.2351,4526.4077,0.2998,0.2465
flow_5253,0x10001485,10,Web,0,correlator,99.7478,1440.3156,792.8005,120812.83,347.5814,509.311,153.1142,1175.9431,1022.8289,0.00332,1.339985,0.083958,0.01670261,0.129239,19,5.4034,23.5322,4283.7784,21.904,260,206128,11.87,9410.5221,0.3553,0.1932
flow_5265,0x10001491,10,Web,0,correlator,80.2808,1480.5336,559.9572,145578.8705,381.548,614.8756,188.6578,1221.9259,1033.2681,0.002506,2.849192,0.142188,0.01729424,0.131508,12,6.0996,14.0539,3415.5215,17.591,123,68874,6.9922,3915.3077,0.4062,0.2855
flow_5277,0x1000149d,10,Web,0,correlator,100.5165,1445.8901,685.7273,138223.3554,371.784,363.73,166.9887,1250.2822,1083.2935,0.001869,1.054189,0.086335,0.03910195,0.197742,32,4.978,30.9654,3413.546,32.8225,380,260576,11.5774,7938.9342,0.4632,0.3426
flow_5289,0x100014a9,10,Web,0,correlator,86.9873,1475.4458,466.6747,184975.2592,430.0875,567.1845,119.4798,1214.9036,1095.4237,0.002666,3.073725,0.045931,0.03916648,0.197905,17,6.3216,22.6667,2950.1448,8.8216,192,89601,21.7647,10156.9684,0.315,0.2163
flow_5301,0x100014b5,10,Web,0,correlator,125.5105,1474.7053,503.8171,126031.454,355.0091,524.1239,163.6208,1225.314,1061.6933,0.001445,1.082002,0.179655,0.00702025,0.083787,15,3.7284,20.4895,1878.4408,30.118,167,84137,5.5448,2793.5744,0.4429,0.2804
flow_5313,0x100014c1,10,Web,0,correlator,104.1836,1496.7477,713.0384,242068.6234,492.0047,625.5064,151.2671,1121.5936,970.3265,0.001411,2.618416,0.132546,0.0272096,0.164953,29,6.5837,19.4223,4694.4442,27.9747,211,150451,7.5425,5378.1047,0.4206,0.2976
flow_5325,0x100014cd,10,Web,0,correlator,98.9118,1469.6231,800.6444,122752.9615,350.3612,269.0521,190.7439,1271.6988,1080.9549,0.003552,0.828097,0.141701,0.08356871,0.289083,10,8.5495,30.3966,6845.1485,15.7541,111,88871,7.0458,5641.1385,0.287,0.144
flow_5337,0x100014d9,10,Web,0,correlator,121.3992,1489.0627,674.4279,166074.9721,407.523,410.3756,191.0431,1386.1377,1195.0946,0.003804,3.077659,0.14977,0.11875642,0.344611,9,4.869,27.0667,3283.7672,12.9939,86,58000,6.6185,4463.6466,0.3402,0.303
flow_5349,0x100014e5,10,Web,0,correlator,111.2645,1445.1474,471.5672,138345.2075,371.9479,469.4004,189.68,1152.0824,962.4024,0.00476,1.219132,0.15474,0.03460111,0.186014,10,8.3519,16.9166,3938.471,17.7445,114,53758,6.4245,3029.565,0.4344,0.3783
flow_5361,0x100014f1,10,Web,0,correlator,103.8839,1457.1424,670.5426,188702.7857,434.3993,553.208,164.0458,1151.2334,987.1876,0.003109,3.307808,0.044571,0.00928503,0.096359,24,8.9953,15.6241,6031.7541,13.1536,295,197810,22.4273,15038.4542,0.3382,0.3442
flow_5373,0x100014fd,10,Web,0,correlator,82.6335,1461.9046,488.1238,151779.627,389.589,293.2975,111.1219,1292.3091,1181.1872,0.002772,1.245924,0.173672,0.19332366,0.439686,19,8.6188,19.3236,4207.0201,23.7683,136,66384,5.7219,2792.9592,0.3768,0.3118
flow_5385,0x10001509,10,Web,0,correlator,80.6397,1487.9174,840.1592,236178.912,485.9824,498.766,174.5079,1183.8648,1009.3569,0.002112,3.062956,0.122668,0.06044017,0.245846,23,8.4545,17.838,7103.1139,24.3045,198,166351,8.1466,6844.443,0.3121,0.1669
flow_5397,0x10001515,10,Web,0,correlator,113.5338,1474.4867,612.6573,152537.2538,390.5602,281.8059,160.5345,1117.4226,956.8881,0.003085,0.814854,0.045592,0.06795189,0.260676,34,4.4007,31.3304,2696.1034,14.8734,326,199726,21.9183,13428.4179,0.2828,0.1553
flow_5409,0x10001521,10,Web,0,correlator,113.6153,1492.9006,780.219,175120.5793,418.4741,514.6596,137.8831,1297.985,1160.102,0.002066,2.174444,0.154007,0.0714863,0.267369,22,8.0074,21.45,6247.5516,25.7897,167,130296,6.4755,5052.2553,0.3594,0.1279
flow_5421,0x1000152d,10,Web,0,correlator,112.3831,1493.8405,526.2179,127788.0459,357.4745,538.0576,140.1752,1314.1546,1173.9793,0.001797,2.376799,0.068394,0.05540655,0.235386,67,4.7038,26.0313,2475.2328,32.2885,472,248374,14.6182,7692.3371,0.328,0.2649
flow_5433,0x10001539,10,Web,0,correlator,123.5687,1476.3093,707.3578,194895.8022,441.47,411.6758,106.8929,1269.2647,1162.3718,0.004299,3.208993,0.059055,0.12370501,0.351717,29,3.857,31.4502,2728.2806,12.0904,204,144300,16.8729,11935.0807,0.4296,0.2081
flow_5445,0x10001545,10,Web,0,correlator,81.5532,1455.4152,523.3207,234798.625,484.5602,449.0089,118.0063,1270.683,1152.6767,0.002745,1.725325,0.068199,0.10042388,0.316897,46,4.3183,17.2325,2259.8425,29.7886,436,228167,14.6365,7659.5412,0.3428,0.3496
flow_5457,0x10001551,10,Web,0,correlator,87.6327,1458.0135,549.3703,120058.7403,346.4949,631.9274,118.3421,1271.6267,1153.2847,0.002612,2.098727,0.121884,0.07445549,0.272865,15,4.4376,20.2641,2437.8836,15.5648,127,69770,8.1594,4482.5438,0.3524,0.378
flow_5469,0x1000155d,10,Web,0,correlator,123.6987,1491.388,760.982,127387.744,356.9142,390.369,158.8104,1140.371,981.5606,0.002567,1.055028,0.081516,0.14019239,0.374423,62,8.6428,22.5134,6577.0256,25.8648,317,241231,12.256,9326.6089,0.4109,0.2812
flow_5481,0x10001569,10,Web,0,correlator,112.6553,1467.7367,785.2853,112090.8347,334.7997,554.3722,131.4043,1109.4721,978.0678,0.001094,1.158691,0.122112,0.09519909,0.308543,9,4.0662,28.728,3193.1626,9.3099,76,59681,8.1633,6410.4595,0.4506,0.1731
flow_5493,0x10001575,10,Web,0,correlator,113.7546,1466.5515,845.6572,174266.3334,417.4522,429.6078,126.6445,1284.3573,1157.7129,0.004249,3.396548,0.060035,0.00817665,0.090425,65,7.2048,30.9993,6092.828,34.3627,572,483715,16.6459,14076.7347,0.2849,0.1647
flow_5505,0x10001581,10,Web,0,correlator,97.9576,1463.0793,503.3611,171413.6918,414.0214,623.2518,163.8127,1244.8122,1080.9995,0.002631,2.299055,0.166931,0.05152825,0.226998,10,6.7765,25.8434,3411.0246,23.8111,142,71477,5.9636,3001.8332,0.4558,0.2386
flow_5517,0x1000158d,10,Web,0,correlator,111.5503,1447.1504,650.3344,234776.8729,484.5378,308.6054,140.2195,1289.3319,1149.1124,0.00359,0.905598,0.086582,0.00749047,0.086547,27,6.4335,31.5575,4183.8953,29.0874,335,217862,11.517,7489.8973,0.302,0.286
flow_5529,0x10001599,10,Web,0,correlator,126.0869,1440.7642,794.9848,210308.7025,458.5943,405.8072,186.0614,1321.2411,1135.1797,0.004185,1.283809,0.120556,0.04547492,0.213249,17,7.0571,29.5779,5610.2579,25.0121,207,164561,8.276,6579.2571,0.3056,0.2636
flow_5541,0x100015a5,10,Web,0,correlator,109.6485,1494.1678,738.8494,230560.408,480.1671,430.8708,110.1281,1376.2748,1266.1467,0.004908,1.284986,0.162289,0.08243378,0.287113,19,7.9035,31.6701,5839.507,16.4409,101,74623,6.1432,4538.8727,0.3215,0.1218
flow_5553,0x100015b1,10,Web,0,correlator,93.9105,1467.802,522.9009,168140.7232,410.0497,342.4448,183.8369,1119.0015,935.1646,0.002665,2.779313,0.163811,0.19238054,0.438612,7,4.863,31.1034,2542.8882,7.6635,46,24053,6.0025,3138.629,0.4737,0.2696
flow_5565,0x100015bd,10,Web,0,correlator,113.7851,1460.576,697.97,143121.3409,378.3138,384.7518,152.2775,1254.0838,1101.8063,0.004979,2.072283,0.124571,0.15758586,0.396971,4,5.3447,28.5137,3730.4305,6.231,50,34898,8.0244,5600.6977,0.3986,0.3419
flow_5577,0x100015c9,10,Web,0,correlator,83.823,1479.5943,828.0529,118569.4873,344.3392,613.8853,111.3504,1364.7444,1253.3941,0.004554,0.495028,0.088495,0.02554049,0.159814,50,6.5168,20.4756,5396.2776,34.5205,390,322940,11.2976,9355.019,0.3851,0.2955
flow_5589,0x100015d5,10,Web,0,correlator,107.8705,1476.1907,732.7075,143364.8809,378.6356,629.5785,101.3609,1195.8076,1094.4467,0.001235,1.538128,0.172454,0.03680924,0.191857,11,8.0433,23.7872,5893.4147,14.8533,86,63012,5.79,4242.2898,0.3634,0.2155
flow_5601,0x100015e1,10,Web,0,correlator,119.4627,1477.0556,610.7265,122318.7872,349.741,329.911,158.6873,1245.6714,1086.9841,0.002529,2.050285,0.160237,0.00926193,0.096239,12,5.2587,15.332,3211.6053,9.9819,62,37865,6.2112,3793.3547,0.3358,0.1396
flow_5613,0x100015ed,10,Web,0,correlator,93.5136,1448.0759,843.2175,253331.6844,503.3207,394.7583,164.489,1186.1979,1021.7089,0.002504,2.070529,0.077671,0.01268,0.112605,51,5.1523,31.1129,4344.5437,26.8791,346,291753,12.8724,10854.2533,0.4006,0.1793
flow_5625,0x100015f9,10,Web,0,correlator,114.8814,1479.6894,485.7864,146232.9298,382.4041,351.4039,146.0312,1214.6033,1068.572,0.004311,1.611415,0.056555,0.03433934,0.185309,22,8.1825,22.6578,3974.9278,10.0545,177,85984,17.6041,8551.8057,0.3517,0.3531
flow_5637,0x10001605,10,Web,0,correlator,99.4821,1443.2502,611.0183,122318.2138,349.7402,379.8206,117.2497,1356.8056,1239.5559,0.002001,2.211725,0.177959,0.19963083,0.446801,18,6.275,22.1432,3834.1362,24.9862,140,85542,5.6031,3423.5723,0.4553,0.3067
flow_5649,0x10001611,10,Web,0,correlator,95.5897,1475.6476,610.5226,199183.493,446.2998,349.6431,115.6564,1151.2276,1035.5712,0.004672,3.088283,0.159319,0.09439864,0.307244,15,7.0867,18.3978,4326.5839,17.8604,112,68378,6.2709,3828.477,0.3992,0.213
flow_5661,0x1000161d,10,Web,0,correlator,81.3567,1497.8593,544.3664,201178.1727,448.5289,295.6849,138.1075,1106.3594,968.2519,0.001539,0.790647,0.127823,0.00790981,0.088937,18,7.1882,12.7968,3913.0227,15.5077,121,65868,7.8026,4247.4321,0.4047,0.2731
flow_5673,0x10001629,10,Web,0,correlator,95.7025,1450.2285,595.3789,268669.7844,518.3337,597.0839,109.6006,1289.6822,1180.0816,0.00293,2.504281,0.171654,0.01297732,0.113918,22,5.5457,21.0124,3301.8186,22.067,128,76208,5.8005,3453.4904,0.297,0.1832
flow_5685,0x10001635,10,Web,0,correlator,106.9025,1488.0506,469.2402,187945.178,433.5264,346.0002,160.2962,1242.9599,1082.6637,0.003552,0.691589,0.169708,0.08781484,0.296336,6,7.2533,20.9599,3403.5197,14.5371,85,39885,5.8471,2743.6711,0.3358,0.2031
flow_5697,0x10001641,10,Web,0,correlator,95.9295,1481.5272,500.4136,145715.3035,381.7267,539.3492,178.9344,1249.5027,1070.5683,0.003448,2.717512,0.106343,0.09643758,0.310544,6,4.681,21.0154,2342.4473,9.7397,91,45537,9.3432,4675.4152,0.4618,0.2192
flow_5709,0x1000164d,10,Web,0,correlator,97.1658,1444.9033,624.755,162360.2623,402.9395,494.0881,187.5955,1370.2249,1182.6295,0.003577,3.211278,0.071066,0.08024631,0.283278,33,8.9737,28.1919,5606.3333,31.8843,448,279890,14.0508,8778.2973,0.2935,0.3249
flow_5721,0x10001659,10,Web,0,correlator,85.5972,1467.9569,634.0933,120605.8396,347.2835,453.8228,165.8471,1310.9911,1145.144,0.001513,2.658386,0.132785,0.01864013,0.136529,11,7.539,18.5586,4780.4147,11.7441,88,55800,7.4931,4751.314,0.4313,0.2942
flow_5733,0x10001665,10,Web,0,correlator,106.0771,1440.8927,697.8385,103364.6375,321.5037,614.8058,151.5989,1307.1514,1155.5525,0.004499,2.833592,0.116296,0.05290583,0.230013,54,5.734,21.9889,4001.3911,32.7965,282,196790,8.5985,6000.3415,0.4542,0.163
flow_5745,0x10001671,10,Web,0,correlator,116.8275,1453.5415,764.6032,150679.237,388.1742,473.1572,160.668,1379.7743,1219.1063,0.001708,1.716365,0.054831,0.05705167,0.238855,62,6.9863,26.8143,5341.7712,27.0896,494,377713,18.2357,13943.0753,0.3898,0.3375
flow_5757,0x1000167d,10,Web,0,correlator,97.0799,1464.3872,715.1465,141600.7686,376.2988,502.312,144.521,1399.8216,1255.3006,0.004874,1.980154,0.098189,0.00781077,0.088379,13,7.7189,15.2659,5520.1189,15.7098,159,113708,10.1211,7238.0335,0.4602,0.1624
flow_5769,0x10001689,10,Web,0,correlator,110.7992,1486.0301,774.4268,227103.5364,476.5538,451.7269,176.1698,1116.7035,940.5337,0.003919,1.186744,0.052018,0.06564146,0.256206,15,4.5303,30.686,3508.391,11.3407,218,168825,19.2229,14886.6991,0.4479,0.3401
flow_5781,0x10001695,10,Web,0,correlator,85.397,1496.6586,800.0436,147850.8233,384.5137,503.7928,197.007,1198.3111,1001.304,0.004009,1.413062,0.111348,0.18312984,0.427937,33,6.2882,18.4299,5030.8146,19.3906,174,139207,8.9734,7179.098,0.4511,0.3293
flow_5793,0x100016a1,10,Web,0,correlator,87.5972,1462.9609,591.4734,108383.2177,329.2161,306.9377,176.7063,1221.6046,1044.8983,0.004639,3.486308,0.163674,0.10261438,0.320335,11,3.5445,14.3384,2096.5008,22.1916,135,79848,6.0834,3598.1177,0.2884,0.331
flow_5805,0x100016ad,10,Web,0,correlator,128.0186,1486.2024,534.4927,164560.2103,405.6602,488.9497,104.2557,1266.2977,1162.0421,0.002396,0.654364,0.137265,0.08402613,0.289873,16,4.5755,25.1232,2445.5506,29.5431,215,114915,7.2775,3889.7465,0.3439,0.2658
flow_5817,0x100016b9,10,Web,0,correlator,128.9888,1459.8556,615.8909,193648.356,440.0549,634.7885,135.6832,1215.2659,1079.5827,0.003188,1.077288,0.056913,0.07289271,0.269986,63,5.6273,13.7457,3465.7828,33.7595,593,365223,17.5654,10818.3893,0.3927,0.2501
flow_5829,0x100016c5,10,Web,0,correlator,92.6468,1468.429,487.8345,222496.8934,471.6958,376.8201,180.7353,1134.8918,954.1565,0.003744,3.317399,0.165701,0.17130412,0.413889,8,8.8413,14.1737,4313.0885,12.886,77,37563,5.9755,2915.0196,0.4506,0.2883
flow_5841,0x100016d1,10,Web,0,correlator,81.7336,1480.2084,731.3288,233836.2214,483.5661,508.379,117.7807,1357.5269,1239.7461,0.002501,2.383201,0.069892,0.05385316,0.232063,31,5.1715,23.9415,3782.0574,24.2422,346,253039,14.2727,10437.9742,0.2808,0.2743
flow_5853,0x100016dd,10,Web,0,correlator,89.5504,1456.7183,591.984,107667.743,328.1276,261.1907,100.671,1365.3461,1264.6751,0.004673,2.169432,0.045986,0.07615057,0.275954,53,6.7485,14.3465,3994.9882,31.4559,684,404917,21.7447,12872.5095,0.3487,0.3772
flow_5865,0x100016e9,10,Web,0,correlator,85.5578,1442.1759,496.7047,135899.9382,368.6461,522.1787,143.9439,1238.0207,1094.0769,0.003365,2.496344,0.140602,0.05620789,0.237082,11,4.9164,15.4245,2442.0202,9.6565,68,33775,7.0419,3497.6516,0.3572,0.3779
flow_5877,0x100016f5,10,Web,0,correlator,111.9907,1483.0716,479.061,180073.0185,424.3501,281.3418,146.8383,1362.9425,1216.1042,0.004196,2.527713,0.166864,0.03675688,0.191721,15,5.3337,25.191,2555.1775,19.1773,114,54612,5.9445,2847.7489,0.4154,0.1521
flow_5889,0x10001701,10,Web,0,correlator,123.1149,1467.0603,835.7258,104114.0325,322.6671,377.4159,179.3401,1387.6737,1208.3336,0.00487,1.979642,0.173178,0.09267196,0.304421,15,5.1015,15.643,4263.4481,27.4259,158,132044,5.761,4814.5756,0.4091,0.345
flow_5901,0x1000170d,10,Web,0,correlator,92.3682,1477.1364,649.8559,131056.9554,362.0179,608.8524,150.2674,1132.2912,982.0238,0.001781,3.408824,0.106713,0.12549957,0.354259,41,3.6649,23.9244,2381.6867,34.9251,327,212502,9.3629,6084.506,0.2847,0.2221
flow_5913,0x10001719,10,Web,0,correlator,88.5706,1445.3532,602.3184,105511.3385,324.8251,251.0924,183.3371,1345.2434,1161.9063,0.002862,1.80255,0.092358,0.01833708,0.135414,33,5.1063,13.5859,3075.5985,24.6925,267,160819,10.813,6512.8641,0.3885,0.3748
flow_5925,0x10001725,10,Web,0,correlator,89.0086,1486.6449,551.4852,197147.3953,444.0128,384.9576,148.4311,1279.7348,1131.3038,0.004145,1.361238,0.062093,0.0517493,0.227485,69,3.7123,15.8723,2047.283,27.633,445,245410,16.1039,8881.0428,0.4778,0.1874
flow_5937,0x10001731,10,Web,0,correlator,81.4223,1498.2422,841.9241,263206.6112,513.0367,593.689,135.611,1366.0762,1230.4653,0.001991,1.460366,0.179194,0.02849828,0.168814,6,7.8961,18.8891,6647.8807,14.8784,83,69879,5.5785,4696.6667,0.4444,0.2614
flow_5949,0x1000173d,10,Web,0,correlator,112.5181,1471.3892,839.2055,196792.3999,443.6129,460.1355,119.797,1147.5354,1027.7384,0.002855,2.569984,0.056907,0.16944887,0.411642,105,7.8309,30.6311,6571.768,30.6781,539,452331,17.5695,14744.4199,0.4034,0.2971
flow_5961,0x10001749,10,Web,0,correlator,86.0328,1440.1407,618.7556,139510.8928,373.5116,618.9028,188.41,1297.9545,1109.5445,0.001116,0.735128,0.075949,0.10284132,0.320689,49,7.4766,12.8842,4626.1708,21.8204,287,177582,13.1528,8138.356,0.4239,0.3658
flow_5973,0x10001755,10,Web,0,correlator,106.609,1446.0612,806.0895,190319.2701,436.256,420.7143,148.0267,1394.3439,1246.3172,0.003834,2.709853,0.162145,0.18219664,0.426845,5,8.4121,29.6423,6780.943,11.0608,68,54814,6.1478,4955.7056,0.3959,0.1545
flow_5985,0x10001761,10,Web,0,correlator,123.0705,1448.8525,772.8835,206104.1811,453.987,595.1056,127.9429,1326.4834,1198.5405,0.001227,2.681631,0.066635,0.18758071,0.433106,59,8.5841,17.0501,6634.5006,34.5535,518,400353,14.9913,11586.4742,0.4034,0.3456
flow_5997,0x1000176d,10,Web,0,correlator,113.4759,1440.1746,831.1637,264121.3539,513.9274,344.4235,181.1448,1354.7875,1173.6427,0.001528,2.922063,0.160856,0.04738968,0.217692,21,6.6626,23.2001,5537.7409,26.1114,162,134648,6.2042,5156.6823,0.3042,0.362
flow_6009,0x10001779,10,Email,0,correlator,121.9978,980.6849,310.8728,52657.4621,229.4721,286.3822,107.8172,440.8734,333.0562,0.010343,8.091319,0.854132,1.82479125,1.350848,2,4.5657,12.9366,1419.3536,15.0422,17,5284,1.1302,351.2783,0.5575,0.376
flow_6021,0x10001785,10,Email,0,correlator,80.2812,1086.3341,398.5716,30206.3742,173.7998,222.4207,152.7175,360.2659,207.5483,0.052409,9.222097,0.671541,1.70206747,1.304633,5,3.7483,8.1721,1493.9676,14.0608,20,7971,1.4224,566.8935,0.4418,0.5223
flow_6033,0x10001791,10,Email,0,correlator,128.7443,1109.5621,277.0006,13147.2727,114.6616,257.8716,118.2873,412.6478,294.3605,0.021935,9.828562,0.832732,0.39440186,0.628014,5,2.6514,11.2372,734.439,28.5082,34,9418,1.1926,330.3606,0.5168,0.6253
flow_6045,0x1000179d,10,Email,0,correlator,134.5144,747.6777,331.5181,37082.8953,192.5692,174.3671,110.1158,473.2236,363.1077,0.037444,2.787209,0.749674,0.45429285,0.674013,8,3.5789,10.716,1186.4717,24.4242,32,10608,1.3102,434.3241,0.4435,0.4633
flow_6057,0x100017a9,10,Email,0,correlator,115.2869,717.4512,412.9919,43655.0656,208.9379,207.0668,123.6594,503.6767,380.0173,0.040813,7.673601,0.389621,1.62855485,1.276148,16,4.1698,5.1922,1722.0875,28.6722,73,30148,2.546,1051.4704,0.5693,0.5614
flow_6069,0x100017b5,10,Email,0,correlator,105.0963,903.5389,396.1646,52089.7847,228.2319,241.6397,130.818,384.8595,254.0415,0.011194,10.439205,0.487005,2.85468673,1.689582,9,2.2551,9.1066,893.3731,19.2185,39,15450,2.0293,803.9132,0.6168,0.568
flow_6081,0x100017c1,10,Email,0,correlator,99.822,984.8282,367.2344,8350.1728,91.3793,192.7602,109.5021,368.3136,258.8114,0.047534,8.495351,0.719567,0.80386455,0.896585,6,3.2931,6.4585,1209.3469,29.9009,41,15056,1.3712,503.5308,0.4386,0.5105
flow_6093,0x100017cd,10,Email,0,correlator,134.7466,1133.3044,239.2484,9595.1973,97.9551,199.7913,124.1388,460.5221,336.3833,0.044293,11.762844,0.641549,1.63648032,1.27925,10,4.8305,8.1688,1155.6815,28.9987,45,10766,1.5518,371.2581,0.5576,0.5641
flow_6105,0x100017d9,10,Email,0,correlator,96.1681,913.4738,292.8157,20100.3516,141.7757,263.0613,159.2897,444.272,284.9823,0.042417,9.491323,0.733016,2.36125146,1.536636,4,4.7255,10.4813,1383.707,23.7262,32,9370,1.3487,394.9223,0.4729,0.6455
flow_6117,0x100017e5,10,Email,0,correlator,91.3162,931.6318,240.072,21248.6774,145.7693,251.5636,148.7225,537.6374,388.915,0.053606,4.762979,0.387064,0.83058404,0.911364,10,4.9586,11.2373,1190.4103,29.4176,76,18245,2.5835,620.2071,0.4819,0.5989
flow_6129,0x100017f1,10,Email,0,correlator,116.0399,1159.8104,299.2265,15359.4474,123.9332,278.5088,132.3757,464.2741,331.8984,0.056266,6.329007,0.762587,2.68759612,1.639389,4,3.4835,5.8121,1042.3505,21.1348,27,8079,1.2775,382.2609,0.4483,0.4648
flow_6141,0x100017fd,10,Email,0,correlator,139.1148,933.0913,274.2497,11653.2187,107.9501,193.9701,101.5247,378.7403,277.2155,0.035572,2.550524,0.317163,0.4367361,0.66086,19,3.5235,10.5106,966.321,19.5955,61,16729,3.113,853.7159,0.4339,0.6267
flow_6153,0x10001809,10,Email,0,correlator,95.0193,1192.7949,350.1306,16941.3549,130.159,231.6912,117.5644,501.5436,383.9791,0.049989,6.185366,0.730442,0.7300137,0.854408,3,2.7612,11.0303,966.796,14.9961,20,7002,1.3337,466.9211,0.4152,0.551
flow_6165,0x10001815,10,Email,0,correlator,99.3347,865.6281,403.8182,31514.7666,177.524,289.0926,156.2129,482.0508,325.8379,0.013156,11.277414,0.77544,1.19836296,1.094698,7,4.6145,13.338,1863.4351,18.0132,23,9287,1.2768,515.566,0.4066,0.5788
flow_6177,0x10001821,10,Email,0,correlator,138.9398,1056.9438,250.548,20055.499,141.6174,196.7444,115.2701,397.4642,282.1941,0.014855,5.591737,0.288023,2.30026443,1.516662,12,4.2647,11.7712,1068.5147,12.0657,41,10272,3.3981,851.3404,0.4807,0.6119
flow_6189,0x1000182d,10,Email,0,correlator,104.8514,855.0345,295.6547,43823.9026,209.3416,160.4133,110.8932,499.6627,388.7696,0.030433,6.526072,0.685369,0.47967319,0.692584,5,3.1939,11.261,944.3053,23.1752,33,9756,1.4239,420.9665,0.4891,0.4754
flow_6201,0x10001839,10,Email,0,correlator,95.5298,613.4392,257.7017,13530.269,116.3197,197.5855,122.5597,511.5537,388.994,0.027341,11.064304,0.726839,0.49427628,0.703048,9,4.1113,12.1567,1059.4903,29.6597,40,10308,1.3486,347.5418,0.4699,0.6157
flow_6213,0x10001845,10,Email,0,correlator,136.6733,956.7375,391.6705,15268.8372,123.5671,171.6914,137.521,424.5946,287.0736,0.042111,3.842011,0.5298,2.74882233,1.657957,3,3.7348,12.0236,1462.7962,14.2455,26,10183,1.8251,714.8228,0.4642,0.4883
flow_6225,0x10001851,10,Email,0,correlator,81.9029,733.3313,243.1705,48208.9478,219.5654,250.6375,115.8907,475.906,360.0153,0.051038,10.846847,0.771571,1.08137008,1.039889,2,2.405,13.7153,584.8353,12.5716,16,3890,1.2727,309.4267,0.5997,0.4963
flow_6237,0x1000185d,10,Email,0,correlator,112.8404,760.6986,382.8498,48009.6305,219.111,238.8825,104.5556,448.6018,344.0461,0.058692,10.08438,0.792006,1.64875505,1.284039,4,3.309,5.3124,1266.8544,13.9536,17,6508,1.2183,466.4031,0.5945,0.4142
flow_6249,0x10001869,10,Email,0,correlator,96.7202,753.9067,345.6682,16233.5993,127.4111,173.1104,153.8961,485.7511,331.8549,0.05306,4.140339,0.337745,2.20102539,1.483585,7,4.4982,7.807,1554.8911,17.7761,52,17974,2.9253,1011.1327,0.5872,0.3788
flow_6261,0x10001875,10,Email,0,correlator,104.7716,757.673,350.5347,12229.3527,110.5864,203.4175,117.6677,548.2102,430.5424,0.051826,5.009739,0.710703,2.61815668,1.618072,5,4.9582,12.0931,1738.0119,23.9696,33,11567,1.3767,482.5687,0.389,0.4815
flow_6273,0x10001881,10,Email,0,correlator,135.7783,901.4531,313.6474,24654.4925,157.0175,197.7491,126.4694,380.4879,254.0185,0.053373,4.964112,0.479198,1.87262496,1.368439,5,2.0784,7.5909,651.8889,18.0645,37,11604,2.0482,642.3642,0.4831,0.4926
flow_6285,0x1000188d,10,Email,0,correlator,98.1526,960.9697,222.8657,49538.6061,222.5727,273.2773,133.9282,369.1953,235.2671,0.044051,10.184204,0.858667,1.840451,1.356632,2,3.6492,5.7732,813.2857,13.1945,15,3342,1.1368,253.2877,0.61,0.6265
flow_6297,0x10001899,10,Email,0,correlator,130.8448,711.2123,282.6461,22896.4522,151.3157,182.4712,148.0864,452.3722,304.2858,0.041168,6.081105,0.815125,1.3063522,1.142958,5,3.6241,12.3125,1024.3464,29.3925,36,10175,1.2248,346.1763,0.3905,0.5941
flow_6309,0x100018a5,10,Email,0,correlator,129.154,890.9926,347.3472,17435.5282,132.0437,218.2516,125.8016,463.3236,337.522,0.038423,6.654512,0.272235,1.49446002,1.222481,11,2.5415,13.9533,882.7935,17.6349,64,22230,3.6292,1260.5697,0.6037,0.5741
flow_6321,0x100018b1,10,Email,0,correlator,135.9012,851.5726,300.843,27621.3076,166.1966,188.2075,100.7112,523.8156,423.1044,0.032159,9.057408,0.793336,1.15153457,1.073096,2,4.4519,11.7748,1339.3121,16.508,20,6016,1.2115,364.4291,0.4137,0.4216
flow_6333,0x100018bd,10,Email,0,correlator,102.968,798.3118,246.4456,21119.794,145.3265,208.4663,126.992,486.2589,359.2668,0.011906,11.581153,0.360955,3.23511926,1.798644,10,4.1759,6.8858,1029.1343,14.5956,40,9857,2.7406,675.3406,0.5224,0.5943
flow_6345,0x100018c9,10,Email,0,correlator,118.1807,995.3171,220.0734,19931.8846,141.1803,205.0363,131.2188,376.2331,245.0143,0.015766,3.723458,0.466922,0.68974775,0.830511,4,2.7423,5.5309,603.5095,10.7792,23,5061,2.1337,469.5138,0.5635,0.3747
flow_6357,0x100018d5,10,Email,0,correlator,108.7402,968.6147,365.6276,8674.1586,93.1352,266.9004,152.2439,497.7838,345.5398,0.028956,4.127576,0.895082,1.11020438,1.053662,3,2.517,6.4298,920.2786,21.7801,24,8775,1.1019,402.8902,0.3846,0.6418
flow_6369,0x100018e1,10,Email,0,correlator,117.6534,643.4617,368.9841,18121.7934,134.6172,237.8666,149.1334,461.6266,312.4932,0.018865,11.431209,0.680907,2.81779772,1.67863,4,3.6141,5.2734,1333.5533,15.317,22,8117,1.4363,529.9326,0.5124,0.5521
flow_6381,0x100018ed,10,Email,0,correlator,113.2972,1159.056,226.9217,24762.1313,157.3599,175.6166,110.3867,488.1908,377.8042,0.037402,8.207944,0.346918,0.41217022,0.642005,7,2.169,7.1084,492.2006,15.7801,45,10211,2.8517,647.0791,0.4203,0.5234
flow_6393,0x100018f9,10,Email,0,correlator,134.4679,654.6209,383.6168,40428.7394,201.069,239.0569,147.9517,473.3585,325.4069,0.036254,3.057538,0.352644,2.09186669,1.446329,11,4.0609,10.0417,1557.8371,23.1519,65,24935,2.8075,1077.016,0.5493,0.4906
flow_6405,0x10001905,10,Email,0,correlator,136.4867,982.0023,365.2541,22593.334,150.3108,276.3071,101.4783,447.3154,345.8371,0.053636,11.49253,0.848037,0.38457996,0.620145,4,2.0232,7.6297,738.9693,22.879,26,9496,1.1364,415.0528,0.3945,0.5105
flow_6417,0x10001911,10,Email,0,correlator,103.034,1088.0683,232.6003,14025.6996,118.4301,246.5528,135.7529,477.3085,341.5555,0.045393,6.016923,0.428784,1.81953986,1.348903,14,2.1941,11.9437,510.3395,29.2531,68,15816,2.3245,540.6614,0.4797,0.4125
flow_6429,0x1000191d,10,Email,0,correlator,93.93,630.3096,360.7376,23440.1077,153.1016,254.0397,101.5373,372.5359,270.9987,0.038226,5.16603,0.544268,1.30792785,1.143647,8,4.3994,5.7157,1587.0447,21.9397,40,14429,1.8232,657.6653,0.4021,0.5136
flow_6441,0x10001929,10,Email,0,correlator,113.9293,996.994,336.3726,41413.7612,203.5037,267.5285,128.6197,506.8678,378.2482,0.028857,11.057166,0.440277,0.61600508,0.78486,12,4.3884,11.0794,1476.1401,17.804,40,13454,2.2467,755.6719,0.6087,0.4596
flow_6453,0x10001935,10,Email,0,correlator,134.2193,783.8742,316.336,28121.9344,167.696,219.9891,109.8199,510.5826,400.7627,0.031561,11.54939,0.807467,0.52035727,0.721358,8,2.9743,9.5044,940.8883,24.6963,30,9490,1.2148,384.2678,0.4137,0.6351
flow_6465,0x10001941,10,Email,0,correlator,123.9441,1192.6932,362.9391,24802.4181,157.4878,200.447,110.4347,378.9414,268.5067,0.017575,7.893193,0.607887,2.56860509,1.602687,6,2.0365,7.1026,739.114,17.367,28,10162,1.6122,585.1312,0.5964,0.3983
flow_6477,0x1000194d,10,Email,0,correlator,100.6,957.1135,238.5706,9537.1985,97.6586,182.2319,117.1374,409.2104,292.073,0.027238,11.680662,0.407256,1.22754422,1.107946,11,3.2668,8.7768,779.3744,21.536,52,12405,2.4146,576.013,0.6092,0.3829
flow_6489,0x10001959,10,Email,0,correlator,106.3141,971.9106,399.0039,10006.8404,100.0342,215.5124,133.2084,458.1293,324.921,0.050945,8.277151,0.298613,1.19267253,1.092095,12,3.0237,12.1401,1206.4828,19.7728,66,26334,3.3379,1331.8299,0.5774,0.5841
flow_6501,0x10001965,10,Email,0,correlator,121.9173,1090.5328,241.8449,32860.5456,181.2748,185.0042,149.6838,410.3693,260.6855,0.015697,11.434815,0.419234,1.4289428,1.195384,3,4.3448,6.2533,1050.7771,10.5078,25,6046,2.3792,575.3817,0.5625,0.3644
flow_6513,0x10001971,10,Email,0,correlator,90.6364,687.5075,277.8134,8139.9676,90.2218,275.6128,113.5605,531.4547,417.8942,0.029916,7.709577,0.516929,0.67578554,0.822062,4,3.9515,9.9876,1097.7705,13.9589,27,7500,1.9343,537.2924,0.4274,0.4165
flow_6525,0x1000197d,10,Email,0,correlator,111.4679,1018.3603,354.1747,44222.8926,210.2924,207.5258,155.538,547.6586,392.1205,0.024145,10.973407,0.636012,1.89251692,1.375688,11,4.6346,10.3004,1641.4706,29.7708,46,16292,1.5451,547.247,0.5821,0.6067
flow_6537,0x10001989,10,Email,0,correlator,134.2198,1127.183,371.0332,30164.4674,173.6792,289.1419,116.1172,449.2849,333.1677,0.022619,6.324469,0.782457,1.2536808,1.119679,4,2.5478,7.982,945.3125,9.9872,15,5565,1.5019,557.2139,0.4317,0.5062
flow_6549,0x10001995,10,Email,0,correlator,139.2566,1070.8569,245.6227,22254.2251,149.1785,247.778,149.0387,413.9065,264.8679,0.055485,3.543839,0.387543,1.3877079,1.17801,11,4.3446,7.8373,1067.1318,29.6483,76,18667,2.5634,629.6146,0.5565,0.3759
flow_6561,0x100019a1,10,Email,0,correlator,112.6017,611.7901,357.1285,43311.7613,208.1148,260.2231,121.9327,434.5293,312.5966,0.044816,3.88137,0.386532,2.1440731,1.464265,5,2.3989,8.5097,856.7316,11.4329,29,10356,2.5365,905.8106,0.4901,0.6059
flow_6573,0x100019ad,10,Email,0,correlator,139.0112,1131.2015,298.8565,36603.6316,191.3208,224.6728,102.5073,517.5974,415.0901,0.049441,11.61834,0.307952,0.71211982,0.843872,8,4.8804,12.4529,1458.5501,14.3663,46,13747,3.2019,956.8909,0.5912,0.6448
flow_6585,0x100019b9,10,Email,0,correlator,106.2253,956.0532,351.2476,57214.3063,239.1951,210.8582,135.2696,353.8915,218.6219,0.055155,11.810242,0.661907,1.1688896,1.081152,11,3.8023,8.2037,1335.5515,25.8637,39,13698,1.5079,529.6231,0.4267,0.3907
flow_6597,0x100019c5,10,Email,0,correlator,80.3165,1147.6477,220.1278,12182.6337,110.375,229.8071,113.218,430.9757,317.7577,0.041637,5.105355,0.326744,0.63849753,0.79906,6,2.2999,8.5271,506.2797,10.6158,32,7044,3.0144,663.5409,0.4177,0.6474
flow_6609,0x100019d1,10,Email,0,correlator,133.4675,718.597,381.5802,8429.057,91.8099,214.5507,152.7494,537.1217,384.3723,0.052113,10.966676,0.508224,2.09996342,1.449125,3,2.164,10.7572,825.7432,13.6343,26,9921,1.907,727.6513,0.4601,0.4521
flow_6621,0x100019dd,10,Email,0,correlator,108.4997,771.0168,263.3264,48983.5184,221.3222,215.5029,124.3779,413.2494,288.8714,0.011332,6.408325,0.67167,0.64786266,0.804899,6,4.3195,10.6529,1137.4294,29.7403,44,11586,1.4795,389.5729,0.4213,0.5089
flow_6633,0x100019e9,10,Email,0,correlator,110.9555,797.8622,227.1924,52479.6928,229.0845,191.5936,136.7255,391.0456,254.3201,0.011298,10.570491,0.425812,2.85565183,1.689867,11,4.6536,9.637,1057.2537,15.2175,35,7951,2.3,522.4897,0.5349,0.5919
flow_6645,0x100019f5,10,Email,0,correlator,131.8851,995.9573,317.6142,30174.6825,173.7086,280.344,115.6461,410.0707,294.4246,0.023369,6.658419,0.925434,3.22503966,1.79584,3,3.5399,6.0626,1124.3379,19.4877,21,6669,1.0776,342.2164,0.4118,0.4749
flow_6657,0x10001a01,10,Email,0,correlator,82.0758,851.246,316.7303,12423.1049,111.459,235.6709,107.672,412.3225,304.6505,0.023144,7.702497,0.745231,0.80602073,0.897787,4,2.5168,12.1974,797.1375,11.8691,15,4750,1.2638,400.1977,0.5849,0.6038
flow_6669,0x10001a0d,10,Email,0,correlator,132.3437,1001.5292,327.2656,54649.7239,233.7728,244.7702,156.3919,384.345,227.9531,0.016613,4.254547,0.837068,1.75630295,1.325256,9,3.6873,6.0709,1206.7121,29.872,35,11454,1.1717,383.4365,0.5899,0.604
flow_6681,0x10001a19,10,Email,0,correlator,95.5913,928.8887,233.3781,29906.601,172.9353,168.8253,105.4121,352.8956,247.4835,0.020366,9.013715,0.367146,0.48418128,0.695831,11,2.7095,6.0004,632.3475,29.6298,80,18670,2.7,630.1079,0.5824,0.5397
flow_6693,0x10001a25,10,Email,0,correlator,96.8815,839.8418,332.5221,25272.5372,158.9734,276.5227,129.3032,489.2105,359.9073,0.027257,6.012451,0.816553,1.7161161,1.310006,6,4.7625,10.196,1583.6237,18.3393,22,7315,1.1996,398.8693,0.5209,0.4603
flow_6705,0x10001a31,10,Email,0,correlator,132.7703,1041.1506,228.4492,38146.8765,195.3123,256.2269,127.5108,530.1228,402.612,0.055712,7.16629,0.250356,2.12720936,1.458496,16,3.4202,8.7097,781.3484,21.1977,84,19189,3.9627,905.2405,0.4837,0.3766
flow_6717,0x10001a3d,10,Email,0,correlator,87.6871,1064.6569,345.0687,33793.8904,183.8311,194.973,157.5223,526.3582,368.8358,0.014469,11.593492,0.483712,3.08847844,1.757407,7,2.581,7.0262,890.6058,17.481,36,12422,2.0594,710.5985,0.436,0.5433
flow_6729,0x10001a49,10,Email,0,correlator,82.7967,793.6024,338.0006,13728.9901,117.1708,281.0207,121.7943,443.1163,321.322,0.04676,5.073387,0.883882,2.0771047,1.441216,5,3.1374,6.1724,1060.4311,25.7826,29,9802,1.1248,380.1787,0.3886,0.3782
flow_6741,0x10001a55,10,Email,0,correlator,118.8768,1190.1383,333.9032,8199.1165,90.549,243.4695,100.3259,511.3168,410.9909,0.051352,7.424591,0.376193,1.39445613,1.180871,11,2.7135,5.8431,906.0572,26.1155,69,23039,2.6421,882.1955,0.5629,0.5033
flow_6753,0x10001a61,10,Email,0,correlator,103.0562,1046.3884,416.1454,38587.8388,196.4379,256.2639,114.0856,485.479,371.3935,0.057905,3.013222,0.49899,0.78329499,0.88504,4,3.7714,8.3216,1569.4365,10.7338,21,8739,1.9564,814.1541,0.5477,0.5308
flow_6765,0x10001a6d,10,Email,0,correlator,100.6298,889.2864,404.2879,14276.9257,119.4861,166.9123,144.1273,495.4161,351.2888,0.049017,9.787439,0.673295,1.44723148,1.203009,2,4.1975,12.3512,1697.0055,10.7448,15,6064,1.396,564.3637,0.6199,0.6418
flow_6777,0x10001a79,10,Email,0,correlator,95.6963,982.8515,412.882,14506.4855,120.4429,250.9029,129.6121,505.952,376.3399,0.037541,6.974027,0.820159,3.05414853,1.747612,10,4.7338,10.7302,1954.5063,28.8955,35,14450,1.2113,500.0778,0.6049,0.5639
flow_6789,0x10001a85,10,Email,0,correlator,95.0556,659.2361,252.5248,44924.2058,211.9533,246.5415,153.134,548.2985,395.1645,0.047785,6.357462,0.5444,0.70830356,0.841608,14,4.9592,13.887,1252.3268,24.0052,44,11111,1.8329,462.859,0.5308,0.523
flow_6801,0x10001a91,10,Email,0,correlator,85.787,1147.0261,373.925,12075.3106,109.8877,252.0914,114.5865,414.4354,299.8489,0.028049,8.406319,0.759206,2.9503047,1.717645,5,4.6681,8.194,1745.5324,27.2459,35,13087,1.2846,480.3283,0.4862,0.4025
flow_6813,0x10001a9d,10,Email,0,correlator,90.9287,938.4103,362.7077,31861.9867,178.4993,160.8192,112.255,378.9389,266.6839,0.016129,9.523317,0.811616,1.43787448,1.199114,6,2.1126,12.7388,766.272,25.3961,31,11243,1.2207,442.7055,0.547,0.371
flow_6825,0x10001aa9,10,Email,0,correlator,118.0692,933.7902,280.2442,8992.4136,94.8283,228.9922,138.8579,412.4639,273.606,0.036418,9.39257,0.404221,0.95597368,0.977739,13,4.2646,12.293,1195.1415,26.1289,64,17935,2.4494,686.4038,0.4,0.5522
flow_6837,0x10001ab5,10,Email,0,correlator,96.5537,1164.6286,350.8862,19493.0249,139.6174,227.3478,125.7119,507.5406,381.8287,0.030268,9.913918,0.615645,2.95895831,1.720162,7,3.389,11.1507,1189.1492,22.4667,36,12631,1.6024,562.2089,0.5745,0.4401
flow_6849,0x10001ac1,10,Email,0,correlator,96.2237,749.6247,299.9436,25279.93,158.9966,201.2986,122.2055,548.8327,426.6272,0.03991,7.238972,0.589269,1.29451083,1.137766,4,4.1258,12.6536,1237.4924,8.1333,15,4499,1.8443,553.1549,0.4971,0.6305
flow_6861,0x10001acd,10,Email,0,correlator,118.8338,987.9999,310.5671,44887.0567,211.8657,267.406,134.7655,448.4454,313.6799,0.031305,10.65929,0.901606,2.00738223,1.416821,4,3.7888,9.3614,1176.6656,29.5949,32,9938,1.0813,335.8015,0.505,0.4764
flow_6873,0x10001ad9,10,Email,0,correlator,134.8406,981.5761,294.1585,21236.7791,145.7284,243.795,157.0979,408.6302,251.5323,0.031049,11.96511,0.630407,1.4382658,1.199277,5,3.1346,12.5561,922.0688,22.495,35,10295,1.5559,457.6582,0.437,0.3733
flow_6885,0x10001ae5,10,Email,0,correlator,118.1024,879.0735,349.7957,31125.7095,176.4248,190.1301,127.6181,457.8692,330.2511,0.033515,7.649042,0.28035,2.7841931,1.66859,10,3.7528,13.2152,1312.7304,16.5527,59,20637,3.5644,1246.7433,0.5838,0.5812
flow_6897,0x10001af1,10,Email,0,correlator,131.5267,878.543,346.4193,47622.4034,218.2256,252.3284,103.9737,432.2778,328.3041,0.019213,5.853618,0.682405,0.63475197,0.796713,4,3.3893,10.9365,1174.1228,17.0201,24,8314,1.4101,488.4813,0.6183,0.4381
flow_6909,0x10001afd,10,Email,0,correlator,133.3542,644.9895,357.6918,16008.8747,126.5262,188.3629,127.7892,518.7271,390.9379,0.031099,2.880026,0.588997,1.12286526,1.059653,7,3.0727,13.3114,1099.0759,21.2431,36,12876,1.6947,606.125,0.5314,0.5611
flow_6921,0x10001b09,10,Email,0,correlator,99.1177,691.7244,237.0808,8128.1481,90.1562,223.5234,106.3427,540.4075,434.0649,0.028683,10.916493,0.306351,0.5477105,0.740075,9,4.2336,7.0461,1003.7025,18.9211,61,14461,3.2239,764.2784,0.4747,0.5292
flow_6933,0x10001b15,10,Email,0,correlator,135.2075,707.6539,309.6036,17969.845,134.0517,285.1845,121.7552,492.3636,370.6084,0.028896,10.644923,0.675425,0.40093737,0.633196,8,3.3217,7.5326,1028.398,19.6191,29,8978,1.4782,457.6149,0.6134,0.6156
flow_6945,0x10001b21,10,Email,0,correlator,96.1133,614.0883,280.7354,20079.4048,141.7018,222.7117,110.8815,522.6485,411.767,0.049028,10.395247,0.632707,1.83153974,1.353344,5,4.3793,10.0248,1229.4328,14.2958,22,6176,1.5389,432.0162,0.5609,0.478
flow_6957,0x10001b2d,10,Email,0,correlator,93.7572,692.6159,328.5162,42165.2533,205.3418,299.8712,100.0163,408.6612,308.6449,0.051421,7.435007,0.322434,0.74492391,0.86309,7,3.6947,8.7028,1213.7826,16.0161,49,16097,3.0594,1005.0541,0.5464,0.4498
flow_6969,0x10001b39,10,Email,0,correlator,99.853,670.3263,272.964,35716.3364,188.9877,184.6989,142.623,414.7385,272.1155,0.05139,6.287504,0.730457,1.42587651,1.194101,6,2.7474,11.0402,749.943,16.8223,23,6278,1.3672,373.1958,0.4957,0.6187
flow_6981,0x10001b45,10,Email,0,correlator,119.8889,1074.5909,333.2296,19274.7676,138.8336,295.5204,155.592,381.4497,225.8578,0.029212,6.847695,0.410296,1.86966513,1.367357,3,4.3034,9.6192,1434.0189,11.2444,27,8997,2.4012,800.1351,0.5359,0.3944
flow_6993,0x10001b51,10,Email,0,correlator,80.1456,1156.0282,266.7001,51954.8691,227.9361,211.697,111.9398,381.1997,269.2599,0.057085,9.089534,0.746839,0.71936721,0.848155,8,2.3993,5.2759,639.887,21.8835,29,7734,1.3252,353.4165,0.5255,0.6181
flow_7005,0x10001b5d,10,Email,0,correlator,137.6768,613.4022,309.1524,16578.2131,128.7564,274.9256,155.7877,462.6455,306.8578,0.014183,10.032055,0.472677,2.38642331,1.544805,4,4.7186,6.2645,1458.7765,9.4278,19,5873,2.0153,622.9464,0.5973,0.6141
flow_7017,0x10001b69,10,Email,0,correlator,131.0942,890.8583,310.407,44647.4794,211.2995,180.7815,146.205,524.8508,378.6457,0.041461,4.9395,0.449124,1.3848396,1.176792,15,2.056,13.7677,638.1934,25.669,57,17693,2.2206,689.2745,0.4781,0.5683
flow_7029,0x10001b75,10,Email,0,correlator,135.2364,1020.1061,305.6479,10532.2795,102.6269,225.7805,141.4354,416.3467,274.9113,0.040187,4.726698,0.333437,2.79455828,1.671693,6,3.9432,12.6035,1205.2318,12.5611,37,11308,2.9456,900.2372,0.4714,0.4318
flow_7041,0x10001b81,10,Email,0,correlator,98.2223,1052.152,312.5397,41752.3962,204.334,175.7355,153.5227,452.0482,298.5255,0.059563,7.104381,0.416061,0.63921604,0.79951,8,4.7577,6.529,1486.9849,21.9387,52,16252,2.3702,740.7898,0.4256,0.4845
flow_7053,0x10001b8d,10,Email,0,correlator,131.258,641.1535,248.2137,29957.4381,173.0822,226.3658,126.443,546.5125,420.0696,0.023285,8.542333,0.656543,0.78093365,0.883705,4,2.5119,6.6135,623.4845,20.427,31,7694,1.5176,376.6579,0.4467,0.512
flow_7065,0x10001b99,10,Email,0,correlator,85.5261,814.2175,406.0649,44877.6481,211.8435,205.5815,130.4113,402.8756,272.4643,0.043247,9.020921,0.916381,0.37850793,0.61523,3,3.9768,12.2432,1614.8439,13.7336,15,6090,1.0922,443.4382,0.4031,0.507
flow_7077,0x10001ba5,10,Email,0,correlator,82.1524,687.2857,339.3616,23848.2567,154.4288,195.4287,102.3601,369.7745,267.4144,0.03745,7.393052,0.547708,0.94506858,0.972146,3,3.7225,5.0197,1263.2892,10.6349,19,6447,1.7866,606.2103,0.6036,0.3537
flow_7089,0x10001bb1,10,Email,0,correlator,99.0161,809.6345,284.6399,47012.3856,216.8234,297.5437,117.9341,355.7299,237.7957,0.047715,6.573502,0.609793,1.30741086,1.143421,2,4.6961,9.6016,1336.7001,10.5868,17,4838,1.6058,456.986,0.5014,0.4079
flow_7101,0x10001bbd,10,Email,0,correlator,93.629,1163.1813,402.0329,17701.8161,133.0482,209.8706,116.2359,418.3574,302.1216,0.029689,4.632663,0.284973,2.35475561,1.534521,6,4.8136,10.0799,1935.2313,12.4883,43,17287,3.4432,1384.2521,0.511,0.4113
flow_7113,0x10001bc9,10,Email,0,correlator,91.135,1132.5602,368.3439,31237.2783,176.7407,166.7993,108.8452,464.1064,355.2612,0.052254,8.653447,0.59622,2.89862555,1.702535,4,2.6979,5.0825,993.7684,9.1017,15,5525,1.648,607.0277,0.4867,0.4673
flow_7125,0x10001bd5,10,Email,0,correlator,133.1062,1190.237,311.1405,52906.1747,230.0134,230.9724,121.7575,426.844,305.0865,0.018051,8.661869,0.543049,1.49834323,1.224068,10,3.1259,9.9145,972.6089,29.5758,54,16801,1.8258,568.0654,0.5439,0.5551
flow_7137,0x10001be1,10,Email,0,correlator,104.5975,1030.5489,284.3881,27368.2449,165.4335,189.1406,110.9823,366.6115,255.6291,0.04187,10.568133,0.637897,1.16742661,1.080475,5,3.8776,12.9096,1102.7328,21.2669,33,9384,1.5517,441.249,0.4079,0.3764
flow_7149,0x10001bed,10,Email,0,correlator,86.1859,819.8557,262.4721,32155.1092,179.3185,281.5228,140.8573,503.3199,362.4626,0.048728,2.548294,0.601163,0.90204058,0.949758,6,2.6276,13.3428,689.6826,23.5529,39,10236,1.6558,434.5957,0.5951,0.5891
flow_7161,0x10001bf9,10,Email,0,correlator,103.4246,720.9159,240.8701,24203.7601,155.5756,184.2819,104.1117,368.0854,263.9737,0.013268,10.168281,0.859231,1.78844398,1.337327,3,3.2065,8.589,772.3466,16.7589,19,4576,1.1337,273.0492,0.3965,0.4857
flow_7173,0x10001c05,10,Email,0,correlator,126.0655,1186.0739,226.6716,9602.4216,97.9919,299.3198,125.538,495.3259,369.7879,0.017473,6.04394,0.946959,2.34218357,1.530419,5,2.4752,13.5994,561.0544,26.139,27,6120,1.0329,234.1326,0.3801,0.6187
flow_7185,0x10001c11,10,Email,0,correlator,135.4089,896.4861,361.4638,40124.0292,200.3098,227.8804,139.9404,514.58,374.6397,0.016419,5.225878,0.665196,1.56447284,1.250789,5,4.2823,11.4059,1547.9003,17.4946,26,9398,1.4862,537.1948,0.4344,0.6157
flow_7197,0x10001c1d,10,Email,0,correlator,83.2057,1190.5854,309.6492,9901.695,99.5073,240.4316,122.3576,488.2602,365.9026,0.020174,2.631009,0.293294,1.16666139,1.080121,6,2.5473,6.1794,788.7648,12.4243,42,13005,3.3805,1046.7394,0.4427,0.6168
flow_7209,0x10001c29,10,Email,0,correlator,111.0856,1196.437,419.3154,32644.9887,180.6792,183.7622,106.7026,420.3622,313.6597,0.049542,5.488822,0.436185,1.94830422,1.395817,7,4.3017,12.0368,1803.7732,16.7522,38,15933,2.2684,951.097,0.5104,0.6206
flow_7221,0x10001c35,10,Email,0,correlator,127.149,911.7832,236.4155,19792.9722,140.6875,238.0286,122.2792,396.5842,274.305,0.023517,3.91538,0.561653,0.37493129,0.612316,10,4.8069,5.5934,1136.432,25.4428,45,10638,1.7687,418.115,0.591,0.3714
flow_7233,0x10001c41,10,Email,0,correlator,105.5781,1006.5399,221.7793,46146.4734,214.8173,287.3468,106.9769,379.5875,272.6107,0.037219,4.058544,0.433178,2.48957058,1.577837,8,4.6727,7.7178,1036.3186,24.5011,56,12419,2.2856,506.8758,0.6165,0.4795
flow_7245,0x10001c4d,10,Email,0,correlator,136.2091,704.5741,375.3768,24098.1791,155.2359,193.8956,113.7432,528.0631,414.3199,0.038432,9.825137,0.631368,0.48874174,0.699101,4,3.5042,12.0614,1315.3965,15.5996,24,9009,1.5385,577.5135,0.5583,0.5445
flow_7257,0x10001c59,10,Email,0,correlator,93.8887,912.9795,391.1534,10996.1048,104.8623,250.0306,110.7797,361.0845,250.3048,0.049862,8.51275,0.852698,3.13297474,1.770021,3,2.0785,10.3576,812.9934,11.7213,15,5867,1.2797,500.543,0.4681,0.3865
flow_7269,0x10001c65,10,Email,0,correlator,134.8783,1198.8167,358.2436,18915.4145,137.5333,281.4343,140.037,398.9323,258.8952,0.03363,7.110272,0.917503,0.36385182,0.603201,4,4.5276,6.4093,1621.9788,8.8609,15,5373,1.6928,606.3686,0.4323,0.4427
flow_7281,0x10001c71,10,Email,0,correlator,82.5613,666.9916,334.7167,38263.2962,195.6101,285.2808,129.6914,475.5638,345.8724,0.053348,3.478319,0.799795,0.42604454,0.652721,4,3.6191,13.0206,1211.3782,10.622,15,5020,1.4122,472.6043,0.4048,0.5492
flow_7293,0x10001c7d,10,Email,0,correlator,122.6344,660.6005,360.353,38860.4365,197.1305,256.8577,158.5745,530.5873,372.0127,0.052778,3.231225,0.923987,2.75129336,1.658702,3,4.3587,12.2086,1570.6697,20.6257,22,7927,1.0666,384.3271,0.5462,0.536
flow_7305,0x10001c89,10,Email,0,correlator,88.1932,1010.4371,286.4825,9136.32,95.5841,243.0953,122.8184,388.8699,266.0515,0.054976,9.027714,0.926536,3.13864914,1.771623,2,3.6547,7.9352,1047.0174,8.7866,15,4297,1.7071,489.0391,0.6144,0.6488
flow_7317,0x10001c95,10,Email,0,correlator,110.6543,648.1122,234.9494,48363.9506,219.9181,182.7518,112.8107,426.1658,313.3551,0.050897,5.590036,0.412268,3.22217362,1.795041,21,3.5547,9.84,835.1752,27.285,66,15506,2.4189,568.2984,0.4932,0.4467
flow_7329,0x10001ca1,10,Email,0,correlator,124.3581,955.8352,248.1776,25375.1353,159.2957,176.8403,130.4858,431.5148,301.029,0.012561,7.944386,0.298788,0.62641042,0.791461,20,4.7754,7.4176,1185.1565,18.7373,62,15387,3.3089,821.1947,0.4285,0.6305
flow_7341,0x10001cad,10,Email,0,correlator,136.8766,1020.1195,345.0143,9163.1272,95.7242,177.7048,125.4942,351.8406,226.3464,0.016396,5.011247,0.442778,1.20879519,1.099452,4,4.5424,12.9905,1567.2024,11.1712,25,8625,2.2379,772.0721,0.4476,0.3615
flow_7353,0x10001cb9,10,Email,0,correlator,105.6822,1189.4229,397.3291,11453.9521,107.0231,267.8309,102.9958,533.7652,430.7694,0.030771,10.862073,0.36435,2.28890054,1.512911,4,4.4037,9.0681,1749.7314,9.4636,25,9933,2.6417,1049.5971,0.5905,0.6294
flow_7365,0x10001cc5,10,Email,0,correlator,80.0496,1037.2648,268.9802,34132.9436,184.751,226.1657,137.0765,419.8066,282.7302,0.013904,11.568499,0.861453,2.18830475,1.479292,2,2.5326,8.3604,681.2177,12.7201,15,4034,1.1792,317.1362,0.6019,0.4555
flow_7377,0x10001cd1,10,Email,0,correlator,131.5841,1178.1125,344.6733,12059.9156,109.8176,236.4473,129.1054,526.484,397.3787,0.011294,11.678386,0.81039,2.33895428,1.529364,6,2.2512,13.9615,775.9331,24.1336,29,9995,1.2016,414.1521,0.5687,0.4635
flow_7389,0x10001cdd,10,Email,0,correlator,131.3838,1102.5972,245.6527,44473.714,210.8879,209.7564,109.5268,483.7692,374.2424,0.049576,4.872233,0.381574,0.5557021,0.745454,12,4.2525,8.1985,1044.6302,24.4817,64,15721,2.6142,642.1538,0.4888,0.3604
flow_7401,0x10001ce9,10,Email,0,correlator,87.6281,621.3522,384.1371,45300.6634,212.8395,203.9262,154.5743,435.0879,280.5136,0.03584,11.816818,0.571263,2.55466495,1.598332,6,2.4175,11.9124,928.6442,15.785,27,10371,1.7105,657.0165,0.4879,0.4862
flow_7413,0x10001cf5,10,Email,0,correlator,80.5169,627.9002,377.62,25886.6475,160.8933,257.2729,134.4452,508.8656,374.4203,0.058487,4.076782,0.569898,1.35070703,1.162199,4,2.4425,13.4504,922.3337,14.2964,25,9440,1.7487,660.3083,0.4267,0.5654
flow_7425,0x10001d01,10,Email,0,correlator,101.01,715.3086,277.092,8332.5214,91.2826,180.4104,122.0742,482.9458,360.8716,0.014197,5.231281,0.651447,0.51654376,0.71871,5,2.5722,5.3409,712.724,14.5943,22,6096,1.5074,417.6985,0.6039,0.6278
flow_7437,0x10001d0d,10,Email,0,correlator,134.05,849.5357,416.819,25766.2196,160.5186,172.7488,142.7816,473.1655,330.3839,0.040858,11.607785,0.842979,2.0272511,1.423816,2,3.537,13.2019,1474.2903,16.1693,19,7919,1.1751,489.7544,0.3822,0.6136
flow_7449,0x10001d19,10,Email,0,correlator,83.7522,704.0789,290.8921,13229.3674,115.019,173.6507,121.6508,482.3632,360.7124,0.049047,6.777456,0.391276,2.49124937,1.578369,7,4.1761,6.1548,1214.8085,19.0109,48,13962,2.5249,734.4195,0.4474,0.6173
flow_7461,0x10001d25,10,Email,0,correlator,111.3966,863.5825,359.1001,53577.6145,231.4684,261.4225,100.3136,506.9357,406.6221,0.01696,6.44901,0.928186,0.40040541,0.632776,5,4.963,7.3339,1782.2065,20.7416,22,7900,1.0607,380.8762,0.5736,0.5097
flow_7473,0x10001d31,10,Email,0,correlator,82.6401,769.6033,334.3495,8590.2514,92.6836,248.717,152.2142,409.3957,257.1814,0.042492,7.645605,0.656777,1.71808456,1.310757,5,3.7537,9.7683,1255.0409,19.2936,29,9696,1.5031,502.5506,0.4329,0.6226
flow_7485,0x10001d3d,10,Email,0,correlator,126.19,604.7977,369.4554,31102.0274,176.3577,182.0896,114.5742,406.4708,291.8965,0.053641,10.666125,0.880243,2.39063344,1.546167,4,4.3647,9.9336,1612.5795,27.4465,31,11453,1.1295,417.2838,0.5636,0.4673
flow_7497,0x10001d49,10,Email,0,correlator,108.4739,863.001,249.3121,42357.3267,205.809,230.3659,100.2273,424.023,323.7957,0.05665,6.075495,0.505542,0.64448811,0.8028,9,4.2851,10.7692,1068.3182,17.505,34,8476,1.9423,484.2058,0.4428,0.3879
flow_7509,0x10001d55,10,Email,0,correlator,114.8903,719.1932,229.5907,15645.9741,125.0839,254.4125,151.8321,534.5889,382.7568,0.055815,11.44682,0.688788,0.54466861,0.738017,3,2.2865,10.7554,524.9479,11.2758,16,3673,1.419,325.741,0.546,0.3902
flow_7521,0x10001d61,10,Email,0,correlator,132.7012,997.627,320.5592,11060.7493,105.1701,188.0109,129.2146,417.4056,288.191,0.050041,8.200742,0.485808,1.36083423,1.166548,6,2.243,9.346,719.019,16.099,33,10578,2.0498,657.0589,0.4586,0.5893
flow_7533,0x10001d6d,10,Email,0,correlator,97.4979,773.7608,273.8102,18086.8573,134.4874,201.5917,130.1565,406.7834,276.6269,0.024212,5.133593,0.499258,2.01848425,1.420734,8,3.6379,7.6578,996.0879,28.619,57,15607,1.9917,545.3378,0.5129,0.4839
flow_7545,0x10001d79,10,Email,0,correlator,109.6906,1130.6732,412.5297,31842.794,178.4455,271.4609,134.2473,395.6981,261.4508,0.022841,9.010059,0.27516,2.04858875,1.431289,23,4.42,5.4703,1823.4017,23.0249,83,34239,3.6048,1487.0442,0.4228,0.3994
flow_7557,0x10001d85,10,Email,0,correlator,106.479,1087.426,249.2123,24915.6616,157.847,194.102,158.6902,432.5318,273.8416,0.039291,10.295811,0.533737,1.18674918,1.08938,5,3.1879,6.4807,794.4714,19.0084,35,8722,1.8413,458.8501,0.4217,0.4994
flow_7569,0x10001d91,10,Email,0,correlator,87.8129,750.84,309.2377,16096.0514,126.8702,200.6143,142.469,397.9937,255.5247,0.042493,10.764932,0.259028,2.45938498,1.568243,6,3.4864,12.0144,1078.1218,11.844,45,13915,3.7994,1174.852,0.4493,0.4893
flow_7581,0x10001d9d,10,Email,0,correlator,133.4689,964.8735,265.6802,54163.2647,232.73,209.4736,120.4162,498.5065,378.0903,0.036082,10.437675,0.720016,0.80813905,0.898966,2,4.5309,10.0572,1203.7582,8.1148,15,3985,1.8485,491.0751,0.5622,0.4058
flow_7593,0x10001da9,10,Email,0,correlator,82.0153,1064.6369,367.3411,27392.9732,165.5082,220.6368,148.5502,542.0907,393.5404,0.018014,8.00001,0.552996,0.37982054,0.616296,4,4.9512,6.2214,1818.7839,15.669,28,10285,1.787,656.3902,0.4153,0.5197
flow_7605,0x10001db5,10,Email,0,correlator,83.4379,871.4463,278.7519,14335.9178,119.7327,185.5345,119.6189,412.0733,292.4544,0.029227,10.616727,0.710867,1.96230433,1.400823,6,2.7087,10.0018,755.0487,24.3922,34,9477,1.3939,388.5257,0.5734,0.5897
flow_7617,0x10001dc1,10,Email,0,correlator,80.5796,1102.6474,398.3907,19964.1941,141.2947,290.3593,133.1079,469.1878,336.0799,0.034946,7.868087,0.487563,0.76655327,0.87553,8,3.2598,7.8361,1298.6872,24.8494,50,19919,2.0121,801.5904,0.5471,0.422
flow_7629,0x10001dcd,10,Email,0,correlator,81.3004,851.7994,235.3817,26059.9332,161.4309,242.547,148.6626,404.1687,255.5061,0.032007,8.01321,0.449612,1.53739296,1.239917,9,4.9743,13.9252,1170.8561,20.3274,45,10592,2.2138,521.069,0.4231,0.4768
flow_7641,0x10001dd9,10,Email,0,correlator,83.5086,916.9491,385.9402,11091.7225,105.3172,173.8714,142.9965,510.6306,367.6341,0.046922,10.276722,0.462202,0.46229875,0.679926,10,4.1894,5.7171,1616.8744,18.5236,40,15437,2.1594,833.3697,0.5601,0.5814
flow_7653,0x10001de5,10,Email,0,correlator,109.3569,1188.4683,298.045,46477.9494,215.5875,277.5086,157.5731,452.2625,294.6894,0.014057,11.135039,0.507489,2.93445036,1.713024,8,2.1897,11.8706,652.6428,19.2955,38,11325,1.9694,586.9235,0.5447,0.6438
flow_7665,0x10001df1,10,Email,0,correlator,126.8674,899.478,411.4829,18246.9535,135.0813,163.2656,116.4922,486.1201,369.6278,0.035031,9.50545,0.782729,2.28527385,1.511712,3,4.3965,10.172,1809.0875,11.7711,15,6172,1.2743,524.3357,0.5685,0.595
flow_7677,0x10001dfd,10,Email,0,correlator,95.8444,727.5252,306.4104,26415.3236,162.5279,225.7368,110.7281,411.5888,300.8606,0.013744,4.721277,0.886815,0.74622503,0.863843,3,3.4451,5.032,1055.6036,19.3261,21,6434,1.0866,332.9176,0.5588,0.4817
flow_7689,0x10001e09,10,Email,0,correlator,87.7504,1030.2637,399.5,32055.2306,179.0397,246.7574,121.3713,479.7648,358.3935,0.035432,3.500998,0.548854,0.80573626,0.897628,2,2.4758,8.562,989.0991,8.7966,16,6391,1.8189,726.5343,0.3823,0.5754
flow_7701,0x10001e15,10,Email,0,correlator,139.7202,642.7546,389.6241,45690.1584,213.7526,167.2339,122.3782,396.5586,274.1804,0.038178,7.35134,0.846687,2.93110742,1.712048,3,4.1053,13.6665,1599.5142,18.9582,22,8571,1.1604,452.0997,0.3833,0.3944
flow_7713,0x10001e21,10,Email,0,correlator,94.2603,1097.7001,378.4396,19765.5024,140.5898,286.223,130.3111,458.8759,328.5649,0.056818,2.756373,0.832091,0.48745415,0.698179,2,2.2874,10.9921,865.6299,8.7914,15,5676,1.7062,645.6289,0.4193,0.3819
flow_7725,0x10001e2d,10,Email,0,correlator,133.9357,696.0229,406.394,24798.5092,157.4754,241.7742,118.668,351.0124,232.3443,0.040065,11.555648,0.367477,1.68298518,1.297299,7,4.3919,10.0795,1784.8549,18.2169,49,19913,2.6898,1093.1058,0.5497,0.4357
flow_7737,0x10001e39,10,Email,0,correlator,131.5122,1186.1118,396.3349,26456.2297,162.6537,217.7153,154.4826,385.2367,230.7541,0.040181,10.46805,0.592727,2.67713685,1.636196,6,4.7358,12.2957,1876.9522,11.6485,19,7530,1.6311,646.4325,0.5845,0.3582
flow_7749,0x10001e45,10,Email,0,correlator,124.7762,737.5518,222.4204,12323.6052,111.0117,188.2992,148.8892,424.6703,275.7811,0.038805,7.213548,0.604793,1.15229104,1.073448,6,4.1352,8.5019,919.758,26.1938,43,9564,1.6416,365.1242,0.5724,0.5596
flow_7761,0x10001e51,10,Email,0,correlator,111.8457,825.2061,246.7777,39978.7559,199.9469,273.0315,134.8833,474.3716,339.4882,0.050049,2.730745,0.417901,2.05096258,1.432118,5,3.8512,7.3363,950.3809,11.4357,27,6662,2.361,582.5639,0.6032,0.4585
flow_7773,0x10001e5d,10,Email,0,correlator,115.2216,1127.2694,394.4013,53066.5324,230.3617,290.5885,133.4625,538.8996,405.4371,0.011054,11.361679,0.612568,0.77488431,0.880275,11,3.8068,7.1828,1501.4234,24.6199,40,15776,1.6247,640.7837,0.5232,0.4184
flow_7785,0x10001e69,10,Email,0,correlator,136.7856,1097.4924,350.3631,23548.8278,153.4563,212.731,135.6208,512.8021,377.1813,0.012526,8.137896,0.539226,2.78494365,1.668815,3,3.6511,5.4491,1279.2217,11.1351,20,7007,1.7961,629.2704,0.5743,0.605
flow_7797,0x10001e75,10,Email,0,correlator,104.6093,877.8407,223.9133,19455.0305,139.4813,209.4212,117.3742,438.1517,320.7775,0.050074,6.579552,0.607981,0.4046264,0.636103,4,3.7873,7.8576,848.029,17.1318,28,6269,1.6344,365.9283,0.5237,0.4777
flow_7809,0x10001e81,10,Email,0,correlator,122.7978,666.3839,350.1961,28667.3231,169.3143,200.2431,145.809,507.4417,361.6328,0.010499,6.879303,0.885641,1.25992133,1.122462,5,2.5185,10.6179,881.9719,23.2892,26,9105,1.1164,390.954,0.4026,0.6455
flow_7821,0x10001e8d,10,Email,0,correlator,139.8668,905.1014,262.9683,50991.9783,225.814,178.41,154.6057,416.8,262.1943,0.043732,7.050565,0.722947,0.93814512,0.968579,10,2.9891,10.4172,786.0465,28.4251,39,10255,1.372,360.7722,0.5283,0.5963
flow_7833,0x10001e99,10,Email,0,correlator,105.7299,641.7773,355.5647,39703.9675,199.2585,244.8401,135.8359,479.9716,344.1357,0.015261,8.237587,0.93697,2.09701042,1.448106,2,2.3341,9.3254,829.9183,11.4235,15,5333,1.3131,466.8462,0.6118,0.6027
flow_7845,0x10001ea5,10,Email,0,correlator,101.0204,724.4196,329.8281,32260.2738,179.6115,297.1191,140.2357,470.6251,330.3893,0.038918,4.732522,0.47776,0.62352052,0.789633,8,4.6095,12.4605,1520.3531,29.6432,62,20449,2.0915,689.8367,0.5825,0.3709
flow_7857,0x10001eb1,10,Email,0,correlator,135.9427,662.7675,235.1163,13276.115,115.222,261.1617,128.2888,450.4951,322.2063,0.029786,11.513468,0.654334,0.49412052,0.702937,5,3.3508,8.6278,787.834,14.647,22,5172,1.502,353.1108,0.4804,0.5566
flow_7869,0x10001ebd,10,Email,0,correlator,137.5812,1169.3756,235.7458,29135.608,170.6916,180.637,139.8717,385.0368,245.165,0.029605,11.098541,0.623457,1.0861693,1.042194,4,3.247,11.4676,765.4729,14.645,23,5422,1.5705,370.2292,0.5665,0.3669
flow_7881,0x10001ec9,10,Email,0,correlator,115.6449,750.8366,282.4242,24221.4052,155.6323,289.2832,151.8719,500.3242,348.4523,0.015748,3.891514,0.466986,0.72689886,0.852584,6,2.5623,7.4581,723.6594,16.0686,34,9602,2.1159,597.5642,0.5431,0.3885
flow_7893,0x10001ed5,10,Email,0,correlator,112.5019,756.4801,398.1826,10020.9858,100.1049,190.882,149.5954,492.5451,342.9498,0.016314,5.260054,0.266051,1.0609442,1.030021,17,3.8703,12.0273,1541.1,23.871,89,35438,3.7284,1484.56,0.5978,0.4197
flow_7905,0x10001ee1,10,Email,0,correlator,135.5227,1114.6039,291.097,14505.8358,120.4402,270.1096,148.2151,540.6358,392.4208,0.029785,5.772593,0.945588,1.38057983,1.174981,5,4.5345,5.815,1319.9878,26.8848,28,8150,1.0415,303.1451,0.4058,0.4484
flow_7917,0x10001eed,10,Email,0,correlator,126.3334,1071.7824,339.6227,22727.0533,150.7549,213.661,132.0816,422.4552,290.3736,0.036442,11.091053,0.789466,0.55068622,0.742082,6,3.8169,8.8149,1296.3006,16.0317,20,6792,1.2475,423.6599,0.6038,0.3515
flow_7929,0x10001ef9,10,Email,0,correlator,81.3884,1153.288,271.163,29936.8861,173.0228,201.6006,121.9346,547.412,425.4774,0.012872,7.069766,0.867154,0.98673603,0.993346,6,2.8635,12.8706,776.4678,29.8774,34,9219,1.138,308.5607,0.4751,0.4124
flow_7941,0x10001f05,10,Email,0,correlator,103.4874,1089.6799,342.0146,11914.2726,109.1525,219.92,129.3277,371.1895,241.8619,0.032245,2.738772,0.729657,1.21901604,1.104091,10,4.3734,6.2368,1495.7582,27.5715,37,12654,1.342,458.9515,0.4397,0.4874
flow_7953,0x10001f11,10,Email,0,correlator,89.6426,644.3334,277.6636,39438.2589,198.5907,291.4685,113.9463,375.4471,261.5008,0.056381,10.984136,0.635236,1.86353236,1.365113,9,4.0709,11.1196,1130.3462,19.9722,31,8607,1.5522,430.9496,0.5967,0.5144
flow_7965,0x10001f1d,10,Email,0,correlator,108.6443,1046.809,374.6026,40570.6143,201.4215,228.5425,116.6537,494.2962,377.6424,0.011465,10.573372,0.856824,1.15272724,1.073651,4,4.5483,5.33,1703.8201,15.5218,18,6742,1.1597,434.358,0.4795,0.5103
flow_7977,0x10001f29,10,Email,0,correlator,110.1497,779.7039,276.374,16492.4868,128.4231,237.2248,120.5255,399.4859,278.9605,0.029894,7.70658,0.715017,0.5840037,0.764201,2,2.961,8.6772,818.3533,9.8095,15,4145,1.5291,422.549,0.5963,0.5281
flow_7989,0x10001f35,10,Email,0,correlator,119.7725,667.412,295.2453,27104.9434,164.6358,243.1057,148.2801,545.3377,397.0576,0.027655,4.222246,0.520097,1.13794517,1.066745,8,2.8641,13.9154,845.6041,15.9572,30,8857,1.88,555.0479,0.6054,0.5566
flow_8001,0x10001f41,10,ICMP,48,correlator,104.0,104.0,104.0,0.4795,0.6924,104.0,104.0,104.0,0.0,0.991453,1.008547,1.0,1.826e-05,0.004274,12,1.0,2.0,104.0,24.6733,24,2496,0.9727,101.162,0.5,0.5
flow_8013,0x10001f4d,10,ICMP,48,correlator,112.0,112.0,112.0,0.5904,0.7684,112.0,112.0,112.0,0.0,0.493505,0.506495,0.5,1.055e-05,0.003248,36,1.0,2.0,112.0,36.9864,73,8176,1.9737,221.0545,0.5,0.5
flow_8025,0x10001f59,10,ICMP,48,correlator,104.0,104.0,104.0,0.6042,0.7773,104.0,104.0,104.0,0.0,0.979991,1.020009,1.0,0.00010009,0.010005,14,1.0,2.0,104.0,29.2378,29,3016,0.9919,103.154,0.5,0.5
flow_8037,0x10001f65,10,ICMP,48,correlator,104.0,104.0,104.0,0.0308,0.1754,104.0,104.0,104.0,0.0,0.477627,0.522373,0.5,0.00012514,0.011187,19,1.0,2.0,104.0,19.9213,39,4056,1.9577,203.6011,0.5,0.5
flow_8049,0x10001f71,10,ICMP,48,correlator,96.0,96.0,96.0,0.0122,0.1106,96.0,96.0,96.0,0.0,0.487473,0.512527,0.5,3.923e-05,0.006264,13,1.0,2.0,96.0,13.4482,26,2496,1.9333,185.6012,0.5,0.5
flow_8061,0x10001f7d,10,ICMP,48,correlator,112.0,112.0,112.0,0.0191,0.1384,112.0,112.0,112.0,0.0,0.494612,0.505388,0.5,7.26e-06,0.002694,36,1.0,2.0,112.0,36.1413,72,8064,1.9922,223.1243,0.5,0.5
flow_8073,0x10001f89,10,ICMP,48,correlator,96.0,96.0,96.0,0.3088,0.5557,96.0,96.0,96.0,0.0,0.477382,0.522618,0.5,0.00012789,0.011309,29,1.0,2.0,96.0,29.7506,59,5664,1.9832,190.3826,0.5,0.5
flow_8085,0x10001f95,10,ICMP,48,correlator,96.0,96.0,96.0,0.0256,0.16,96.0,96.0,96.0,0.0,0.488589,0.511411,0.5,3.255e-05,0.005705,34,1.0,2.0,96.0,34.2824,68,6528,1.9835,190.4182,0.5,0.5
flow_8097,0x10001fa1,10,ICMP,48,correlator,104.0,104.0,104.0,0.0634,0.2518,104.0,104.0,104.0,0.0,0.491749,0.508251,0.5,1.702e-05,0.004126,34,1.0,2.0,104.0,34.0913,68,7072,1.9946,207.4429,0.5,0.5
flow_8109,0x10001fad,10,ICMP,48,correlator,96.0,96.0,96.0,0.2144,0.463,96.0,96.0,96.0,0.0,0.986783,1.013217,1.0,4.367e-05,0.006608,15,1.0,2.0,96.0,31.4063,31,2976,0.9871,94.758,0.5,0.5
flow_8121,0x10001fb9,10,ICMP,48,correlator,96.0,96.0,96.0,0.1695,0.4117,96.0,96.0,96.0,0.0,0.492358,0.507642,0.5,1.46e-05,0.003821,20,1.0,2.0,96.0,20.3683,40,3840,1.9638,188.5279,0.5,0.5
flow_8133,0x10001fc5,10,ICMP,48,correlator,112.0,112.0,112.0,0.1246,0.353,112.0,112.0,112.0,0.0,0.491678,0.508322,0.5,1.731e-05,0.004161,16,1.0,2.0,112.0,16.176,32,3584,1.9782,221.563,0.5,0.5
flow_8145,0x10001fd1,10,ICMP,48,correlator,104.0,104.0,104.0,0.144,0.3794,104.0,104.0,104.0,0.0,0.995138,1.004862,1.0,5.91e-06,0.002431,12,1.0,2.0,104.0,25.9222,25,2600,0.9644,100.3001,0.5,0.5
flow_8157,0x10001fdd,10,ICMP,48,correlator,104.0,104.0,104.0,0.1076,0.3281,104.0,104.0,104.0,0.0,0.978566,1.021434,1.0,0.00011485,0.010717,15,1.0,2.0,104.0,30.5785,30,3120,0.9811,102.0326,0.5,0.5
flow_8169,0x10001fe9,10,ICMP,48,correlator,112.0,112.0,112.0,0.341,0.5839,112.0,112.0,112.0,0.0,0.977775,1.022225,1.0,0.00012349,0.011113,6,1.0,2.0,112.0,12.8279,12,1344,0.9355,104.7717,0.5,0.5
flow_8181,0x10001ff5,10,ICMP,48,correlator,112.0,112.0,112.0,0.5501,0.7417,112.0,112.0,112.0,0.0,0.488107,0.511893,0.5,3.536e-05,0.005946,17,1.0,2.0,112.0,17.1928,34,3808,1.9776,221.4879,0.5,0.5
flow_8193,0x10002001,10,ICMP,48,correlator,104.0,104.0,104.0,0.0636,0.2522,104.0,104.0,104.0,0.0,0.978324,1.021676,1.0,0.00011746,0.010838,18,1.0,2.0,104.0,37.6031,37,3848,0.984,102.332,0.5,0.5
flow_8205,0x1000200d,10,ICMP,48,correlator,96.0,96.0,96.0,0.0237,0.154,96.0,96.0,96.0,0.0,0.977784,1.022216,1.0,0.00012339,0.011108,19,1.0,2.0,96.0,39.9276,39,3744,0.9768,93.7696,0.5,0.5
flow_8217,0x10002019,10,ICMP,48,correlator,104.0,104.0,104.0,0.0223,0.1495,104.0,104.0,104.0,0.0,0.479869,0.520131,0.5,0.00010131,0.010065,22,1.0,2.0,104.0,22.022,44,4576,1.998,207.7925,0.5,0.5
flow_8229,0x10002025,10,ICMP,48,correlator,104.0,104.0,104.0,0.3314,0.5756,104.0,104.0,104.0,0.0,0.993846,1.006154,1.0,9.47e-06,0.003077,16,1.0,2.0,104.0,32.8491,32,3328,0.9742,101.3116,0.5,0.5
flow_8241,0x10002031,10,ICMP,48,correlator,104.0,104.0,104.0,0.1958,0.4425,104.0,104.0,104.0,0.0,0.992971,1.007029,1.0,1.235e-05,0.003515,9,1.0,2.0,104.0,18.3213,18,1872,0.9825,102.176,0.5,0.5
flow_8253,0x1000203d,10,ICMP,48,correlator,96.0,96.0,96.0,0.0226,0.1505,96.0,96.0,96.0,0.0,0.483634,0.516366,0.5,6.696e-05,0.008183,28,1.0,2.0,96.0,28.3503,56,5376,1.9753,189.6278,0.5,0.5
flow_8265,0x10002049,10,ICMP,48,correlator,104.0,104.0,104.0,0.2116,0.4601,104.0,104.0,104.0,0.0,0.481631,0.518369,0.5,8.436e-05,0.009185,11,1.0,2.0,104.0,11.6514,23,2392,1.974,205.2968,0.5,0.5
flow_8277,0x10002055,10,ICMP,48,correlator,104.0,104.0,104.0,0.6063,0.7786,104.0,104.0,104.0,0.0,0.483058,0.516942,0.5,7.176e-05,0.008471,26,1.0,2.0,104.0,26.0144,52,5408,1.9989,207.8852,0.5,0.5
flow_8289,0x10002061,10,ICMP,48,correlator,96.0,96.0,96.0,0.3229,0.5683,96.0,96.0,96.0,0.0,0.982626,1.017374,1.0,7.546e-05,0.008687,14,1.0,2.0,96.0,29.4995,29,2784,0.9831,94.3746,0.5,0.5
flow_8301,0x1000206d,10,ICMP,48,correlator,96.0,96.0,96.0,0.0524,0.2288,96.0,96.0,96.0,0.0,0.485747,0.514253,0.5,5.078e-05,0.007126,12,1.0,2.0,96.0,12.1606,24,2304,1.9736,189.464,0.5,0.5
flow_8313,0x10002079,10,ICMP,48,correlator,96.0,96.0,96.0,0.1895,0.4354,96.0,96.0,96.0,0.0,0.987107,1.012893,1.0,4.156e-05,0.006446,7,1.0,2.0,96.0,15.3329,15,1440,0.9783,93.9159,0.5,0.5
flow_8325,0x10002085,10,ICMP,48,correlator,112.0,112.0,112.0,0.2008,0.4481,112.0,112.0,112.0,0.0,0.48056,0.51944,0.5,9.448e-05,0.00972,25,1.0,2.0,112.0,25.5844,51,5712,1.9934,223.2607,0.5,0.5
flow_8337,0x10002091,10,ICMP,48,correlator,96.0,96.0,96.0,0.6138,0.7834,96.0,96.0,96.0,0.0,0.482415,0.517585,0.5,7.731e-05,0.008792,27,1.0,2.0,96.0,27.7813,55,5280,1.9798,190.0561,0.5,0.5
flow_8349,0x1000209d,10,ICMP,48,correlator,96.0,96.0,96.0,0.3053,0.5525,96.0,96.0,96.0,0.0,0.992076,1.007924,1.0,1.57e-05,0.003962,19,1.0,2.0,96.0,39.0476,39,3744,0.9988,95.8829,0.5,0.5
flow_8361,0x100020a9,10,ICMP,48,correlator,104.0,104.0,104.0,0.5961,0.7721,104.0,104.0,104.0,0.0,0.98325,1.01675,1.0,7.014e-05,0.008375,7,1.0,2.0,104.0,14.4531,14,1456,0.9687,100.7398,0.5,0.5
flow_8373,0x100020b5,10,ICMP,48,correlator,96.0,96.0,96.0,0.4491,0.6701,96.0,96.0,96.0,0.0,0.486272,0.513728,0.5,4.712e-05,0.006864,25,1.0,2.0,96.0,25.8065,51,4896,1.9762,189.7194,0.5,0.5
flow_8385,0x100020c1,10,ICMP,48,correlator,104.0,104.0,104.0,0.3903,0.6247,104.0,104.0,104.0,0.0,0.976084,1.023916,1.0,0.000143,0.011958,6,1.0,2.0,104.0,13.2605,13,1352,0.9804,101.9569,0.5,0.5
flow_8397,0x100020cd,10,ICMP,48,correlator,96.0,96.0,96.0,0.2496,0.4996,96.0,96.0,96.0,0.0,0.991431,1.008569,1.0,1.836e-05,0.004284,6,1.0,2.0,96.0,12.8964,12,1152,0.9305,89.3273,0.5,0.5
flow_8409,0x100020d9,10,ICMP,48,correlator,104.0,104.0,104.0,0.5481,0.7403,104.0,104.0,104.0,0.0,0.976378,1.023622,1.0,0.0001395,0.011811,18,1.0,2.0,104.0,37.6312,37,3848,0.9832,102.2555,0.5,0.5
flow_8421,0x100020e5,10,ICMP,48,correlator,96.0,96.0,96.0,0.3763,0.6134,96.0,96.0,96.0,0.0,0.97805,1.02195,1.0,0.00012045,0.010975,8,1.0,2.0,96.0,17.8605,17,1632,0.9518,91.3749,0.5,0.5
flow_8433,0x100020f1,10,ICMP,48,correlator,104.0,104.0,104.0,0.2989,0.5467,104.0,104.0,104.0,0.0,0.487056,0.512944,0.5,4.189e-05,0.006472,10,1.0,2.0,104.0,10.1509,20,2080,1.9703,204.9083,0.5,0.5
flow_8445,0x100020fd,10,ICMP,48,correlator,104.0,104.0,104.0,0.1577,0.3971,104.0,104.0,104.0,0.0,0.995792,1.004208,1.0,4.43e-06,0.002104,10,1.0,2.0,104.0,20.4035,20,2080,0.9802,101.9433,0.5,0.5
flow_8457,0x10002109,10,ICMP,48,correlator,104.0,104.0,104.0,0.287,0.5357,104.0,104.0,104.0,0.0,0.481313,0.518687,0.5,8.73e-05,0.009344,34,1.0,2.0,104.0,34.2442,68,7072,1.9857,206.5166,0.5,0.5
flow_8469,0x10002115,10,ICMP,48,correlator,104.0,104.0,104.0,0.2918,0.5402,104.0,104.0,104.0,0.0,0.980491,1.019509,1.0,9.515e-05,0.009754,7,1.0,2.0,104.0,14.3841,14,1456,0.9733,101.2229,0.5,0.5
flow_8481,0x10002121,10,ICMP,48,correlator,104.0,104.0,104.0,0.4986,0.7061,104.0,104.0,104.0,0.0,0.982937,1.017063,1.0,7.278e-05,0.008531,7,1.0,2.0,104.0,15.0593,15,1560,0.9961,103.5908,0.5,0.5
flow_8493,0x1000212d,10,ICMP,48,correlator,112.0,112.0,112.0,0.0359,0.1896,112.0,112.0,112.0,0.0,0.981168,1.018832,1.0,8.866e-05,0.009416,16,1.0,2.0,112.0,32.5819,32,3584,0.9821,109.9998,0.5,0.5
flow_8505,0x10002139,10,ICMP,48,correlator,104.0,104.0,104.0,0.1289,0.3591,104.0,104.0,104.0,0.0,0.477894,0.522106,0.5,0.00012217,0.011053,18,1.0,2.0,104.0,18.6465,37,3848,1.9843,206.366,0.5,0.5
flow_8517,0x10002145,10,ICMP,48,correlator,112.0,112.0,112.0,0.2363,0.4861,112.0,112.0,112.0,0.0,0.990127,1.009873,1.0,2.437e-05,0.004936,14,1.0,2.0,112.0,28.8422,28,3136,0.9708,108.7294,0.5,0.5
flow_8529,0x10002151,10,ICMP,48,correlator,96.0,96.0,96.0,0.2529,0.5029,96.0,96.0,96.0,0.0,0.491456,0.508544,0.5,1.825e-05,0.004272,11,1.0,2.0,96.0,11.2197,22,2112,1.9608,188.2396,0.5,0.5
flow_8541,0x1000215d,10,ICMP,48,correlator,104.0,104.0,104.0,0.0347,0.1863,104.0,104.0,104.0,0.0,0.483095,0.516905,0.5,7.144e-05,0.008452,36,1.0,2.0,104.0,36.636,73,7592,1.9926,207.2277,0.5,0.5
flow_8553,0x10002169,10,ICMP,48,correlator,96.0,96.0,96.0,0.1186,0.3444,96.0,96.0,96.0,0.0,0.987344,1.012656,1.0,4.004e-05,0.006328,7,1.0,2.0,96.0,14.148,14,1344,0.9895,94.996,0.5,0.5
flow_8565,0x10002175,10,ICMP,48,correlator,112.0,112.0,112.0,0.236,0.4858,112.0,112.0,112.0,0.0,0.988067,1.011933,1.0,3.56e-05,0.005966,12,1.0,2.0,112.0,24.7173,24,2688,0.971,108.7499,0.5,0.5
flow_8577,0x10002181,10,ICMP,48,correlator,104.0,104.0,104.0,0.2263,0.4757,104.0,104.0,104.0,0.0,0.495566,0.504434,0.5,4.92e-06,0.002217,34,1.0,2.0,104.0,34.7494,69,7176,1.9856,206.507,0.5,0.5
flow_8589,0x1000218d,10,ICMP,48,correlator,104.0,104.0,104.0,0.079,0.2811,104.0,104.0,104.0,0.0,0.486252,0.513748,0.5,4.725e-05,0.006874,24,1.0,2.0,104.0,24.0021,48,4992,1.9998,207.9819,0.5,0.5
flow_8601,0x10002199,10,ICMP,48,correlator,104.0,104.0,104.0,0.0378,0.1944,104.0,104.0,104.0,0.0,0.483994,0.516006,0.5,6.405e-05,0.008003,36,1.0,2.0,104.0,36.6207,73,7592,1.9934,207.3143,0.5,0.5
flow_8613,0x100021a5,10,ICMP,48,correlator,96.0,96.0,96.0,0.1012,0.3181,96.0,96.0,96.0,0.0,0.97984,1.02016,1.0,0.00010161,0.01008,8,1.0,2.0,96.0,17.7135,17,1632,0.9597,92.1332,0.5,0.5
flow_8625,0x100021b1,10,ICMP,48,correlator,96.0,96.0,96.0,0.088,0.2967,96.0,96.0,96.0,0.0,0.980823,1.019177,1.0,9.194e-05,0.009588,5,1.0,2.0,96.0,11.7695,11,1056,0.9346,89.7234,0.5,0.5
flow_8637,0x100021bd,10,ICMP,48,correlator,112.0,112.0,112.0,0.4737,0.6882,112.0,112.0,112.0,0.0,0.97802,1.02198,1.0,0.00012078,0.01099,6,1.0,2.0,112.0,13.0188,13,1456,0.9986,111.8379,0.5,0.5
flow_8649,0x100021c9,10,ICMP,48,correlator,104.0,104.0,104.0,0.0583,0.2414,104.0,104.0,104.0,0.0,0.480367,0.519633,0.5,9.637e-05,0.009817,16,1.0,2.0,104.0,16.4608,32,3328,1.944,202.1772,0.5,0.5
flow_8661,0x100021d5,10,ICMP,48,correlator,112.0,112.0,112.0,0.0771,0.2776,112.0,112.0,112.0,0.0,0.485955,0.514045,0.5,4.931e-05,0.007022,12,1.0,2.0,112.0,12.6451,25,2800,1.9771,221.4296,0.5,0.5
flow_8673,0x100021e1,10,ICMP,48,correlator,96.0,96.0,96.0,0.2738,0.5233,96.0,96.0,96.0,0.0,0.488727,0.511273,0.5,3.177e-05,0.005636,39,1.0,2.0,96.0,39.4584,78,7488,1.9768,189.7696,0.5,0.5
flow_8685,0x100021ed,10,ICMP,48,correlator,104.0,104.0,104.0,0.2392,0.489,104.0,104.0,104.0,0.0,0.493444,0.506556,0.5,1.074e-05,0.003278,30,1.0,2.0,104.0,30.6858,61,6344,1.9879,206.7407,0.5,0.5
flow_8697,0x100021f9,10,ICMP,48,correlator,112.0,112.0,112.0,0.0723,0.2689,112.0,112.0,112.0,0.0,0.482036,0.517964,0.5,8.067e-05,0.008982,22,1.0,2.0,112.0,22.1521,44,4928,1.9863,222.4617,0.5,0.5
flow_8709,0x10002205,10,ICMP,48,correlator,104.0,104.0,104.0,0.0214,0.1464,104.0,104.0,104.0,0.0,0.982676,1.017324,1.0,7.503e-05,0.008662,15,1.0,2.0,104.0,30.0376,30,3120,0.9987,103.8698,0.5,0.5
flow_8721,0x10002211,10,ICMP,48,correlator,96.0,96.0,96.0,0.605,0.7778,96.0,96.0,96.0,0.0,0.479103,0.520897,0.5,0.00010917,0.010449,20,1.0,2.0,96.0,20.2112,40,3840,1.9791,189.994,0.5,0.5
flow_8733,0x1000221d,10,ICMP,48,correlator,112.0,112.0,112.0,0.6161,0.7849,112.0,112.0,112.0,0.0,0.490855,0.509145,0.5,2.091e-05,0.004572,22,1.0,2.0,112.0,22.1236,44,4928,1.9888,222.749,0.5,0.5
flow_8745,0x10002229,10,ICMP,48,correlator,104.0,104.0,104.0,0.605,0.7778,104.0,104.0,104.0,0.0,0.482967,0.517033,0.5,7.253e-05,0.008517,29,1.0,2.0,104.0,29.9079,59,6136,1.9727,205.163,0.5,0.5
flow_8757,0x10002235,10,ICMP,48,correlator,104.0,104.0,104.0,0.0481,0.2193,104.0,104.0,104.0,0.0,0.488346,0.511654,0.5,3.395e-05,0.005827,27,1.0,2.0,104.0,27.8607,55,5720,1.9741,205.3073,0.5,0.5
flow_8769,0x10002241,10,ICMP,48,correlator,104.0,104.0,104.0,0.1475,0.3841,104.0,104.0,104.0,0.0,0.980051,1.019949,1.0,9.949e-05,0.009974,16,1.0,2.0,104.0,33.3523,33,3432,0.9894,102.9016,0.5,0.5
flow_8781,0x1000224d,10,ICMP,48,correlator,96.0,96.0,96.0,0.6111,0.7817,96.0,96.0,96.0,0.0,0.486354,0.513646,0.5,4.655e-05,0.006823,31,1.0,2.0,96.0,31.2499,62,5952,1.984,190.4646,0.5,0.5
flow_8793,0x10002259,10,ICMP,48,correlator,112.0,112.0,112.0,0.2139,0.4625,112.0,112.0,112.0,0.0,0.477987,0.522013,0.5,0.00012114,0.011006,36,1.0,2.0,112.0,36.8014,73,8176,1.9836,222.1657,0.5,0.5
flow_8805,0x10002265,10,ICMP,48,correlator,104.0,104.0,104.0,0.1947,0.4412,104.0,104.0,104.0,0.0,0.995777,1.004223,1.0,4.46e-06,0.002111,6,1.0,2.0,104.0,13.4995,13,1352,0.963,100.152,0.5,0.5
flow_8817,0x10002271,10,ICMP,48,correlator,96.0,96.0,96.0,0.1147,0.3387,96.0,96.0,96.0,0.0,0.488371,0.511629,0.5,3.381e-05,0.005815,27,1.0,2.0,96.0,27.6253,55,5280,1.9909,191.1294,0.5,0.5
flow_8829,0x1000227d,10,ICMP,48,correlator,112.0,112.0,112.0,0.0161,0.127,112.0,112.0,112.0,0.0,0.495184,0.504816,0.5,5.8e-06,0.002408,29,1.0,2.0,112.0,29.2938,58,6496,1.9799,221.7537,0.5,0.5
flow_8841,0x10002289,10,ICMP,48,correlator,96.0,96.0,96.0,0.3598,0.5998,96.0,96.0,96.0,0.0,0.990903,1.009097,1.0,2.069e-05,0.004548,14,1.0,2.0,96.0,28.93,28,2688,0.9679,92.9138,0.5,0.5
flow_8853,0x10002295,10,ICMP,48,correlator,104.0,104.0,104.0,0.1143,0.3381,104.0,104.0,104.0,0.0,0.981426,1.018574,1.0,8.625e-05,0.009287,18,1.0,2.0,104.0,36.5233,36,3744,0.9857,102.5099,0.5,0.5
flow_8865,0x100022a1,10,ICMP,48,correlator,104.0,104.0,104.0,0.017,0.1306,104.0,104.0,104.0,0.0,0.985317,1.014683,1.0,5.39e-05,0.007341,7,1.0,2.0,104.0,14.4292,14,1456,0.9703,100.9063,0.5,0.5
flow_8877,0x100022ad,10,ICMP,48,correlator,96.0,96.0,96.0,0.0648,0.2546,96.0,96.0,96.0,0.0,0.495195,0.504805,0.5,5.77e-06,0.002403,16,1.0,2.0,96.0,16.2038,32,3072,1.9748,189.5848,0.5,0.5
flow_8889,0x100022b9,10,ICMP,48,correlator,112.0,112.0,112.0,0.1525,0.3905,112.0,112.0,112.0,0.0,0.994783,1.005217,1.0,6.8e-06,0.002608,5,1.0,2.0,112.0,11.5431,11,1232,0.9529,106.7301,0.5,0.5
flow_8901,0x100022c5,10,ICMP,48,correlator,96.0,96.0,96.0,0.0184,0.1356,96.0,96.0,96.0,0.0,0.985497,1.014503,1.0,5.259e-05,0.007252,14,1.0,2.0,96.0,29.3688,29,2784,0.9874,94.7946,0.5,0.5
flow_8913,0x100022d1,10,ICMP,48,correlator,104.0,104.0,104.0,0.2846,0.5334,104.0,104.0,104.0,0.0,0.98234,1.01766,1.0,7.797e-05,0.00883,13,1.0,2.0,104.0,26.8149,26,2704,0.9696,100.8395,0.5,0.5
flow_8925,0x100022dd,10,ICMP,48,correlator,112.0,112.0,112.0,0.386,0.6213,112.0,112.0,112.0,0.0,0.478957,0.521043,0.5,0.0001107,0.010522,39,1.0,2.0,112.0,39.6423,79,8848,1.9928,223.196,0.5,0.5
flow_8937,0x100022e9,10,ICMP,48,correlator,112.0,112.0,112.0,0.6151,0.7843,112.0,112.0,112.0,0.0,0.989638,1.010362,1.0,2.684e-05,0.005181,19,1.0,2.0,112.0,38.9346,38,4256,0.976,109.3117,0.5,0.5
flow_8949,0x100022f5,10,ICMP,48,correlator,104.0,104.0,104.0,0.3665,0.6054,104.0,104.0,104.0,0.0,0.491232,0.508768,0.5,1.922e-05,0.004384,17,1.0,2.0,104.0,17.8567,35,3640,1.96,203.8448,0.5,0.5
flow_8961,0x10002301,10,ICMP,48,correlator,96.0,96.0,96.0,0.0533,0.2309,96.0,96.0,96.0,0.0,0.492318,0.507682,0.5,1.475e-05,0.003841,24,1.0,2.0,96.0,24.8142,49,4704,1.9747,189.5691,0.5,0.5
flow_8973,0x1000230d,10,ICMP,48,correlator,112.0,112.0,112.0,0.6094,0.7806,112.0,112.0,112.0,0.0,0.485902,0.514098,0.5,4.969e-05,0.007049,28,1.0,2.0,112.0,28.0308,56,6272,1.9978,223.7538,0.5,0.5
flow_8985,0x10002319,10,ICMP,48,correlator,96.0,96.0,96.0,0.1155,0.3398,96.0,96.0,96.0,0.0,0.490941,0.509059,0.5,2.051e-05,0.004529,24,1.0,2.0,96.0,24.9803,49,4704,1.9615,188.3086,0.5,0.5
flow_8997,0x10002325,10,ICMP,48,correlator,112.0,112.0,112.0,0.5825,0.7632,112.0,112.0,112.0,0.0,0.488466,0.511534,0.5,3.326e-05,0.005767,25,1.0,2.0,112.0,25.8879,51,5712,1.97,220.6438,0.5,0.5
flow_9009,0x10002331,10,ICMP,48,correlator,96.0,96.0,96.0,0.3813,0.6175,96.0,96.0,96.0,0.0,0.477932,0.522068,0.5,0.00012175,0.011034,38,1.0,2.0,96.0,38.2897,76,7296,1.9849,190.5471,0.5,0.5
flow_9021,0x1000233d,10,ICMP,48,correlator,96.0,96.0,96.0,0.4304,0.656,96.0,96.0,96.0,0.0,0.476856,0.523144,0.5,0.00013391,0.011572,10,1.0,2.0,96.0,10.1041,20,1920,1.9794,190.0212,0.5,0.5
flow_9033,0x10002349,10,ICMP,48,correlator,96.0,96.0,96.0,0.3289,0.5735,96.0,96.0,96.0,0.0,0.481832,0.518168,0.5,8.251e-05,0.009084,25,1.0,2.0,96.0,25.455,50,4800,1.9642,188.5678,0.5,0.5
flow_9045,0x10002355,10,ICMP,48,correlator,96.0,96.0,96.0,0.0201,0.1417,96.0,96.0,96.0,0.0,0.484695,0.515305,0.5,5.856e-05,0.007653,15,1.0,2.0,96.0,15.8974,31,2976,1.95,187.2001,0.5,0.5
flow_9057,0x10002361,10,ICMP,48,correlator,96.0,96.0,96.0,0.1176,0.3429,96.0,96.0,96.0,0.0,0.490417,0.509583,0.5,2.296e-05,0.004791,14,1.0,2.0,96.0,14.8468,29,2784,1.9533,187.5155,0.5,0.5
flow_9069,0x1000236d,10,ICMP,48,correlator,96.0,96.0,96.0,0.4539,0.6737,96.0,96.0,96.0,0.0,0.976264,1.023736,1.0,0.00014085,0.011868,10,1.0,2.0,96.0,20.6297,20,1920,0.9695,93.0698,0.5,0.5
flow_9081,0x10002379,10,ICMP,48,correlator,96.0,96.0,96.0,0.5288,0.7272,96.0,96.0,96.0,0.0,0.995422,1.004578,1.0,5.24e-06,0.002289,8,1.0,2.0,96.0,17.8261,17,1632,0.9537,91.5514,0.5,0.5
flow_9093,0x10002385,10,ICMP,48,correlator,104.0,104.0,104.0,0.0402,0.2005,104.0,104.0,104.0,0.0,0.993426,1.006574,1.0,1.081e-05,0.003287,9,1.0,2.0,104.0,18.1687,18,1872,0.9907,103.0345,0.5,0.5
flow_9105,0x10002391,10,ICMP,48,correlator,96.0,96.0,96.0,0.2061,0.454,96.0,96.0,96.0,0.0,0.983777,1.016223,1.0,6.58e-05,0.008112,15,1.0,2.0,96.0,31.7195,31,2976,0.9773,93.8225,0.5,0.5
flow_9117,0x1000239d,10,ICMP,48,correlator,96.0,96.0,96.0,0.2587,0.5086,96.0,96.0,96.0,0.0,0.99375,1.00625,1.0,9.77e-06,0.003125,8,1.0,2.0,96.0,17.0062,17,1632,0.9996,95.9651,0.5,0.5
flow_9129,0x100023a9,10,ICMP,48,correlator,104.0,104.0,104.0,0.1743,0.4175,104.0,104.0,104.0,0.0,0.492452,0.507548,0.5,1.424e-05,0.003774,26,1.0,2.0,104.0,26.0523,52,5408,1.996,207.5822,0.5,0.5
flow_9141,0x100023b5,10,ICMP,48,correlator,96.0,96.0,96.0,0.328,0.5727,96.0,96.0,96.0,0.0,0.976432,1.023568,1.0,0.00013887,0.011784,18,1.0,2.0,96.0,36.5672,36,3456,0.9845,94.511,0.5,0.5
flow_9153,0x100023c1,10,ICMP,48,correlator,104.0,104.0,104.0,0.0749,0.2736,104.0,104.0,104.0,0.0,0.492526,0.507474,0.5,1.396e-05,0.003737,20,1.0,2.0,104.0,20.7252,41,4264,1.9783,205.7401,0.5,0.5
flow_9165,0x100023cd,10,ICMP,48,correlator,104.0,104.0,104.0,0.1907,0.4367,104.0,104.0,104.0,0.0,0.991569,1.008431,1.0,1.777e-05,0.004215,6,1.0,2.0,104.0,13.5359,13,1352,0.9604,99.8822,0.5,0.5
flow_9177,0x100023d9,10,ICMP,48,correlator,104.0,104.0,104.0,0.1125,0.3353,104.0,104.0,104.0,0.0,0.987751,1.012249,1.0,3.751e-05,0.006125,17,1.0,2.0,104.0,35.4275,35,3640,0.9879,102.745,0.5,0.5
flow_9189,0x100023e5,10,ICMP,48,correlator,104.0,104.0,104.0,0.1018,0.3191,104.0,104.0,104.0,0.0,0.98102,1.01898,1.0,9.006e-05,0.00949,14,1.0,2.0,104.0,28.6412,28,2912,0.9776,101.6717,0.5,0.5
flow_9201,0x100023f1,10,ICMP,48,correlator,104.0,104.0,104.0,0.1086,0.3295,104.0,104.0,104.0,0.0,0.983403,1.016597,1.0,6.887e-05,0.008299,8,1.0,2.0,104.0,16.3056,16,1664,0.9813,102.0511,0.5,0.5
flow_9213,0x100023fd,10,ICMP,48,correlator,104.0,104.0,104.0,0.13,0.3606,104.0,104.0,104.0,0.0,0.477179,0.522821,0.5,0.00013019,0.01141,32,1.0,2.0,104.0,32.3514,64,6656,1.9783,205.7409,0.5,0.5
flow_9225,0x10002409,10,ICMP,48,correlator,104.0,104.0,104.0,0.1526,0.3907,104.0,104.0,104.0,0.0,0.994574,1.005426,1.0,7.36e-06,0.002713,8,1.0,2.0,104.0,16.2611,16,1664,0.9839,102.33,0.5,0.5
flow_9237,0x10002415,10,ICMP,48,correlator,112.0,112.0,112.0,0.0109,0.1042,112.0,112.0,112.0,0.0,0.476962,0.523038,0.5,0.00013268,0.011519,34,1.0,2.0,112.0,34.6973,69,7728,1.9886,222.7265,0.5,0.5
flow_9249,0x10002421,10,ICMP,48,correlator,104.0,104.0,104.0,0.1837,0.4286,104.0,104.0,104.0,0.0,0.980115,1.019885,1.0,9.886e-05,0.009943,9,1.0,2.0,104.0,18.2483,18,1872,0.9864,102.585,0.5,0.5
flow_9261,0x1000242d,10,ICMP,48,correlator,96.0,96.0,96.0,0.0343,0.1853,96.0,96.0,96.0,0.0,0.992022,1.007978,1.0,1.591e-05,0.003989,5,1.0,2.0,96.0,10.2761,10,960,0.9731,93.4206,0.5,0.5
flow_9273,0x10002439,10,ICMP,48,correlator,104.0,104.0,104.0,0.4481,0.6694,104.0,104.0,104.0,0.0,0.490658,0.509342,0.5,2.182e-05,0.004671,29,1.0,2.0,104.0,29.1857,58,6032,1.9873,206.6766,0.5,0.5
flow_9285,0x10002445,10,ICMP,48,correlator,96.0,96.0,96.0,0.2548,0.5047,96.0,96.0,96.0,0.0,0.988423,1.011577,1.0,3.351e-05,0.005789,11,1.0,2.0,96.0,23.1304,23,2208,0.9944,95.4586,0.5,0.5
flow_9297,0x10002451,10,ICMP,48,correlator,104.0,104.0,104.0,0.4429,0.6655,104.0,104.0,104.0,0.0,0.479634,0.520366,0.5,0.00010369,0.010183,30,1.0,2.0,104.0,30.2114,60,6240,1.986,206.5448,0.5,0.5
flow_9309,0x1000245d,10,ICMP,48,correlator,96.0,96.0,96.0,0.0752,0.2743,96.0,96.0,96.0,0.0,0.477398,0.522602,0.5,0.00012772,0.011301,26,1.0,2.0,96.0,26.3872,52,4992,1.9707,189.1828,0.5,0.5
flow_9321,0x10002469,10,ICMP,48,correlator,104.0,104.0,104.0,0.0793,0.2816,104.0,104.0,104.0,0.0,0.995501,1.004499,1.0,5.06e-06,0.00225,11,1.0,2.0,104.0,23.9834,23,2392,0.959,99.7357,0.5,0.5
flow_9333,0x10002475,10,ICMP,48,correlator,96.0,96.0,96.0,0.4899,0.6999,96.0,96.0,96.0,0.0,0.476038,0.523962,0.5,0.00014355,0.011981,12,1.0,2.0,96.0,12.0068,24,2304,1.9989,191.8918,0.5,0.5
flow_9345,0x10002481,10,ICMP,48,correlator,112.0,112.0,112.0,0.4788,0.6919,112.0,112.0,112.0,0.0,0.990178,1.009822,1.0,2.412e-05,0.004911,16,1.0,2.0,112.0,32.937,32,3584,0.9716,108.814,0.5,0.5
flow_9357,0x1000248d,10,ICMP,48,correlator,112.0,112.0,112.0,0.0103,0.1013,112.0,112.0,112.0,0.0,0.993505,1.006495,1.0,1.055e-05,0.003248,7,1.0,2.0,112.0,14.4134,14,1568,0.9713,108.7874,0.5,0.5
flow_9369,0x10002499,10,ICMP,48,correlator,96.0,96.0,96.0,0.2374,0.4872,96.0,96.0,96.0,0.0,0.97709,1.02291,1.0,0.00013121,0.011455,11,1.0,2.0,96.0,22.9916,22,2112,0.9569,91.8598,0.5,0.5
flow_9381,0x100024a5,10,ICMP,48,correlator,112.0,112.0,112.0,0.2635,0.5134,112.0,112.0,112.0,0.0,0.993936,1.006064,1.0,9.19e-06,0.003032,9,1.0,2.0,112.0,18.8783,18,2016,0.9535,106.7891,0.5,0.5
flow_9393,0x100024b1,10,ICMP,48,correlator,104.0,104.0,104.0,0.1151,0.3393,104.0,104.0,104.0,0.0,0.986563,1.013437,1.0,4.514e-05,0.006719,7,1.0,2.0,104.0,14.6136,14,1456,0.958,99.633,0.5,0.5
flow_9405,0x100024bd,10,ICMP,48,correlator,104.0,104.0,104.0,0.4853,0.6966,104.0,104.0,104.0,0.0,0.481599,0.518401,0.5,8.465e-05,0.0092,33,1.0,2.0,104.0,33.2445,66,6864,1.9853,206.47,0.5,0.5
flow_9417,0x100024c9,10,ICMP,48,correlator,96.0,96.0,96.0,0.1488,0.3857,96.0,96.0,96.0,0.0,0.982276,1.017724,1.0,7.853e-05,0.008862,13,1.0,2.0,96.0,26.862,26,2496,0.9679,92.9193,0.5,0.5
flow_9429,0x100024d5,10,ICMP,48,correlator,112.0,112.0,112.0,0.0922,0.3037,112.0,112.0,112.0,0.0,0.490714,0.509286,0.5,2.156e-05,0.004643,15,1.0,2.0,112.0,15.1606,30,3360,1.9788,221.6265,0.5,0.5
flow_9441,0x100024e1,10,ICMP,48,correlator,104.0,104.0,104.0,0.1411,0.3756,104.0,104.0,104.0,0.0,0.992879,1.007121,1.0,1.268e-05,0.00356,15,1.0,2.0,104.0,30.2102,30,3120,0.993,103.2764,0.5,0.5
flow_9453,0x100024ed,10,ICMP,48,correlator,96.0,96.0,96.0,0.517,0.7191,96.0,96.0,96.0,0.0,0.984742,1.015258,1.0,5.82e-05,0.007629,18,1.0,2.0,96.0,37.7853,37,3552,0.9792,94.0048,0.5,0.5
flow_9465,0x100024f9,10,ICMP,48,correlator,104.0,104.0,104.0,0.382,0.618,104.0,104.0,104.0,0.0,0.475905,0.524095,0.5,0.00014514,0.012048,36,1.0,2.0,104.0,36.7995,73,7592,1.9837,206.3071,0.5,0.5
flow_9477,0x10002505,10,ICMP,48,correlator,96.0,96.0,96.0,0.1859,0.4311,96.0,96.0,96.0,0.0,0.478741,0.521259,0.5,0.00011299,0.010629,28,1.0,2.0,96.0,28.5142,57,5472,1.999,191.9047,0.5,0.5
flow_9489,0x10002511,10,ICMP,48,correlator,96.0,96.0,96.0,0.0226,0.1502,96.0,96.0,96.0,0.0,0.489721,0.510279,0.5,2.642e-05,0.00514,26,1.0,2.0,96.0,26.0822,52,4992,1.9937,191.3949,0.5,0.5
flow_9501,0x1000251d,10,ICMP,48,correlator,112.0,112.0,112.0,0.2391,0.489,112.0,112.0,112.0,0.0,0.482376,0.517624,0.5,7.766e-05,0.008812,33,1.0,2.0,112.0,33.2391,66,7392,1.9856,222.3887,0.5,0.5
flow_9513,0x10002529,10,ICMP,48,correlator,104.0,104.0,104.0,0.1165,0.3414,104.0,104.0,104.0,0.0,0.494192,0.505808,0.5,8.43e-06,0.002904,12,1.0,2.0,104.0,12.7716,25,2600,1.9575,203.5769,0.5,0.5
flow_9525,0x10002535,10,ICMP,48,correlator,112.0,112.0,112.0,0.5583,0.7472,112.0,112.0,112.0,0.0,0.476979,0.523021,0.5,0.0001325,0.011511,25,1.0,2.0,112.0,25.6022,51,5712,1.992,223.1056,0.5,0.5
flow_9537,0x10002541,10,ICMP,48,correlator,96.0,96.0,96.0,0.2864,0.5352,96.0,96.0,96.0,0.0,0.49547,0.50453,0.5,5.13e-06,0.002265,25,1.0,2.0,96.0,25.3947,50,4800,1.9689,189.0161,0.5,0.5
flow_9549,0x1000254d,10,ICMP,48,correlator,96.0,96.0,96.0,0.0278,0.1668,96.0,96.0,96.0,0.0,0.987855,1.012145,1.0,3.688e-05,0.006073,14,1.0,2.0,96.0,29.1143,29,2784,0.9961,95.623,0.5,0.5
flow_9561,0x10002559,10,ICMP,48,correlator,104.0,104.0,104.0,0.0837,0.2893,104.0,104.0,104.0,0.0,0.492638,0.507362,0.5,1.355e-05,0.003681,38,1.0,2.0,104.0,38.2945,76,7904,1.9846,206.4002,0.5,0.5
flow_9573,0x10002565,10,ICMP,48,correlator,112.0,112.0,112.0,0.127,0.3563,112.0,112.0,112.0,0.0,0.4913,0.5087,0.5,1.892e-05,0.00435,32,1.0,2.0,112.0,32.9598,65,7280,1.9721,220.8751,0.5,0.5
flow_9585,0x10002571,10,ICMP,48,correlator,112.0,112.0,112.0,0.1253,0.3539,112.0,112.0,112.0,0.0,0.984768,1.015232,1.0,5.8e-05,0.007616,12,1.0,2.0,112.0,24.6593,24,2688,0.9733,109.0057,0.5,0.5
flow_9597,0x1000257d,10,ICMP,48,correlator,104.0,104.0,104.0,0.4526,0.6728,104.0,104.0,104.0,0.0,0.476907,0.523093,0.5,0.00013333,0.011547,28,1.0,2.0,104.0,28.2851,56,5824,1.9798,205.9031,0.5,0.5
flow_9609,0x10002589,10,ICMP,48,correlator,112.0,112.0,112.0,0.1718,0.4144,112.0,112.0,112.0,0.0,0.484814,0.515186,0.5,5.765e-05,0.007593,39,1.0,2.0,112.0,39.1574,78,8736,1.992,223.0995,0.5,0.5
flow_9621,0x10002595,10,ICMP,48,correlator,96.0,96.0,96.0,0.0332,0.1822,96.0,96.0,96.0,0.0,0.981522,1.018478,1.0,8.536e-05,0.009239,17,1.0,2.0,96.0,34.2831,34,3264,0.9917,95.2072,0.5,0.5
flow_9633,0x100025a1,10,ICMP,48,correlator,104.0,104.0,104.0,0.3272,0.572,104.0,104.0,104.0,0.0,0.994438,1.005562,1.0,7.73e-06,0.002781,16,1.0,2.0,104.0,33.9129,33,3432,0.9731,101.2005,0.5,0.5
flow_9645,0x100025ad,10,ICMP,48,correlator,112.0,112.0,112.0,0.0385,0.1961,112.0,112.0,112.0,0.0,0.488464,0.511536,0.5,3.327e-05,0.005768,36,1.0,2.0,112.0,36.5926,73,8176,1.9949,223.4331,0.5,0.5
flow_9657,0x100025b9,10,ICMP,48,correlator,96.0,96.0,96.0,0.1299,0.3605,96.0,96.0,96.0,0.0,0.976849,1.023151,1.0,0.00013399,0.011575,16,1.0,2.0,96.0,32.6261,32,3072,0.9808,94.1577,0.5,0.5
flow_9669,0x100025c5,10,ICMP,48,correlator,104.0,104.0,104.0,0.4537,0.6736,104.0,104.0,104.0,0.0,0.977563,1.022437,1.0,0.00012586,0.011219,14,1.0,2.0,104.0,28.0744,28,2912,0.9973,103.7243,0.5,0.5
flow_9681,0x100025d1,10,ICMP,48,correlator,112.0,112.0,112.0,0.4267,0.6532,112.0,112.0,112.0,0.0,0.99099,1.00901,1.0,2.03e-05,0.004505,16,1.0,2.0,112.0,33.0038,33,3696,0.9999,111.9869,0.5,0.5
flow_9693,0x100025dd,10,ICMP,48,correlator,104.0,104.0,104.0,0.4322,0.6574,104.0,104.0,104.0,0.0,0.989479,1.010521,1.0,2.767e-05,0.005261,6,1.0,2.0,104.0,12.1189,12,1248,0.9902,102.9799,0.5,0.5
flow_9705,0x100025e9,10,ICMP,48,correlator,104.0,104.0,104.0,0.2112,0.4596,104.0,104.0,104.0,0.0,0.976742,1.023258,1.0,0.00013523,0.011629,18,1.0,2.0,104.0,37.7719,37,3848,0.9796,101.8746,0.5,0.5
flow_9717,0x100025f5,10,ICMP,48,correlator,112.0,112.0,112.0,0.3274,0.5721,112.0,112.0,112.0,0.0,0.989038,1.010962,1.0,3.004e-05,0.005481,10,1.0,2.0,112.0,21.6825,21,2352,0.9685,108.4745,0.5,0.5
flow_9729,0x10002601,10,ICMP,48,correlator,112.0,112.0,112.0,0.3903,0.6247,112.0,112.0,112.0,0.0,0.990294,1.009706,1.0,2.355e-05,0.004853,18,1.0,2.0,112.0,37.596,37,4144,0.9841,110.2245,0.5,0.5
flow_9741,0x1000260d,10,ICMP,48,correlator,104.0,104.0,104.0,0.0176,0.1328,104.0,104.0,104.0,0.0,0.987584,1.012416,1.0,3.854e-05,0.006208,11,1.0,2.0,104.0,22.9448,22,2288,0.9588,99.7177,0.5,0.5
flow_9753,0x10002619,10,ICMP,48,correlator,96.0,96.0,96.0,0.2644,0.5142,96.0,96.0,96.0,0.0,0.478038,0.521962,0.5,0.00012058,0.010981,22,1.0,2.0,96.0,22.6009,45,4320,1.9911,191.1432,0.5,0.5
flow_9765,0x10002625,10,ICMP,48,correlator,104.0,104.0,104.0,0.077,0.2775,104.0,104.0,104.0,0.0,0.991117,1.008883,1.0,1.973e-05,0.004442,14,1.0,2.0,104.0,29.3146,29,3016,0.9893,102.8841,0.5,0.5
flow_9777,0x10002631,10,ICMP,48,correlator,112.0,112.0,112.0,0.0404,0.2009,112.0,112.0,112.0,0.0,0.476668,0.523332,0.5,0.0001361,0.011666,14,1.0,2.0,112.0,14.9523,29,3248,1.9395,217.2239,0.5,0.5
flow_9789,0x1000263d,10,ICMP,48,correlator,112.0,112.0,112.0,0.3101,0.5568,112.0,112.0,112.0,0.0,0.986271,1.013729,1.0,4.712e-05,0.006865,17,1.0,2.0,112.0,35.3778,35,3920,0.9893,110.8039,0.5,0.5
flow_9801,0x10002649,10,ICMP,48,correlator,104.0,104.0,104.0,0.0478,0.2186,104.0,104.0,104.0,0.0,0.983854,1.016146,1.0,6.517e-05,0.008073,18,1.0,2.0,104.0,36.4054,36,3744,0.9889,102.842,0.5,0.5
flow_9813,0x10002655,10,ICMP,48,correlator,96.0,96.0,96.0,0.3141,0.5604,96.0,96.0,96.0,0.0,0.493306,0.506694,0.5,1.12e-05,0.003347,39,1.0,2.0,96.0,39.0943,78,7488,1.9952,191.5371,0.5,0.5
flow_9825,0x10002661,10,ICMP,48,correlator,104.0,104.0,104.0,0.1851,0.4303,104.0,104.0,104.0,0.0,0.978945,1.021055,1.0,0.00011083,0.010528,14,1.0,2.0,104.0,29.4596,29,3016,0.9844,102.3777,0.5,0.5
flow_9837,0x1000266d,10,ICMP,48,correlator,96.0,96.0,96.0,0.0275,0.1658,96.0,96.0,96.0,0.0,0.992139,1.007861,1.0,1.545e-05,0.003931,16,1.0,2.0,96.0,33.9561,33,3168,0.9718,93.297,0.5,0.5
flow_9849,0x10002679,10,ICMP,48,correlator,104.0,104.0,104.0,0.2729,0.5224,104.0,104.0,104.0,0.0,0.993208,1.006792,1.0,1.153e-05,0.003396,12,1.0,2.0,104.0,24.0239,24,2496,0.999,103.8965,0.5,0.5
flow_9861,0x10002685,10,ICMP,48,correlator,96.0,96.0,96.0,0.6076,0.7795,96.0,96.0,96.0,0.0,0.976441,1.023559,1.0,0.00013875,0.011779,15,1.0,2.0,96.0,30.4623,30,2880,0.9848,94.5431,0.5,0.5
flow_9873,0x10002691,10,ICMP,48,correlator,96.0,96.0,96.0,0.2181,0.467,96.0,96.0,96.0,0.0,0.987939,1.012061,1.0,3.637e-05,0.00603,10,1.0,2.0,96.0,21.2801,21,2016,0.9868,94.7363,0.5,0.5
flow_9885,0x1000269d,10,ICMP,48,correlator,112.0,112.0,112.0,0.0574,0.2397,112.0,112.0,112.0,0.0,0.983364,1.016636,1.0,6.919e-05,0.008318,5,1.0,2.0,112.0,11.0461,11,1232,0.9958,111.5323,0.5,0.5
flow_9897,0x100026a9,10,ICMP,48,correlator,104.0,104.0,104.0,0.5996,0.7744,104.0,104.0,104.0,0.0,0.479765,0.520235,0.5,0.00010236,0.010117,17,1.0,2.0,104.0,17.2313,34,3536,1.9732,205.2076,0.5,0.5
flow_9909,0x100026b5,10,ICMP,48,correlator,104.0,104.0,104.0,0.3661,0.6051,104.0,104.0,104.0,0.0,0.979883,1.020117,1.0,0.00010117,0.010058,12,1.0,2.0,104.0,25.8368,25,2600,0.9676,100.6315,0.5,0.5
flow_9921,0x100026c1,10,ICMP,48,correlator,96.0,96.0,96.0,0.6136,0.7833,96.0,96.0,96.0,0.0,0.984257,1.015743,1.0,6.196e-05,0.007872,17,1.0,2.0,96.0,35.5108,35,3360,0.9856,94.6191,0.5,0.5
flow_9933,0x100026cd,10,ICMP,48,correlator,104.0,104.0,104.0,0.5947,0.7712,104.0,104.0,104.0,0.0,0.99011,1.00989,1.0,2.445e-05,0.004945,7,1.0,2.0,104.0,15.1792,15,1560,0.9882,102.7719,0.5,0.5
flow_9945,0x100026d9,10,ICMP,48,correlator,112.0,112.0,112.0,0.5556,0.7454,112.0,112.0,112.0,0.0,0.982486,1.017514,1.0,7.669e-05,0.008757,17,1.0,2.0,112.0,34.453,34,3808,0.9869,110.5275,0.5,0.5
flow_9957,0x100026e5,10,ICMP,48,correlator,112.0,112.0,112.0,0.2288,0.4783,112.0,112.0,112.0,0.0,0.478971,0.521029,0.5,0.00011055,0.010514,38,1.0,2.0,112.0,38.3438,76,8512,1.9821,221.9917,0.5,0.5
flow_9969,0x100026f1,10,ICMP,48,correlator,96.0,96.0,96.0,0.3461,0.5883,96.0,96.0,96.0,0.0,0.979135,1.020865,1.0,0.00010884,0.010433,12,1.0,2.0,96.0,24.2799,24,2304,0.9885,94.8935,0.5,0.5
flow_9981,0x100026fd,10,ICMP,48,correlator,96.0,96.0,96.0,0.2867,0.5355,96.0,96.0,96.0,0.0,0.492846,0.507154,0.5,1.279e-05,0.003577,10,1.0,2.0,96.0,10.2423,20,1920,1.9527,187.4583,0.5,0.5
flow_9993,0x10002709,10,ICMP,48,correlator,96.0,96.0,96.0,0.1115,0.3339,96.0,96.0,96.0,0.0,0.487423,0.512577,0.5,3.955e-05,0.006289,28,1.0,2.0,96.0,28.3506,56,5376,1.9753,189.6258,0.5,0.5
