flow_id,spi,scenario_id,traffic_type,dscp_label,label_source,pkt_len_min,pkt_len_max,pkt_len_mean,pkt_len_var,pkt_len_std,pkt_len_median,pkt_len_q25,pkt_len_q75,pkt_len_iqr,iat_min,iat_max,iat_mean,iat_var,iat_std,burst_count,burst_len_mean,burst_len_max,burst_bytes_mean,flow_duration_s,total_packets,total_bytes,packet_rate_pps,byte_rate_bps,forward_packet_ratio,forward_byte_ratio
flow_0007,0x10000007,08,VoIP,46,correlator,124.4438,203.4547,150.8897,239.2997,15.4693,149.1623,140.0611,161.7182,21.657,0.009154,0.036063,0.019918,2.896e-05,0.005382,53,4.2756,8.5973,645.1376,14.5406,730,110149,50.2043,7575.2757,0.4959,0.501
flow_0019,0x10000013,08,VoIP,46,correlator,147.5589,226.4594,173.3383,125.2017,11.1894,174.2658,165.5058,181.1709,15.6651,0.009715,0.039697,0.021708,3.596e-05,0.005996,133,3.9274,8.895,680.7776,37.675,1735,300742,46.0518,7982.5438,0.4781,0.4795
flow_0031,0x1000001f,08,VoIP,46,correlator,82.73,111.293,95.1009,20.5787,4.5364,95.2611,91.9254,98.2763,6.3509,0.022181,0.041514,0.029914,1.495e-05,0.003867,87,3.2354,7.0439,307.6924,30.6065,1023,97288,33.4242,3178.6671,0.4831,0.4866
flow_0043,0x1000002b,08,VoIP,46,correlator,80.5557,116.75,95.0339,24.5088,4.9506,92.6211,91.5684,98.4993,6.9309,0.008068,0.038008,0.020044,3.586e-05,0.005988,83,3.1908,6.3741,303.2361,19.0609,950,90282,49.8402,4736.4987,0.5232,0.5107
flow_0055,0x10000037,08,VoIP,46,correlator,131.1277,204.335,164.4308,328.7494,18.1314,165.7181,151.7388,177.1228,25.384,0.008413,0.039132,0.020701,3.775e-05,0.006144,219,3.5437,5.0623,582.7015,44.3864,2144,352539,48.303,7942.4947,0.5178,0.5186
flow_0067,0x10000043,08,VoIP,46,correlator,132.4026,208.2177,166.3981,457.9914,21.4007,164.8673,151.4175,181.3786,29.961,0.008237,0.036474,0.019532,3.19e-05,0.005648,316,3.3489,9.4624,557.2501,39.3023,2012,334792,51.193,8518.3863,0.515,0.5346
flow_0079,0x1000004f,08,VoIP,46,correlator,127.0554,209.8263,157.9492,471.2003,21.7071,155.4983,142.7542,173.1442,30.39,0.022924,0.039556,0.029577,1.107e-05,0.003326,126,4.2042,7.8321,664.0461,32.2747,1091,172322,33.8035,5339.223,0.5031,0.5162
flow_0091,0x1000005b,08,VoIP,46,correlator,81.08,119.869,95.1249,18.6878,4.3229,95.7827,92.0988,98.1509,6.0521,0.023056,0.044452,0.031614,1.831e-05,0.004279,76,2.1077,7.673,200.4943,23.874,755,71819,31.6244,3008.2559,0.5296,0.548
flow_0103,0x10000067,08,VoIP,46,correlator,170.3962,212.6289,189.0889,146.5369,12.1052,188.3741,180.6153,197.5626,16.9473,0.011755,0.033602,0.020494,1.909e-05,0.004369,130,3.8405,9.4489,726.2054,40.0854,1955,369668,48.7709,9222.0169,0.5245,0.5362
flow_0115,0x10000073,08,VoIP,46,correlator,141.124,221.6535,169.9882,359.2092,18.9528,170.1667,156.7213,183.2552,26.5339,0.008211,0.036803,0.019648,3.27e-05,0.005719,228,2.6922,5.1359,457.6489,36.833,1874,318557,50.8783,8648.6874,0.5275,0.5359
flow_0127,0x1000007f,08,VoIP,46,correlator,94.8501,124.098,107.5976,23.1473,4.8112,107.0358,104.2298,110.9654,6.7356,0.013133,0.033236,0.021174,1.617e-05,0.004021,195,2.9008,7.3862,312.1208,43.2665,2043,219821,47.219,5080.6294,0.4916,0.4806
flow_0139,0x1000008b,08,VoIP,46,correlator,180.0202,230.6599,197.1585,76.4086,8.7412,197.9254,191.0397,203.2774,12.2377,0.023419,0.041081,0.030484,1.248e-05,0.003532,43,2.3923,9.0347,471.6535,16.8233,551,108634,32.7523,6457.3697,0.5262,0.5305
flow_0151,0x10000097,08,VoIP,46,correlator,132.546,221.9092,170.1828,108.9344,10.4372,170.3337,162.8768,177.4888,14.612,0.017831,0.047375,0.029649,3.491e-05,0.005909,110,2.5643,6.6951,436.4019,31.9907,1078,183457,33.6973,5734.6953,0.5122,0.5004
flow_0163,0x100000a3,08,VoIP,46,correlator,87.0875,122.2863,101.0387,37.8229,6.15,100.1727,96.7337,105.3437,8.61,0.020308,0.042796,0.029304,2.023e-05,0.004498,67,4.0372,5.452,407.9088,27.5138,938,94774,34.092,3444.5997,0.5055,0.4944
flow_0175,0x100000af,08,VoIP,46,correlator,94.0433,127.4038,107.194,32.654,5.7144,106.2303,103.194,111.1941,8.0001,0.010183,0.033794,0.019628,2.23e-05,0.004722,62,4.28,7.8743,458.7857,15.3402,781,83718,50.9121,5457.4364,0.5218,0.5134
flow_0187,0x100000bb,08,VoIP,46,correlator,185.4057,221.2295,200.8052,109.6082,10.4694,200.919,193.4766,208.1337,14.6572,0.023437,0.041819,0.03079,1.352e-05,0.003676,159,4.0374,5.2703,810.738,42.1626,1369,274902,32.4696,6520.0493,0.5274,0.5466
flow_0199,0x100000c7,08,VoIP,46,correlator,119.1474,196.457,152.3817,245.6945,15.6746,152.0701,141.4095,163.354,21.9445,0.016571,0.04922,0.02963,4.264e-05,0.00653,29,3.7823,6.2243,576.3516,11.629,392,59733,33.709,5136.5757,0.5147,0.4981
flow_0211,0x100000d3,08,VoIP,46,correlator,87.8461,124.5492,102.769,17.3116,4.1607,103.5502,99.8565,105.6815,5.825,0.021126,0.043546,0.030094,2.011e-05,0.004484,61,2.772,7.4576,284.875,26.7677,889,91361,33.2117,3413.1106,0.4804,0.4627
flow_0223,0x100000df,08,VoIP,46,correlator,74.3233,105.923,85.9681,29.4336,5.4253,85.5683,82.1704,89.7658,7.5954,0.011921,0.033224,0.020442,1.815e-05,0.004261,180,3.0386,7.9257,261.2263,32.6776,1598,137376,48.902,4203.9807,0.5058,0.4984
flow_0235,0x100000eb,08,VoIP,46,correlator,131.4733,206.5672,158.939,381.9633,19.5439,160.4008,145.2583,172.6197,27.3614,0.014809,0.029727,0.020777,8.9e-06,0.002984,66,3.6323,9.4294,577.3133,19.2326,925,147018,48.0955,7644.2249,0.4835,0.4767
flow_0247,0x100000f7,08,VoIP,46,correlator,92.1426,128.6071,106.3045,51.9438,7.2072,107.4951,101.2594,111.3495,10.0901,0.018265,0.048666,0.030426,3.697e-05,0.00608,65,3.2941,9.0986,350.1753,27.0528,889,94504,32.8617,3493.3207,0.518,0.5364
flow_0259,0x10000103,08,VoIP,46,correlator,142.6836,214.7614,176.9848,219.0636,14.8008,176.8859,166.6242,187.3453,20.7211,0.021797,0.041247,0.029577,1.513e-05,0.00389,104,3.591,6.8718,635.5585,37.9808,1284,227248,33.8066,5983.2368,0.5101,0.5226
flow_0271,0x1000010f,08,VoIP,46,correlator,110.0639,187.3931,141.1629,285.1981,16.8878,140.3569,129.3414,152.9843,23.6429,0.011826,0.033141,0.020352,1.817e-05,0.004263,70,2.929,7.7007,413.4598,18.1455,891,125776,49.1031,6931.53,0.5254,0.527
flow_0283,0x1000011b,08,VoIP,46,correlator,95.8013,121.4593,106.1545,34.3475,5.8607,104.8266,102.0521,110.257,8.2049,0.019294,0.045651,0.029837,2.779e-05,0.005271,160,4.4508,8.4293,472.4773,40.8442,1368,145219,33.4931,3555.4372,0.5007,0.4976
flow_0295,0x10000127,08,VoIP,46,correlator,176.6014,229.7061,197.275,62.2572,7.8903,197.8523,191.7518,202.7982,11.0464,0.011376,0.0327,0.019905,1.819e-05,0.004265,70,4.736,5.5482,934.2871,19.6435,986,194513,50.1948,9902.1807,0.4975,0.4927
flow_0307,0x10000133,08,VoIP,46,correlator,123.6235,186.3258,152.9251,275.2884,16.5918,152.1764,141.3109,164.5394,23.2285,0.011759,0.033703,0.020537,1.926e-05,0.004389,177,4.6988,5.5464,718.5649,42.7286,2080,318084,48.6793,7444.2888,0.5074,0.5213
flow_0319,0x1000013f,08,VoIP,46,correlator,124.9114,187.3215,152.6333,248.0801,15.7506,154.2474,141.6079,163.6587,22.0508,0.022993,0.043696,0.031274,1.714e-05,0.004141,78,3.3879,9.0739,517.1048,15.7229,502,76621,31.928,4873.2121,0.5138,0.5101
flow_0331,0x1000014b,08,VoIP,46,correlator,132.1071,204.9142,163.2867,156.234,12.4994,162.6429,154.5371,172.0362,17.4991,0.020921,0.047974,0.031742,2.928e-05,0.005411,58,2.4819,6.536,405.256,16.2856,513,83766,31.5003,5143.5711,0.49,0.4953
flow_0343,0x10000157,08,VoIP,46,correlator,76.5505,104.8166,86.5691,40.4257,6.3581,87.2821,82.1184,91.0198,8.9014,0.008054,0.037683,0.019905,3.512e-05,0.005926,301,3.2453,8.2442,280.9446,42.7624,2148,185950,50.231,4348.4436,0.514,0.5087
flow_0355,0x10000163,08,VoIP,46,correlator,80.0672,115.8959,93.9453,44.4011,6.6634,93.5082,89.2809,98.6096,9.3288,0.012146,0.03136,0.019831,1.477e-05,0.003843,34,3.7473,6.4906,352.04,9.5666,482,45281,50.3838,4733.2585,0.4742,0.4831
flow_0367,0x1000016f,08,VoIP,46,correlator,104.6897,178.8075,144.4064,151.6079,12.3129,144.1389,135.7874,153.0255,17.2381,0.01162,0.034347,0.020711,2.066e-05,0.004545,84,4.0206,6.4085,580.5955,17.2336,832,120146,48.2777,6971.6072,0.5249,0.5172
flow_0379,0x1000017b,08,VoIP,46,correlator,92.2814,119.9758,103.7369,57.8015,7.6027,102.4129,98.415,109.0588,10.6438,0.017905,0.046045,0.029161,3.167e-05,0.005628,60,4.2758,7.6816,443.5587,11.5969,397,41183,34.2334,3551.2176,0.4949,0.511
flow_0391,0x10000187,08,VoIP,46,correlator,76.7515,110.2143,89.1404,22.1428,4.7056,90.2727,85.8465,92.4344,6.5879,0.012808,0.030396,0.019843,1.237e-05,0.003518,62,4.8794,7.4625,434.9555,16.2694,819,73006,50.3398,4487.3062,0.4725,0.4629
flow_0403,0x10000193,08,VoIP,46,correlator,75.5018,111.4361,88.3542,56.9606,7.5472,88.492,83.0712,93.6373,10.5661,0.014326,0.029034,0.020209,8.65e-06,0.002942,125,4.6101,7.4336,407.3198,22.8525,1130,99840,49.4476,4368.8915,0.4836,0.4751
flow_0415,0x1000019f,08,VoIP,46,correlator,170.9354,225.1949,192.6224,110.8245,10.5273,192.8413,185.2533,199.9916,14.7382,0.012937,0.029423,0.019532,1.087e-05,0.003297,254,2.2735,9.6878,437.9288,37.2925,1909,367716,51.19,9860.3307,0.5278,0.5325
flow_0427,0x100001ab,08,VoIP,46,correlator,129.9476,209.9417,157.991,334.5548,18.2908,157.0074,145.1874,170.7946,25.6072,0.010099,0.03631,0.020583,2.748e-05,0.005242,267,2.0676,5.5723,326.6553,36.9657,1795,283593,48.5585,7671.7803,0.4937,0.4924
flow_0439,0x100001b7,08,VoIP,46,correlator,124.2951,190.5465,150.6953,104.2257,10.2091,152.2338,143.5489,157.8417,14.2927,0.012619,0.030609,0.019815,1.294e-05,0.003598,254,4.598,6.1056,692.8943,35.0899,1770,266730,50.4419,7601.3355,0.4765,0.4569
flow_0451,0x100001c3,08,VoIP,46,correlator,131.5939,209.9903,161.9176,212.2253,14.568,161.9815,151.72,172.1152,20.3951,0.014006,0.031118,0.020851,1.171e-05,0.003422,146,3.3591,8.5963,543.8939,32.2481,1546,250324,47.9408,7762.4341,0.5155,0.5293
flow_0463,0x100001cf,08,VoIP,46,correlator,177.8536,230.138,196.5011,78.3993,8.8543,195.8783,190.3031,202.6992,12.3961,0.01184,0.034062,0.020729,1.975e-05,0.004444,50,3.6135,5.866,710.0645,11.5482,557,109451,48.2325,9477.7284,0.5059,0.5086
flow_0475,0x100001db,08,VoIP,46,correlator,77.2614,107.3805,90.8183,32.3542,5.6881,92.2761,86.8366,94.7999,7.9633,0.013115,0.033569,0.021296,1.673e-05,0.004091,148,3.0179,8.819,274.079,39.5238,1855,168467,46.9337,4262.415,0.5137,0.5177
flow_0487,0x100001e7,08,VoIP,46,correlator,146.9545,217.0088,178.8333,111.7204,10.5698,179.7424,171.4345,186.2322,14.7977,0.019837,0.045691,0.030179,2.674e-05,0.005171,126,4.9041,7.1438,877.0234,35.0362,1160,207446,33.1086,5920.9019,0.4866,0.4837
flow_0499,0x100001f3,08,VoIP,46,correlator,125.1647,190.6924,160.0911,256.5921,16.0185,158.8759,148.8782,171.3041,22.4259,0.009371,0.034856,0.019565,2.598e-05,0.005097,112,4.8934,9.2414,783.3836,27.7036,1416,226689,51.1125,8182.6506,0.5073,0.5106
flow_0511,0x100001ff,08,VoIP,46,correlator,184.7949,243.5033,208.9097,195.3106,13.9754,207.8245,199.127,218.6925,19.5655,0.008987,0.037407,0.020355,3.231e-05,0.005684,32,3.4919,8.3661,729.4831,8.8808,436,91084,49.0948,10256.3058,0.4924,0.4872
flow_0523,0x1000020b,08,VoIP,46,correlator,163.851,218.3847,187.2669,118.8751,10.903,186.6612,179.6348,194.8989,15.2642,0.008714,0.035384,0.019382,2.845e-05,0.005334,180,2.0519,5.9213,384.2489,35.6145,1837,344009,51.5801,9659.229,0.5053,0.5131
flow_0535,0x10000217,08,VoIP,46,correlator,133.431,210.6113,159.6835,145.059,12.044,160.079,151.2527,168.1144,16.8617,0.010767,0.037651,0.021521,2.891e-05,0.005377,250,4.1457,9.89,661.9998,42.4526,1972,314895,46.4518,7417.5605,0.503,0.5107
flow_0547,0x10000223,08,VoIP,46,correlator,131.743,213.2584,162.9592,188.4296,13.727,163.5737,153.3504,172.5681,19.2178,0.020128,0.044768,0.029984,2.429e-05,0.004928,82,4.0943,5.8142,667.2024,17.9148,597,97286,33.3244,5430.4898,0.527,0.5332
flow_0559,0x1000022f,08,VoIP,46,correlator,89.0056,126.8764,103.9188,36.1821,6.0152,104.2869,99.7082,108.1294,8.4212,0.019433,0.047763,0.030765,3.21e-05,0.005666,102,2.5669,8.5629,266.7498,42.4993,1381,143511,32.4946,3376.7834,0.5228,0.53
flow_0571,0x1000023b,08,VoIP,46,correlator,116.0746,184.3209,150.4005,289.2998,17.0088,148.6085,138.4944,162.3067,23.8123,0.013495,0.031265,0.020603,1.263e-05,0.003554,206,2.4205,7.1896,364.0408,39.3916,1911,287415,48.5129,7296.3544,0.4992,0.5047
flow_0583,0x10000247,08,VoIP,46,correlator,166.0571,207.8779,184.9825,115.8705,10.7643,183.9474,177.4474,192.5175,15.07,0.01053,0.033729,0.01981,2.153e-05,0.00464,117,4.3938,9.9226,812.7714,22.7462,1148,212359,50.47,9336.0335,0.5039,0.4871
flow_0595,0x10000253,08,VoIP,46,correlator,109.1534,194.0526,140.7124,135.9534,11.6599,141.6679,132.5504,148.8743,16.3239,0.006548,0.038195,0.019207,4.006e-05,0.00633,157,2.1599,8.6164,303.9212,37.0793,1930,271574,52.0506,7324.144,0.4969,0.4832
flow_0607,0x1000025f,08,VoIP,46,correlator,175.0458,227.696,198.558,187.1469,13.6802,197.0108,188.9819,208.1342,19.1522,0.020126,0.044927,0.030046,2.46e-05,0.00496,173,3.8306,6.409,760.6017,43.4637,1446,287114,33.2692,6605.8375,0.509,0.4927
flow_0619,0x1000026b,08,VoIP,46,correlator,159.9641,208.3708,182.8447,63.3451,7.959,181.6377,177.2734,188.416,11.1426,0.017977,0.045635,0.02904,3.06e-05,0.005532,94,3.0277,8.2122,553.5923,39.2208,1350,246840,34.4205,6293.6018,0.4836,0.486
flow_0631,0x10000277,08,VoIP,46,correlator,88.1526,121.5611,102.9835,63.9398,7.9962,102.9246,97.3861,108.5808,11.1947,0.011966,0.035165,0.021246,2.153e-05,0.00464,141,4.8692,9.5234,501.448,31.7944,1496,154063,47.0524,4845.6081,0.4938,0.5117
flow_0643,0x10000283,08,VoIP,46,correlator,125.4208,204.8233,155.8354,173.3874,13.1677,154.4024,146.618,165.0528,18.4347,0.020332,0.042572,0.029228,1.978e-05,0.004448,99,4.7714,9.3538,743.5551,43.7342,1496,233129,34.2066,5330.5866,0.4867,0.5054
flow_0655,0x1000028f,08,VoIP,46,correlator,188.0048,232.1355,208.9535,55.9007,7.4767,209.1823,203.7198,214.1872,10.4673,0.019981,0.044105,0.02963,2.328e-05,0.004825,137,3.1354,5.1807,655.1563,38.888,1312,274146,33.7379,7049.6222,0.4852,0.4932
flow_0667,0x1000029b,08,VoIP,46,correlator,77.8236,107.3656,89.2474,63.772,7.9857,87.4605,83.6574,94.8374,11.18,0.018697,0.045423,0.029388,2.857e-05,0.005345,34,3.9514,7.8843,352.6494,13.9914,476,42481,34.0208,3036.2145,0.5151,0.5241
flow_0679,0x100002a7,08,VoIP,46,correlator,176.8478,225.8604,199.5416,98.2009,9.9096,200.8014,192.6049,206.4784,13.8735,0.020632,0.045815,0.030705,2.537e-05,0.005037,61,3.0755,5.0464,613.6886,15.6057,508,101367,32.5523,6495.5275,0.495,0.4752
flow_0691,0x100002b3,08,VoIP,46,correlator,88.9735,117.263,102.045,52.8245,7.268,102.1528,96.9574,107.1327,10.1753,0.009661,0.03532,0.019925,2.634e-05,0.005132,208,2.5798,8.416,263.2535,30.2552,1518,154904,50.1731,5119.9066,0.526,0.5291
flow_0703,0x100002bf,08,VoIP,46,correlator,169.9018,222.2298,190.0877,56.7965,7.5363,190.0524,184.8123,195.3632,10.5509,0.021201,0.043928,0.030292,2.066e-05,0.004545,143,4.8033,7.8447,913.0442,38.7633,1279,243122,32.9951,6271.9654,0.5009,0.4978
flow_0715,0x100002cb,08,VoIP,46,correlator,94.5788,123.8036,108.5271,52.9139,7.2742,108.2023,103.4352,113.619,10.1839,0.01018,0.036104,0.020549,2.688e-05,0.005185,192,2.4784,6.5645,268.9722,38.9145,1893,205441,48.6451,5279.2924,0.4859,0.4932
flow_0727,0x100002d7,08,VoIP,46,correlator,174.2817,226.5686,195.8105,80.1081,8.9503,195.1246,189.5453,202.0757,12.5304,0.008546,0.036047,0.019546,3.025e-05,0.0055,152,3.0799,6.2893,603.0763,42.0142,2149,420796,51.1493,10015.5597,0.5173,0.5263
flow_0739,0x100002e3,08,VoIP,46,correlator,147.9474,221.0424,174.3637,301.0719,17.3514,172.8816,162.2177,186.5097,24.292,0.009892,0.033957,0.019518,2.316e-05,0.004813,128,3.0854,6.9279,537.9735,24.6545,1263,220221,51.228,8932.2899,0.5012,0.4855
flow_0751,0x100002ef,08,VoIP,46,correlator,109.6045,186.2116,143.6691,119.3599,10.9252,145.5943,136.0214,151.3167,15.2953,0.008417,0.037009,0.019854,3.27e-05,0.005718,215,2.6857,9.1743,385.8521,42.4669,2138,307164,50.3451,7233.0165,0.4917,0.4782
flow_0763,0x100002fb,08,VoIP,46,correlator,128.3497,206.0283,159.7097,181.6276,13.4769,159.2805,150.2758,169.1435,18.8677,0.007402,0.039082,0.020074,4.015e-05,0.006336,186,3.0241,5.1944,482.9806,36.0112,1793,286359,49.79,7951.9359,0.4749,0.4571
flow_0775,0x10000307,08,VoIP,46,correlator,82.0839,116.0299,95.128,22.333,4.7258,94.3666,91.8199,98.436,6.6161,0.010443,0.034458,0.020049,2.307e-05,0.004803,197,3.5822,7.8144,340.7662,38.8583,1938,184357,49.8736,4744.3453,0.5038,0.4923
flow_0787,0x10000313,08,VoIP,46,correlator,181.9851,233.9663,203.5332,68.6566,8.2859,202.2163,197.733,209.3333,11.6003,0.010163,0.033618,0.019545,2.2e-05,0.004691,81,2.6315,7.9012,535.6057,11.3245,579,117845,51.1283,10406.2434,0.4965,0.4872
flow_0799,0x1000031f,08,VoIP,46,correlator,71.9215,103.6241,86.8764,25.2128,5.0212,84.3084,83.3615,90.3913,7.0297,0.010833,0.03806,0.021724,2.965e-05,0.005445,78,2.1584,9.4684,187.5097,24.9212,1147,99647,46.0251,3998.4828,0.4736,0.4693
flow_0811,0x1000032b,08,VoIP,46,correlator,186.6006,237.2661,207.9116,83.1749,9.12,207.8147,201.5276,214.2956,12.768,0.022568,0.039952,0.029522,1.209e-05,0.003477,34,2.409,5.4282,500.8688,12.2876,416,86491,33.8552,7038.8652,0.493,0.4829
flow_0823,0x10000337,08,VoIP,46,correlator,163.9374,219.9977,185.1546,173.5819,13.175,184.2632,175.932,194.3771,18.4451,0.021721,0.041519,0.02964,1.568e-05,0.00396,39,2.5735,5.7698,476.4883,16.6887,563,104242,33.7353,6246.2446,0.4707,0.458
flow_0835,0x10000343,08,VoIP,46,correlator,177.0567,227.7396,196.3706,163.4108,12.7832,196.7196,187.4223,205.3188,17.8965,0.010082,0.032988,0.019245,2.099e-05,0.004581,153,3.8857,7.5283,763.034,27.7636,1442,283166,51.9386,10199.1945,0.5262,0.5226
flow_0847,0x1000034f,08,VoIP,46,correlator,152.479,212.0474,178.9252,418.2667,20.4516,179.5037,164.6091,193.2413,28.6322,0.011683,0.033247,0.020308,1.86e-05,0.004313,304,2.7311,9.3015,488.6685,42.5944,2097,375206,49.2318,8808.8026,0.5168,0.5366
flow_0859,0x1000035b,08,VoIP,46,correlator,98.1193,132.7499,108.8572,49.8492,7.0604,107.5106,103.915,113.7995,9.8846,0.021928,0.041956,0.029939,1.604e-05,0.004005,104,2.8695,9.6357,312.3618,26.7794,894,97318,33.3839,3634.0663,0.4792,0.4965
flow_0871,0x10000367,08,VoIP,46,correlator,123.5131,198.3573,159.4445,133.8681,11.5701,161.9279,151.3454,167.5436,16.1982,0.023602,0.043307,0.031484,1.553e-05,0.003941,102,4.2829,6.9507,682.8874,33.543,1065,169808,31.7503,5062.3955,0.5021,0.4845
flow_0883,0x10000373,08,VoIP,46,correlator,77.4065,111.2887,89.9594,32.8756,5.7337,89.2918,85.9458,93.973,8.0272,0.013938,0.032456,0.021345,1.372e-05,0.003703,103,2.6645,8.0995,239.7006,31.0424,1454,130800,46.8391,4213.5854,0.5269,0.5281
flow_0895,0x1000037f,08,VoIP,46,correlator,174.1756,226.347,192.1232,49.1731,7.0124,192.1753,187.2145,197.0318,9.8173,0.020525,0.042178,0.029186,1.875e-05,0.00433,115,3.6038,6.02,692.3772,31.3737,1074,206340,34.2325,6576.8506,0.5041,0.4895
flow_0907,0x1000038b,08,VoIP,46,correlator,160.2613,212.1582,181.4066,71.3605,8.4475,181.6387,175.4933,187.3198,11.8265,0.021405,0.04382,0.030371,2.01e-05,0.004483,90,2.2985,8.7584,416.9711,39.6131,1304,236554,32.9184,5971.612,0.4829,0.4632
flow_0919,0x10000397,08,VoIP,46,correlator,182.5893,218.3501,197.8103,71.6718,8.4659,196.7535,191.8842,203.7365,11.8523,0.025976,0.040756,0.031888,8.74e-06,0.002956,87,4.0084,7.5807,792.9074,34.017,1066,210865,31.3373,6198.8082,0.528,0.5281
flow_0931,0x100003a3,08,VoIP,46,correlator,190.5425,230.1966,209.3151,195.6387,13.9871,209.1631,199.5241,219.106,19.5819,0.022944,0.043526,0.031177,1.694e-05,0.004116,99,3.144,6.2226,658.0863,28.6389,918,192151,32.0543,6709.4324,0.4865,0.4847
flow_0943,0x100003af,08,VoIP,46,correlator,121.391,203.5478,154.6799,273.0033,16.5228,154.466,143.1139,166.2458,23.1319,0.01238,0.035211,0.021513,2.085e-05,0.004566,129,2.682,7.4494,414.8439,30.7956,1431,221346,46.4676,7187.5777,0.5029,0.5156
flow_0955,0x100003bb,08,VoIP,46,correlator,84.6542,118.5724,94.7098,62.5584,7.9094,96.9383,89.1733,100.2464,11.0731,0.008718,0.034467,0.019017,2.652e-05,0.00515,224,4.7986,8.8811,454.4724,29.2047,1535,145379,52.56,4977.9305,0.4787,0.4973
flow_0967,0x100003c7,08,VoIP,46,correlator,174.3785,232.091,198.8327,59.9605,7.7434,199.3513,193.4123,204.2531,10.8408,0.020949,0.042663,0.029635,1.886e-05,0.004343,116,4.7388,8.067,942.2187,29.5665,997,198236,33.7206,6704.7437,0.4916,0.511
flow_0979,0x100003d3,08,VoIP,46,correlator,73.9976,104.1092,85.6641,37.4706,6.1213,86.672,81.3792,89.9491,8.5698,0.011463,0.031651,0.019538,1.63e-05,0.004038,279,3.9773,5.2279,340.7089,41.9281,2145,183749,51.159,4382.4763,0.5019,0.5115
flow_0991,0x100003df,08,VoIP,46,correlator,134.1523,218.0955,167.5809,408.7037,20.2164,168.9119,153.4294,181.7324,28.303,0.024775,0.04281,0.031989,1.301e-05,0.003607,32,3.2467,9.3725,544.0866,14.3458,448,75076,31.2287,5233.3133,0.4737,0.4581
flow_1003,0x100003eb,08,VoIP,46,correlator,87.0035,124.2664,101.1446,17.6145,4.197,100.2224,98.2067,104.0825,5.8758,0.018915,0.044282,0.029062,2.574e-05,0.005073,42,3.7119,8.1276,375.4341,14.4345,496,50167,34.3621,3475.4868,0.5038,0.5124
flow_1015,0x100003f7,08,VoIP,46,correlator,95.0337,127.0186,109.0755,40.0211,6.3262,108.1426,104.6471,113.5038,8.8567,0.021659,0.045668,0.031263,2.306e-05,0.004802,156,2.4812,5.3545,270.642,40.0725,1281,139725,31.9671,3486.8064,0.5127,0.5001
flow_1027,0x10000403,08,VoIP,46,correlator,80.4382,117.0584,94.8402,17.1737,4.1441,95.0353,91.9393,97.7411,5.8018,0.022997,0.043939,0.031374,1.754e-05,0.004188,102,2.6567,6.9077,251.9616,42.384,1350,128034,31.8517,3020.8112,0.491,0.4912
flow_1039,0x1000040f,08,VoIP,46,correlator,84.407,115.8054,95.6025,23.704,4.8687,94.7557,92.1944,99.0105,6.8161,0.02231,0.040152,0.029447,1.273e-05,0.003568,145,3.8322,8.7516,366.3632,26.8858,913,87285,33.9585,3246.5124,0.5274,0.5155
flow_1051,0x1000041b,08,VoIP,46,correlator,155.3889,205.3654,180.3837,96.8606,9.8418,179.5983,173.4944,187.2729,13.7785,0.010834,0.036594,0.021138,2.654e-05,0.005152,263,3.1712,8.4341,572.0326,42.8291,2026,365457,47.3043,8532.9229,0.4727,0.4814
flow_1063,0x10000427,08,VoIP,46,correlator,92.2239,122.3713,105.0187,17.7372,4.2116,104.3129,102.0706,107.9668,5.8962,0.007515,0.03846,0.019893,3.83e-05,0.006189,168,3.6092,8.1327,379.0325,33.9269,1705,179056,50.2551,5277.6992,0.4981,0.5132
flow_1075,0x10000433,08,VoIP,46,correlator,115.6611,179.8439,143.6504,128.4375,11.333,144.1796,135.7173,151.5835,15.8662,0.009585,0.033998,0.01935,2.384e-05,0.004883,133,4.4876,6.27,644.6498,25.9892,1343,192922,51.6753,7423.1534,0.5232,0.5396
flow_1087,0x1000043f,08,VoIP,46,correlator,176.1469,219.6827,197.5037,45.7624,6.7648,197.4243,192.7684,202.2391,9.4707,0.010598,0.036156,0.020821,2.613e-05,0.005112,139,2.9907,5.5585,590.6738,36.8276,1768,349186,48.0075,9481.6463,0.5235,0.5236
flow_1099,0x1000044b,08,VoIP,46,correlator,123.1047,195.0226,151.3026,129.5892,11.3837,151.6975,143.334,159.2712,15.9372,0.021115,0.042074,0.029499,1.757e-05,0.004192,173,3.8356,7.9238,580.3372,36.3235,1231,186253,33.89,5127.6239,0.5023,0.5017
flow_1111,0x10000457,08,VoIP,46,correlator,149.1178,220.9227,178.1724,349.4353,18.6932,177.7985,165.0872,191.2577,26.1705,0.021834,0.045718,0.031388,2.282e-05,0.004777,31,3.2801,5.8831,584.4241,13.5404,431,76792,31.8307,5671.3246,0.4817,0.4931
flow_1123,0x10000463,08,VoIP,46,correlator,122.0941,187.1581,155.6935,314.1612,17.7246,154.706,143.2863,168.1008,24.8144,0.010213,0.037248,0.021027,2.923e-05,0.005407,169,2.1709,8.3502,337.9922,43.5526,2071,322441,47.5517,7403.4851,0.4736,0.4659
flow_1135,0x1000046f,08,VoIP,46,correlator,73.0483,106.2229,87.37,16.5418,4.0672,87.4818,84.5229,90.217,5.694,0.018578,0.046725,0.029837,3.169e-05,0.005629,60,2.6017,9.1405,227.31,18.6497,625,54606,33.5125,2927.9776,0.5255,0.5217
flow_1147,0x1000047b,08,VoIP,46,correlator,83.9379,121.5852,98.6417,22.4783,4.7411,98.5817,95.3229,101.9605,6.6376,0.011661,0.036344,0.021534,2.437e-05,0.004937,189,4.1345,7.5917,407.8357,27.1255,1259,124189,46.4139,4578.3084,0.4886,0.469
flow_1159,0x10000487,08,VoIP,46,correlator,165.4523,220.7006,189.7607,141.3386,11.8886,190.7155,181.4387,198.0827,16.644,0.010346,0.032025,0.019017,1.88e-05,0.004336,170,2.3384,8.9062,443.7392,32.345,1700,322593,52.5583,9973.4931,0.4728,0.4746
flow_1171,0x10000493,08,VoIP,46,correlator,135.4191,210.5247,162.6302,249.9245,15.809,160.1655,151.5639,173.6965,22.1326,0.007694,0.040137,0.020671,4.21e-05,0.006489,154,4.8356,5.709,786.4178,20.6242,997,162142,48.3413,7861.734,0.4985,0.5003
flow_1183,0x1000049f,08,VoIP,46,correlator,79.1109,115.943,91.8625,32.4321,5.6949,91.4784,87.8761,95.849,7.9729,0.019107,0.045556,0.029687,2.798e-05,0.00529,53,2.9007,5.337,266.4695,17.9778,605,55576,33.6526,3091.366,0.4892,0.4777
flow_1195,0x100004ab,08,VoIP,46,correlator,163.396,221.6785,187.2004,144.565,12.0235,186.1374,178.7839,195.6169,16.8329,0.018993,0.047288,0.030311,3.202e-05,0.005659,45,4.8157,8.866,901.4992,16.4872,543,101649,32.9346,6165.3138,0.5065,0.5068
flow_1207,0x100004b7,08,VoIP,46,correlator,189.016,237.8184,209.3872,36.7521,6.0624,210.1292,205.1436,213.6309,8.4873,0.009035,0.036623,0.02007,3.044e-05,0.005518,82,4.9705,7.4055,1040.7532,14.4839,721,150968,49.7793,10423.1277,0.4891,0.4945
flow_1219,0x100004c3,08,VoIP,46,correlator,174.9992,216.6166,192.4613,73.7158,8.5858,194.3212,186.4513,198.4714,12.0201,0.011974,0.031096,0.019623,1.463e-05,0.003824,276,4.9124,6.7514,945.4383,33.6208,1713,329686,50.9506,9806.0065,0.4704,0.4858
flow_1231,0x100004cf,08,VoIP,46,correlator,88.3161,116.965,99.0725,57.4814,7.5816,98.9299,93.7653,104.3796,10.6143,0.011612,0.036949,0.021747,2.568e-05,0.005067,227,3.9238,9.5473,388.7419,33.7444,1551,153661,45.9631,4553.67,0.5033,0.4978
flow_1243,0x100004db,08,VoIP,46,correlator,130.6992,217.5772,163.9683,323.2509,17.9792,164.2114,151.3828,176.5537,25.1708,0.019947,0.047393,0.030925,3.013e-05,0.005489,24,2.4705,9.0823,405.0844,8.8717,286,46894,32.2375,5285.8229,0.5084,0.5259
flow_1255,0x100004e7,08,VoIP,46,correlator,192.6048,233.0506,208.6074,94.1541,9.7033,208.3469,201.8151,215.3997,13.5846,0.018724,0.049685,0.031108,3.834e-05,0.006192,76,4.8817,6.2001,1018.3613,26.3473,846,176481,32.1095,6698.2496,0.5182,0.5267
flow_1267,0x100004f3,08,VoIP,46,correlator,103.0578,187.1124,140.5306,365.2083,19.1104,139.8625,127.1533,153.9079,26.7546,0.011165,0.036936,0.021473,2.656e-05,0.005154,181,2.3042,7.9487,323.8064,32.1784,1498,210514,46.5529,6542.0824,0.5162,0.5187
flow_1279,0x100004ff,08,VoIP,46,correlator,164.601,220.5847,189.1973,62.8583,7.9283,190.8416,183.6474,194.7471,11.0997,0.022872,0.041939,0.030499,1.454e-05,0.003813,95,4.0906,9.8922,773.9393,41.6522,1365,258254,32.7714,6200.253,0.4897,0.479
flow_1291,0x1000050b,08,VoIP,46,correlator,122.477,189.7273,152.1423,133.9184,11.5723,149.9911,144.0417,160.2429,16.2012,0.010661,0.034909,0.02036,2.352e-05,0.00485,170,2.267,9.2603,344.9083,34.0145,1670,254077,49.0967,7469.6702,0.4955,0.5017
flow_1303,0x10000517,08,VoIP,46,correlator,94.5897,133.7756,108.9171,49.9108,7.0648,111.2561,103.9718,113.8624,9.8907,0.007454,0.040778,0.020784,4.442e-05,0.006665,45,3.8862,5.2992,423.2704,12.126,583,63498,48.0787,5236.5367,0.4875,0.4761
flow_1315,0x10000523,08,VoIP,46,correlator,78.1315,107.2221,91.9048,48.3713,6.955,94.0084,87.0363,96.7733,9.7369,0.012074,0.036161,0.021708,2.321e-05,0.004817,206,2.7617,8.503,253.8092,31.765,1463,134456,46.057,4232.8368,0.503,0.5138
flow_1327,0x1000052f,08,VoIP,46,correlator,85.9476,125.7432,100.7881,36.9905,6.082,101.5249,96.5308,105.0455,8.5148,0.018329,0.046012,0.029402,3.065e-05,0.005537,151,2.2941,6.7652,231.2197,44.3327,1507,151887,33.993,3426.0752,0.4931,0.513
flow_1339,0x1000053b,08,VoIP,46,correlator,92.1043,126.2347,102.1569,29.9412,5.4719,100.9219,98.3266,105.9872,7.6606,0.019891,0.045712,0.03022,2.667e-05,0.005164,77,2.1904,7.0832,223.7639,21.9127,725,74063,33.0859,3379.9189,0.479,0.4932
flow_1351,0x10000547,08,VoIP,46,correlator,140.7762,222.3199,171.7562,308.346,17.5598,171.7269,159.4644,184.0481,24.5837,0.020574,0.042244,0.029242,1.878e-05,0.004334,67,4.7826,9.9997,821.4386,17.3019,591,101507,34.1582,5866.8257,0.4786,0.4963
flow_1363,0x10000553,08,VoIP,46,correlator,193.0931,239.6576,208.6182,189.0028,13.7478,208.205,198.9948,218.2417,19.247,0.009719,0.039766,0.021737,3.611e-05,0.006009,112,3.9622,7.4744,826.5812,35.5321,1634,340882,45.9867,9593.6485,0.5105,0.507
flow_1375,0x1000055f,08,VoIP,46,correlator,74.5637,104.2718,85.5747,60.2935,7.7649,85.4556,80.1393,91.0101,10.8708,0.020055,0.046244,0.03053,2.743e-05,0.005238,135,2.2836,8.3852,195.4161,36.8591,1207,103288,32.7463,2802.2386,0.4897,0.4828
flow_1387,0x1000056b,08,VoIP,46,correlator,96.3455,124.2698,108.1942,21.7726,4.6661,109.5466,104.9279,111.4604,6.5326,0.007366,0.03705,0.01924,3.525e-05,0.005937,177,4.68,9.7714,506.3536,37.4185,1944,210329,51.9528,5620.9826,0.4969,0.4804
flow_1399,0x10000577,08,VoIP,46,correlator,181.6416,236.501,202.6335,167.7091,12.9503,202.7121,193.5683,211.6987,18.1304,0.021386,0.047057,0.031654,2.636e-05,0.005134,56,2.9721,6.4539,602.2384,24.3163,768,155622,31.5838,6399.9107,0.5101,0.5301
flow_1411,0x10000583,08,VoIP,46,correlator,178.572,233.0762,202.7382,73.5465,8.5759,201.9905,196.7351,208.7414,12.0063,0.008985,0.035747,0.01969,2.865e-05,0.005352,65,3.8298,8.1662,776.4371,17.0979,868,175976,50.7663,10292.2294,0.4766,0.4567
flow_1423,0x1000058f,08,VoIP,46,correlator,189.1413,237.8938,209.6903,155.6693,12.4768,208.8497,200.9566,218.424,17.4675,0.01072,0.03446,0.020216,2.254e-05,0.004748,298,3.3561,9.5279,703.7374,44.5566,2204,462157,49.4652,10372.3531,0.5135,0.5181
flow_1435,0x1000059b,08,VoIP,46,correlator,87.6982,118.8527,102.5461,21.2558,4.6104,102.5078,99.3189,105.7734,6.4546,0.011695,0.031097,0.019456,1.506e-05,0.003881,145,2.6532,9.1159,272.0765,32.8079,1686,172892,51.3901,5269.8281,0.4763,0.4696
flow_1447,0x100005a7,08,VoIP,46,correlator,135.0,205.8432,173.2801,416.8114,20.416,174.2808,158.9889,187.5712,28.5823,0.021924,0.039856,0.029097,1.286e-05,0.003587,22,3.2796,8.5781,568.2813,9.6848,332,57528,34.2806,5940.0506,0.4701,0.4818
flow_1459,0x100005b3,08,VoIP,46,correlator,179.6424,232.6235,199.1925,50.1059,7.0786,198.4148,194.2375,204.1475,9.91,0.022748,0.042097,0.030487,1.497e-05,0.00387,39,2.7612,6.3508,550.0067,17.8675,586,116726,32.797,6532.867,0.5187,0.5356
flow_1471,0x100005bf,08,VoIP,46,correlator,185.0746,234.3185,208.2852,151.0355,12.2896,209.2829,199.6825,216.888,17.2055,0.01677,0.049493,0.029859,4.283e-05,0.006545,202,4.5183,5.3884,941.0878,42.3542,1418,295348,33.4796,6973.2927,0.5257,0.5307
flow_1483,0x100005cb,08,VoIP,46,correlator,119.6177,183.2362,148.8951,158.9541,12.6077,148.5908,140.0697,157.7205,17.6508,0.009275,0.036162,0.02003,2.892e-05,0.005377,34,4.2944,9.5336,639.4114,10.3824,518,77127,49.892,7428.6092,0.5016,0.5069
flow_1495,0x100005d7,08,VoIP,46,correlator,129.0811,196.104,154.1268,133.177,11.5402,155.4736,146.0486,162.205,16.1563,0.010248,0.032861,0.019293,2.045e-05,0.004522,29,3.9243,8.2179,604.8418,8.5475,443,68278,51.8278,7988.0284,0.5011,0.5159
flow_1507,0x100005e3,08,VoIP,46,correlator,143.1956,210.3782,172.5638,272.7092,16.5139,170.8332,161.004,184.1235,23.1195,0.021954,0.042103,0.030013,1.624e-05,0.00403,55,4.547,7.0144,784.6442,22.2932,742,128042,33.2837,5743.548,0.4969,0.5151
flow_1519,0x100005ef,08,VoIP,46,correlator,127.6076,209.3517,166.4223,148.3855,12.1814,165.2167,157.8954,174.9493,17.0539,0.021043,0.046401,0.031187,2.572e-05,0.005072,52,3.3507,9.8141,557.6296,19.5907,628,104513,32.056,5334.8216,0.4911,0.4998
flow_1531,0x100005fb,08,VoIP,46,correlator,140.76,201.7889,171.6605,406.618,20.1648,170.349,157.5452,185.7759,28.2307,0.008592,0.040047,0.021174,3.958e-05,0.006291,52,2.3567,5.4901,404.548,9.2696,437,75015,47.1435,8092.6071,0.5267,0.539
flow_1543,0x10000607,08,VoIP,46,correlator,86.5791,116.4774,101.1788,29.1396,5.3981,100.7626,97.4001,104.9575,7.5574,0.020382,0.048208,0.031512,3.097e-05,0.005565,58,4.5739,8.4914,462.7785,16.4842,523,52916,31.7273,3210.1024,0.4871,0.4724
flow_1555,0x10000613,08,VoIP,46,correlator,189.4182,234.283,204.7944,113.6027,10.6585,204.921,197.3335,212.2553,14.9218,0.012888,0.030982,0.020125,1.31e-05,0.003619,164,4.7682,8.6695,976.5002,43.4071,2156,441536,49.6693,10171.9862,0.5197,0.5383
flow_1567,0x1000061f,08,VoIP,46,correlator,183.5807,226.8445,206.4762,36.0182,6.0015,206.4078,202.2751,210.6773,8.4021,0.019634,0.048519,0.031188,3.338e-05,0.005777,46,4.4046,9.2866,909.4381,18.8218,603,124505,32.0372,6614.9188,0.5115,0.4971
flow_1579,0x1000062b,08,VoIP,46,correlator,172.7913,211.0441,188.4809,173.7053,13.1797,188.197,179.2551,197.7067,18.4516,0.020331,0.045688,0.030474,2.572e-05,0.005071,163,3.5642,9.7906,671.7788,43.5205,1428,269150,32.8121,6184.4412,0.4821,0.486
flow_1591,0x10000637,08,VoIP,46,correlator,131.5393,218.576,164.1825,432.7956,20.8037,163.3984,149.6199,178.7451,29.1252,0.012165,0.030161,0.019364,1.295e-05,0.003599,98,4.666,9.6242,766.0827,15.3258,791,129868,51.6124,8473.8317,0.4838,0.4942
flow_1603,0x10000643,08,VoIP,46,correlator,108.1953,190.0458,142.8358,160.7593,12.6791,140.5732,133.9604,151.7112,17.7507,0.02175,0.043777,0.030561,1.941e-05,0.004405,123,2.202,6.7249,314.5181,41.344,1352,193114,32.7013,4670.9126,0.5077,0.501
flow_1615,0x1000064f,08,VoIP,46,correlator,175.3923,220.5313,195.8729,164.7067,12.8338,194.0467,186.8893,204.8566,17.9673,0.008379,0.035177,0.019098,2.873e-05,0.00536,173,3.4068,9.876,667.3068,39.1656,2050,401539,52.3418,10252.3363,0.4922,0.4885
flow_1627,0x1000065b,08,VoIP,46,correlator,104.1434,185.0269,142.7411,122.6039,11.0727,144.2546,134.9902,150.492,15.5017,0.010647,0.032085,0.019223,1.838e-05,0.004288,114,3.6006,8.5984,513.9604,16.5208,859,122614,51.9952,7421.818,0.4992,0.5121
flow_1639,0x10000667,08,VoIP,46,correlator,147.0954,224.3891,179.2338,312.9175,17.6895,178.8279,166.8511,191.6164,24.7653,0.012838,0.031013,0.020108,1.321e-05,0.003635,101,3.8236,5.5424,685.3197,16.5353,822,147330,49.7119,8910.0405,0.4777,0.4807
flow_1651,0x10000673,08,VoIP,46,correlator,96.0804,126.5078,109.2143,41.3807,6.4328,108.7223,104.7114,113.7173,9.0059,0.018851,0.044863,0.029256,2.707e-05,0.005202,59,3.0892,5.0157,337.3882,21.4227,732,79944,34.1694,3731.7433,0.525,0.5286
flow_1663,0x1000067f,08,VoIP,46,correlator,117.1634,200.8595,155.8421,135.8259,11.6544,155.8344,147.684,164.0002,16.3162,0.011068,0.036857,0.021383,2.66e-05,0.005158,110,3.5313,9.9956,550.3175,27.4992,1286,200412,46.765,7287.9197,0.5004,0.5061
flow_1675,0x1000068b,08,VoIP,46,correlator,184.2625,224.3234,200.6137,42.1825,6.4948,200.2236,196.0673,205.1601,9.0927,0.009988,0.038624,0.021442,3.28e-05,0.005727,122,2.2598,9.4907,453.3445,36.2639,1691,339237,46.6304,9354.6784,0.498,0.5087
flow_1687,0x10000697,08,VoIP,46,correlator,93.8991,128.4677,104.3412,58.3957,7.6417,106.31,98.992,109.6904,10.6984,0.023505,0.043194,0.03138,1.551e-05,0.003938,36,3.452,5.2888,360.1821,9.1245,290,30258,31.7824,3316.1109,0.4796,0.4976
flow_1699,0x100006a3,08,VoIP,46,correlator,165.6525,224.2507,189.4041,65.7937,8.1113,190.1591,183.7262,195.082,11.3559,0.009112,0.034366,0.019213,2.551e-05,0.005051,130,2.1356,5.4053,404.4951,27.536,1433,271416,52.0409,9856.7659,0.5249,0.5279
flow_1711,0x100006af,08,VoIP,46,correlator,162.0576,217.6771,186.6631,146.6581,12.1102,189.1835,178.1859,195.1403,16.9543,0.012094,0.034481,0.021049,2.005e-05,0.004477,206,2.3972,9.915,447.4717,35.8861,1704,318073,47.4835,8863.3997,0.4717,0.4529
flow_1723,0x100006bb,08,VoIP,46,correlator,163.1877,209.6942,188.1611,118.6432,10.8923,187.9162,180.5364,195.7857,15.2493,0.010484,0.037674,0.02136,2.957e-05,0.005438,33,4.4082,6.1869,829.4539,9.6266,450,84672,46.7457,8795.6669,0.4904,0.4909
flow_1735,0x100006c7,08,VoIP,46,correlator,72.0047,102.9761,85.866,57.9662,7.6136,83.8771,80.5365,91.1954,10.659,0.023247,0.041059,0.030372,1.269e-05,0.003562,98,3.0798,5.9781,264.4477,27.1054,892,76592,32.9086,2825.7149,0.4907,0.5032
flow_1747,0x100006d3,08,VoIP,46,correlator,116.1169,187.5564,149.4867,292.2856,17.0964,148.6665,137.5192,161.4541,23.9349,0.012367,0.035917,0.021787,2.218e-05,0.00471,147,2.9094,6.5698,434.9218,33.256,1526,228116,45.8865,6859.3979,0.5002,0.4879
flow_1759,0x100006df,08,VoIP,46,correlator,131.3197,207.1497,158.8277,111.3156,10.5506,161.6965,151.4423,166.2131,14.7709,0.022627,0.045618,0.031823,2.114e-05,0.004598,54,3.7345,8.1946,593.1472,17.8559,561,89102,31.4181,4990.0521,0.4909,0.4864
flow_1771,0x100006eb,08,VoIP,46,correlator,181.7965,235.1782,200.1796,150.7109,12.2764,200.5491,191.586,208.7731,17.187,0.009171,0.0389,0.021062,3.535e-05,0.005946,64,4.3551,6.047,871.7987,8.3989,398,79671,47.387,9485.8615,0.5111,0.5112
flow_1783,0x100006f7,08,VoIP,46,correlator,86.9752,115.6449,97.9354,20.0584,4.4787,97.0394,94.8003,101.0704,6.2701,0.011355,0.033512,0.020218,1.964e-05,0.004431,166,4.079,5.1657,399.4799,34.8208,1722,168644,49.4531,4843.192,0.4962,0.4798
flow_1795,0x10000703,08,VoIP,46,correlator,182.3582,236.3184,203.28,157.9116,12.5663,204.5215,194.4836,212.0764,17.5928,0.021845,0.042344,0.030044,1.681e-05,0.0041,85,3.1838,6.9876,647.1949,30.7586,1023,207955,33.259,6760.8765,0.4806,0.4606
flow_1807,0x1000070f,08,VoIP,46,correlator,75.5683,102.1048,86.3139,36.9487,6.0785,85.9258,82.059,90.5689,8.51,0.017622,0.046479,0.029164,3.331e-05,0.005771,56,3.1481,9.923,271.7239,24.0231,823,71036,34.2587,2956.9915,0.5034,0.523
flow_1819,0x1000071b,08,VoIP,46,correlator,121.4381,206.989,159.8056,184.5509,13.585,161.1852,150.2962,169.3151,19.0189,0.00817,0.03955,0.020722,3.939e-05,0.006276,141,3.5145,5.7831,561.6314,43.8681,2117,338308,48.2582,7711.9279,0.5072,0.5129
flow_1831,0x10000727,08,VoIP,46,correlator,76.9157,112.0262,90.2507,33.2876,5.7695,91.154,86.212,94.2893,8.0774,0.009521,0.033598,0.019152,2.319e-05,0.004815,173,4.7621,8.5826,429.7824,37.6147,1964,177252,52.2136,4712.3022,0.5167,0.515
flow_1843,0x10000733,08,VoIP,46,correlator,134.4631,211.6858,173.5783,145.706,12.0709,174.0113,165.1287,182.0279,16.8992,0.009538,0.034149,0.019382,2.423e-05,0.004922,148,4.327,8.9672,751.0698,24.8603,1282,222527,51.5682,8951.0965,0.4917,0.5078
flow_1855,0x1000073f,08,VoIP,46,correlator,84.9677,112.0903,95.2881,49.3621,7.0258,94.1224,90.3701,100.2062,9.8361,0.021175,0.045445,0.030883,2.356e-05,0.004854,61,3.1507,9.4009,300.2246,16.1917,524,49930,32.3622,3083.6702,0.5265,0.5219
flow_1867,0x1000074b,08,VoIP,46,correlator,115.1665,201.419,153.5999,138.4165,11.7651,152.5927,145.3643,161.8354,16.4711,0.022833,0.043068,0.030927,1.638e-05,0.004047,47,4.6955,5.1924,721.2217,17.4922,565,86783,32.3001,4961.2347,0.4925,0.5099
flow_1879,0x10000757,08,VoIP,46,correlator,82.4608,116.942,94.3508,40.451,6.3601,94.3693,89.8987,98.8029,8.9042,0.021731,0.044979,0.03103,2.162e-05,0.00465,37,4.7561,6.059,448.7431,11.8502,381,35947,32.1514,3033.4512,0.4949,0.4859
flow_1891,0x10000763,08,VoIP,46,correlator,94.8176,127.8386,108.1179,44.9761,6.7064,108.2688,103.4234,112.8124,9.389,0.011914,0.035397,0.021307,2.206e-05,0.004697,209,4.3708,9.5335,472.5659,37.7863,1773,191692,46.9218,5073.0611,0.5288,0.5399
flow_1903,0x1000076f,08,VoIP,46,correlator,87.3425,119.5699,99.7465,57.921,7.6106,99.1683,94.4191,105.0739,10.6548,0.01977,0.044281,0.029574,2.403e-05,0.004902,115,4.1963,6.1989,418.5653,35.1178,1187,118399,33.8006,3371.484,0.505,0.5195
flow_1915,0x1000077b,08,VoIP,46,correlator,74.1218,108.1742,87.1622,41.3243,6.4284,85.9829,82.6623,91.662,8.9998,0.019347,0.048908,0.031172,3.496e-05,0.005912,76,2.2219,5.7921,193.6679,16.4951,529,46108,32.0701,2795.2505,0.5094,0.506
flow_1927,0x10000787,08,VoIP,46,correlator,89.6513,116.9371,101.6549,17.8263,4.2221,101.8296,98.6994,104.6103,5.911,0.012072,0.033852,0.020784,1.897e-05,0.004356,61,4.4125,8.92,448.5564,11.9497,574,58349,48.0345,4882.8654,0.511,0.5081
flow_1939,0x10000793,08,VoIP,46,correlator,96.4914,131.8982,107.4966,56.6131,7.5242,105.9657,102.2297,112.7635,10.5338,0.023033,0.040904,0.030181,1.277e-05,0.003574,62,4.623,5.8784,496.9613,26.4344,875,94059,33.1008,3558.2076,0.5031,0.5044
flow_1951,0x1000079f,08,VoIP,46,correlator,72.5328,102.0447,85.5488,16.4563,4.0566,84.8411,82.7091,88.3884,5.6793,0.012548,0.033424,0.020899,1.743e-05,0.004175,168,4.4155,5.1434,377.7445,26.1492,1251,107021,47.8408,4092.7015,0.4923,0.4818
flow_1963,0x100007ab,08,VoIP,46,correlator,95.8855,133.3025,109.8166,56.1469,7.4931,108.9547,104.5715,115.0618,10.4904,0.007767,0.039346,0.020399,3.989e-05,0.006316,169,3.7893,5.5278,416.1314,23.7815,1165,127936,48.9877,5379.6459,0.5093,0.5292
flow_1975,0x100007b7,08,VoIP,46,correlator,88.1457,116.0612,98.5149,47.621,6.9008,98.5501,93.6843,103.3455,9.6611,0.00989,0.039333,0.021667,3.468e-05,0.005889,104,3.6122,8.2694,355.8583,32.9656,1521,149841,46.139,4545.3744,0.5221,0.5326
flow_1987,0x100007c3,08,VoIP,46,correlator,86.5856,125.0399,100.8088,31.3567,5.5997,101.8671,96.8891,104.7286,7.8396,0.012953,0.031001,0.020172,1.303e-05,0.003609,53,2.5105,6.3431,253.0823,8.8959,440,44355,49.4612,4986.031,0.4873,0.5017
flow_1999,0x100007cf,08,VoIP,46,correlator,120.8225,202.965,148.5171,129.1464,11.3643,148.6107,140.5622,156.4721,15.91,0.018626,0.04711,0.030019,3.245e-05,0.005697,111,4.1297,7.4658,613.3262,41.6723,1388,206141,33.3075,4946.7176,0.4747,0.4946
flow_2011,0x100007db,08,Video,34,correlator,207.0018,1409.1538,1089.3222,138335.8952,371.9353,1173.8696,763.4098,1399.1538,635.7439,0.00019,0.102377,0.013932,0.00076305,0.027623,243,29.4237,89.3202,32051.9398,57.7565,4145,4515240,71.7668,78177.188,0.8321,0.8932
flow_2023,0x100007e7,08,Video,34,correlator,171.7415,1412.2761,1159.795,136121.5705,368.9466,1245.7122,767.5378,1400.0,632.4622,0.000977,0.077211,0.005871,0.00055849,0.023632,235,21.3251,61.9135,24732.7592,46.7918,7970,9243565,170.3291,197546.8545,0.7442,0.9479
flow_2035,0x100007f3,08,Video,34,correlator,171.3451,1403.0658,1090.7842,109246.3451,330.5243,1186.5425,657.5147,1393.0658,735.5512,0.000935,0.054829,0.005968,0.00164931,0.040612,320,10.0549,85.2405,10967.772,59.0199,9889,10786764,167.5537,182764.9194,0.9121,0.9317
flow_2047,0x100007ff,08,Video,34,correlator,131.4722,1402.135,1279.6753,199523.8254,446.6809,1285.0631,658.6855,1392.135,733.4495,0.000966,0.056351,0.012068,0.00040352,0.020088,73,25.0632,70.8273,32072.7093,16.4284,1361,1741638,82.8443,106013.8356,0.8654,0.896
flow_2059,0x1000080b,08,Video,34,correlator,229.7429,1398.1381,901.8708,168695.2421,410.7253,1325.8693,687.9965,1388.1381,700.1416,0.000882,0.123683,0.003256,0.0005377,0.023188,147,26.3549,49.9077,23768.7131,13.6656,4196,3784249,307.0493,276918.7647,0.8507,0.9142
flow_2071,0x10000817,08,Video,34,correlator,258.8666,1388.622,1145.7744,103647.634,321.9435,1235.5092,763.2779,1378.622,615.3441,0.000358,0.113759,0.005506,0.00048649,0.022057,459,22.4265,73.9664,25695.7487,51.1953,9298,10653410,181.6183,208093.5453,0.794,0.9134
flow_2083,0x10000823,08,Video,34,correlator,215.8152,1397.9415,1181.3744,141268.0256,375.8564,1230.5622,896.6526,1387.9415,491.289,0.000957,0.135968,0.011567,0.00124673,0.035309,55,17.6302,40.3388,20827.9256,16.5681,1432,1691728,86.4313,102107.7389,0.8328,0.8777
flow_2095,0x1000082f,08,Video,34,correlator,129.7023,1404.5597,1279.5921,68199.8699,261.151,1058.7624,858.4368,1394.5597,536.1229,0.000115,0.138028,0.003156,0.00024705,0.015718,199,14.3398,53.7914,18349.1556,14.1454,4481,5733852,316.7818,405351.4719,0.7781,0.9654
flow_2107,0x1000083b,08,Video,34,correlator,167.7553,1383.7607,1199.553,192404.0258,438.6388,1075.4032,776.5228,1373.7607,597.2378,0.000161,0.078832,0.00747,0.00045475,0.021325,109,22.8372,69.9971,27394.3921,24.1179,3228,3872157,133.8426,160551.2485,0.8239,0.8945
flow_2119,0x10000847,08,Video,34,correlator,140.5908,1403.3457,1201.7708,85813.1064,292.9387,1187.1098,658.3375,1393.3457,735.0082,0.000288,0.110175,0.012574,0.00081874,0.028614,83,29.6744,41.8486,35661.8378,32.9764,2622,3151042,79.5115,95554.5861,0.818,0.8835
flow_2131,0x10000853,08,Video,34,correlator,158.6905,1387.6709,1149.3786,69268.3092,263.1887,1062.9594,662.4543,1377.6709,715.2167,0.000853,0.146342,0.014056,0.00097735,0.031263,128,19.5804,76.0315,22505.2441,45.6465,3247,3732032,71.1336,81759.4008,0.8936,0.9579
flow_2143,0x1000085f,08,Video,34,correlator,194.4522,1383.8147,1260.4601,98162.1652,313.3084,1322.6416,840.0813,1373.8147,533.7334,0.000329,0.083033,0.012381,0.00107713,0.03282,63,10.7166,76.3318,13507.9015,17.6847,1428,1799937,80.7476,101779.1843,0.8805,0.8778
flow_2155,0x1000086b,08,Video,34,correlator,192.4862,1383.9651,967.971,96872.8913,311.2441,1192.5258,679.07,1373.9651,694.8951,0.000633,0.14332,0.00435,0.00028883,0.016995,183,13.7876,69.9533,13345.968,23.4738,5395,5222203,229.8311,222469.8187,0.7475,0.9599
flow_2167,0x10000877,08,Video,34,correlator,226.7946,1412.1418,1240.0152,181411.7392,425.9246,1188.251,729.6432,1400.0,670.3568,0.000571,0.064022,0.010205,0.0004884,0.0221,124,11.7488,89.6972,14568.7015,31.0264,3040,3769646,97.9812,121498.1695,0.7276,0.9695
flow_2179,0x10000883,08,Video,34,correlator,139.823,1406.4438,1266.2387,110501.8639,332.4182,1131.6648,860.8645,1396.4438,535.5793,0.000955,0.110879,0.004334,0.00138642,0.037235,676,18.7417,83.6539,23731.4158,46.1821,10655,13491773,230.717,292142.8451,0.7223,0.8878
flow_2191,0x1000088f,08,Video,34,correlator,179.426,1413.5061,989.6722,164689.7742,405.8199,1240.7007,699.2696,1400.0,700.7304,0.000504,0.080238,0.009393,0.00088524,0.029753,167,10.3387,47.8769,10231.9722,45.1041,4801,4751416,106.4427,105343.3358,0.8493,0.8791
flow_2203,0x1000089b,08,Video,34,correlator,207.4758,1386.2845,988.2707,71303.1145,267.0264,1126.2721,819.6,1376.2845,556.6844,0.000157,0.122935,0.008144,0.00023007,0.015168,232,20.555,48.2271,20313.8836,45.7973,5623,5557045,122.7803,121340.1093,0.8171,0.9447
flow_2215,0x100008a7,08,Video,34,correlator,213.3045,1410.8385,988.0028,113608.5259,337.0586,1106.6263,844.7258,1400.0,555.2742,0.000762,0.14916,0.005966,0.00079541,0.028203,169,23.2871,35.4647,23007.6988,32.7908,5496,5430063,167.6078,165596.9344,0.7983,0.9012
flow_2227,0x100008b3,08,Video,34,correlator,250.2223,1381.2847,938.1891,193056.2181,439.3816,1089.8598,658.3461,1371.2847,712.9386,0.000126,0.116783,0.009763,0.00025262,0.015894,232,20.6702,67.2325,19392.5232,47.4364,4858,4557722,102.4109,96080.7571,0.7522,0.9072
flow_2239,0x100008bf,08,Video,34,correlator,138.2334,1389.0658,1306.7148,75723.5984,275.1792,1191.4605,859.8774,1379.0658,519.1884,0.000408,0.064752,0.003046,0.00019984,0.014137,254,13.4126,70.1366,17526.4743,20.7677,6816,8906567,328.2026,428867.1265,0.9031,0.8798
flow_2251,0x100008cb,08,Video,34,correlator,223.0307,1409.7154,943.9191,88223.2476,297.024,1325.3315,691.4242,1399.7154,708.2912,0.000602,0.069653,0.00925,0.00032872,0.018131,151,29.8034,41.2202,28132.0256,22.3559,2416,2280508,108.0698,102009.1507,0.8031,0.9043
flow_2263,0x100008d7,08,Video,34,correlator,150.7425,1384.0448,1323.2874,143402.3005,378.685,1131.3178,886.7444,1374.0448,487.3004,0.000969,0.116593,0.00777,0.00024637,0.015696,400,15.6629,86.9985,20726.529,48.1351,6195,8197765,128.7001,170307.2757,0.7511,0.9636
flow_2275,0x100008e3,08,Video,34,correlator,231.7583,1398.7171,944.3237,125097.7297,353.6916,1323.7984,859.7119,1388.7171,529.0052,0.000264,0.117865,0.010867,0.00031733,0.017814,117,26.9525,36.1257,25451.8417,27.6273,2542,2400470,92.0106,86887.748,0.7985,0.881
flow_2287,0x100008ef,08,Video,34,correlator,174.8038,1383.6716,1156.3099,69587.7785,263.795,1068.9044,832.6275,1373.6716,541.0441,0.000718,0.058476,0.00789,0.00044469,0.021088,221,17.7929,60.7789,20574.1005,53.2663,6751,7806247,126.7405,146551.2777,0.7995,0.9521
flow_2299,0x100008fb,08,Video,34,correlator,249.8499,1396.2031,1246.6683,87952.8391,296.5684,1124.3558,798.0676,1386.2031,588.1355,0.000243,0.13029,0.008837,0.00018379,0.013557,104,13.7965,67.9688,17199.7162,28.55,3230,4026738,113.135,141041.8256,0.821,0.8924
flow_2311,0x10000907,08,Video,34,correlator,177.2294,1384.9437,1158.4255,90508.2119,300.8458,1104.4621,782.8594,1374.9437,592.0843,0.000167,0.14874,0.005112,0.00126374,0.035549,213,25.0303,43.4094,28995.7615,37.8213,7398,8570031,195.6042,226592.9264,0.7655,0.8639
flow_2323,0x10000913,08,Video,34,correlator,219.0114,1414.5927,1320.4648,122838.9162,350.4838,1329.2612,785.0997,1400.0,614.9003,0.000833,0.09122,0.009153,0.00016747,0.012941,159,25.4962,66.6439,33666.8693,40.8012,4457,5885311,109.237,144243.5686,0.844,0.9177
flow_2335,0x1000091f,08,Video,34,correlator,133.4198,1394.556,1207.2721,159543.7894,399.4293,1070.9163,738.4802,1384.556,646.0758,0.000581,0.100411,0.013746,0.00099213,0.031498,106,11.3767,53.3782,13734.8102,41.204,2997,3618194,72.7357,87811.7515,0.8253,0.9449
flow_2347,0x1000092b,08,Video,34,correlator,209.3307,1406.93,954.7241,170411.0021,412.8087,1244.9479,842.8682,1396.93,554.0618,0.000961,0.06092,0.013513,0.00075981,0.027565,41,14.331,65.4485,13682.1532,12.1938,902,861161,73.9719,70622.7559,0.7761,0.9395
flow_2359,0x10000937,08,Video,34,correlator,240.3215,1399.462,1132.9439,161756.7083,402.1899,1121.7444,761.3781,1389.462,628.0839,0.000679,0.074277,0.011557,0.00118296,0.034394,51,21.0807,45.113,23883.271,19.0221,1645,1863692,86.4786,97975.3233,0.8171,0.8664
flow_2371,0x10000943,08,Video,34,correlator,151.8141,1402.201,909.6478,168216.2804,410.1418,1318.7477,844.4673,1392.201,547.7337,0.000626,0.119163,0.011495,0.00061398,0.024779,49,14.4937,55.0447,13184.1896,13.259,1153,1048823,86.9601,79103.009,0.8698,0.8972
flow_2383,0x1000094f,08,Video,34,correlator,204.9365,1410.9134,1081.2454,194130.3433,440.6023,1053.5023,822.372,1400.0,577.628,0.000183,0.114932,0.007929,0.00022766,0.015089,74,16.2186,53.9114,17536.2433,19.0931,2407,2602557,126.0664,136308.6911,0.852,0.8786
flow_2395,0x1000095b,08,Video,34,correlator,203.2364,1404.2921,1128.3938,78974.2373,281.0236,1058.229,794.0462,1394.2921,600.2459,0.000487,0.061354,0.008079,0.00053704,0.023174,90,20.2756,68.5314,22878.8939,20.6049,2550,2877404,123.7572,139646.8453,0.7459,0.9558
flow_2407,0x10000967,08,Video,34,correlator,223.7873,1383.2787,960.5347,107155.7509,327.3465,1151.093,792.2905,1373.2787,580.9882,0.000574,0.065539,0.011274,0.0011653,0.034137,163,21.7787,59.4039,20919.165,45.4058,4027,3868073,88.6891,85188.9967,0.8033,0.9412
flow_2419,0x10000973,08,Video,34,correlator,141.2057,1398.1684,1209.9045,156366.6403,395.4322,1063.4525,733.2051,1388.1684,654.9633,0.00038,0.079965,0.010011,0.00128213,0.035807,244,27.92,78.4729,33780.5033,47.3553,4730,5722848,99.8833,120849.2513,0.8986,0.896
flow_2431,0x1000097f,08,Video,34,correlator,221.6194,1411.3864,1220.5157,100524.7333,317.0564,1212.7744,796.4437,1400.0,603.5563,0.00032,0.137488,0.007524,0.00066851,0.025856,358,16.848,46.8916,20563.1895,58.0962,7721,9423601,132.9004,162206.9698,0.893,0.8712
flow_2443,0x1000098b,08,Video,34,correlator,150.3343,1386.502,966.0403,114995.6722,339.1101,1094.4177,812.7163,1376.502,563.7856,0.000835,0.122428,0.007354,0.00156245,0.039528,387,11.6737,58.7661,11277.2766,45.0582,6127,5918929,135.9797,131361.8359,0.9029,0.8622
flow_2455,0x10000997,08,Video,34,correlator,158.7058,1408.4102,1338.8804,85070.2269,291.668,1144.2397,691.9764,1398.4102,706.4338,0.000322,0.063451,0.014462,0.00072381,0.026904,229,22.8653,68.5571,30613.8479,53.9907,3733,4998040,69.1415,92572.1928,0.8744,0.9386
flow_2467,0x100009a3,08,Video,34,correlator,169.5905,1401.949,1060.398,74784.3696,273.4673,1206.1098,756.0481,1391.949,635.901,0.000224,0.108146,0.011746,0.00036428,0.019086,162,25.8007,81.2598,27358.9692,47.6164,4053,4297792,85.1178,90258.7295,0.9033,0.8992
flow_2479,0x100009af,08,Video,34,correlator,250.7867,1385.6684,1023.3252,78471.2261,280.1272,1111.3924,740.2749,1375.6684,635.3934,0.000114,0.136499,0.013051,0.00020819,0.014429,122,10.5553,84.4768,10801.5397,26.3836,2021,2068140,76.6006,78387.2813,0.8246,0.9294
flow_2491,0x100009bb,08,Video,34,correlator,136.3969,1393.7265,1050.8342,80612.0998,283.9227,1208.3127,748.4514,1383.7265,635.2752,0.000291,0.058423,0.013029,0.00046278,0.021512,63,22.5246,69.097,23669.639,24.1234,1851,1945094,76.7304,80630.9208,0.8916,0.8829
flow_2503,0x100009c7,08,Video,34,correlator,230.24,1398.3987,1317.4413,91427.1615,302.3692,1131.8806,884.6507,1388.3987,503.7481,0.000552,0.111676,0.008092,0.00019152,0.013839,99,14.6589,41.5807,19312.1776,23.7474,2934,3865372,123.5503,162770.2368,0.7699,0.9194
flow_2515,0x100009d3,08,Video,34,correlator,136.821,1407.1136,1146.0156,142087.0313,376.9443,1327.4306,889.3233,1397.1136,507.7902,0.000715,0.098948,0.00582,0.00033189,0.018218,256,10.2137,83.3302,11705.0514,47.6912,8193,9389305,171.7927,196877.0563,0.7731,0.976
flow_2527,0x100009df,08,Video,34,correlator,222.9994,1415.6822,1128.2049,74999.2165,273.8598,1303.7304,828.5415,1400.0,571.4585,0.000692,0.058423,0.007034,0.00035342,0.018799,362,21.8695,51.6959,24673.2813,49.788,7078,7985434,142.1626,160388.5814,0.8154,0.9541
flow_2539,0x100009eb,08,Video,34,correlator,203.7751,1384.2183,1061.4554,81565.5247,285.5968,1155.4418,709.5459,1374.2183,664.6724,0.000829,0.138566,0.005367,0.00061748,0.024849,190,26.8578,89.3773,28508.3877,24.4952,4564,4844482,186.3226,197773.0674,0.89,0.9142
flow_2551,0x100009f7,08,Video,34,correlator,133.8121,1393.8391,1015.5461,70813.9096,266.1088,1193.0382,813.3967,1383.8391,570.4424,0.000166,0.146574,0.003063,0.00035056,0.018723,1056,26.2798,80.4994,26688.3052,50.5493,16504,16760572,326.4929,331568.5601,0.881,0.9642
flow_2563,0x10000a03,08,Video,34,correlator,120.6485,1393.9835,1319.6394,88445.3757,297.3977,1254.06,661.8459,1383.9835,722.1377,0.00082,0.14666,0.011979,0.00039331,0.019832,52,24.3156,89.8039,32087.7834,14.1709,1182,1559813,83.4106,110071.8,0.7926,0.9793
flow_2575,0x10000a0f,08,Video,34,correlator,153.6725,1414.8537,1111.2157,63218.8537,251.4336,1092.3833,681.3911,1400.0,718.6089,0.000135,0.109569,0.011491,0.00087059,0.029506,69,28.0273,59.5995,31144.3248,15.2709,1328,1475694,86.963,96634.6738,0.8763,0.8909
flow_2587,0x10000a1b,08,Video,34,correlator,140.1517,1399.5864,1141.9577,102865.3733,320.7263,1106.612,869.9934,1389.5864,519.593,0.000372,0.06815,0.008527,0.00021285,0.014589,337,20.1279,76.0037,22985.2493,57.0838,6694,7644264,117.2663,133913.0943,0.7517,0.9069
flow_2599,0x10000a27,08,Video,34,correlator,127.619,1401.7426,1272.442,104477.8788,323.2304,1226.3644,881.821,1391.7426,509.9216,0.000573,0.128075,0.003363,0.00138534,0.03722,329,27.6112,55.9921,35133.6213,34.7061,10320,13131601,297.3536,378365.2601,0.8645,0.9798
flow_2611,0x10000a33,08,Video,34,correlator,214.6949,1394.9762,1332.9622,183551.0644,428.4286,1215.7406,844.3333,1384.9762,540.6429,0.000254,0.079217,0.009857,0.00055979,0.02366,98,22.1712,86.9683,29553.4345,33.7011,3419,4557397,101.4506,135229.7949,0.7717,0.859
flow_2623,0x10000a3f,08,Video,34,correlator,202.8244,1396.3327,1335.8294,121864.9131,349.0916,1176.2039,897.3031,1386.3327,489.0296,0.00059,0.07709,0.014105,0.00081847,0.028609,93,29.6317,44.4034,39582.9412,41.9449,2973,3971420,70.8786,94681.7569,0.7748,0.965
flow_2635,0x10000a4b,08,Video,34,correlator,167.692,1403.3143,937.2002,167035.9675,408.7003,1053.666,867.2087,1393.3143,526.1056,0.000632,0.134566,0.012535,0.00080018,0.028287,39,13.6084,36.1195,12753.7834,14.6738,1170,1096524,79.7337,74726.4507,0.7825,0.8925
flow_2647,0x10000a57,08,Video,34,correlator,240.9889,1389.0946,903.7465,77520.3004,278.4247,1084.8945,729.4559,1379.0946,649.6387,0.000197,0.057892,0.013394,0.00090544,0.030091,70,21.8752,41.2823,19769.6072,25.8448,1929,1743327,74.638,67453.7902,0.8722,0.9322
flow_2659,0x10000a63,08,Video,34,correlator,255.5186,1383.4123,1105.8705,177478.2113,421.2816,1066.8668,861.206,1373.4123,512.2062,0.000826,0.102607,0.010836,0.00088278,0.029712,118,12.5021,38.0616,13825.6957,42.4325,3915,4329483,92.2641,102032.1293,0.9165,0.9646
flow_2671,0x10000a6f,08,Video,34,correlator,204.0783,1416.8351,1048.9859,135894.3369,368.6385,1270.5581,741.1549,1400.0,658.8451,0.000908,0.113046,0.006052,0.00068489,0.02617,371,28.9398,78.5357,30357.4561,55.0683,9099,9544722,165.2313,173325.2562,0.7909,0.9083
flow_2683,0x10000a7b,08,Video,34,correlator,221.9086,1388.9864,1053.6272,152956.1364,391.0961,1254.2845,689.0534,1378.9864,689.933,0.000625,0.058632,0.013626,0.00115254,0.033949,87,19.2723,49.6032,20305.8193,20.0282,1469,1547778,73.3464,77279.7936,0.8862,0.9067
flow_2695,0x10000a87,08,Video,34,correlator,245.5694,1394.1528,1207.1603,116450.4128,341.2483,1119.1882,799.5112,1384.1528,584.6417,0.000764,0.074281,0.010115,0.00061838,0.024867,170,14.112,53.303,17035.459,36.5275,3611,4359055,98.8571,119336.3143,0.8806,0.8648
flow_2707,0x10000a93,08,Video,34,correlator,183.7868,1417.8872,988.7172,74064.5769,272.1481,1315.6852,732.0412,1400.0,667.9588,0.000355,0.135067,0.012195,0.00079622,0.028217,233,12.4349,68.0281,12294.6279,52.554,4309,4260382,81.9919,81066.7659,0.7667,0.8932
flow_2719,0x10000a9f,08,Video,34,correlator,145.8467,1381.1615,1195.3489,161274.3239,401.5897,1124.9755,834.2676,1371.1615,536.8939,0.000779,0.053266,0.012182,0.0012644,0.035558,171,18.621,36.3438,22258.5399,54.8308,4500,5379070,82.0707,98103.1238,0.8382,0.8712
flow_2731,0x10000aab,08,Video,34,correlator,246.4928,1419.0424,1138.5567,163161.9492,403.9331,1105.0929,884.2731,1400.0,515.7269,0.000515,0.12969,0.00328,0.00080555,0.028382,674,13.2706,78.685,15109.2969,47.7616,14561,16578523,304.8684,347109.9374,0.9155,0.8627
flow_2743,0x10000ab7,08,Video,34,correlator,250.0856,1418.7595,1174.0095,94166.6798,306.8659,1337.0161,692.7324,1400.0,707.2676,0.000717,0.055259,0.004281,0.000533,0.023087,205,23.1844,39.6457,27218.6913,27.0187,6311,7409174,233.579,274223.9998,0.7604,0.9443
flow_2755,0x10000ac3,08,Video,34,correlator,232.5252,1406.2977,1114.2787,200304.2264,447.5536,1291.0159,662.7353,1396.2977,733.5624,0.000302,0.090335,0.007369,0.0007978,0.028245,219,27.229,49.4381,30340.6928,42.2213,5729,6383702,135.6898,151196.1958,0.9042,0.8919
flow_2767,0x10000acf,08,Video,34,correlator,183.9402,1381.7335,1016.3277,151456.5486,389.1742,1144.0715,736.4903,1371.7335,635.2432,0.000569,0.056899,0.0037,0.00146223,0.038239,424,19.2228,88.8521,19536.6609,48.0827,12996,13208194,270.2841,274697.1956,0.7652,0.9597
flow_2779,0x10000adb,08,Video,34,correlator,244.0829,1411.3247,1129.5568,145642.2365,381.631,1346.9743,818.8882,1400.0,581.1118,0.000168,0.06105,0.005005,0.00048668,0.022061,238,13.7789,52.6008,15563.9958,35.6081,7114,8035666,199.7861,225669.7658,0.7873,0.9592
flow_2791,0x10000ae7,08,Video,34,correlator,255.384,1394.3686,1149.634,73106.0752,270.3814,1331.9068,743.7127,1384.3686,640.656,0.00087,0.145907,0.011523,0.00022006,0.014834,147,21.1529,43.8983,24318.1325,30.3767,2636,3030435,86.777,99761.7563,0.8084,0.9309
flow_2803,0x10000af3,08,Video,34,correlator,171.5399,1383.0671,1332.0115,64924.963,254.8038,1072.9287,735.3624,1373.0671,637.7047,0.00071,0.136403,0.014849,0.00039932,0.019983,177,12.9707,49.2367,17277.1027,44.1868,2975,3962734,67.3278,89681.4133,0.8792,0.9542
flow_2815,0x10000aff,08,Video,34,correlator,129.0936,1416.7179,1250.9739,89750.531,299.5839,1278.7651,693.3362,1400.0,706.6638,0.000602,0.084964,0.004744,0.00154178,0.039265,555,11.2779,56.7141,14108.3134,54.7737,11544,14441243,210.7581,263652.8482,0.8615,0.9361
flow_2827,0x10000b0b,08,Video,34,correlator,204.8421,1408.5929,969.562,167025.5911,408.6876,1095.8224,848.8656,1398.5929,549.7273,0.000175,0.124099,0.009151,0.00092562,0.030424,275,12.7508,76.1783,12362.6843,46.63,5095,4939918,109.2644,105938.5961,0.8032,0.9342
flow_2839,0x10000b17,08,Video,34,correlator,169.5585,1392.8895,1308.8618,179152.3631,423.2639,1204.5017,890.8642,1382.8895,492.0252,0.000538,0.139452,0.009981,0.0001925,0.013875,128,20.6177,85.1516,26985.685,43.8076,4389,5744594,100.1882,131132.4991,0.8733,0.957
flow_2851,0x10000b23,08,Video,34,correlator,178.4988,1415.6822,963.6351,89522.3978,299.2029,1312.9229,743.4699,1400.0,656.5301,0.000625,0.075682,0.006075,0.00030684,0.017517,585,13.1171,58.5926,12640.0969,56.896,9365,9024443,164.5986,158613.0052,0.7617,0.9512
flow_2863,0x10000b2f,08,Video,34,correlator,179.0971,1408.0945,1304.1519,196874.7013,443.7056,1214.5014,844.9113,1398.0945,553.1832,0.00048,0.063434,0.012319,0.0009135,0.030224,295,12.6972,55.6133,16559.0727,59.9017,4862,6340786,81.1663,105853.1485,0.7997,0.8847
flow_2875,0x10000b3b,08,Video,34,correlator,228.8336,1414.3623,973.5701,81921.5255,286.2194,1311.7405,702.2899,1400.0,697.7101,0.000825,0.090379,0.004728,0.00121055,0.034793,376,15.4893,89.2741,15079.8875,42.05,8894,8658932,211.5103,205920.0904,0.8291,0.9329
flow_2887,0x10000b47,08,Video,34,correlator,120.6143,1410.4779,1320.886,117351.8817,342.5666,1285.7924,880.2018,1400.0,519.7982,0.0006,0.091065,0.013522,0.00031938,0.017871,90,17.0896,61.2465,22573.3902,37.5534,2777,3668100,73.948,97676.8938,0.8416,0.8852
flow_2899,0x10000b53,08,Video,34,correlator,159.9158,1400.742,1110.3835,75822.6987,275.3592,1318.4225,833.9177,1390.742,556.8243,0.000783,0.136161,0.003744,0.00086382,0.029391,268,15.5217,81.6884,17235.0723,27.798,7423,8242376,267.0336,296509.6493,0.895,0.86
flow_2911,0x10000b5f,08,Video,34,correlator,126.0322,1381.5185,1020.4053,103322.5851,321.4383,1103.457,871.5591,1371.5185,499.9594,0.000995,0.07539,0.006657,0.00063607,0.02522,209,15.4208,38.1615,15735.5153,41.7021,6264,6391818,150.2084,153273.3886,0.8783,0.8876
flow_2923,0x10000b6b,08,Video,34,correlator,196.3049,1383.1352,902.6175,148025.4875,384.7408,1288.4212,691.5955,1373.1352,681.5397,0.000189,0.072789,0.013135,0.00088776,0.029795,91,16.691,84.922,15065.5989,22.9123,1744,1574164,76.1164,68703.9616,0.7648,0.9705
flow_2935,0x10000b77,08,Video,34,correlator,203.8193,1411.2478,1097.3168,173929.9714,417.0491,1065.8036,808.3339,1400.0,591.6661,0.000361,0.066248,0.008676,0.0008935,0.029891,209,28.1789,77.2817,30921.1254,58.7613,6772,7431029,115.2459,126461.2796,0.733,0.9316
flow_2947,0x10000b83,08,Video,34,correlator,235.1387,1392.7916,927.4886,72227.4189,268.7516,1294.9835,730.8535,1382.7916,651.9382,0.000329,0.148718,0.005119,0.00078163,0.027958,306,26.6717,83.7223,24737.724,51.3888,10039,9311057,195.3537,181188.296,0.7876,0.9375
flow_2959,0x10000b8f,08,Video,34,correlator,226.3141,1397.6711,1017.6217,63794.3043,252.5753,1322.1462,740.2584,1387.6711,647.4127,0.000324,0.123324,0.006025,0.00064637,0.025424,127,15.5246,54.9031,15798.1339,26.7262,4435,4513152,165.9418,168866.0026,0.8277,0.8504
flow_2971,0x10000b9b,08,Video,34,correlator,247.6008,1418.2343,1031.065,157188.6733,396.4703,1087.0157,839.4535,1400.0,560.5465,0.000448,0.108606,0.011829,0.00044892,0.021188,81,27.7525,59.4661,28614.6399,25.4506,2151,2217820,84.5166,87142.087,0.7608,0.9225
flow_2983,0x10000ba7,08,Video,34,correlator,143.1992,1407.95,907.3423,82380.5157,287.0201,1073.2582,720.5424,1397.95,677.4075,0.000164,0.107029,0.012124,0.00101503,0.031859,71,25.6843,88.4605,23304.4205,16.2263,1338,1214023,82.4586,74818.1315,0.7743,0.951
flow_2995,0x10000bb3,08,Video,34,correlator,241.7234,1409.9277,1067.4504,79607.1488,282.1474,1164.1831,665.5524,1399.9277,734.3753,0.000867,0.114732,0.003427,0.00114285,0.033806,459,23.7287,85.1401,25329.2593,53.1223,15501,16546548,291.7983,311480.1661,0.9039,0.8857
flow_3007,0x10000bbf,08,Video,34,correlator,254.0256,1407.646,984.7385,81521.3017,285.5194,1092.7673,793.4981,1397.646,604.1479,0.00077,0.129318,0.004403,0.00018998,0.013783,231,24.8475,37.6925,24468.29,27.0991,6154,6060080,227.0928,223626.96,0.8469,0.8872
flow_3019,0x10000bcb,08,Video,34,correlator,123.8668,1387.1096,1065.9654,138025.4337,371.5177,1224.457,736.3886,1377.1096,640.7211,0.000552,0.127653,0.003451,0.0014866,0.038556,284,25.6938,40.241,27388.6576,31.0513,8997,9590490,289.7463,308859.5112,0.7303,0.8694
flow_3031,0x10000bd7,08,Video,34,correlator,241.7975,1409.8369,1054.6407,134521.0104,366.7711,1255.3866,704.3434,1399.8369,695.4935,0.000159,0.095655,0.006761,0.0005584,0.02363,262,22.5027,68.3255,23732.2579,49.6007,7336,7736844,147.9011,155982.4674,0.7245,0.8504
flow_3043,0x10000be3,08,Video,34,correlator,259.1282,1406.6769,1109.2754,65443.3346,255.8189,1172.5282,681.578,1396.6769,715.0988,0.000206,0.095776,0.014517,0.00021296,0.014593,89,17.3596,84.3343,19256.6133,38.0118,2618,2904082,68.8733,76399.4101,0.8397,0.8561
flow_3055,0x10000bef,08,Video,34,correlator,143.8829,1392.727,990.3193,147679.6873,384.2911,1340.6017,818.8547,1382.727,563.8723,0.000665,0.136739,0.005929,0.00046421,0.021546,435,22.0785,45.8447,21864.7422,46.2841,7806,7730432,168.6541,167021.3715,0.7949,0.9754
flow_3067,0x10000bfb,08,Video,34,correlator,131.4815,1400.9317,970.6574,64707.3026,254.3763,1324.2958,757.8097,1390.9317,633.1219,0.000899,0.068995,0.00354,0.00054441,0.023333,190,27.0782,65.169,26283.6491,23.4175,6614,6419928,282.4381,274150.6001,0.7572,0.8785
flow_3079,0x10000c07,08,Video,34,correlator,246.5876,1400.9433,1316.8281,72703.2727,269.6354,1076.9334,874.7727,1390.9433,516.1706,0.000614,0.09664,0.009145,0.00064416,0.02538,133,22.1197,52.6404,29127.785,41.4849,4536,5973132,109.3411,143983.3832,0.7627,0.9756
flow_3091,0x10000c13,08,Video,34,correlator,146.0468,1413.6108,927.9143,196372.124,443.1389,1220.1011,843.0939,1400.0,556.9061,0.000521,0.114812,0.014457,0.00112792,0.033585,87,12.8216,73.2642,11897.3188,42.3478,2929,2717860,69.1653,64179.4912,0.8926,0.8967
flow_3103,0x10000c1f,08,Video,34,correlator,168.2912,1411.7694,900.4441,98702.8979,314.1702,1258.7864,892.8971,1400.0,507.1029,0.000936,0.115943,0.013249,0.00097674,0.031253,108,28.8847,35.1175,26009.0704,36.9205,2786,2508637,75.4595,67947.0407,0.8231,0.95
flow_3115,0x10000c2b,08,Video,34,correlator,196.1135,1381.8552,1149.6701,142571.2923,377.5861,1089.5612,654.3558,1371.8552,717.4994,0.000132,0.076395,0.006188,0.00015709,0.012534,311,17.235,55.6852,19814.5763,59.9441,9686,11135704,161.5839,185768.1805,0.906,0.9361
flow_3127,0x10000c37,08,Video,34,correlator,227.5899,1389.9249,1246.5017,104097.8734,322.642,1113.0766,705.0118,1379.9249,674.9131,0.000806,0.137067,0.010954,0.0010464,0.032348,178,15.3473,55.5581,19130.3867,48.2146,4401,5485853,91.2795,113779.996,0.7767,0.8629
flow_3139,0x10000c43,08,Video,34,correlator,240.8611,1392.9673,1305.2705,194321.6839,440.8193,1313.8053,823.8419,1382.9673,559.1254,0.000388,0.13161,0.01255,0.00094147,0.030683,77,16.87,44.4682,22019.9452,22.9233,1826,2383423,79.657,103973.926,0.8798,0.9114
flow_3151,0x10000c4f,08,Video,34,correlator,175.9453,1403.3499,1312.7504,92391.6245,303.9599,1199.4154,738.2808,1393.3499,655.0691,0.000325,0.129534,0.004844,0.001438,0.037921,350,12.1798,57.0353,15988.974,48.1531,9941,13050051,206.4455,271011.4134,0.9054,0.8976
flow_3163,0x10000c5b,08,Video,34,correlator,175.7416,1392.6836,1333.9534,92085.01,303.4551,1075.241,747.2538,1382.6836,635.4298,0.000139,0.116472,0.012207,0.00074214,0.027242,143,13.4268,45.508,17910.6897,47.3091,3875,5169069,81.9082,109261.6491,0.8015,0.8966
flow_3175,0x10000c67,08,Video,34,correlator,180.7158,1384.2535,1157.378,200943.247,448.2669,1295.9881,753.5572,1374.2535,620.6963,0.000406,0.100626,0.014615,0.00051623,0.022721,179,24.8493,35.1485,28760.0697,49.4196,3381,3913095,68.4141,79180.9777,0.7725,0.9767
flow_3187,0x10000c73,08,Video,34,correlator,202.7227,1411.1655,1168.3637,181026.1195,425.4716,1108.108,782.7894,1400.0,617.2106,0.000298,0.06289,0.011545,0.00042652,0.020652,75,22.2993,44.4464,26053.7019,24.609,2131,2489782,86.5942,101173.4663,0.8182,0.8778
flow_3199,0x10000c7f,08,Video,34,correlator,221.882,1383.9101,1265.6402,98359.322,313.6229,1211.5466,786.7961,1373.9101,587.114,0.00011,0.131997,0.003667,0.00061266,0.024752,631,15.2466,45.4568,19296.7202,47.9104,13064,16534323,272.6754,345108.9095,0.9106,0.96
flow_3211,0x10000c8b,08,Video,34,correlator,138.9976,1414.7239,1004.2555,72934.064,270.0631,1179.4135,700.6129,1400.0,699.3871,0.000361,0.129979,0.011872,0.0009322,0.030532,105,13.3008,48.5177,13357.4164,19.8554,1672,1679115,84.2089,84567.202,0.7301,0.8643
flow_3223,0x10000c97,08,Video,34,correlator,134.3312,1397.7087,1091.0491,83750.6862,289.3971,1195.0777,655.1559,1387.7087,732.5528,0.000112,0.112276,0.008801,0.00051346,0.02266,115,27.7184,82.5425,30242.0963,27.0242,3070,3349520,113.602,123945.3349,0.8207,0.9113
flow_3235,0x10000ca3,08,Video,34,correlator,253.6935,1407.5663,1240.1592,80763.7715,284.1897,1070.5539,765.6392,1397.5663,631.927,0.000704,0.075432,0.008338,0.00078707,0.028055,286,24.2994,57.462,30135.0749,59.4393,7128,8839854,119.9207,148720.7101,0.8569,0.9778
flow_3247,0x10000caf,08,Video,34,correlator,209.5261,1410.1085,1141.023,175373.8456,418.7766,1238.2835,845.6164,1400.0,554.3836,0.000143,0.114511,0.01007,0.00092893,0.030478,193,26.3626,89.5034,30080.2833,54.6718,5429,6194613,99.3016,113305.3579,0.7513,0.9396
flow_3259,0x10000cbb,08,Video,34,correlator,248.2348,1401.5145,1082.6848,136547.2311,369.523,1192.217,654.7619,1391.5145,736.7526,0.000638,0.054657,0.005388,0.00149356,0.038647,323,24.2398,50.5732,26244.0802,58.4268,10844,11740633,185.5996,200945.8992,0.779,0.9625
flow_3271,0x10000cc7,08,Video,34,correlator,163.5749,1410.8519,1325.0068,200152.3224,447.3839,1226.7404,848.5223,1400.0,551.4777,0.000163,0.084443,0.009546,0.00039286,0.019821,65,29.4248,64.2449,38988.0112,20.8979,2189,2900439,104.7476,138791.1753,0.8326,0.971
flow_3283,0x10000cd3,08,Video,34,correlator,184.5587,1402.4687,1161.9537,188303.6304,433.9397,1136.5054,687.6784,1392.4687,704.7904,0.000812,0.095747,0.004455,0.00015492,0.012447,191,25.5472,86.5421,29684.7054,24.2785,5449,6331485,224.4376,260786.1183,0.7999,0.9396
flow_3295,0x10000cdf,08,Video,34,correlator,162.0228,1390.7728,988.7555,140855.9799,375.3078,1133.4101,691.4149,1380.7728,689.3578,0.000873,0.128143,0.012701,0.00074558,0.027305,89,29.7399,54.6913,29405.4978,29.8473,2349,2322586,78.7005,77815.5564,0.7679,0.8712
flow_3307,0x10000ceb,08,Video,34,correlator,243.4399,1396.3995,1247.2061,106517.6279,326.3704,1055.1668,718.7187,1386.3995,667.6808,0.000913,0.072095,0.007325,0.00091817,0.030301,229,17.0631,35.8892,21281.1621,49.7237,6787,8464787,136.4942,170236.3642,0.7265,0.9305
flow_3319,0x10000cf7,08,Video,34,correlator,185.4831,1393.8565,1156.1021,161100.828,401.3737,1317.025,821.0632,1383.8565,562.7932,0.000239,0.129043,0.014932,0.00025686,0.016027,88,23.5789,35.6928,27259.598,42.4087,2840,3283330,66.9675,77421.2236,0.8545,0.8775
flow_3331,0x10000d03,08,Video,34,correlator,251.5507,1398.6888,1220.1262,113068.2533,336.2562,1198.7814,695.7826,1388.6888,692.9062,0.000263,0.095212,0.014292,0.00039074,0.019767,114,15.0915,49.5723,18413.5462,46.8558,3278,3999573,69.9594,85359.2597,0.7671,0.9284
flow_3343,0x10000d0f,08,Video,34,correlator,209.8414,1410.2116,1288.6568,103446.9939,321.6318,1251.6615,792.056,1400.0,607.944,0.00064,0.104087,0.012393,0.00039503,0.019875,72,28.0601,70.2419,36159.7941,14.092,1137,1465202,80.6839,103973.7805,0.8426,0.9466
flow_3355,0x10000d1b,08,Video,34,correlator,197.2673,1399.6133,933.375,73793.3696,271.6494,1101.9833,679.5988,1389.6133,710.0145,0.000351,0.119557,0.004648,0.0004376,0.020919,226,16.8587,38.4877,15735.5137,35.3488,7605,7098316,215.1417,200807.8888,0.8888,0.9595
flow_3367,0x10000d27,08,Video,34,correlator,158.744,1397.8638,1128.9034,164428.5952,405.498,1079.6349,667.7811,1387.8638,720.0827,0.000576,0.064361,0.013941,0.00150284,0.038766,62,15.6526,72.6122,17670.2298,15.7708,1131,1276789,71.7148,80959.0598,0.742,0.8678
flow_3379,0x10000d33,08,Video,34,correlator,127.3461,1384.4174,1001.3586,108454.0433,329.3236,1238.3021,675.2992,1374.4174,699.1182,0.000713,0.149919,0.007394,0.00143573,0.037891,92,14.6046,86.7859,14624.425,15.8116,2138,2140904,135.2173,135400.9145,0.9011,0.924
flow_3391,0x10000d3f,08,Video,34,correlator,196.5149,1399.8867,1119.7603,109854.374,331.4429,1286.273,872.1463,1389.8867,517.7404,0.000977,0.058822,0.010678,0.00038893,0.019721,206,24.2032,58.2951,27101.7636,57.6989,5403,6050064,93.6413,104855.8473,0.7914,0.879
flow_3403,0x10000d4b,08,Video,34,correlator,176.7884,1381.6278,1242.9155,196690.6459,443.4982,1180.1811,825.3189,1371.6278,546.3088,0.000801,0.146631,0.014944,0.00089443,0.029907,174,29.5822,79.2183,36768.1908,46.0841,3083,3831908,66.8995,83150.3579,0.7729,0.9784
flow_3415,0x10000d57,08,Video,34,correlator,204.598,1381.6884,1243.7647,77085.1571,277.6421,1279.9937,876.2515,1371.6884,495.4369,0.000906,0.056345,0.014508,0.00017828,0.013352,80,14.4343,53.9517,17952.8489,30.2124,2082,2589518,68.9122,85710.5456,0.9016,0.8728
flow_3427,0x10000d63,08,Video,34,correlator,238.2782,1397.4059,1081.1071,68085.8796,260.9327,1269.287,846.7563,1387.4059,540.6496,0.000795,0.052208,0.009867,0.00058615,0.02421,119,25.8859,50.1537,27985.4297,40.0416,4057,4386051,101.3197,109537.4867,0.9035,0.8763
flow_3439,0x10000d6f,08,Video,34,correlator,254.2389,1404.7091,1331.7602,111193.1975,333.4564,1330.6144,888.7837,1394.7091,505.9254,0.00064,0.061433,0.013273,0.00144716,0.038042,189,28.5028,63.5582,37958.8596,53.2596,4012,5343021,75.3292,100320.3835,0.8179,0.9581
flow_3451,0x10000d7b,08,Video,34,correlator,254.2813,1418.3112,1303.6768,103326.5198,321.4444,1169.3774,701.0166,1400.0,698.9834,0.000664,0.136769,0.008706,0.00031555,0.017764,278,18.6308,63.3018,24288.5096,57.584,6614,8622518,114.8583,149738.0616,0.9023,0.8602
flow_3463,0x10000d87,08,Video,34,correlator,189.6522,1407.2212,1077.2146,139729.062,373.8035,1060.2395,709.8619,1397.2212,687.3593,0.000497,0.054581,0.006066,0.00113899,0.033749,398,11.5395,58.0153,12430.5134,54.9629,9060,9759564,164.8385,177566.4312,0.9099,0.9542
flow_3475,0x10000d93,08,Video,34,correlator,182.6025,1396.3188,979.2582,70931.1159,266.329,1173.6797,778.6225,1386.3188,607.6963,0.000163,0.093796,0.011844,0.00089609,0.029935,164,27.0971,87.2973,26535.1055,52.5009,4432,4340072,84.4176,82666.6136,0.7869,0.8673
flow_3487,0x10000d9f,08,Video,34,correlator,179.4806,1408.8488,1066.7889,142325.3479,377.2603,1238.2263,741.7943,1398.8488,657.0544,0.000994,0.12985,0.007506,0.00057043,0.023884,177,27.9351,77.8592,29800.8855,29.5823,3941,4204215,133.2216,142119.3077,0.8507,0.9428
flow_3499,0x10000dab,08,Video,34,correlator,235.0345,1395.3083,1069.2031,102355.4807,319.9304,1121.0201,751.1344,1385.3083,634.1739,0.000148,0.104108,0.013503,0.00101264,0.031822,92,25.1064,66.1153,26843.8155,35.8929,2658,2841941,74.0537,79178.4629,0.8952,0.9335
flow_3511,0x10000db7,08,Video,34,correlator,166.1567,1394.1307,1176.0621,80250.839,283.2858,1236.2501,866.7661,1384.1307,517.3645,0.000697,0.136932,0.009181,0.0002325,0.015248,85,13.9424,80.0847,16397.1256,21.4486,2336,2747281,108.9115,128086.6704,0.7706,0.9318
flow_3523,0x10000dc3,08,Video,34,correlator,228.0075,1390.7991,997.119,65069.4405,255.0871,1056.8783,840.9286,1380.7991,539.8705,0.000281,0.072162,0.00472,0.00082423,0.028709,375,23.0904,86.0771,23023.8734,50.7089,10742,10711052,211.8365,211226.2195,0.894,0.9601
flow_3535,0x10000dcf,08,Video,34,correlator,227.1733,1389.8922,950.6665,77658.9798,278.6736,1092.9523,860.0837,1379.8922,519.8086,0.000351,0.089421,0.013455,0.00076475,0.027654,102,26.7927,45.7047,25470.935,20.813,1546,1469730,74.2806,70616.0444,0.7358,0.8671
flow_3547,0x10000ddb,08,Video,34,correlator,188.2959,1402.6323,969.9673,69487.0794,263.604,1111.4265,717.5493,1392.6323,675.083,0.000648,0.09545,0.005251,0.00030807,0.017552,231,12.8647,73.0491,12478.3406,24.0099,4572,4434690,190.4214,184702.5545,0.8152,0.9364
flow_3559,0x10000de7,08,Video,34,correlator,227.9312,1398.4936,1095.3094,86133.4597,293.485,1242.0838,751.8887,1388.4936,636.6049,0.000915,0.142104,0.009165,0.00019335,0.013905,138,13.412,67.2208,14690.3307,26.5557,2897,3173111,109.0916,119489.0252,0.7598,0.9299
flow_3571,0x10000df3,08,Video,34,correlator,147.2468,1385.358,1287.7308,81937.6735,286.2476,1316.9368,722.1354,1375.358,653.2226,0.000594,0.053558,0.01466,0.00020237,0.014226,51,13.7401,84.0339,17693.5897,24.3164,1658,2135057,68.1844,87803.1104,0.838,0.9445
flow_3583,0x10000dff,08,Video,34,correlator,200.911,1397.2733,953.9655,198123.7346,445.1109,1217.3598,804.8392,1387.2733,582.4342,0.000484,0.092316,0.004505,0.0010345,0.032164,299,26.0697,53.8061,24869.6392,34.7176,7705,7350304,221.9333,211716.659,0.8961,0.8644
flow_3595,0x10000e0b,08,Video,34,correlator,183.5157,1416.2142,1311.7887,182129.8083,426.7667,1349.9041,677.2018,1400.0,722.7982,0.000769,0.079369,0.006205,0.00046362,0.021532,161,16.219,79.8038,21275.9417,21.9369,3535,4637173,161.1438,211386.5726,0.918,0.8895
flow_3607,0x10000e17,08,Video,34,correlator,161.4152,1414.4325,904.9682,63485.1201,251.9625,1357.5328,845.1058,1400.0,554.8942,0.000903,0.140822,0.007305,0.00139764,0.037385,157,10.7527,43.7995,9730.8799,36.0842,4939,4469637,136.8743,123866.8757,0.8465,0.8635
flow_3619,0x10000e23,08,Video,34,correlator,175.6732,1414.7341,1181.4463,178458.9927,422.4441,1245.8651,895.7559,1400.0,504.2441,0.000732,0.098833,0.003976,0.00049021,0.022141,282,24.4845,78.2533,28927.0881,24.4065,6138,7251717,251.4901,297122.026,0.8469,0.9655
flow_3631,0x10000e2f,08,Video,34,correlator,191.995,1416.5743,918.3269,149622.2363,386.8103,1138.9498,703.4632,1400.0,696.5368,0.000648,0.131716,0.012198,0.00026595,0.016308,88,21.5528,70.2608,19792.5151,26.4265,2166,1989096,81.9633,75269.0846,0.9144,0.9655
flow_3643,0x10000e3b,08,Video,34,correlator,164.6886,1387.9958,1030.542,122019.0769,349.3123,1233.4716,891.8566,1377.9958,486.1392,0.000542,0.093381,0.00863,0.00099971,0.031618,113,12.9241,50.9604,13318.7801,31.7917,3683,3795486,115.8478,119385.9728,0.8642,0.8885
flow_3655,0x10000e47,08,Video,34,correlator,202.6735,1418.5639,1270.6301,84774.5701,291.1607,1071.54,736.761,1400.0,663.239,0.000961,0.073122,0.005498,0.00086939,0.029485,390,12.041,64.4797,15299.6813,55.2861,10055,12776185,181.8722,231092.3147,0.8134,0.9474
flow_3667,0x10000e53,08,Video,34,correlator,182.2644,1419.7176,1149.8309,167716.6387,409.5322,1157.8383,678.2241,1400.0,721.7759,0.000811,0.07889,0.005026,0.00154541,0.039312,338,19.3859,36.2514,22290.5531,49.4786,9844,11318935,198.9547,228764.2171,0.8656,0.8878
flow_3679,0x10000e5f,08,Video,34,correlator,180.2827,1397.4782,983.9737,105616.1037,324.9863,1179.7808,849.9402,1387.4782,537.538,0.000825,0.059847,0.013299,0.00090112,0.030019,144,18.3729,73.6676,18078.4169,38.7367,2912,2865331,75.1741,73969.3315,0.9094,0.8964
flow_3691,0x10000e6b,08,Video,34,correlator,207.6979,1405.0374,1153.7422,155041.9061,393.7536,1235.5713,862.4057,1395.0374,532.6317,0.000599,0.089966,0.003306,0.00017066,0.013064,304,22.9888,81.9229,26523.1534,22.1782,6708,7739302,302.4593,348959.9792,0.7563,0.888
flow_3703,0x10000e77,08,Video,34,correlator,147.3962,1403.8026,1338.2899,133140.0788,364.8837,1085.5325,803.6501,1393.8026,590.1526,0.000367,0.075591,0.007561,0.00024273,0.01558,257,10.9589,79.9872,14666.2164,39.9696,5285,7072862,132.2254,176955.9357,0.7771,0.8896
flow_3715,0x10000e83,08,Video,34,correlator,248.3369,1382.3406,1147.3412,176833.6207,420.5159,1244.7706,842.3991,1372.3406,529.9415,0.000927,0.120932,0.0088,0.0009339,0.03056,325,26.0586,64.1363,29898.147,56.7264,6446,7395761,113.6332,130376.0869,0.7322,0.9339
flow_3727,0x10000e8f,08,Video,34,correlator,129.0481,1391.5773,1123.3066,83794.8224,289.4734,1312.2814,758.1158,1381.5773,623.4615,0.0002,0.112327,0.008292,0.0005956,0.024405,84,18.0038,81.9156,20223.8201,19.4216,2342,2630783,120.5872,135456.356,0.8241,0.9655
flow_3739,0x10000e9b,08,Video,34,correlator,160.1134,1386.3249,1184.0585,66780.8663,258.4199,1315.5789,789.3915,1376.3249,586.9333,0.000358,0.126661,0.004274,0.0009312,0.030516,506,13.6917,60.986,16211.7255,54.2502,12692,15028070,233.953,277014.0128,0.8342,0.8968
flow_3751,0x10000ea7,08,Video,34,correlator,227.484,1403.4962,1306.7876,62834.4008,250.6679,1127.0906,650.8122,1393.4962,742.6841,0.000622,0.098335,0.013841,0.00059727,0.024439,155,10.2441,54.7394,13386.8872,48.1594,3479,4546313,72.2393,94401.3767,0.8141,0.9027
flow_3763,0x10000eb3,08,Video,34,correlator,223.0841,1401.4689,1021.0153,150066.232,387.3838,1224.4124,712.4594,1391.4689,679.0095,0.000666,0.115826,0.011228,0.0005355,0.023141,137,18.3472,69.3575,18732.8136,44.2183,3938,4020758,89.0581,90929.6897,0.9013,0.8589
flow_3775,0x10000ebf,08,Video,34,correlator,127.251,1414.3663,930.7182,119117.425,345.1339,1295.714,677.4419,1400.0,722.5581,0.000726,0.130331,0.013361,0.00028655,0.016928,33,26.8297,43.0272,24970.862,14.1832,1061,987492,74.8066,69623.8906,0.7618,0.9618
flow_3787,0x10000ecb,08,Video,34,correlator,249.7458,1396.9917,1078.5811,100752.0493,317.4146,1175.5375,712.2775,1386.9917,674.7141,0.000327,0.092025,0.01179,0.00085677,0.029271,98,16.7077,66.8028,18020.6114,37.5305,3183,3433123,84.8111,91475.6158,0.908,0.8839
flow_3799,0x10000ed7,08,Video,34,correlator,176.7949,1385.5414,1212.538,183416.5917,428.2716,1250.2903,802.6527,1375.5414,572.8887,0.000855,0.093787,0.005711,0.00094453,0.030733,439,22.6528,81.2669,27467.4036,54.6751,9573,11607625,175.0889,212301.8918,0.8976,0.9109
flow_3811,0x10000ee3,08,Video,34,correlator,139.5426,1392.9827,919.5961,114014.1542,337.6598,1336.0105,885.9026,1382.9827,497.08,0.000413,0.114979,0.004625,0.00067518,0.025984,111,19.2228,65.8695,17677.2025,13.3023,2876,2644758,216.2039,198820.2078,0.7505,0.9304
flow_3823,0x10000eef,08,Video,34,correlator,173.6543,1410.0266,990.7145,172827.9532,415.7258,1155.7071,678.3456,1400.0,721.6544,0.000619,0.149637,0.010603,0.00122358,0.03498,255,16.5852,45.7667,16431.1785,53.955,5088,5040755,94.3008,93425.188,0.8315,0.9348
flow_3835,0x10000efb,08,Video,34,correlator,158.7391,1387.4921,1232.2453,73962.4095,271.9603,1051.1815,747.3697,1377.4921,630.1224,0.000135,0.083419,0.009951,0.00132729,0.036432,182,22.6612,35.5419,27924.1443,53.1139,5337,6576493,100.4821,123818.5963,0.813,0.9772
flow_3847,0x10000f07,08,Video,34,correlator,196.9091,1393.3662,932.2491,122519.4612,350.0278,1199.2454,860.9021,1383.3662,522.4641,0.000982,0.098726,0.003673,0.00023836,0.015439,602,22.6022,58.2803,21070.8982,46.0995,12550,11699725,272.2374,253793.0528,0.8864,0.9064
flow_3859,0x10000f13,08,Video,34,correlator,239.0114,1384.6645,1060.9785,83088.1226,288.2501,1101.0639,851.4805,1374.6645,523.184,0.000938,0.108616,0.008736,0.00039455,0.019863,243,17.996,51.8845,19093.3549,42.4455,4858,5154233,114.4527,121431.8584,0.7692,0.9668
flow_3871,0x10000f1f,08,Video,34,correlator,251.9803,1392.1971,1149.808,92464.9421,304.0805,1112.7947,780.5232,1382.1971,601.6739,0.000662,0.116834,0.005414,0.00017433,0.013204,114,21.4355,69.9413,24646.7503,15.56,2874,3304548,184.7042,212374.398,0.7216,0.9532
flow_3883,0x10000f2b,08,Video,34,correlator,193.7555,1397.0959,1097.8734,144416.5539,380.0218,1261.0755,750.1022,1387.0959,636.9937,0.000792,0.127502,0.011782,0.00133488,0.036536,175,29.0975,45.5608,31945.4249,47.1836,4004,4395885,84.8599,93165.4662,0.7786,0.877
flow_3895,0x10000f37,08,Video,34,correlator,234.0697,1400.5973,1088.787,62699.367,250.3984,1195.8001,816.4749,1390.5973,574.1224,0.000643,0.121809,0.006747,0.00068664,0.026204,169,23.7356,54.489,25842.9632,23.3111,3455,3761759,148.2126,161371.9756,0.8701,0.8848
flow_3907,0x10000f43,08,Video,34,correlator,212.0452,1394.521,1131.8729,165596.394,406.9354,1084.8724,809.1952,1384.521,575.3258,0.000169,0.116304,0.013071,0.00079656,0.028223,224,22.3742,61.7454,25324.7558,52.8232,4041,4573898,76.5005,86588.874,0.7649,0.9074
flow_3919,0x10000f4f,08,Video,34,correlator,127.4554,1396.7013,1110.3789,66400.4494,257.6828,1264.9923,779.5238,1386.7013,607.1775,0.000806,0.07927,0.014976,0.00138087,0.03716,64,23.8001,42.3913,26427.0753,17.3881,1161,1289149,66.7699,74139.8342,0.7768,0.862
flow_3931,0x10000f5b,08,Video,34,correlator,175.9418,1417.0174,1296.763,141381.8284,376.0078,1155.6919,895.854,1400.0,504.146,0.000576,0.108471,0.003704,0.00133598,0.036551,418,27.9092,60.6576,36191.6628,51.9521,14027,18189694,269.9987,350124.336,0.8624,0.9478
flow_3943,0x10000f67,08,Video,34,correlator,130.3441,1415.0061,1223.4731,123597.9433,351.565,1150.9739,752.1703,1400.0,647.8297,0.000646,0.103004,0.010053,0.00035365,0.018806,261,17.1315,63.0911,20959.9043,48.9018,4864,5950973,99.4647,121692.3345,0.8655,0.8937
flow_3955,0x10000f73,08,Video,34,correlator,227.1069,1390.0694,1105.2146,195497.2791,442.1507,1093.1831,726.8802,1380.0694,653.1892,0.000426,0.105155,0.010751,0.00046721,0.021615,199,10.6875,78.0071,11811.9716,50.6317,4709,5204455,93.005,102790.4838,0.8643,0.9157
flow_3967,0x10000f7f,08,Video,34,correlator,237.787,1413.6844,1094.8071,169530.1123,411.7403,1251.0587,793.6217,1400.0,606.3783,0.00082,0.104553,0.012732,0.00107271,0.032752,93,23.6201,85.0633,25859.4888,27.3941,2151,2354930,78.5207,85965.0096,0.8645,0.9528
flow_3979,0x10000f8b,08,Video,34,correlator,180.2307,1400.5407,1022.2118,104043.2044,322.5573,1313.9205,745.7308,1390.5407,644.8099,0.000302,0.065391,0.012131,0.00081282,0.02851,59,14.0718,49.2793,14384.3872,17.9022,1475,1507762,82.392,84222.0774,0.8875,0.9135
flow_3991,0x10000f97,08,Video,34,correlator,129.8823,1400.7049,1118.1705,154691.522,393.3084,1118.849,794.9172,1390.7049,595.7878,0.000425,0.13945,0.010053,0.0011102,0.03332,219,11.5418,85.1035,12905.6881,34.5727,3438,3844270,99.4425,111193.6551,0.7355,0.9532
flow_4003,0x10000fa3,08,Web,0,correlator,101.1288,1419.5716,754.9362,186575.0711,431.9434,298.6756,152.1272,1284.1126,1131.9854,0.00442,2.915119,0.171053,0.12266257,0.350232,13,6.1209,18.0463,4620.8971,19.9111,116,87572,5.8259,4398.1402,0.3081,0.1866
flow_4015,0x10000faf,08,Web,0,correlator,107.4671,1419.0976,598.3504,244161.1182,494.1266,606.4759,112.1127,1370.0,1257.8873,0.003998,1.468026,0.096445,0.01283641,0.113298,38,5.3808,22.3356,3219.6005,28.7404,297,177710,10.3339,6183.2793,0.3811,0.1737
flow_4027,0x10000fbb,08,Web,0,correlator,87.0704,1394.8733,522.9355,108611.624,329.5628,609.3239,199.3631,1307.0693,1107.7062,0.002623,2.744248,0.178218,0.18254631,0.427254,18,4.6846,14.6733,2449.7535,31.0191,174,90990,5.6094,2933.35,0.2943,0.2087
flow_4039,0x10000fc7,08,Web,0,correlator,81.8035,1360.7754,500.6723,262972.8961,512.8088,632.7402,104.1649,1210.7623,1106.5974,0.004787,2.114435,0.150888,0.02623717,0.161979,7,7.3084,30.5981,3659.1305,8.9808,59,29539,6.5696,3289.1238,0.436,0.2264
flow_4051,0x10000fd3,08,Web,0,correlator,124.7414,1363.6864,688.4086,238519.9665,488.3851,574.2226,165.1209,1112.6051,947.4842,0.001323,1.893594,0.172307,0.01291114,0.113627,14,8.7463,15.0287,6020.9949,30.7268,178,122536,5.793,3987.9229,0.301,0.2186
flow_4063,0x10000fdf,08,Web,0,correlator,94.4377,1377.5899,618.5127,105350.6076,324.5776,609.338,122.2101,1289.2444,1167.0343,0.001273,1.583162,0.046155,0.2076587,0.455696,53,4.6345,23.3747,2866.484,31.1984,675,417496,21.6357,13381.9658,0.4536,0.2185
flow_4075,0x10000feb,08,Web,0,correlator,97.7003,1405.1571,847.3662,130695.4852,361.5183,498.6534,133.5766,1172.7581,1039.1814,0.003235,1.590143,0.126792,0.11056921,0.332519,27,8.5196,31.2382,7219.2173,17.9605,141,119478,7.8506,6652.2665,0.335,0.3439
flow_4087,0x10000ff7,08,Web,0,correlator,114.3801,1408.0661,628.2528,255819.1003,505.7856,298.4161,153.6556,1312.0007,1158.3452,0.004459,2.411431,0.132619,0.19652688,0.443314,13,7.207,17.3718,4527.8292,17.9274,135,84814,7.5304,4730.9688,0.3575,0.2989
flow_4099,0x10001003,08,Web,0,correlator,93.9089,1377.9266,586.8813,125971.9213,354.9252,532.292,139.4562,1315.4331,1175.977,0.003329,1.104005,0.084976,0.18281754,0.427572,35,7.0376,18.845,4130.2231,18.2307,214,125592,11.7384,6889.0366,0.3731,0.1737
flow_4111,0x1000100f,08,Web,0,correlator,106.7208,1383.1867,761.0941,153536.0143,391.8367,349.2235,112.8647,1228.2321,1115.3674,0.002144,3.467851,0.12555,0.20569432,0.453535,16,4.116,25.8289,3132.6915,26.1645,208,158307,7.9497,6050.4392,0.3037,0.1581
flow_4123,0x1000101b,08,Web,0,correlator,91.8152,1398.4713,643.3903,251823.0677,501.8198,303.0305,168.319,1276.3393,1108.0203,0.003962,1.85176,0.044925,0.0522563,0.228596,34,4.7347,24.6824,3046.2562,12.1315,270,173715,22.2561,14319.3031,0.4646,0.1583
flow_4135,0x10001027,08,Web,0,correlator,90.8697,1362.6495,661.138,183209.5322,428.0298,591.2643,167.8397,1198.5497,1030.71,0.003073,2.048882,0.138046,0.13386422,0.365875,13,5.2558,28.3944,3474.7874,23.8921,173,114376,7.2409,4787.183,0.2871,0.3372
flow_4147,0x10001033,08,Web,0,correlator,91.5716,1371.4004,752.1014,263510.3948,513.3326,626.5653,170.7163,1316.8969,1146.1806,0.00206,1.563398,0.049277,0.08596155,0.293192,62,5.8765,18.1173,4419.6891,33.7985,685,515189,20.2672,15242.9532,0.3788,0.2099
flow_4159,0x1000103f,08,Web,0,correlator,127.7835,1403.8211,546.712,169871.2555,412.1544,289.2454,157.0435,1292.198,1135.1545,0.00259,1.077974,0.178213,0.01065061,0.103202,13,6.584,15.7418,3599.5468,27.2124,152,83100,5.5857,3053.7549,0.4508,0.2787
flow_4171,0x1000104b,08,Web,0,correlator,81.827,1400.3979,719.5224,129518.3123,359.8865,439.2211,117.6051,1189.4443,1071.8392,0.004112,1.970148,0.175058,0.18825825,0.433887,5,5.3818,19.6688,3872.2937,12.2853,70,50366,5.6979,4099.6866,0.3991,0.2511
flow_4183,0x10001057,08,Web,0,correlator,129.194,1397.3398,577.1598,270219.5042,519.8264,649.0876,133.7785,1165.2602,1031.4817,0.001777,2.222285,0.083981,0.13997039,0.374126,18,4.8687,21.619,2810.0105,16.2763,193,111391,11.8577,6843.7387,0.4116,0.3776
flow_4195,0x10001063,08,Web,0,correlator,92.6521,1403.2778,656.0278,169154.7218,411.2842,597.1993,159.5779,1179.3301,1019.7522,0.001358,2.070147,0.144631,0.11289001,0.335991,16,6.3574,17.2954,4170.6268,29.3411,202,132517,6.8845,4516.4242,0.4449,0.2343
flow_4207,0x1000106f,08,Web,0,correlator,107.2118,1367.9696,503.4161,110213.8306,331.9847,374.0332,179.9059,1155.243,975.3371,0.00433,3.480413,0.113559,0.14107502,0.3756,24,5.0667,25.4284,2550.6745,25.3721,223,112261,8.7892,4424.5924,0.3261,0.2158
flow_4219,0x1000107b,08,Web,0,correlator,125.4878,1387.6187,833.9254,196152.2672,442.8908,267.0077,117.2407,1259.5435,1142.3029,0.001034,2.297361,0.162354,0.0404598,0.201146,13,4.8966,21.4384,4083.3915,30.3441,186,155110,6.1297,5111.7052,0.3427,0.1941
flow_4231,0x10001087,08,Web,0,correlator,123.2127,1376.987,550.1775,181719.135,426.2853,613.2078,169.4645,1155.0723,985.6077,0.0026,2.196662,0.092053,0.025234,0.158852,28,7.8219,15.2424,4303.431,29.5348,320,176056,10.8347,5960.9582,0.3106,0.1449
flow_4243,0x10001093,08,Web,0,correlator,83.7403,1363.566,676.8709,254049.6709,504.0334,539.2961,170.0439,1338.3736,1168.3297,0.002842,2.66228,0.106949,0.19214414,0.438342,32,5.5084,24.7878,3728.5029,26.6576,249,168540,9.3407,6322.4077,0.375,0.1605
flow_4255,0x1000109f,08,Web,0,correlator,104.0698,1406.1476,477.7953,125625.6089,354.437,605.6347,191.3069,1370.0,1178.6931,0.003512,0.448602,0.057893,0.02701611,0.164366,34,4.4777,15.5384,2139.4282,16.221,280,133782,17.2616,8247.4542,0.4709,0.1435
flow_4267,0x100010ab,08,Web,0,correlator,110.9795,1365.634,694.0868,109834.9167,331.4135,558.6488,101.0502,1323.3816,1222.3314,0.003117,2.592005,0.074245,0.07864442,0.280436,59,3.6421,27.06,2527.905,30.4822,410,284575,13.4505,9335.777,0.4207,0.159
flow_4279,0x100010b7,08,Web,0,correlator,125.5526,1398.3637,825.1697,200906.7887,448.2263,301.218,134.353,1239.0513,1104.6983,0.004204,1.320971,0.108992,0.02897465,0.170219,20,8.6673,30.0876,7151.9781,16.8584,154,127076,9.1349,7537.8589,0.4261,0.1519
flow_4291,0x100010c3,08,Web,0,correlator,98.5969,1388.3468,583.8654,127657.9803,357.2926,385.8828,141.5108,1246.8544,1105.3435,0.003622,2.690744,0.155629,0.03149682,0.177473,22,6.91,30.3808,4034.5293,23.8421,153,89331,6.4172,3746.7804,0.4542,0.2781
flow_4303,0x100010cf,08,Web,0,correlator,104.735,1384.8099,463.5012,245637.9747,495.6188,380.8459,199.9161,1344.5082,1144.5921,0.004211,2.236524,0.156147,0.03227314,0.179647,14,5.8699,23.3373,2720.6975,23.1852,148,68598,6.3834,2958.6948,0.4312,0.1686
flow_4315,0x100010db,08,Web,0,correlator,126.9894,1397.5914,719.9485,160177.5048,400.2218,339.9481,135.225,1298.5272,1163.3022,0.004488,2.462927,0.173902,0.11303364,0.336205,27,6.8546,13.4536,4934.947,24.2421,139,100072,5.7338,4128.0298,0.3844,0.2724
flow_4327,0x100010e7,08,Web,0,correlator,118.4064,1390.1881,744.8256,105377.228,324.6186,451.2422,136.9776,1169.3069,1032.3293,0.002843,1.616517,0.065881,0.20966154,0.457888,9,7.6475,13.4874,5696.0224,7.5078,113,84165,15.051,11210.3403,0.3482,0.2798
flow_4339,0x100010f3,08,Web,0,correlator,94.7305,1412.0377,675.9984,264193.9372,513.998,318.9859,175.5723,1351.7272,1176.1549,0.004834,0.889142,0.115005,0.05419854,0.232806,35,6.1059,12.5796,4127.6053,23.5731,204,137903,8.6539,5850.0157,0.3419,0.3336
flow_4351,0x100010ff,08,Web,0,correlator,93.5124,1416.4019,816.5706,197930.7209,444.8941,550.4368,175.1989,1233.5316,1058.3327,0.002061,0.606647,0.046644,0.01121277,0.10589,46,3.7619,23.6653,3071.8601,12.933,277,226190,21.4181,17489.346,0.348,0.3798
flow_4363,0x1000110b,08,Web,0,correlator,116.327,1402.8799,496.25,131296.9001,362.3491,562.7927,198.2745,1230.1269,1031.8524,0.004046,0.434428,0.057378,0.01392294,0.117996,28,3.6362,25.4132,1804.4802,9.0765,158,78407,17.4076,8638.4574,0.368,0.261
flow_4375,0x10001117,08,Web,0,correlator,125.7012,1418.792,658.4584,107419.1739,327.7486,368.3846,138.8399,1217.203,1078.3631,0.003812,3.442474,0.043436,0.19431767,0.440815,59,5.8994,19.8315,3884.5236,32.5926,750,493843,23.0114,15152.0175,0.3759,0.2899
flow_4387,0x10001123,08,Web,0,correlator,109.9399,1419.4414,805.1991,257828.1873,507.7678,542.3295,196.3571,1280.1362,1083.7791,0.002875,0.541943,0.169054,0.05488915,0.234284,4,5.3316,22.8763,4292.9901,8.8129,52,41870,5.9004,4750.9727,0.4793,0.2903
flow_4399,0x1000112f,08,Web,0,correlator,93.9738,1403.8495,750.9553,118729.165,344.571,317.376,119.6107,1271.2163,1151.6056,0.001341,2.841514,0.134749,0.12054633,0.347198,10,5.1794,20.6257,3889.4768,14.5435,107,80352,7.3572,5524.9316,0.2978,0.171
flow_4411,0x1000113b,08,Web,0,correlator,97.1935,1414.7282,728.6802,104145.2088,322.7154,414.2418,112.1328,1170.6936,1058.5608,0.00407,0.671146,0.08649,0.02049035,0.143144,38,6.1516,14.7148,4482.572,28.2923,327,238278,11.5579,8422.0051,0.4615,0.3458
flow_4423,0x10001147,08,Web,0,correlator,90.6581,1373.2171,823.4418,185492.5363,430.6884,518.2758,153.044,1202.7413,1049.6973,0.003818,3.064452,0.072728,0.02158469,0.146917,8,7.2801,26.2129,5994.7458,7.9115,108,88931,13.651,11240.7284,0.2909,0.2236
flow_4435,0x10001153,08,Web,0,correlator,84.2716,1380.838,846.3358,179811.6547,424.042,319.311,161.1609,1206.9363,1045.7754,0.004559,3.346796,0.072938,0.18226411,0.426924,60,8.0441,15.5556,6807.9854,28.4982,390,330070,13.6851,11582.1339,0.2819,0.3223
flow_4447,0x1000115f,08,Web,0,correlator,117.2466,1375.9203,521.4874,245497.3775,495.4769,297.7359,170.9842,1173.3041,1002.3199,0.002206,0.544887,0.063786,0.01061939,0.10305,36,6.4283,13.3068,3352.2942,21.0942,330,172090,15.6441,8158.152,0.4412,0.1523
flow_4459,0x1000116b,08,Web,0,correlator,106.6825,1376.733,614.6445,113695.8929,337.1882,308.0273,199.8579,1370.0,1170.1421,0.00347,2.35038,0.079287,0.05403741,0.232459,11,7.9833,17.874,4906.918,11.9473,150,92196,12.5552,7716.9149,0.3525,0.1229
flow_4471,0x10001177,08,Web,0,correlator,92.4662,1371.3363,813.8196,191134.4359,437.1892,587.3353,126.4553,1242.4053,1115.9501,0.002028,0.894676,0.094487,0.00762678,0.087331,37,4.1797,21.3398,3401.5046,31.8087,336,273443,10.5631,8596.4808,0.4541,0.3689
flow_4483,0x10001183,08,Web,0,correlator,104.7577,1404.7129,467.651,161707.5956,402.1288,626.6025,101.3769,1363.2124,1261.8355,0.003594,3.215061,0.04643,0.14809794,0.384835,63,6.0906,30.4622,2848.2933,21.4099,461,215587,21.5321,10069.5049,0.3679,0.1556
flow_4495,0x1000118f,08,Web,0,correlator,88.0262,1392.9922,652.0527,140456.558,374.7753,538.8435,153.5851,1286.6293,1133.0442,0.003765,1.653885,0.045803,0.03362449,0.18337,20,4.873,19.3047,3177.4335,11.093,242,157796,21.8155,14224.796,0.3692,0.3372
flow_4507,0x1000119b,08,Web,0,correlator,111.157,1375.8593,489.0182,176819.8983,420.4996,555.0113,132.7388,1370.0,1237.2612,0.003143,3.03707,0.05733,0.08405608,0.289924,67,7.7802,26.102,3804.6812,34.3618,599,292921,17.4322,8524.6191,0.3482,0.3359
flow_4519,0x100011a7,08,Web,0,correlator,126.3767,1367.0547,590.2511,216639.034,465.445,601.7657,164.6161,1172.1173,1007.5012,0.003654,1.647546,0.144272,0.05267253,0.229505,6,3.7323,24.4674,2203.0054,8.5462,59,34824,6.9036,4074.7839,0.3435,0.3494
flow_4531,0x100011b3,08,Web,0,correlator,101.0631,1374.4015,532.7543,175041.3323,418.3794,346.2,167.4102,1285.1242,1117.714,0.00416,0.812929,0.163505,0.07855947,0.280285,11,6.3552,29.5982,3385.7696,24.8862,152,80978,6.1078,3253.9282,0.345,0.3358
flow_4543,0x100011bf,08,Web,0,correlator,117.6578,1405.0119,672.0852,259273.9095,509.1895,267.5615,190.2355,1229.99,1039.7545,0.004649,1.845076,0.147829,0.20094901,0.448273,36,7.8164,21.2635,5253.3092,31.3494,212,142482,6.7625,4544.9624,0.3378,0.3052
flow_4555,0x100011cb,08,Web,0,correlator,82.2949,1384.6619,706.8511,247655.3525,497.6498,327.9907,104.1791,1101.0734,996.8943,0.004262,1.52157,0.05629,0.14751725,0.38408,15,7.0598,30.0337,4990.2422,8.8931,157,110975,17.6541,12478.7327,0.3666,0.2966
flow_4567,0x100011d7,08,Web,0,correlator,120.1747,1396.4845,656.0487,251092.5493,501.0914,602.5286,188.2322,1171.0574,982.8252,0.003874,2.384498,0.158864,0.10235725,0.319933,9,6.1662,23.071,4045.3598,11.5671,72,47235,6.2245,4083.5566,0.3654,0.3441
flow_4579,0x100011e3,08,Web,0,correlator,91.3938,1389.7746,573.0662,132156.7711,363.5337,450.4659,104.7727,1315.052,1210.2793,0.004062,3.454313,0.163023,0.03806247,0.195096,10,7.4832,12.8195,4288.3732,14.8218,90,51575,6.0721,3479.6619,0.4723,0.3027
flow_4591,0x100011ef,08,Web,0,correlator,93.153,1368.4422,779.7322,210882.9406,459.2199,453.8268,193.9073,1153.4223,959.515,0.002451,0.429708,0.099032,0.01049112,0.102426,18,6.6104,17.7819,5154.3263,12.2181,123,95907,10.067,7849.5898,0.2964,0.2942
flow_4603,0x100011fb,08,Web,0,correlator,82.6798,1401.7033,702.1559,164128.9558,405.1283,593.559,129.2925,1327.0254,1197.7329,0.002321,2.127363,0.17943,0.09805652,0.31314,12,7.3263,28.0427,5144.216,22.3185,124,87067,5.5559,3901.1079,0.439,0.3186
flow_4615,0x10001207,08,Web,0,correlator,98.9215,1360.1574,644.2934,141802.572,376.5668,580.2496,191.5772,1134.8513,943.2741,0.004455,1.066456,0.083115,0.16960681,0.411833,38,3.7849,18.7535,2438.608,16.5921,199,128214,11.9936,7727.4008,0.4569,0.1431
flow_4627,0x10001213,08,Web,0,correlator,94.6051,1412.4358,469.7399,229780.985,479.3548,402.6499,141.1886,1370.0,1228.8114,0.003274,0.513571,0.151136,0.08341779,0.288821,29,4.9439,30.2106,2322.3238,28.5349,188,88311,6.5884,3094.8417,0.366,0.2528
flow_4639,0x1000121f,08,Web,0,correlator,88.2762,1394.3822,714.6845,142212.7513,377.1111,538.6755,106.808,1318.9083,1212.1003,0.001423,2.541167,0.100928,0.01995714,0.14127,5,8.3385,19.4002,5959.4068,6.6116,65,46454,9.8311,7026.0953,0.4119,0.3461
flow_4651,0x1000122b,08,Web,0,correlator,127.9758,1386.3854,784.2619,118687.3691,344.5103,353.08,105.2377,1328.7314,1223.4936,0.002035,2.851893,0.149058,0.01471892,0.121322,9,7.9368,27.9577,6224.4905,14.2875,95,74504,6.6492,5214.6433,0.3878,0.3008
flow_4663,0x10001237,08,Web,0,correlator,123.3084,1400.4663,778.6486,217881.6469,466.7779,402.8488,113.3677,1368.3582,1254.9906,0.004807,0.473695,0.138621,0.01524666,0.123477,27,8.8764,26.8677,6911.6011,26.5388,191,148721,7.197,5603.8981,0.4204,0.1769
flow_4675,0x10001243,08,Web,0,correlator,90.5423,1364.1672,560.3912,195238.7333,441.8583,542.8792,178.2502,1113.9821,935.732,0.003428,1.221693,0.076763,0.14346207,0.378764,40,3.6035,18.5522,2019.3767,31.9338,416,233122,13.0269,7300.1645,0.468,0.2815
flow_4687,0x1000124f,08,Web,0,correlator,105.4659,1362.5622,669.1359,258712.6037,508.638,257.9828,130.6117,1250.7609,1120.1492,0.002024,0.77523,0.077929,0.05117507,0.226219,13,8.7891,24.6665,5881.115,15.0287,192,128474,12.7755,8548.5641,0.2909,0.1404
flow_4699,0x1000125b,08,Web,0,correlator,114.5868,1400.1622,502.0573,115587.6782,339.9819,386.8623,108.0933,1370.0,1261.9067,0.004437,3.339552,0.178821,0.02720964,0.164953,17,3.7375,22.294,1876.4255,28.3361,158,79325,5.5759,2799.4356,0.2964,0.3765
flow_4711,0x10001267,08,Web,0,correlator,115.4084,1372.9331,453.4109,204873.3931,452.6294,499.1501,122.3814,1292.728,1170.3466,0.001618,1.652409,0.083594,0.16676487,0.408369,22,7.6481,12.3464,3467.7416,14.4701,173,78440,11.9557,5420.843,0.4238,0.1322
flow_4723,0x10001273,08,Web,0,correlator,129.4949,1394.3236,482.564,146109.6808,382.243,462.5221,151.2952,1166.12,1014.8248,0.003741,1.123235,0.177615,0.15165785,0.389433,12,4.4716,13.6844,2157.8158,18.9726,106,51151,5.587,2696.0452,0.4309,0.3506
flow_4735,0x1000127f,08,Web,0,correlator,93.948,1364.8842,687.7976,209159.0493,457.3391,531.0362,116.145,1294.1682,1178.0232,0.004557,3.431888,0.165169,0.01839507,0.135628,25,3.6637,19.2851,2519.9177,33.66,203,139622,6.0309,4148.0069,0.3415,0.2958
flow_4747,0x1000128b,08,Web,0,correlator,122.5716,1409.3389,458.0812,159201.8647,399.0011,629.4467,155.3349,1370.0,1214.6651,0.002377,1.639496,0.103787,0.16226666,0.402823,15,7.8208,18.6135,3582.5411,14.4116,138,63215,9.5756,4386.39,0.3616,0.349
flow_4759,0x10001297,08,Web,0,correlator,120.4913,1388.7861,653.205,237076.6698,486.9052,455.233,195.693,1101.1953,905.5023,0.00165,2.843071,0.168157,0.11862126,0.344414,6,4.7102,20.7729,3076.6984,14.6463,87,56828,5.9401,3880.0307,0.4369,0.2251
flow_4771,0x100012a3,08,Web,0,correlator,107.4898,1381.6692,557.6971,214527.0271,463.1706,347.022,119.7164,1150.9011,1031.1847,0.001811,0.439016,0.140155,0.08616073,0.293531,5,8.0925,21.5869,4513.1385,7.3845,52,29000,7.0418,3927.1603,0.48,0.1466
flow_4783,0x100012af,08,Web,0,correlator,93.7928,1373.82,530.2777,104319.4172,322.9852,482.3823,173.5222,1282.5438,1109.0216,0.003131,2.388497,0.161967,0.04128178,0.203179,9,4.9926,12.9451,2647.4821,19.8044,122,64693,6.1603,3266.5996,0.3466,0.2926
flow_4795,0x100012bb,08,Web,0,correlator,89.171,1414.38,782.6744,155002.6476,393.7038,601.0622,174.9051,1370.0,1195.0949,0.003034,2.621872,0.089457,0.0530285,0.230279,12,3.5208,30.3729,2755.6524,11.2256,125,97834,11.1353,8715.259,0.3463,0.2818
flow_4807,0x100012c7,08,Web,0,correlator,84.5753,1367.9916,724.0323,183925.9544,428.8659,424.1346,175.8983,1274.3265,1098.4282,0.002051,2.455946,0.080212,0.01598554,0.126434,33,6.5106,13.9151,4713.8661,33.7056,420,304093,12.4608,9022.0235,0.3651,0.2697
flow_4819,0x100012d3,08,Web,0,correlator,125.6268,1409.347,821.3007,172246.5165,415.0259,382.6408,114.0313,1299.4787,1185.4474,0.001941,1.34122,0.042046,0.19334731,0.439713,63,7.6623,28.6307,6293.0367,30.4553,724,594621,23.7726,19524.4167,0.3242,0.2416
flow_4831,0x100012df,08,Web,0,correlator,101.1228,1375.6322,488.2798,231091.4188,480.7197,627.9223,192.9238,1150.8284,957.9046,0.003576,2.04911,0.097121,0.1520518,0.389938,53,3.5287,15.9067,1722.984,32.0703,330,161132,10.2899,5024.343,0.4419,0.3582
flow_4843,0x100012eb,08,Web,0,correlator,92.6174,1414.9341,501.6401,216676.4177,465.4851,269.1863,152.8963,1116.4032,963.507,0.004907,3.001521,0.160636,0.18587907,0.431137,21,8.9995,18.9995,4514.5031,26.8885,167,83773,6.2108,3115.5752,0.4541,0.3152
flow_4855,0x100012f7,08,Web,0,correlator,128.7609,1411.551,528.1308,164136.1439,405.1372,490.7945,160.8779,1293.5241,1132.6462,0.004801,0.879363,0.165268,0.03475717,0.186433,13,7.3374,19.0181,3875.1109,21.9966,133,70241,6.0464,3193.2731,0.303,0.3398
flow_4867,0x10001303,08,Web,0,correlator,119.8218,1396.2043,838.963,126447.1905,355.5941,253.2402,126.1993,1187.5582,1061.3589,0.001687,2.106709,0.05493,0.10120292,0.318124,20,6.0542,15.2076,5079.2224,9.5967,174,145979,18.1312,15211.3738,0.4731,0.1452
flow_4879,0x1000130f,08,Web,0,correlator,91.1391,1406.3482,533.4021,122768.0181,350.3827,616.6357,112.814,1301.5827,1188.7687,0.002664,3.283633,0.112257,0.10616594,0.325831,30,8.6694,13.4845,4624.2498,28.094,250,133350,8.8987,4746.5676,0.3058,0.2934
flow_4891,0x1000131b,08,Web,0,correlator,97.3301,1389.5794,478.0455,139266.2603,373.1839,630.5854,193.3048,1304.8746,1111.5698,0.001073,0.474172,0.123308,0.02998854,0.173172,34,8.9311,14.2938,4269.4485,24.8993,201,96087,8.0725,3859.0246,0.3473,0.1454
flow_4903,0x10001327,08,Web,0,correlator,101.1748,1404.699,700.17,244083.6963,494.0483,568.9291,166.967,1290.5085,1123.5414,0.004193,1.937025,0.113095,0.19012569,0.436034,19,7.2063,19.5052,5045.6014,29.0215,256,179243,8.821,6176.2126,0.465,0.1855
flow_4915,0x10001333,08,Web,0,correlator,103.8377,1367.111,785.5872,118093.978,343.648,383.4995,178.3773,1163.0576,984.6803,0.001853,2.966247,0.087647,0.07678635,0.277103,18,7.804,29.2303,6130.7185,13.5982,155,121766,11.3986,8954.5846,0.3739,0.2502
flow_4927,0x1000133f,08,Web,0,correlator,103.506,1387.9637,636.756,182099.1116,426.7307,443.367,134.1522,1185.8715,1051.7193,0.003936,2.083985,0.055363,0.0258789,0.160869,66,4.1923,14.7194,2669.4884,19.5451,353,224774,18.0608,11500.2651,0.4536,0.2192
flow_4939,0x1000134b,08,Web,0,correlator,123.502,1391.4221,471.0458,148840.5251,385.7986,462.137,171.6807,1168.29,996.6094,0.004023,2.678247,0.144817,0.11098328,0.333142,8,5.0195,30.3245,2364.4252,12.7369,87,40980,6.8305,3217.4144,0.2904,0.296
flow_4951,0x10001357,08,Web,0,correlator,94.694,1395.6311,570.7476,135185.3822,367.6756,507.7565,172.6019,1370.0,1197.3981,0.003262,3.337655,0.07029,0.07929619,0.281596,24,4.774,14.6047,2724.7687,19.3838,275,156955,14.1871,8097.2064,0.3677,0.297
flow_4963,0x10001363,08,Web,0,correlator,83.3437,1364.7763,566.6852,105099.7991,324.191,436.4717,158.3168,1334.9566,1176.6397,0.004563,0.482862,0.177768,0.08686957,0.294736,19,6.1126,18.8846,3463.914,24.9039,140,79335,5.6216,3185.6464,0.3608,0.2153
flow_4975,0x1000136f,08,Web,0,correlator,91.1037,1383.7367,567.1477,130530.7298,361.2904,501.1751,179.4882,1229.8696,1050.3814,0.001031,2.256196,0.156077,0.09679975,0.311127,38,4.7293,25.027,2682.2367,30.5155,195,110593,6.3902,3624.1561,0.3552,0.1713
flow_4987,0x1000137b,08,Web,0,correlator,124.2263,1388.9618,820.0386,103574.019,321.8292,618.5642,154.3277,1119.8942,965.5665,0.004941,1.271126,0.06578,0.01164909,0.107931,28,5.152,25.8978,4224.8715,21.0032,319,261592,15.1882,12454.8779,0.449,0.2381
flow_4999,0x10001387,08,Web,0,correlator,102.4371,1401.9654,847.1688,141152.3382,375.7025,613.4153,107.687,1190.2655,1082.5786,0.002643,1.496631,0.156669,0.06012361,0.245201,13,6.2839,19.6824,5323.5602,28.2871,180,152490,6.3633,5390.7994,0.2805,0.3096
flow_5011,0x10001393,08,Web,0,correlator,81.3451,1375.7586,464.0933,137769.2921,371.1729,374.2617,148.0132,1359.0478,1211.0346,0.002201,1.026441,0.068559,0.01447252,0.120302,19,4.7682,13.5585,2212.8697,10.3069,150,69613,14.5533,6754.008,0.4718,0.1401
flow_5023,0x1000139f,08,Web,0,correlator,86.1355,1374.6019,619.7349,152121.2025,390.0272,286.5007,143.1057,1272.2361,1129.1304,0.003935,1.015584,0.079661,0.06452326,0.254014,45,7.4911,29.6748,4642.512,30.3367,380,235499,12.5261,7762.8467,0.3169,0.2871
flow_5035,0x100013ab,08,Web,0,correlator,93.9937,1387.4201,827.9965,112006.9939,334.6745,386.3628,121.8642,1326.0972,1204.233,0.004739,1.743908,0.166116,0.16137407,0.401714,16,8.8327,28.1925,7313.4089,16.365,98,81143,5.9884,4958.3354,0.4238,0.2349
flow_5047,0x100013b7,08,Web,0,correlator,84.8513,1383.6553,646.148,223409.0018,472.6616,425.2813,176.9941,1333.789,1156.795,0.002307,1.937826,0.085626,0.01254062,0.111985,28,3.9664,25.0915,2562.8888,30.7878,359,231967,11.6605,7534.3872,0.449,0.1304
flow_5059,0x100013c3,08,Web,0,correlator,108.2544,1367.3665,588.1148,106342.4469,326.1019,281.3117,121.851,1286.592,1164.741,0.002973,1.742237,0.119972,0.02447636,0.156449,21,4.267,23.0819,2509.4887,25.7862,214,125856,8.299,4880.748,0.3026,0.2953
flow_5071,0x100013cf,08,Web,0,correlator,85.3615,1390.3258,606.783,119544.7593,345.7525,603.4216,111.9846,1370.0,1258.0154,0.001099,0.987074,0.139904,0.19257296,0.438831,7,6.7841,30.8558,4116.5042,7.7438,55,33373,7.1024,4309.6325,0.3652,0.271
flow_5083,0x100013db,08,Web,0,correlator,87.1093,1419.9065,693.3736,257742.2123,507.6832,635.3998,190.4264,1179.93,989.5036,0.003026,1.123922,0.100261,0.05864058,0.242158,28,7.579,26.7995,5255.0857,32.5066,324,224653,9.9672,6910.9935,0.3893,0.2098
flow_5095,0x100013e7,08,Web,0,correlator,126.7975,1377.1271,511.5935,113551.2911,336.9737,347.8504,185.4215,1370.0,1184.5785,0.002001,3.001141,0.122334,0.03632093,0.190581,13,4.2865,24.996,2192.9425,14.5226,118,60368,8.1252,4156.8178,0.2868,0.3515
flow_5107,0x100013f3,08,Web,0,correlator,98.9105,1387.5131,768.0842,177853.2768,421.7265,539.9695,148.2581,1203.4395,1055.1814,0.003013,3.433321,0.055096,0.17279317,0.415684,31,4.8737,19.6306,3743.4217,24.1451,438,336420,18.1403,13933.2708,0.3019,0.1336
flow_5119,0x100013ff,08,Web,0,correlator,93.4715,1386.6979,643.146,196793.7165,443.6144,375.2616,116.2211,1370.0,1253.7789,0.001462,0.417707,0.116028,0.01959636,0.139987,19,6.2666,18.7382,4030.3192,25.1701,216,138919,8.5816,5519.2057,0.4178,0.274
flow_5131,0x1000140b,08,Web,0,correlator,93.6106,1416.3969,778.3495,103927.7215,322.3782,414.6043,141.489,1263.4654,1121.9764,0.004216,3.097032,0.120989,0.11883629,0.344726,20,3.5372,12.4582,2753.2088,14.27,117,91066,8.199,6381.6524,0.4257,0.174
flow_5143,0x10001417,08,Web,0,correlator,114.3305,1389.5447,735.5254,140478.4203,374.8045,298.7833,106.2918,1124.8585,1018.5667,0.001086,3.443767,0.146143,0.08130955,0.285148,8,8.9788,19.2322,6604.1105,13.6021,93,68403,6.8372,5028.8698,0.3563,0.3412
flow_5155,0x10001423,08,Web,0,correlator,100.1649,1372.3675,631.4293,228920.6465,478.4565,259.4357,126.3071,1351.0012,1224.6941,0.002171,1.359797,0.079651,0.11270499,0.335716,47,8.8466,15.062,5585.9831,31.6824,397,250677,12.5306,7912.1725,0.4543,0.2121
flow_5167,0x1000142f,08,Web,0,correlator,111.2259,1414.9629,689.6409,119920.7665,346.2958,534.1976,135.6449,1172.7354,1037.0905,0.004396,2.133921,0.108965,0.15763407,0.397032,28,8.1475,20.4448,5618.8616,33.2867,305,210340,9.1628,6319.037,0.4607,0.307
flow_5179,0x1000143b,08,Web,0,correlator,105.8106,1373.2777,762.9579,240716.4987,490.6287,499.7299,139.4729,1351.4621,1211.9893,0.002453,1.491096,0.057477,0.16428185,0.405317,12,7.525,28.8243,5741.2301,10.0205,174,132754,17.3644,13248.2633,0.377,0.1854
flow_5191,0x10001447,08,Web,0,correlator,105.4001,1381.372,736.4054,260244.7174,510.1419,570.1915,132.2739,1185.8338,1053.5599,0.004538,1.073191,0.056445,0.03401599,0.184434,75,4.579,17.1157,3371.9943,21.5992,382,281306,17.6858,13023.8918,0.3916,0.3096
flow_5203,0x10001453,08,Web,0,correlator,86.0144,1388.7519,688.8945,140430.5258,374.7406,476.7617,145.2797,1291.0648,1145.7852,0.002677,1.957596,0.05711,0.02687679,0.163941,35,7.7538,15.6484,5341.5636,19.5655,342,235601,17.4797,12041.6361,0.4194,0.2386
flow_5215,0x1000145f,08,Web,0,correlator,102.0209,1378.2258,844.5591,140297.7214,374.5634,329.5099,158.5831,1329.8075,1171.2244,0.001555,2.884767,0.175902,0.07709409,0.277658,30,6.6429,29.6824,5610.2836,34.0102,193,162999,5.6748,4792.6555,0.3714,0.3348
flow_5227,0x1000146b,08,Web,0,correlator,91.6606,1395.9602,670.2334,139277.0884,373.1985,353.8788,178.1681,1199.525,1021.3569,0.003673,2.032737,0.066306,0.03721659,0.192916,31,4.0591,12.1716,2720.5497,15.3385,231,154823,15.0602,10093.7707,0.44,0.1887
flow_5239,0x10001477,08,Web,0,correlator,126.0312,1397.8332,602.18,144244.9573,379.7959,289.9202,100.3214,1202.9396,1102.6182,0.003274,3.18977,0.177943,0.01508118,0.122805,15,5.3996,25.068,3251.5386,14.3085,80,48174,5.5911,3366.8097,0.3631,0.3312
flow_5251,0x10001483,08,Web,0,correlator,91.3596,1360.4126,786.2771,102974.2425,320.896,392.2041,163.5169,1345.2882,1181.7714,0.004823,1.270144,0.040162,0.12827689,0.358158,58,7.3872,31.8654,5808.3523,20.7351,516,405719,24.8854,19566.7895,0.3252,0.2832
flow_5263,0x1000148f,08,Web,0,correlator,87.1647,1391.68,708.7311,171676.7838,414.339,327.5268,126.7445,1104.5972,977.8527,0.002024,2.133815,0.157567,0.1193828,0.345518,15,4.9992,25.0185,3543.0944,33.3991,211,149542,6.3175,4477.427,0.4281,0.1334
flow_5275,0x1000149b,08,Web,0,correlator,112.5408,1384.8349,547.296,241641.4391,491.5704,464.0681,131.8943,1348.1,1216.2057,0.002893,1.699204,0.140786,0.18495577,0.430065,14,8.9681,28.7555,4908.1923,26.7849,190,103986,7.0935,3882.2575,0.4217,0.2469
flow_5287,0x100014a7,08,Web,0,correlator,87.8338,1386.6321,656.389,115610.4743,340.0154,299.694,174.3788,1370.0,1195.6212,0.001744,1.837699,0.066262,0.01157311,0.107578,20,6.5156,22.477,4276.7989,11.2271,169,110929,15.0529,9880.4703,0.3701,0.2134
flow_5299,0x100014b3,08,Web,0,correlator,113.8622,1411.2913,641.5701,120480.1644,347.1025,545.5377,188.3121,1359.6582,1171.3461,0.001821,3.376773,0.101851,0.07367712,0.271435,28,6.201,23.5877,3978.3945,20.361,199,127672,9.7736,6270.4307,0.4671,0.3697
flow_5311,0x100014bf,08,Web,0,correlator,113.0507,1361.6592,536.4331,184581.5212,429.6295,299.5476,113.4908,1343.744,1230.2531,0.00401,1.022896,0.109051,0.20287404,0.450415,18,7.0979,20.3855,3807.5318,23.1502,212,113723,9.1576,4912.4038,0.4434,0.1403
flow_5323,0x100014cb,08,Web,0,correlator,112.3019,1395.474,831.5661,103069.0869,321.0437,448.8485,166.2398,1288.7614,1122.5216,0.004916,2.729477,0.123389,0.03538326,0.188104,32,7.4285,18.745,6177.307,31.9781,259,215375,8.0993,6735.0769,0.3993,0.2317
flow_5335,0x100014d7,08,Web,0,correlator,101.306,1409.0694,718.568,208746.8127,456.8882,280.299,119.8763,1233.1351,1113.2588,0.004753,2.343961,0.069399,0.00743352,0.086218,17,6.9598,14.8756,5001.0798,7.8859,113,81198,14.3293,10296.5408,0.2883,0.2694
flow_5347,0x100014e3,08,Web,0,correlator,103.8708,1360.0953,794.4182,184370.8462,429.3843,601.6747,170.9128,1287.9251,1117.0123,0.003843,2.693786,0.096111,0.12259069,0.35013,27,7.2108,28.7025,5728.4247,31.1454,324,257391,10.4028,8264.1684,0.322,0.2043
flow_5359,0x100014ef,08,Web,0,correlator,96.4955,1379.3669,597.9854,139040.4948,372.8813,626.422,152.7646,1281.7401,1128.9755,0.001275,3.135597,0.051243,0.07646249,0.276519,102,8.0721,26.3058,4827.0094,31.1069,607,362977,19.5134,11668.7093,0.3881,0.207
flow_5371,0x100014fb,08,Web,0,correlator,98.3377,1383.2748,474.2249,141507.9504,376.1754,591.9831,105.9383,1192.0136,1086.0753,0.004946,0.85101,0.146716,0.20686172,0.454821,17,8.9838,17.4457,4260.3604,31.8009,216,102432,6.7923,3221.0417,0.4721,0.2606
flow_5383,0x10001507,08,Web,0,correlator,99.9689,1376.4485,556.4127,129447.6654,359.7884,584.6767,128.8166,1134.8786,1006.062,0.0041,3.385775,0.14732,0.04486778,0.21182,6,7.1471,15.9406,3976.7597,11.0067,74,41174,6.7232,3740.8243,0.4695,0.274
flow_5395,0x10001513,08,Web,0,correlator,118.4558,1413.2033,495.2028,152810.3829,390.9097,597.4476,106.2146,1168.1678,1061.9533,0.004223,1.507116,0.087456,0.05309968,0.230434,70,5.5194,19.2354,2733.2319,34.0443,389,192633,11.4263,5658.312,0.4758,0.1948
flow_5407,0x1000151f,08,Web,0,correlator,85.0759,1386.098,472.9849,224449.6935,473.7612,599.0148,148.9455,1155.7861,1006.8406,0.002838,0.806331,0.052654,0.01786047,0.133643,12,3.6689,17.65,1735.328,8.9452,169,79934,18.8929,8935.9995,0.3212,0.2357
flow_5419,0x1000152b,08,Web,0,correlator,127.5519,1382.8793,739.7864,167551.4235,409.3305,294.7268,190.8771,1338.9509,1148.0738,0.001709,1.744603,0.159353,0.12739844,0.356929,12,5.2465,28.939,3881.268,25.0159,156,115406,6.236,4613.3118,0.4614,0.1351
flow_5431,0x10001537,08,Web,0,correlator,94.102,1403.6676,724.4962,199633.2216,446.8033,314.3892,117.5969,1216.2501,1098.6532,0.003169,1.530061,0.142483,0.03644847,0.190915,22,5.9262,20.5013,4293.4905,23.5787,165,119541,6.9978,5069.8625,0.3819,0.3158
flow_5443,0x10001543,08,Web,0,correlator,81.1772,1401.063,655.8204,195074.9582,441.6729,471.0572,171.9996,1242.0397,1070.0401,0.001273,0.579044,0.044226,0.19500833,0.441597,89,7.1936,13.059,4717.6969,33.738,762,499735,22.5858,14812.2199,0.4214,0.2386
flow_5455,0x1000154f,08,Web,0,correlator,90.3079,1379.4085,845.3218,257183.902,507.133,453.879,183.7889,1184.0928,1000.304,0.003983,3.176189,0.156637,0.10245588,0.320087,37,5.6203,27.3745,4750.9416,30.0098,191,161456,6.3646,5380.1005,0.3613,0.1686
flow_5467,0x1000155b,08,Web,0,correlator,122.3642,1388.8552,797.6814,173863.2234,416.9691,308.5715,122.5022,1199.7119,1077.2097,0.002362,2.693308,0.07008,0.13310342,0.364833,30,7.41,27.7779,5910.8537,22.0205,314,250471,14.2595,11374.4661,0.3569,0.2975
flow_5479,0x10001567,08,Web,0,correlator,116.5094,1399.4968,547.4739,111985.2576,334.642,585.3087,123.8278,1180.1531,1056.3254,0.002028,1.479203,0.085423,0.03361966,0.183357,9,8.6877,15.0282,4756.2676,9.7171,113,61864,11.629,6366.5062,0.3953,0.2343
flow_5491,0x10001573,08,Web,0,correlator,105.9267,1409.0739,803.8022,213670.5788,462.2452,485.2071,138.9097,1173.1168,1034.2071,0.003575,2.613343,0.107607,0.18907621,0.434829,10,7.203,30.8509,5789.7885,10.5565,98,78772,9.2834,7461.951,0.3325,0.1836
flow_5503,0x1000157f,08,Web,0,correlator,90.7154,1411.1903,721.9694,201461.3905,448.8445,546.281,131.6958,1265.8151,1134.1193,0.003573,2.146394,0.121039,0.01174234,0.108362,15,4.0963,15.6466,2957.3804,19.2117,158,114071,8.2242,5937.5779,0.3937,0.1654
flow_5515,0x1000158b,08,Web,0,correlator,110.939,1394.4749,821.6106,112647.7406,335.6304,442.3317,189.4855,1258.7856,1069.3001,0.004843,1.147451,0.107194,0.14568795,0.381691,24,4.1063,28.9554,3373.8072,18.961,176,144603,9.2822,7626.3486,0.3084,0.1548
flow_5527,0x10001597,08,Web,0,correlator,80.6996,1383.5359,714.5346,227588.6341,477.0625,353.3748,148.3978,1318.347,1169.9492,0.004958,3.256804,0.083914,0.05609085,0.236835,38,3.5608,26.3301,2544.3127,32.9072,392,280097,11.9123,8511.7353,0.3727,0.3177
flow_5539,0x100015a3,08,Web,0,correlator,99.9537,1392.6702,733.2302,184351.0796,429.3612,422.6102,199.1096,1276.3833,1077.2736,0.00209,1.098455,0.106416,0.01820872,0.13494,6,5.7494,28.2142,4215.6483,6.8252,64,46926,9.377,6875.3623,0.281,0.3059
flow_5551,0x100015af,08,Web,0,correlator,85.8821,1382.3463,588.0358,116376.8175,341.1405,397.4924,113.8514,1313.5812,1199.7299,0.001906,1.293972,0.061213,0.14458871,0.380248,79,6.4005,30.2016,3763.7258,32.9576,538,316363,16.324,9599.0884,0.4686,0.156
flow_5563,0x100015bb,08,Web,0,correlator,112.3988,1391.6291,761.7718,212524.7016,461.004,421.2567,116.148,1352.6884,1236.5404,0.003764,1.373403,0.100726,0.12833734,0.358242,18,3.6623,24.5651,2789.8463,24.4053,242,184348,9.9159,7553.617,0.3569,0.1951
flow_5575,0x100015c7,08,Web,0,correlator,129.5794,1401.6151,529.5903,115868.5506,340.3947,363.2072,173.6386,1370.0,1196.3614,0.002064,2.916818,0.15633,0.11122227,0.3335,9,7.1125,22.4118,3766.699,20.8978,133,70435,6.3643,3370.4556,0.4021,0.3209
flow_5587,0x100015d3,08,Web,0,correlator,125.7533,1412.3482,832.4736,218567.7431,467.5123,531.1686,105.3008,1232.5016,1127.2008,0.001144,3.276692,0.122623,0.01133764,0.106478,17,8.8941,25.136,7404.1155,23.3569,190,158169,8.1346,6771.8212,0.4416,0.3217
flow_5599,0x100015df,08,Web,0,correlator,127.1764,1391.2368,663.0968,156654.7233,395.7963,560.9543,126.9334,1291.843,1164.9097,0.003246,1.267993,0.076231,0.02186901,0.147882,28,4.4997,30.1591,2983.7234,27.2701,357,236725,13.0912,8680.7405,0.3212,0.1478
flow_5611,0x100015eb,08,Web,0,correlator,117.5472,1418.1098,772.3019,242144.2552,492.0816,616.074,125.4182,1370.0,1244.5818,0.002015,3.42644,0.151314,0.12925515,0.359521,10,4.3516,17.9076,3360.7317,12.6715,83,64101,6.5501,5058.6645,0.464,0.2393
flow_5623,0x100015f7,08,Web,0,correlator,100.7948,1364.1861,458.66,125180.5323,353.8086,498.5614,129.4549,1363.7681,1234.3131,0.00108,1.007076,0.051413,0.01502445,0.122574,19,8.206,18.5452,3763.7671,12.9044,250,114664,19.3732,8885.6435,0.2951,0.2975
flow_5635,0x10001603,08,Web,0,correlator,101.7942,1363.1594,699.7341,104037.7754,322.5489,455.5117,119.6501,1159.0287,1039.3786,0.003967,0.928531,0.048054,0.0513731,0.226656,48,6.3442,19.2946,4439.2707,19.0007,395,276394,20.7887,14546.5018,0.339,0.2515
flow_5647,0x1000160f,08,Web,0,correlator,111.7159,1379.1932,666.3451,120196.9244,346.6943,549.0769,185.8273,1275.9059,1090.0785,0.003268,0.739118,0.065237,0.1969888,0.443834,22,8.4068,13.8257,5601.805,17.5245,268,178580,15.2929,10190.2897,0.458,0.1645
flow_5659,0x1000161b,08,Web,0,correlator,93.4069,1370.4362,813.4133,229451.8822,479.0114,621.5442,103.8338,1281.6784,1177.8446,0.001194,0.934337,0.154727,0.09920903,0.314975,26,5.0541,19.1263,4111.1031,21.4884,138,112251,6.4221,5223.7866,0.3653,0.1526
flow_5671,0x10001627,08,Web,0,correlator,96.8997,1367.1993,508.7621,138229.9159,371.7928,511.5943,118.7055,1268.7701,1150.0646,0.003998,1.042444,0.083062,0.01104936,0.105116,13,5.0109,16.2697,2549.3812,9.3237,112,56981,12.0124,6111.4115,0.3453,0.1483
flow_5683,0x10001633,08,Web,0,correlator,120.3365,1394.1208,491.8518,102918.689,320.8094,598.9282,127.4142,1301.3334,1173.9191,0.004103,2.57577,0.054158,0.13961426,0.37365,48,6.3061,15.9921,3101.6727,31.8942,588,289208,18.436,9067.7355,0.405,0.3021
flow_5695,0x1000163f,08,Web,0,correlator,123.6735,1416.2428,817.8674,107082.6627,327.2349,559.1941,137.0641,1344.0028,1206.9387,0.00124,2.019015,0.177232,0.09579912,0.309514,4,5.0516,30.577,4131.5548,7.6096,42,34350,5.5193,4514.0309,0.3259,0.2474
flow_5707,0x1000164b,08,Web,0,correlator,121.7493,1409.9218,711.1355,115612.1869,340.0179,510.0401,144.6111,1370.0,1225.3889,0.003066,1.216316,0.124205,0.08274044,0.287646,11,6.2493,21.052,4444.0747,16.5214,133,94581,8.0501,5724.7423,0.4735,0.2587
flow_5719,0x10001657,08,Web,0,correlator,98.2023,1379.6423,562.7329,113215.2837,336.4748,291.5519,173.0655,1266.859,1093.7935,0.001517,1.648566,0.072755,0.05857382,0.24202,54,7.4552,12.7796,4195.2955,24.0882,331,186264,13.7412,7732.5968,0.2821,0.3402
flow_5731,0x10001663,08,Web,0,correlator,87.9065,1365.5284,658.63,269808.7867,519.4312,605.158,122.4649,1342.1484,1219.6835,0.00111,2.262927,0.162196,0.04612543,0.214768,9,8.3064,22.8484,5470.8192,17.2407,106,69814,6.1482,4049.3695,0.4679,0.2725
flow_5743,0x1000166f,08,Web,0,correlator,121.1792,1368.866,684.8353,110446.9775,332.3356,300.3798,198.0418,1309.5752,1111.5334,0.003096,0.728283,0.041852,0.03278011,0.181053,84,5.4574,17.1947,3737.4047,20.1133,480,328720,23.8648,16343.4378,0.4645,0.2818
flow_5755,0x1000167b,08,Web,0,correlator,86.549,1402.2589,651.7916,107009.0579,327.1224,314.9096,102.2652,1176.7931,1074.5279,0.001654,0.718118,0.06803,0.11517441,0.339374,14,6.4635,18.2207,4212.8488,6.6394,97,63223,14.6098,9522.404,0.3742,0.3768
flow_5767,0x10001687,08,Web,0,correlator,86.4584,1375.499,762.2471,242533.9513,492.4774,566.4061,198.4284,1140.041,941.6126,0.002964,2.446689,0.176746,0.1903764,0.436321,7,6.3337,13.9276,4827.862,16.3567,92,70126,5.6246,4287.2967,0.2916,0.3798
flow_5779,0x10001693,08,Web,0,correlator,113.7595,1415.5234,625.8503,162616.6691,403.2576,601.8134,157.0312,1171.2658,1014.2346,0.00114,1.202476,0.040659,0.2058826,0.453743,40,7.4724,30.9152,4676.6283,10.5781,260,162721,24.579,15382.7505,0.3133,0.1772
flow_5791,0x1000169f,08,Web,0,correlator,93.6405,1384.3807,602.2915,210671.7288,458.9899,510.9761,123.3961,1192.9393,1069.5433,0.003948,0.632014,0.166275,0.17228354,0.415071,4,3.52,18.1498,2120.0815,6.5212,39,23489,5.9805,3601.9709,0.3332,0.3251
flow_5803,0x100016ab,08,Web,0,correlator,126.8498,1362.6425,799.4014,114319.3702,338.1115,511.9135,115.0692,1202.3,1087.2308,0.004441,2.246153,0.157451,0.03208827,0.179132,18,8.1866,23.0794,6544.3754,19.9192,126,100724,6.3255,5056.6209,0.3859,0.1942
flow_5815,0x100016b7,08,Web,0,correlator,109.9412,1407.7262,839.9958,157838.0591,397.2884,406.5171,181.7682,1370.0,1188.2318,0.003314,0.423529,0.111062,0.05339768,0.231079,26,7.2249,31.9283,6068.8712,19.7387,177,148679,8.9671,7532.3543,0.4122,0.1902
flow_5827,0x100016c3,08,Web,0,correlator,98.9604,1406.1461,802.4787,237848.8091,487.6975,483.4724,114.402,1208.2876,1093.8856,0.002837,2.106813,0.061009,0.03827114,0.19563,35,4.7579,27.0751,3818.1101,30.3451,497,398831,16.3783,13143.1719,0.3345,0.1572
flow_5839,0x100016cf,08,Web,0,correlator,104.0236,1374.7468,473.955,260754.5415,510.6413,390.8765,151.0609,1130.917,979.8561,0.003943,1.890327,0.064891,0.03328389,0.182439,28,4.0946,15.7689,1940.6767,23.8624,367,173941,15.3799,7289.3432,0.4526,0.3104
flow_5851,0x100016db,08,Web,0,correlator,98.908,1395.9556,674.0684,187204.336,432.6712,563.4169,122.7105,1360.3349,1237.6245,0.001142,0.867443,0.175859,0.13314559,0.364891,6,3.5408,22.4233,2386.7094,10.3229,58,39095,5.6186,3787.2032,0.4765,0.2882
flow_5863,0x100016e7,08,Web,0,correlator,120.8245,1383.8733,848.3144,158749.7772,398.4342,477.9788,139.9918,1260.454,1120.4622,0.004964,0.746935,0.15397,0.17091246,0.413416,17,6.4804,25.7029,5497.4241,25.458,165,139971,6.4813,5498.1046,0.4706,0.2098
flow_5875,0x100016f3,08,Web,0,correlator,124.8018,1397.7542,671.4466,127082.7872,356.4867,475.6868,150.8251,1282.2265,1131.4014,0.002959,2.173068,0.145612,0.17426612,0.417452,11,6.7938,19.0912,4561.6976,21.0599,144,96688,6.8376,4591.0921,0.3534,0.3186
flow_5887,0x100016ff,08,Web,0,correlator,84.9896,1410.0076,797.9429,142604.3611,377.6299,485.2634,130.8562,1305.9282,1175.0721,0.004042,1.455018,0.042858,0.05461879,0.233707,32,8.9034,12.6657,7104.379,12.3341,287,229009,23.2688,18567.1201,0.3464,0.2496
flow_5899,0x1000170b,08,Web,0,correlator,109.9771,1418.8544,803.8566,236362.3236,486.1711,347.5753,158.3351,1142.9807,984.6456,0.002727,2.677549,0.070387,0.16118784,0.401482,35,8.3678,17.4756,6726.5374,27.3269,388,311896,14.1984,11413.4969,0.4688,0.222
flow_5911,0x10001717,08,Web,0,correlator,128.2805,1386.5294,575.5561,192452.9865,438.6946,494.5675,156.4436,1131.0079,974.5643,0.001075,3.081582,0.066931,0.01022854,0.101136,52,8.7721,25.7253,5048.8571,22.68,338,194537,14.903,8577.4867,0.4793,0.3324
flow_5923,0x10001723,08,Web,0,correlator,103.6217,1417.7266,707.8139,129704.7995,360.1455,424.4148,128.8318,1321.9249,1193.0931,0.004264,0.747263,0.069503,0.01067495,0.10332,35,4.7913,24.8115,3391.3428,26.1364,376,266138,14.3861,10182.6618,0.3675,0.3012
flow_5935,0x1000172f,08,Web,0,correlator,89.4692,1397.6363,704.0367,133007.1455,364.7014,295.7862,177.032,1333.6184,1156.5864,0.003167,2.078453,0.059531,0.15800542,0.397499,39,5.8495,14.8823,4118.2607,16.6523,279,196426,16.7545,11795.7504,0.3328,0.226
flow_5947,0x1000173b,08,Web,0,correlator,129.8769,1377.192,508.2405,117939.5745,343.4233,295.8535,131.1591,1150.4418,1019.2827,0.003646,2.402203,0.055418,0.15277855,0.390869,58,5.4515,15.8452,2770.6861,28.0226,505,256661,18.0212,9159.0826,0.3686,0.2395
flow_5959,0x10001747,08,Web,0,correlator,84.5581,1366.4142,713.5284,155439.0709,394.2576,325.3032,103.514,1370.0,1266.486,0.001561,2.0793,0.114793,0.05522578,0.235002,25,4.1744,17.996,2978.5278,24.0803,209,149127,8.6793,6192.8964,0.4756,0.2983
flow_5971,0x10001753,08,Web,0,correlator,123.1966,1398.5798,594.322,173611.0053,416.6665,530.9195,162.1185,1107.5025,945.384,0.003629,1.731784,0.152212,0.15919318,0.39899,19,7.7797,30.9336,4623.6311,25.4507,167,99251,6.5617,3899.733,0.3201,0.3338
flow_5983,0x1000175f,08,Web,0,correlator,117.794,1382.1227,712.4152,136006.2132,368.7902,330.8626,107.0966,1172.736,1065.6394,0.004186,0.674516,0.131785,0.04919827,0.221807,25,7.8376,27.865,5583.636,34.5603,262,186652,7.5809,5400.7607,0.3689,0.1387
flow_5995,0x1000176b,08,Web,0,correlator,98.7394,1387.0299,758.2549,146770.8911,383.1069,316.6481,158.6582,1216.9018,1058.2436,0.002529,1.485808,0.111934,0.06460922,0.254183,39,5.2139,18.2856,3953.501,32.9516,294,222926,8.9222,6765.2533,0.4657,0.128
flow_6007,0x10001777,08,Email,0,correlator,91.0512,652.8862,228.9298,9257.6775,96.2168,274.3769,107.9305,527.3564,419.426,0.024685,11.929876,0.556383,0.62751019,0.792155,5,2.488,12.1639,569.5673,13.0068,23,5265,1.7683,404.7873,0.4143,0.4955
flow_6019,0x10001783,08,Email,0,correlator,127.4424,656.1617,282.9178,14152.1143,118.9627,232.9199,123.4497,533.7134,410.2636,0.021949,10.553826,0.500523,2.75505218,1.659835,5,3.1535,11.8577,892.1745,13.6711,27,7638,1.975,558.6958,0.529,0.6327
flow_6031,0x1000178f,08,Email,0,correlator,121.7171,743.8328,275.8239,9281.3361,96.3397,220.8501,135.5966,423.9115,288.3149,0.038078,3.264951,0.586964,1.81582627,1.347526,7,3.0938,12.9896,853.3548,23.4634,39,10757,1.6622,458.4592,0.5793,0.648
flow_6043,0x1000179b,08,Email,0,correlator,82.7295,1011.5932,307.6547,8357.5442,91.4196,219.2229,127.4347,496.3948,368.9601,0.042779,9.305117,0.767508,1.64206131,1.281429,5,3.5839,13.0685,1102.599,23.28,30,9229,1.2887,396.4349,0.3862,0.6262
flow_6055,0x100017a7,08,Email,0,correlator,122.9029,641.8615,392.4247,43050.8497,207.487,265.363,102.1921,545.6406,443.4486,0.015118,5.833435,0.585791,2.90106461,1.703251,9,4.1377,6.772,1623.7495,24.3033,41,16089,1.687,662.0094,0.4985,0.3948
flow_6067,0x100017b3,08,Email,0,correlator,107.084,960.8348,354.1047,21020.1191,144.9832,194.0131,131.2513,478.4173,347.166,0.023957,3.010129,0.837524,2.8329321,1.683132,4,4.9961,6.7813,1769.1423,23.4839,28,9914,1.1923,422.1609,0.4279,0.5404
flow_6079,0x100017bf,08,Email,0,correlator,122.3125,758.8237,270.4372,43537.8868,208.6573,221.9095,140.9087,547.4559,406.5472,0.059595,7.081357,0.64453,0.96371808,0.981691,5,2.4838,5.6252,671.7123,21.0275,32,8653,1.5218,411.5097,0.4822,0.5006
flow_6091,0x100017cb,08,Email,0,correlator,99.5214,978.5754,369.2894,23964.5307,154.8048,238.784,105.3943,350.7142,245.3199,0.021719,7.232283,0.637978,0.45017048,0.670947,12,4.6195,13.5227,1705.9382,28.3714,44,16248,1.5509,572.6896,0.4964,0.593
flow_6103,0x100017d7,08,Email,0,correlator,111.6645,700.9989,279.6545,32259.3802,179.609,237.3327,145.284,549.8197,404.5357,0.031195,7.122962,0.639146,2.09749121,1.448272,3,2.7413,8.8543,766.6248,13.6946,21,5872,1.5334,428.7808,0.5017,0.4878
flow_6115,0x100017e3,08,Email,0,correlator,132.6699,778.7477,395.796,47167.7615,217.1814,199.824,114.5743,489.9029,375.3285,0.046666,9.402598,0.274489,2.08063581,1.442441,23,2.4481,10.549,968.9383,28.7362,104,41162,3.6191,1432.4094,0.4203,0.4146
flow_6127,0x100017ef,08,Email,0,correlator,106.1423,819.5557,258.9125,30073.101,173.416,195.8555,137.2076,351.2687,214.0611,0.028083,9.717555,0.270141,0.53758651,0.733203,35,4.2853,8.2426,1109.52,29.3332,108,27962,3.6818,953.2554,0.4494,0.5637
flow_6139,0x100017fb,08,Email,0,correlator,102.0074,685.0056,258.9142,20783.4402,144.1646,182.4884,108.6373,416.9543,308.3169,0.050051,10.820269,0.445541,2.95056986,1.717722,4,3.7577,13.058,972.9287,8.1334,18,4660,2.2131,572.9426,0.593,0.5829
flow_6151,0x10001807,08,Email,0,correlator,136.3785,1181.31,327.0567,12619.0421,112.3345,269.6776,119.8757,375.5516,255.6759,0.052688,2.743823,0.287685,1.08745043,1.042809,7,4.9597,9.2491,1622.1146,12.7506,44,14390,3.4508,1128.5755,0.5993,0.5532
flow_6163,0x10001813,08,Email,0,correlator,109.4825,726.4899,295.0224,38369.6876,195.8818,269.7365,145.4957,482.768,337.2723,0.021646,6.368225,0.639769,3.10880333,1.76318,3,3.2108,8.7617,947.2495,11.958,18,5310,1.5053,444.053,0.5603,0.5481
flow_6175,0x1000181f,08,Email,0,correlator,114.0794,642.4994,366.598,11288.6642,106.2481,168.5963,112.496,528.8311,416.3351,0.015917,8.129075,0.567839,1.83422074,1.354334,5,4.9378,7.7685,1810.1957,16.8328,29,10631,1.7228,631.5662,0.4228,0.3597
flow_6187,0x1000182b,08,Email,0,correlator,88.6369,646.2796,253.9072,16180.545,127.2028,240.3168,139.5898,499.6758,360.086,0.048809,4.323411,0.302102,1.20324404,1.096925,19,4.3952,13.0561,1115.9852,28.8771,95,24121,3.2898,835.2984,0.5116,0.4144
flow_6199,0x10001837,08,Email,0,correlator,90.8024,687.4199,315.6149,16919.8562,130.0763,214.942,111.6006,520.2897,408.6892,0.046432,8.516498,0.32132,0.97678418,0.988324,17,4.5076,12.8786,1422.6651,21.8675,68,21461,3.1096,981.4098,0.514,0.3897
flow_6211,0x10001843,08,Email,0,correlator,134.6386,1034.0798,292.1818,38199.536,195.447,287.6176,109.3705,367.658,258.2875,0.041636,7.638201,0.443281,1.08018979,1.039322,5,4.3032,6.8237,1257.3297,13.0105,29,8473,2.229,651.2449,0.4831,0.3905
flow_6223,0x1000184f,08,Email,0,correlator,138.0477,984.5466,325.251,50766.4572,225.3141,283.8187,121.2893,383.0949,261.8056,0.022253,9.934251,0.780341,1.44079028,1.200329,2,3.7054,8.3109,1205.1703,10.1635,15,4878,1.4759,479.9513,0.6037,0.4045
flow_6235,0x1000185b,08,Email,0,correlator,129.9638,1157.5845,404.0718,14535.3507,120.5626,245.3523,122.5359,428.3427,305.8068,0.025678,8.360024,0.496489,0.94145775,0.970287,5,4.1029,7.1483,1657.8528,16.7207,33,13334,1.9736,797.4557,0.5909,0.3699
flow_6247,0x10001867,08,Email,0,correlator,88.5272,888.4574,300.7706,27490.7017,165.8032,219.1724,112.3174,509.4919,397.1744,0.039551,7.745077,0.909253,2.00222219,1.414999,3,4.7351,6.6882,1424.1812,18.0715,19,5714,1.0514,316.188,0.4747,0.571
flow_6259,0x10001873,08,Email,0,correlator,128.7522,891.0736,341.1877,26296.0384,162.1605,203.1177,154.689,417.5281,262.8391,0.016229,5.824967,0.710673,1.41709468,1.190418,2,3.7281,13.4889,1271.9806,13.3513,18,6141,1.3482,459.955,0.5369,0.3622
flow_6271,0x1000187f,08,Email,0,correlator,138.067,1136.4087,291.7212,45427.4446,213.1371,278.2859,158.2364,526.883,368.6466,0.015484,10.848629,0.257465,1.49573496,1.223002,17,3.2695,12.4873,953.7809,23.6414,91,26546,3.8492,1122.8625,0.5001,0.5916
flow_6283,0x1000188b,08,Email,0,correlator,98.1486,1004.4108,323.4379,54841.6803,234.183,228.8433,150.9584,367.1961,216.2377,0.016613,3.906101,0.8697,0.67715865,0.822897,5,3.0671,11.773,992.0259,28.702,33,10673,1.1497,371.8559,0.4954,0.4728
flow_6295,0x10001897,08,Email,0,correlator,111.7226,1055.1277,291.9131,29418.9656,171.5196,170.8542,132.7221,357.8292,225.1071,0.022279,10.609733,0.821056,1.23776817,1.11255,5,4.4892,6.7662,1310.4583,17.064,20,5838,1.1721,342.1235,0.3971,0.5457
flow_6307,0x100018a3,08,Email,0,correlator,124.695,1047.5999,322.7755,14247.5033,119.3629,208.8686,149.6121,498.148,348.5359,0.026538,4.602522,0.388532,1.12251168,1.059487,7,2.4483,9.3206,790.2551,13.7412,35,11297,2.5471,822.1263,0.5162,0.3578
flow_6319,0x100018af,08,Email,0,correlator,119.6266,789.1464,306.2565,47769.6538,218.5627,219.8109,158.487,535.755,377.268,0.057815,2.560533,0.862413,1.68795617,1.299214,2,4.3381,9.0974,1328.5691,9.3126,15,4593,1.6107,493.203,0.5668,0.604
flow_6331,0x100018bb,08,Email,0,correlator,128.1163,1179.8178,391.7937,15423.3691,124.1909,163.4443,154.9676,535.1141,380.1464,0.022806,8.661108,0.294183,1.70184676,1.304548,19,2.5723,8.407,1007.8279,23.842,81,31735,3.3974,1331.0521,0.6119,0.3722
flow_6343,0x100018c7,08,Email,0,correlator,100.1019,627.3684,342.8737,16368.7792,127.9405,198.9817,131.4652,361.1693,229.704,0.031564,9.473142,0.713085,2.60668763,1.614524,3,4.2164,8.6312,1445.7008,8.9298,15,5143,1.6798,575.9367,0.4336,0.3525
flow_6355,0x100018d3,08,Email,0,correlator,134.8019,795.859,301.9037,9887.2082,99.4344,261.6133,144.9826,497.4415,352.4589,0.015489,2.733551,0.753068,0.69691729,0.834816,5,3.418,11.2582,1031.9187,19.9325,26,7849,1.3044,393.7784,0.5948,0.5254
flow_6367,0x100018df,08,Email,0,correlator,126.5915,1107.992,333.5636,9568.7185,97.8198,237.8855,118.3951,412.4264,294.0314,0.028716,2.995367,0.409931,1.48440616,1.218362,5,4.5708,5.873,1524.6497,15.546,37,12341,2.38,793.8357,0.5788,0.6319
flow_6379,0x100018eb,08,Email,0,correlator,131.5654,1131.8783,354.1567,36617.7438,191.3576,241.0741,126.0287,496.1502,370.1216,0.01636,6.897849,0.821109,1.38741624,1.177886,5,2.978,9.7049,1054.6832,28.0103,34,12041,1.2138,429.8772,0.5085,0.4449
flow_6391,0x100018f7,08,Email,0,correlator,83.216,660.7978,275.2226,46218.5808,214.9851,224.3759,140.4477,384.3656,243.9179,0.034435,10.261662,0.925228,0.42825353,0.654411,3,3.2893,11.8277,905.2908,15.4523,16,4403,1.0354,284.9414,0.3927,0.63
flow_6403,0x10001903,08,Email,0,correlator,84.216,932.3456,251.5298,30023.6501,173.2733,240.2197,100.0547,508.9744,408.9197,0.019153,3.521945,0.791367,0.66073009,0.812853,5,2.2638,9.9532,569.4237,29.4328,37,9306,1.2571,316.1779,0.5242,0.3749
flow_6415,0x1000190f,08,Email,0,correlator,126.214,1173.4881,253.7928,46655.2594,215.9983,190.6246,103.5484,518.7836,415.2352,0.025498,10.300143,0.873772,1.84009422,1.356501,4,2.5246,10.6494,640.7374,15.7044,17,4314,1.0825,274.7009,0.498,0.5513
flow_6427,0x1000191b,08,Email,0,correlator,138.0588,1106.6238,366.4066,21349.4881,146.1146,250.6485,159.5536,416.6358,257.0822,0.022049,9.810548,0.296517,2.12821515,1.45884,13,3.1576,5.4553,1156.9532,21.5308,72,26381,3.344,1225.2665,0.5269,0.4323
flow_6439,0x10001927,08,Email,0,correlator,90.1457,1176.2435,343.9309,46490.4655,215.6165,224.4721,108.2581,470.2274,361.9693,0.013637,3.809833,0.459301,1.63812648,1.279893,4,3.7647,9.4906,1294.8136,8.7691,19,6534,2.1667,745.1171,0.5118,0.6309
flow_6451,0x10001933,08,Email,0,correlator,118.7862,1167.9461,408.9438,30523.2865,174.7091,225.1729,116.0314,411.0569,295.0255,0.026143,8.543849,0.360067,0.54238141,0.736465,19,3.6568,5.904,1495.4265,28.1837,78,31897,2.7676,1131.7532,0.442,0.4951
flow_6463,0x1000193f,08,Email,0,correlator,117.9606,1071.5208,329.4885,54015.5642,232.4125,230.5475,159.6972,457.176,297.4788,0.050575,11.313941,0.368102,2.37470607,1.541008,18,3.3694,11.868,1110.1903,26.1085,70,23064,2.6811,883.3891,0.4053,0.4325
flow_6475,0x1000194b,08,Email,0,correlator,80.5398,931.1275,345.7396,13057.1014,114.2677,172.6301,159.1322,375.2032,216.071,0.016778,5.066392,0.601881,0.37881599,0.61548,2,4.7752,13.7816,1650.9903,9.813,16,5531,1.6305,563.6382,0.477,0.5388
flow_6487,0x10001957,08,Email,0,correlator,129.2076,613.8446,308.9025,15318.3428,123.7673,271.2649,126.6888,350.3769,223.6881,0.014337,4.112673,0.264212,0.9970441,0.998521,18,2.7172,5.8663,839.3597,27.9296,105,32434,3.7595,1161.2783,0.4442,0.5881
flow_6499,0x10001963,08,Email,0,correlator,129.7852,1037.0598,373.2294,12041.6785,109.7346,173.4883,129.5674,502.0679,372.5005,0.024596,3.963851,0.359119,0.94250581,0.970827,16,2.4612,8.2501,918.5747,27.3489,76,28365,2.7789,1037.1536,0.4631,0.3609
flow_6511,0x1000196f,08,Email,0,correlator,99.0712,780.0069,278.78,31282.3656,176.8682,262.3707,152.5053,398.043,245.5377,0.053684,7.809474,0.338442,0.72314281,0.850378,15,3.1719,8.2922,884.2634,28.5164,84,23417,2.9457,821.1773,0.5769,0.5828
flow_6523,0x1000197b,08,Email,0,correlator,116.0564,758.883,251.5525,28772.9523,169.6259,246.3274,108.3659,453.0603,344.6944,0.057757,5.457121,0.347223,1.3581255,1.165386,10,2.7743,11.2223,697.8885,17.8439,51,12829,2.8581,718.9566,0.4276,0.5929
flow_6535,0x10001987,08,Email,0,correlator,89.6145,867.5508,384.6019,23218.2304,152.3753,184.7388,103.6706,501.4875,397.8169,0.040324,5.40309,0.52248,1.01408674,1.007019,8,3.3421,12.7388,1285.3754,14.5956,27,10384,1.8499,711.4486,0.6149,0.3818
flow_6547,0x10001993,08,Email,0,correlator,92.6898,714.4354,379.4154,54520.461,233.4962,176.2905,147.2967,404.8591,257.5623,0.054174,8.03153,0.84307,2.3541416,1.534321,2,3.9489,8.6967,1498.2853,14.1373,16,6070,1.1318,429.3608,0.3898,0.5289
flow_6559,0x1000199f,08,Email,0,correlator,84.0964,859.3383,372.5383,20024.0726,141.5064,203.8559,122.6541,460.5208,337.8668,0.05843,4.63261,0.689093,1.86316747,1.364979,5,2.9192,6.2869,1087.5018,22.1432,32,11921,1.4451,538.3597,0.4923,0.6235
flow_6571,0x100019ab,08,Email,0,correlator,138.5265,1184.3578,365.1563,42130.661,205.2575,207.0327,123.3282,543.2169,419.8888,0.013834,7.252562,0.421178,0.67462135,0.821353,5,4.0412,9.2254,1475.6552,14.4477,34,12415,2.3533,859.3066,0.4847,0.4479
flow_6583,0x100019b7,08,Email,0,correlator,85.8998,740.6229,326.0085,39066.6306,197.6528,293.127,110.7744,446.9101,336.1357,0.053412,9.93723,0.710943,0.60919958,0.780512,6,3.2914,6.4093,1073.0136,20.3204,28,9128,1.3779,449.2037,0.5085,0.5012
flow_6595,0x100019c3,08,Email,0,correlator,130.1319,652.8045,283.1292,32136.2717,179.2659,232.8996,141.0186,465.7979,324.7793,0.03845,8.012979,0.479132,2.88641503,1.698945,6,4.7208,5.8798,1336.5903,14.5409,30,8493,2.0631,584.0765,0.504,0.4123
flow_6607,0x100019cf,08,Email,0,correlator,89.8419,1096.0331,339.3816,11312.208,106.3589,223.2639,156.2535,428.7633,272.5098,0.050774,5.480474,0.331273,2.61894517,1.618316,3,4.6831,12.2521,1589.3661,8.7835,26,8823,2.9601,1004.4981,0.4127,0.5941
flow_6619,0x100019db,08,Email,0,correlator,102.3354,966.2678,390.2443,20574.0145,143.4364,190.5432,159.8812,497.8633,337.9822,0.028087,7.74376,0.821751,1.02113754,1.010514,5,2.8454,12.6429,1110.3912,14.0516,17,6634,1.2098,472.1179,0.5953,0.4391
flow_6631,0x100019e7,08,Email,0,correlator,121.5564,677.9606,363.8583,46782.9756,216.2937,162.8936,138.9238,368.7039,229.7801,0.016136,4.314196,0.343075,2.53089429,1.590878,7,4.1825,6.7822,1521.8467,8.5322,24,8732,2.8129,1023.4147,0.6051,0.4486
flow_6643,0x100019f3,08,Email,0,correlator,132.0749,702.3463,295.371,11533.0184,107.3919,236.3122,144.9222,539.1396,394.2174,0.052405,6.317929,0.777947,2.56293438,1.600917,5,4.0342,6.6614,1191.5816,20.6452,26,7679,1.2594,371.9514,0.4512,0.3598
flow_6655,0x100019ff,08,Email,0,correlator,112.9017,1075.4732,376.9218,9868.8653,99.3422,161.391,106.6265,545.5829,438.9564,0.018059,3.288445,0.622806,3.04146537,1.74398,5,4.8399,11.057,1824.2806,15.3824,24,9046,1.5602,588.073,0.3937,0.5138
flow_6667,0x10001a0b,08,Email,0,correlator,121.3308,669.3691,239.7412,32770.7664,181.027,282.9369,119.7271,433.5916,313.8645,0.013564,10.796246,0.323959,1.09203784,1.045006,7,4.8003,11.0863,1150.8363,11.7171,36,8630,3.0724,736.5314,0.4386,0.6224
flow_6679,0x10001a17,08,Email,0,correlator,84.0754,689.5104,229.1728,51482.8907,226.8984,177.7066,125.2911,375.6799,250.3888,0.031086,2.70733,0.629047,1.83624976,1.355083,12,4.8214,7.9249,1104.9434,24.2412,38,8708,1.5676,359.2225,0.3822,0.5534
flow_6691,0x10001a23,08,Email,0,correlator,117.0011,779.0642,355.3902,17614.7521,132.7206,227.0819,159.1251,464.15,305.0249,0.03714,7.733392,0.672872,1.59508331,1.262966,5,4.6808,7.2338,1663.502,14.5251,21,7463,1.4458,513.8009,0.4362,0.3834
flow_6703,0x10001a2f,08,Email,0,correlator,105.5015,934.1506,340.9306,29909.9521,172.9449,277.1766,103.5793,471.3247,367.7454,0.032981,3.928517,0.288607,2.60818761,1.614988,18,4.9858,7.2964,1699.8132,28.4365,98,33411,3.4463,1174.9338,0.3977,0.6018
flow_6715,0x10001a3b,08,Email,0,correlator,129.062,1161.4755,375.9864,49535.6793,222.5661,180.9732,107.3864,455.5761,348.1896,0.057201,10.777517,0.266144,2.79984249,1.673273,6,3.796,9.9501,1427.2539,11.3649,42,15791,3.6956,1389.4586,0.4536,0.5933
flow_6727,0x10001a47,08,Email,0,correlator,103.3805,940.3722,229.2991,37786.2839,194.3869,227.8244,157.9592,422.9629,265.0037,0.058243,6.962257,0.569814,1.94685739,1.395298,4,3.5421,12.8072,812.1949,14.6696,25,5732,1.7042,390.7393,0.5827,0.4546
flow_6739,0x10001a53,08,Email,0,correlator,109.8402,1082.1764,246.2357,35748.7986,189.0735,289.0812,118.1251,357.744,239.6189,0.058221,4.155313,0.722674,2.01502622,1.419516,6,3.0358,6.2933,747.5102,26.5515,36,8864,1.3559,333.8412,0.5437,0.5405
flow_6751,0x10001a5f,08,Email,0,correlator,91.3831,1154.1953,257.6675,15814.7299,125.7566,223.3111,100.7804,448.9379,348.1575,0.025582,3.131145,0.588778,1.54183011,1.241705,6,4.7243,6.6288,1217.3013,26.0601,44,11337,1.6884,435.0337,0.5865,0.5731
flow_6763,0x10001a6b,08,Email,0,correlator,100.106,866.122,262.1352,34054.6488,184.539,209.1805,101.0999,389.4854,288.3855,0.059336,10.227122,0.59428,2.59884612,1.612094,5,3.5627,6.9309,933.9119,14.9053,25,6553,1.6773,439.6421,0.5765,0.4908
flow_6775,0x10001a77,08,Email,0,correlator,110.1149,1189.2305,280.8047,54342.1438,233.114,230.0075,154.815,540.9484,386.1334,0.027998,9.429258,0.709031,1.66272897,1.289468,3,2.3067,11.6415,647.7282,13.141,18,5054,1.3698,384.5971,0.6046,0.439
flow_6787,0x10001a83,08,Email,0,correlator,95.2178,970.5873,381.1891,15025.5904,122.5789,227.0705,149.5309,427.2719,277.7411,0.02997,8.532705,0.526928,2.31592539,1.521816,12,4.388,7.407,1672.6575,25.5878,48,18297,1.8759,715.0684,0.5073,0.5936
flow_6799,0x10001a8f,08,Email,0,correlator,81.3592,836.2871,349.4727,32536.7947,180.3796,229.7243,145.9587,452.6719,306.7132,0.046938,2.903549,0.317124,1.3382239,1.156816,12,3.8425,11.8462,1342.8656,27.3455,86,30054,3.1449,1099.0461,0.4679,0.5848
flow_6811,0x10001a9b,08,Email,0,correlator,118.9358,642.9852,375.3452,16684.0432,129.1667,227.0358,137.8698,450.5926,312.7227,0.026777,3.301535,0.303792,2.31530534,1.521613,5,2.2659,7.4486,850.4869,11.8902,39,14638,3.28,1231.103,0.5076,0.491
flow_6823,0x10001aa7,08,Email,0,correlator,98.3796,908.6003,287.6263,41203.0159,202.9853,255.5023,117.6294,538.0299,420.4004,0.058798,7.921779,0.439649,1.57981169,1.256906,8,4.5423,11.8981,1306.4875,24.1793,54,15531,2.2333,642.3251,0.5694,0.4601
flow_6835,0x10001ab3,08,Email,0,correlator,124.6958,1074.6986,413.3804,39199.9858,197.9899,185.7242,153.006,464.9723,311.9663,0.05415,4.97607,0.374513,0.40284232,0.634699,16,3.8419,8.864,1588.1868,20.3036,54,22322,2.6596,1099.4103,0.61,0.4031
flow_6847,0x10001abf,08,Email,0,correlator,116.5148,905.0299,317.2686,52488.5318,229.1038,279.376,123.0114,453.4144,330.403,0.02916,7.80929,0.875766,1.62560432,1.274992,5,2.8982,9.4416,919.5054,28.7765,32,10152,1.112,352.7879,0.4841,0.3803
flow_6859,0x10001acb,08,Email,0,correlator,128.5542,1125.5325,346.409,49808.8334,223.1789,231.4392,108.7836,549.179,440.3954,0.054756,10.235139,0.879028,0.37410521,0.611641,6,2.0884,10.8214,723.4431,29.8867,33,11431,1.1042,382.478,0.4041,0.4361
flow_6871,0x10001ad7,08,Email,0,correlator,90.8361,698.9166,222.2318,17982.8831,134.1003,169.2443,155.7947,421.298,265.5033,0.036505,4.930123,0.355108,0.48176866,0.694096,11,3.6658,13.1686,814.6588,18.2317,51,11333,2.7973,621.6112,0.6136,0.6276
flow_6883,0x10001ae3,08,Email,0,correlator,137.5497,1187.2322,383.0464,47587.2539,218.145,242.0384,124.6247,491.0615,366.4368,0.018147,9.077649,0.658968,0.68925994,0.830217,5,2.4603,8.5387,942.4202,15.1531,22,8427,1.4519,556.1254,0.6001,0.408
flow_6895,0x10001aef,08,Email,0,correlator,105.802,967.8584,243.5201,47204.8062,217.2667,267.7905,147.0549,501.3453,354.2905,0.021419,2.684284,0.66582,1.59000137,1.260953,5,3.8308,9.8557,932.879,19.0379,28,6818,1.4707,358.1274,0.5612,0.6097
flow_6907,0x10001afb,08,Email,0,correlator,87.3821,866.823,243.6961,56787.7118,238.3017,179.2716,109.0427,381.5048,272.4621,0.027974,4.122427,0.562555,1.22115719,1.10506,7,4.7247,13.3783,1151.3841,24.5831,43,10478,1.7492,426.2271,0.447,0.4184
flow_6919,0x10001b07,08,Email,0,correlator,88.5569,820.2835,367.9605,52743.4937,229.6595,295.0063,114.2573,548.0774,433.8201,0.050572,7.176669,0.691542,1.85027885,1.36025,8,4.5422,12.0805,1671.3453,27.5607,39,14350,1.4151,520.6687,0.4154,0.4939
flow_6931,0x10001b13,08,Email,0,correlator,118.2236,1140.0635,375.4318,41866.1353,204.6122,242.0314,125.395,534.63,409.2349,0.0119,2.814426,0.853292,2.77756558,1.666603,3,2.8778,8.8203,1080.4253,13.3083,15,5631,1.1271,423.1184,0.5078,0.5962
flow_6943,0x10001b1f,08,Email,0,correlator,131.3918,1070.1815,373.4544,33498.3462,183.0255,221.8092,118.6398,464.3555,345.7157,0.050002,8.098157,0.279634,2.02125298,1.421708,11,4.8031,12.128,1793.7458,18.0181,64,23901,3.552,1326.497,0.4252,0.4513
flow_6955,0x10001b2b,08,Email,0,correlator,100.6812,683.547,345.0494,52656.6908,229.4705,173.3134,159.901,503.269,343.368,0.030076,9.554416,0.947473,1.36741415,1.169365,4,4.7155,13.1252,1627.077,12.1438,15,5175,1.2352,426.1447,0.5419,0.6168
flow_6967,0x10001b37,08,Email,0,correlator,97.6649,739.0468,401.9019,17522.2799,132.3717,174.5446,123.1831,442.2704,319.0873,0.05228,7.387713,0.323167,1.05786077,1.028524,12,3.651,9.6265,1467.3243,28.6118,88,35367,3.0757,1236.1002,0.424,0.4486
flow_6979,0x10001b43,08,Email,0,correlator,133.1673,958.2386,236.0759,49652.9042,222.8293,283.3451,147.9437,432.0529,284.1092,0.035149,5.635863,0.427117,1.79435018,1.339534,10,2.0528,10.4085,484.608,15.6048,36,8498,2.307,544.5775,0.5231,0.3859
flow_6991,0x10001b4f,08,Email,0,correlator,136.4053,631.1993,330.508,47251.7025,217.3746,210.0255,130.6457,490.5561,359.9104,0.051532,4.69958,0.465369,0.38938229,0.624005,13,2.9713,5.38,982.0267,25.2368,54,17847,2.1397,707.1823,0.4904,0.6194
flow_7003,0x10001b5b,08,Email,0,correlator,134.1051,1012.8445,237.0518,34303.9361,185.2132,245.2929,108.6199,442.5789,333.9589,0.024583,9.572429,0.301999,0.54254155,0.736574,11,4.0352,12.2181,956.5555,20.4027,67,15882,3.2839,778.4277,0.4406,0.5123
flow_7015,0x10001b67,08,Email,0,correlator,117.7106,829.9742,412.3483,28381.1275,168.467,215.9118,148.2792,480.9586,332.6793,0.055403,10.457833,0.800973,2.02469684,1.422918,5,3.4045,9.1787,1403.8336,26.8135,33,13607,1.2307,507.4679,0.539,0.4337
flow_7027,0x10001b73,08,Email,0,correlator,97.503,909.5082,376.6311,51024.8449,225.8868,160.5372,136.3712,488.4485,352.0773,0.038736,5.919211,0.616468,1.08890859,1.043508,7,3.8174,8.3705,1437.7333,28.3925,46,17325,1.6201,610.1973,0.4337,0.4328
flow_7039,0x10001b7f,08,Email,0,correlator,127.1391,1108.8042,359.0766,30736.5486,175.3184,239.0115,122.0866,455.4736,333.387,0.024732,8.924847,0.60662,2.08533299,1.444068,7,2.4692,9.7821,886.6435,25.2158,41,14722,1.626,583.8413,0.5535,0.5131
flow_7051,0x10001b8b,08,Email,0,correlator,99.0889,694.9142,338.6526,33432.1838,182.8447,171.7927,128.3899,376.32,247.9301,0.048032,8.618513,0.8688,2.25098169,1.500327,4,3.5251,12.637,1193.7793,22.5974,26,8804,1.1506,389.602,0.4854,0.518
flow_7063,0x10001b97,08,Email,0,correlator,104.8002,967.8135,267.0091,16434.1294,128.1957,187.3051,132.5316,406.0432,273.5116,0.017555,7.154809,0.903899,2.81415158,1.677543,5,3.3831,11.5653,903.315,29.3492,32,8544,1.0903,291.1157,0.4951,0.5737
flow_7075,0x10001ba3,08,Email,0,correlator,129.0184,903.9854,301.711,19608.6655,140.0309,171.7293,105.0232,426.9168,321.8936,0.027556,6.051722,0.843476,3.13600284,1.770876,3,2.7192,8.7937,820.4262,13.364,15,4525,1.1224,338.5959,0.4825,0.6374
flow_7087,0x10001baf,08,Email,0,correlator,87.677,912.6702,318.0688,47084.9192,216.9906,291.9167,142.7555,434.3349,291.5794,0.022343,5.313469,0.393046,0.63551675,0.797193,4,4.9797,10.9627,1583.8855,9.8895,25,7951,2.5279,803.9869,0.6071,0.5016
flow_7099,0x10001bbb,08,Email,0,correlator,96.8156,683.2565,249.8748,22265.5078,149.2163,174.8869,111.4516,532.2085,420.757,0.046751,4.594986,0.315958,1.09750244,1.047618,10,4.4458,13.5,1110.8919,10.6168,33,8245,3.1083,776.6008,0.5011,0.606
flow_7111,0x10001bc7,08,Email,0,correlator,90.8685,647.4947,392.2006,43831.5085,209.3598,222.6448,150.8698,526.7274,375.8576,0.010461,3.083719,0.659945,0.44240796,0.665138,7,3.5099,13.2529,1376.5736,22.0691,33,12942,1.4953,586.4305,0.5585,0.458
flow_7123,0x10001bd3,08,Email,0,correlator,118.0759,921.9409,221.22,45390.2013,213.0498,261.699,117.9085,468.326,350.4175,0.042804,4.542646,0.640189,0.56714905,0.753093,5,2.2641,13.434,500.8676,21.9973,34,7521,1.5456,341.9054,0.4189,0.4906
flow_7135,0x10001bdf,08,Email,0,correlator,98.1542,797.4917,370.8863,14098.1482,118.7356,242.0772,139.062,415.555,276.493,0.034062,7.071159,0.683757,1.56283418,1.250134,3,4.3822,10.5371,1625.2972,16.0714,23,8530,1.4311,530.755,0.4942,0.4923
flow_7147,0x10001beb,08,Email,0,correlator,131.49,604.2262,418.9947,22722.5426,150.74,174.6225,125.6565,435.9787,310.3222,0.021295,9.00573,0.755812,2.84690113,1.687276,5,3.5761,6.7809,1498.3733,26.4817,35,14664,1.3217,553.7416,0.498,0.3642
flow_7159,0x10001bf7,08,Email,0,correlator,133.7816,687.8035,359.9344,23687.7935,153.9084,286.4619,109.1158,488.2045,379.0887,0.052021,5.907716,0.442863,3.1719455,1.780996,9,3.6575,5.6803,1316.4676,22.5957,51,18356,2.2571,812.3687,0.5841,0.4225
flow_7171,0x10001c03,08,Email,0,correlator,89.8147,727.3951,304.8491,41360.3676,203.3725,250.3608,111.9324,508.2918,396.3595,0.053106,11.868753,0.440175,1.49812606,1.22398,7,3.6377,5.2979,1108.9566,13.4377,30,9145,2.2325,680.547,0.4134,0.4913
flow_7183,0x10001c0f,08,Email,0,correlator,117.452,781.3485,360.1271,52564.3825,229.2692,289.9574,149.0023,469.5327,320.5305,0.029043,7.307086,0.438369,1.66039991,1.288565,11,3.5138,9.5819,1265.4241,28.3405,64,23048,2.2583,813.2544,0.3908,0.5362
flow_7195,0x10001c1b,08,Email,0,correlator,120.9688,1056.4739,377.7033,35821.1961,189.2649,201.2087,101.1842,357.5619,256.3778,0.02433,3.645051,0.394755,0.58051275,0.761914,3,2.9746,9.5046,1123.526,9.1211,23,8687,2.5216,952.4026,0.4583,0.4691
flow_7207,0x10001c27,08,Email,0,correlator,114.3864,1122.5596,335.5328,26778.2816,163.6407,250.2674,105.6575,381.0974,275.4398,0.044337,7.959252,0.531316,0.50511547,0.710715,5,2.2935,12.4324,769.5511,10.8098,20,6710,1.8502,620.734,0.5834,0.4344
flow_7219,0x10001c33,08,Email,0,correlator,100.38,685.1725,418.5,41687.7827,204.1759,203.4023,109.3463,531.561,422.2147,0.050174,6.2925,0.837666,2.21161904,1.487151,2,4.4094,10.9155,1845.325,8.5009,15,6277,1.7645,738.3949,0.5238,0.5156
flow_7231,0x10001c3f,08,Email,0,correlator,118.5584,1025.3996,241.4308,17539.7666,132.4378,288.8615,126.7117,402.7042,275.9925,0.038574,4.756345,0.809573,2.95310824,1.718461,4,3.001,9.5948,724.5335,22.3917,27,6518,1.2058,291.0905,0.5766,0.5161
flow_7243,0x10001c4b,08,Email,0,correlator,82.3232,1184.4328,304.9468,22709.8067,150.6977,281.8203,129.2152,468.5175,339.3022,0.045644,5.324208,0.936325,2.56476612,1.601489,8,3.4209,9.4376,1043.1922,25.671,27,8233,1.0518,320.7124,0.3964,0.566
flow_7255,0x10001c57,08,Email,0,correlator,90.2843,972.8014,302.5963,15353.0538,123.9074,246.8674,142.0698,427.9774,285.9076,0.028475,5.645055,0.331169,2.52758233,1.589837,9,2.5261,12.0932,764.3911,12.5538,37,11196,2.9473,891.8439,0.4905,0.3506
flow_7267,0x10001c63,08,Email,0,correlator,133.0963,1046.0156,270.6204,25980.9433,161.1861,195.331,115.4132,520.1943,404.7811,0.05797,5.678338,0.36975,0.54324778,0.737053,7,3.0337,13.5047,820.9757,14.7091,39,10554,2.6514,717.5166,0.4078,0.4849
flow_7279,0x10001c6f,08,Email,0,correlator,118.6297,646.7605,384.3125,33440.1477,182.8665,258.7729,141.3517,443.9984,302.6467,0.013896,6.897639,0.70677,1.45181606,1.204913,2,2.0223,6.8733,777.1842,8.117,15,5764,1.848,710.1106,0.5951,0.3775
flow_7291,0x10001c7b,08,Email,0,correlator,98.4321,1050.3468,301.84,33264.8837,182.3866,252.3393,102.1417,500.3701,398.2284,0.055895,4.17098,0.721384,1.71898147,1.311099,4,2.4258,5.051,732.2037,13.3523,18,5433,1.3481,406.895,0.4728,0.4811
flow_7303,0x10001c87,08,Email,0,correlator,102.1647,926.5552,287.7261,26847.2072,163.8512,262.8208,101.753,529.9969,428.2439,0.033082,6.777468,0.542273,3.16044655,1.777764,7,2.9415,13.2912,846.3415,24.5081,45,12947,1.8361,528.2733,0.5065,0.6349
flow_7315,0x10001c93,08,Email,0,correlator,82.0013,1018.0709,349.9048,36655.7983,191.457,286.6959,107.1776,511.7244,404.5468,0.043563,6.833603,0.296679,1.24087417,1.113945,7,4.0598,8.9961,1420.5599,13.1984,44,15395,3.3337,1166.4261,0.5581,0.4614
flow_7327,0x10001c9f,08,Email,0,correlator,92.4519,952.2518,322.7354,30276.837,174.0024,247.1595,158.9711,439.851,280.8799,0.035845,7.19466,0.591766,2.62131106,1.619046,3,2.6597,13.235,858.3783,12.7208,21,6777,1.6508,532.7495,0.4755,0.3678
flow_7339,0x10001cab,08,Email,0,correlator,125.6681,758.87,242.0682,37095.2516,192.6013,171.7516,130.7359,376.9043,246.1683,0.040741,2.954762,0.340131,2.29155578,1.513789,6,3.571,9.3706,864.4289,12.1853,35,8472,2.8723,695.2655,0.5029,0.3767
flow_7351,0x10001cb7,08,Email,0,correlator,135.3239,873.3375,221.7236,11206.6219,105.8613,216.8295,156.6334,358.3819,201.7485,0.055313,6.571553,0.642598,1.23168765,1.109814,4,3.7848,11.095,839.1787,17.5827,27,5986,1.5356,340.4475,0.4308,0.6084
flow_7363,0x10001cc3,08,Email,0,correlator,126.5038,1006.1204,234.4895,37401.7682,193.3954,247.8483,121.176,354.1318,232.9558,0.025996,10.070264,0.810595,1.29181282,1.136579,5,3.8532,12.4981,903.5247,27.5852,34,7972,1.2325,288.9951,0.5331,0.5181
flow_7375,0x10001ccf,08,Email,0,correlator,100.3538,1197.1024,391.0031,18591.7042,136.3514,219.1083,111.1787,461.5131,350.3344,0.022897,9.306095,0.711053,0.81894099,0.904954,3,4.0913,9.2363,1599.6932,15.5454,21,8211,1.3509,528.1952,0.4829,0.5806
flow_7387,0x10001cdb,08,Email,0,correlator,114.9466,1112.3745,348.2504,14355.0473,119.8126,207.235,133.2327,466.0076,332.7749,0.047774,7.758418,0.634483,0.47675179,0.690472,7,3.2336,7.5428,1126.0916,16.6851,26,9054,1.5583,542.64,0.5444,0.3816
flow_7399,0x10001ce7,08,Email,0,correlator,91.4821,1152.675,287.6044,46958.6516,216.6994,297.5451,124.1319,533.7738,409.6418,0.051524,7.420872,0.843246,1.55432713,1.246727,2,2.7814,12.2858,799.9334,10.902,15,4314,1.3759,395.7066,0.3844,0.382
flow_7411,0x10001cf3,08,Email,0,correlator,117.713,738.4133,346.3052,15057.1532,122.7076,173.2495,111.6842,519.2797,407.5955,0.016682,9.651632,0.877894,0.93991604,0.969493,7,3.104,12.7614,1074.9165,26.4772,30,10389,1.1331,392.3757,0.5362,0.513
flow_7423,0x10001cff,08,Email,0,correlator,132.486,1062.0639,275.7654,21762.966,147.5228,292.6823,158.3945,459.9245,301.53,0.034265,5.526171,0.689932,1.31893634,1.14845,8,4.7295,13.835,1304.2317,26.5257,38,10479,1.4326,395.0505,0.6172,0.5926
flow_7435,0x10001d0b,08,Email,0,correlator,132.1518,1136.4886,361.1847,38335.0455,195.7934,248.5812,141.8543,405.4488,263.5944,0.044643,10.809679,0.449537,1.2417903,1.114356,6,3.9583,11.0766,1429.6791,17.0004,37,13363,2.1764,786.0381,0.4073,0.625
flow_7447,0x10001d17,08,Email,0,correlator,136.3979,884.3794,365.1325,13809.894,117.5155,225.0789,107.0353,524.94,417.9047,0.027536,3.008228,0.619841,0.74877812,0.86532,5,2.9914,9.4488,1092.2691,22.2201,35,12779,1.5751,575.109,0.4141,0.5436
flow_7459,0x10001d23,08,Email,0,correlator,102.6078,651.4788,397.5086,52698.0366,229.5605,298.5904,135.0861,538.8756,403.7895,0.02215,8.906116,0.60214,1.06089811,1.029999,6,4.5696,10.3431,1816.4383,20.3915,33,13117,1.6183,643.2594,0.5728,0.5647
flow_7471,0x10001d2f,08,Email,0,correlator,120.6757,649.656,316.9693,11376.6244,106.6613,195.5387,109.2565,497.8045,388.5481,0.017176,6.623433,0.672146,1.75531627,1.324883,8,3.617,5.185,1146.4711,20.4369,30,9509,1.4679,465.2852,0.4113,0.4856
flow_7483,0x10001d3b,08,Email,0,correlator,126.2126,691.8498,364.8002,21114.7974,145.3093,216.172,146.4814,403.3558,256.8744,0.046075,6.046416,0.670375,2.9289538,1.711419,7,2.8259,9.0395,1030.9036,28.8921,43,15686,1.4883,542.9158,0.42,0.5326
flow_7495,0x10001d47,08,Email,0,correlator,139.7071,769.3327,393.7594,20060.4031,141.6348,226.1818,144.7873,415.6345,270.8472,0.041681,10.699018,0.711748,2.10741872,1.451695,3,2.6357,6.5549,1037.8426,14.5236,20,7875,1.3771,542.2194,0.408,0.483
flow_7507,0x10001d53,08,Email,0,correlator,107.1674,600.2642,347.3818,20820.0218,144.2914,287.4402,106.9715,495.9321,388.9606,0.038614,10.43185,0.52108,0.61561041,0.784608,4,3.3923,5.5454,1178.4271,13.3013,25,8684,1.8795,652.8703,0.4972,0.4198
flow_7519,0x10001d5f,08,Email,0,correlator,104.2839,1117.2533,345.5149,10290.8655,101.4439,171.1218,159.1623,423.1761,264.0138,0.020066,6.874458,0.507486,1.95306524,1.397521,6,4.5727,9.2274,1579.9448,19.0643,37,12784,1.9408,670.5741,0.5483,0.4935
flow_7531,0x10001d6b,08,Email,0,correlator,115.9669,710.3005,269.0542,54980.6436,234.4795,178.8318,105.3504,522.5503,417.1999,0.056833,2.791765,0.77595,1.23683814,1.112132,4,2.9702,11.9294,799.1366,12.6977,16,4304,1.2601,338.9602,0.58,0.5527
flow_7543,0x10001d77,08,Email,0,correlator,87.6227,1142.6609,415.8736,17266.1491,131.4007,238.3419,141.6267,433.1832,291.5565,0.028053,10.295806,0.666666,0.60043854,0.77488,7,4.8125,7.1463,2001.3787,28.5556,42,17466,1.4708,611.6479,0.4798,0.478
flow_7555,0x10001d83,08,Email,0,correlator,112.184,763.0198,367.305,9041.2714,95.0856,252.9705,125.2278,361.3772,236.1494,0.030427,3.136564,0.918144,2.38659724,1.544862,4,2.8374,9.6282,1042.1956,19.3897,21,7713,1.083,397.7883,0.6109,0.5114
flow_7567,0x10001d8f,08,Email,0,correlator,113.3627,1076.8739,257.1391,20786.738,144.1761,212.5873,109.6591,483.176,373.5168,0.04663,7.144979,0.564494,1.01567952,1.007809,4,3.997,11.3105,1027.7779,16.042,28,7199,1.7454,448.7604,0.526,0.5217
flow_7579,0x10001d9b,08,Email,0,correlator,108.1728,1055.561,278.7609,38579.1056,196.4156,205.3829,107.6556,385.1056,277.4501,0.029815,6.065263,0.793001,1.09287548,1.045407,9,2.7741,13.8458,773.3053,25.1547,31,8641,1.2324,343.5142,0.4584,0.4724
flow_7591,0x10001da7,08,Email,0,correlator,82.4539,777.1547,369.6257,9935.313,99.676,295.4449,128.0449,454.8268,326.7819,0.021385,3.410572,0.513418,0.37282158,0.610591,3,3.977,12.8142,1470.0141,13.2879,25,9240,1.8814,695.3703,0.4925,0.3851
flow_7603,0x10001db3,08,Email,0,correlator,118.3186,690.3548,371.5242,53869.4855,232.098,272.6976,132.8184,409.4315,276.6131,0.010875,6.690105,0.793456,1.38082341,1.175084,2,4.2523,11.8812,1579.8238,13.8795,17,6315,1.2248,454.9881,0.6185,0.5964
flow_7615,0x10001dbf,08,Email,0,correlator,129.4711,869.2201,340.8241,10740.0999,103.6345,295.3777,152.7564,433.1508,280.3944,0.047447,10.56901,0.813563,0.59716135,0.772762,3,3.3728,10.2174,1149.5426,21.1489,25,8520,1.1821,402.8572,0.547,0.433
flow_7627,0x10001dcb,08,Email,0,correlator,94.9278,1064.1339,383.631,28416.9307,168.5732,255.8948,141.9087,476.3939,334.4852,0.047331,9.629011,0.860755,0.83639627,0.914547,3,2.6306,10.0785,1009.1678,15.3369,17,6521,1.1084,425.1826,0.4186,0.4763
flow_7639,0x10001dd7,08,Email,0,correlator,84.0109,830.4801,293.1393,15941.3507,126.2591,178.0538,128.965,468.6879,339.7229,0.042498,4.368093,0.409693,1.83054173,1.352975,12,4.3273,10.0182,1268.5089,23.7007,57,16708,2.405,704.959,0.5259,0.4865
flow_7651,0x10001de3,08,Email,0,correlator,115.802,1018.4236,351.7209,10630.0383,103.1021,252.9062,157.2161,359.9335,202.7173,0.033753,10.200355,0.460787,0.50505448,0.710672,11,3.8272,11.9976,1346.1028,18.7862,40,14068,2.1292,748.8456,0.4802,0.4948
flow_7663,0x10001def,08,Email,0,correlator,89.1619,626.9277,243.1221,35523.7451,188.4774,275.2751,139.0466,354.1503,215.1037,0.033515,4.356944,0.945681,0.57632252,0.759159,4,2.6163,12.212,636.0792,17.8131,18,4376,1.0105,245.6623,0.4462,0.4987
flow_7675,0x10001dfb,08,Email,0,correlator,88.6294,1066.4573,342.2206,26377.7028,162.4121,285.5864,103.4079,433.2654,329.8576,0.057228,11.907136,0.78701,0.42414968,0.651268,2,2.4334,13.6732,832.7435,9.0907,15,5133,1.65,564.6414,0.4936,0.5518
flow_7687,0x10001e07,08,Email,0,correlator,84.2952,1184.9676,403.1588,21899.6802,147.9854,165.2738,122.5043,354.2615,231.7573,0.036314,10.417314,0.475275,1.96194918,1.400696,6,3.3797,10.9168,1362.5706,16.1874,34,13707,2.1004,846.7687,0.5284,0.3771
flow_7699,0x10001e13,08,Email,0,correlator,112.518,1009.3096,272.4188,24978.8388,158.047,163.3625,132.1345,462.982,330.8475,0.042312,7.830695,0.745402,1.26938115,1.126668,5,3.326,9.9771,906.0602,27.3107,36,9807,1.3182,359.0899,0.5791,0.5347
flow_7711,0x10001e1f,08,Email,0,correlator,86.2776,973.7931,274.9911,43692.2821,209.027,164.0807,126.8293,495.3468,368.5175,0.04376,8.713683,0.662167,0.6781615,0.823506,8,2.2207,6.1679,610.6643,29.2739,44,12099,1.503,413.3037,0.4628,0.5672
flow_7723,0x10001e2b,08,Email,0,correlator,99.8869,1011.0901,226.2177,21155.3465,145.4488,212.2225,132.6388,481.6554,349.0165,0.028052,11.870993,0.656399,0.66271608,0.814074,3,3.8985,5.3561,881.8992,9.6157,15,3393,1.56,352.8611,0.5315,0.417
flow_7735,0x10001e37,08,Email,0,correlator,93.3924,680.5621,228.4375,48619.5448,220.4984,219.6622,159.0758,530.412,371.3362,0.046009,3.547228,0.64881,1.47910587,1.216185,11,3.2366,12.9216,739.3504,28.3795,43,9822,1.5152,346.0946,0.4208,0.5808
flow_7747,0x10001e43,08,Email,0,correlator,108.7627,984.6393,390.6093,8191.9072,90.5092,268.3872,127.2828,366.7227,239.4399,0.030435,5.636473,0.266284,1.69346907,1.301334,15,3.6586,8.3491,1429.0813,21.5333,80,31248,3.7152,1451.1446,0.5742,0.5607
flow_7759,0x10001e4f,08,Email,0,correlator,120.6806,1169.5699,395.3795,42972.9743,207.2992,285.8999,118.7694,358.5302,239.7608,0.039467,5.660373,0.362474,2.45378682,1.566457,10,3.1491,5.2867,1245.0965,27.2584,75,29653,2.7514,1087.8499,0.5121,0.5791
flow_7771,0x10001e5b,08,Email,0,correlator,136.2885,1126.9354,395.9347,33110.5242,181.963,219.1549,111.6298,540.3422,428.7125,0.01691,5.653332,0.61886,1.88361623,1.372449,8,4.8336,5.7911,1913.8088,21.2449,34,13461,1.6004,633.6107,0.4547,0.4754
flow_7783,0x10001e67,08,Email,0,correlator,117.611,1092.3838,386.0827,10707.3244,103.4762,221.6039,118.6803,536.9444,418.2641,0.055569,4.297928,0.837219,1.23678688,1.112109,9,3.479,5.7641,1343.1844,27.4932,32,12354,1.1639,449.3474,0.4061,0.5023
flow_7795,0x10001e73,08,Email,0,correlator,138.4074,984.8273,300.4434,14720.0132,121.3261,252.9704,136.123,351.5953,215.4723,0.041871,9.028474,0.844411,1.35326688,1.1633,5,3.0964,8.1317,930.2779,19.874,23,6910,1.1573,347.6912,0.5269,0.4108
flow_7807,0x10001e7f,08,Email,0,correlator,125.857,814.5525,382.7144,37548.8969,193.7754,166.0589,156.0693,357.8995,201.8301,0.050047,11.096566,0.760732,1.03953381,1.019575,7,3.3247,7.7321,1272.4277,21.2088,27,10333,1.2731,487.2041,0.4426,0.5837
flow_7819,0x10001e8b,08,Email,0,correlator,81.7824,1047.2168,244.9577,29642.617,172.1703,248.9111,111.0763,451.539,340.4627,0.019025,11.460231,0.818369,2.23653197,1.495504,6,4.2,9.4833,1028.8276,27.284,33,8083,1.2095,296.2539,0.4209,0.644
flow_7831,0x10001e97,08,Email,0,correlator,93.3351,887.2543,403.5094,31837.9324,178.4319,273.5561,134.7652,489.5676,354.8024,0.014249,7.861435,0.463572,1.89919033,1.378111,6,2.415,8.8167,974.4568,16.6709,35,14122,2.0995,847.1062,0.4869,0.4465
flow_7843,0x10001ea3,08,Email,0,correlator,96.0929,773.0759,332.7925,19520.021,139.7141,284.8977,131.9514,377.2105,245.2591,0.010069,9.220829,0.636751,1.36088008,1.166568,6,4.4407,9.9986,1477.8183,24.1862,37,12313,1.5298,509.0928,0.4452,0.3607
flow_7855,0x10001eaf,08,Email,0,correlator,134.3641,782.8038,253.457,36417.945,190.8349,241.7434,116.6996,514.0452,397.3456,0.032991,2.93187,0.647279,0.37792153,0.614753,7,2.1256,11.2171,538.7517,20.9733,32,8110,1.5257,386.6813,0.5015,0.4245
flow_7867,0x10001ebb,08,Email,0,correlator,81.5262,617.8376,261.2143,30900.5436,175.7855,209.3753,102.0501,499.032,396.9818,0.024335,11.958243,0.670196,2.66905564,1.633724,6,3.425,9.6652,894.6494,29.5666,44,11493,1.4882,388.7156,0.605,0.5719
flow_7879,0x10001ec7,08,Email,0,correlator,95.3111,1125.2048,396.8768,9113.7849,95.4661,206.3266,121.9268,498.8417,376.9149,0.020554,11.297255,0.394716,1.76183351,1.327341,11,4.8555,6.5643,1927.0403,24.5124,62,24606,2.5293,1003.8179,0.5261,0.5606
flow_7891,0x10001ed3,08,Email,0,correlator,124.9232,724.5876,266.8793,9757.8408,98.7818,229.7611,136.14,385.1385,248.9986,0.035521,9.50519,0.675306,0.64640161,0.803991,8,4.753,12.7775,1268.4788,26.8199,39,10408,1.4541,388.0701,0.5336,0.5005
flow_7903,0x10001edf,08,Email,0,correlator,133.4487,867.5552,282.7802,27724.5679,166.507,246.7643,119.7908,433.5949,313.8041,0.053916,4.83753,0.917633,0.72718845,0.852753,2,2.9344,8.4501,829.7852,12.5296,15,4241,1.1972,338.478,0.4186,0.4494
flow_7915,0x10001eeb,08,Email,0,correlator,125.1015,611.5708,270.4513,38926.0116,197.2968,226.4545,133.4547,525.2269,391.7722,0.059304,7.211512,0.554222,2.29666465,1.515475,2,2.517,13.1028,680.7328,8.2382,15,4056,1.8208,492.3398,0.6047,0.3786
flow_7927,0x10001ef7,08,Email,0,correlator,92.3326,1162.7539,384.3703,13220.317,114.9796,164.4963,134.5671,516.4914,381.9244,0.056358,10.370361,0.447667,0.70046661,0.836939,6,2.5145,9.78,966.4989,17.2772,38,14606,2.1994,845.3923,0.4596,0.3974
flow_7939,0x10001f03,08,Email,0,correlator,136.7249,861.4232,230.5386,33609.5047,183.329,201.7234,116.065,479.144,363.079,0.053899,8.291908,0.640907,2.7096831,1.646112,5,4.1186,7.4706,949.4923,21.6083,33,7607,1.5272,352.0414,0.6088,0.626
flow_7951,0x10001f0f,08,Email,0,correlator,105.1684,1012.7962,383.4865,30368.4527,174.2655,297.95,116.3092,425.2277,308.9185,0.010248,4.605301,0.885934,2.80346533,1.674355,4,3.6623,11.072,1404.4523,19.2629,21,8053,1.0902,418.058,0.4758,0.459
flow_7963,0x10001f1b,08,Email,0,correlator,112.6751,1008.2469,334.8631,11215.3557,105.9026,215.8227,129.3681,369.1889,239.8208,0.036593,3.636105,0.368016,3.26918315,1.808088,6,4.4749,11.4612,1498.4881,15.2112,41,13729,2.6954,902.5595,0.4837,0.599
flow_7975,0x10001f27,08,Email,0,correlator,91.8348,1110.5335,405.3456,39613.4205,199.0312,184.2982,105.3173,517.2487,411.9314,0.028114,10.142673,0.619407,1.23704584,1.112226,6,4.52,7.2503,1832.1621,21.1369,34,13781,1.6086,651.9884,0.384,0.3507
flow_7987,0x10001f33,08,Email,0,correlator,84.6114,741.1197,302.4913,56348.5244,237.3784,246.4025,159.7622,527.1376,367.3754,0.029255,2.67954,0.751868,1.33749838,1.156503,3,4.4122,10.6864,1334.657,14.6322,19,5747,1.2985,392.764,0.5263,0.6133
flow_7999,0x10001f3f,08,Email,0,correlator,117.9047,851.4192,316.1713,42310.2751,205.6946,177.7877,117.003,545.0959,428.0929,0.034583,9.318027,0.674106,0.72267015,0.8501,3,3.8885,9.9767,1229.4377,14.8835,22,6955,1.4781,467.2966,0.4016,0.4099
flow_8011,0x10001f4b,08,ICMP,48,correlator,104.0,104.0,104.0,0.2456,0.4956,104.0,104.0,104.0,0.0,0.477426,0.522574,0.5,0.0001274,0.011287,35,1.0,2.0,104.0,35.0423,70,7280,1.9976,207.7488,0.5,0.5
flow_8023,0x10001f57,08,ICMP,48,correlator,96.0,96.0,96.0,0.2298,0.4794,96.0,96.0,96.0,0.0,0.486016,0.513984,0.5,4.889e-05,0.006992,36,1.0,2.0,96.0,36.5062,73,7008,1.9997,191.9674,0.5,0.5
flow_8035,0x10001f63,08,ICMP,48,correlator,104.0,104.0,104.0,0.1953,0.4419,104.0,104.0,104.0,0.0,0.989231,1.010769,1.0,2.899e-05,0.005384,13,1.0,2.0,104.0,26.838,26,2704,0.9688,100.7525,0.5,0.5
flow_8047,0x10001f6f,08,ICMP,48,correlator,96.0,96.0,96.0,0.3277,0.5724,96.0,96.0,96.0,0.0,0.991117,1.008883,1.0,1.973e-05,0.004442,12,1.0,2.0,96.0,24.852,24,2304,0.9657,92.7088,0.5,0.5
flow_8059,0x10001f7b,08,ICMP,48,correlator,112.0,112.0,112.0,0.1179,0.3434,112.0,112.0,112.0,0.0,0.977954,1.022046,1.0,0.0001215,0.011023,6,1.0,2.0,112.0,12.1623,12,1344,0.9867,110.5051,0.5,0.5
flow_8071,0x10001f87,08,ICMP,48,correlator,104.0,104.0,104.0,0.3991,0.6317,104.0,104.0,104.0,0.0,0.492326,0.507674,0.5,1.472e-05,0.003837,36,1.0,2.0,104.0,36.6569,73,7592,1.9914,207.1096,0.5,0.5
flow_8083,0x10001f93,08,ICMP,48,correlator,112.0,112.0,112.0,0.4299,0.6557,112.0,112.0,112.0,0.0,0.475571,0.524429,0.5,0.0001492,0.012215,32,1.0,2.0,112.0,32.7761,65,7280,1.9832,222.113,0.5,0.5
flow_8095,0x10001f9f,08,ICMP,48,correlator,104.0,104.0,104.0,0.1925,0.4387,104.0,104.0,104.0,0.0,0.986694,1.013306,1.0,4.426e-05,0.006653,11,1.0,2.0,104.0,23.4988,23,2392,0.9788,101.7924,0.5,0.5
flow_8107,0x10001fab,08,ICMP,48,correlator,104.0,104.0,104.0,0.0629,0.2509,104.0,104.0,104.0,0.0,0.477578,0.522422,0.5,0.00012568,0.011211,15,1.0,2.0,104.0,15.2193,30,3120,1.9712,205.003,0.5,0.5
flow_8119,0x10001fb7,08,ICMP,48,correlator,112.0,112.0,112.0,0.2374,0.4872,112.0,112.0,112.0,0.0,0.485202,0.514798,0.5,5.474e-05,0.007399,38,1.0,2.0,112.0,38.713,77,8624,1.989,222.7673,0.5,0.5
flow_8131,0x10001fc3,08,ICMP,48,correlator,96.0,96.0,96.0,0.1695,0.4117,96.0,96.0,96.0,0.0,0.483001,0.516999,0.5,7.224e-05,0.008499,10,1.0,2.0,96.0,10.599,21,2016,1.9813,190.2063,0.5,0.5
flow_8143,0x10001fcf,08,ICMP,48,correlator,112.0,112.0,112.0,0.2327,0.4824,112.0,112.0,112.0,0.0,0.982672,1.017328,1.0,7.506e-05,0.008664,14,1.0,2.0,112.0,29.8074,29,3248,0.9729,108.9661,0.5,0.5
flow_8155,0x10001fdb,08,ICMP,48,correlator,112.0,112.0,112.0,0.0576,0.24,112.0,112.0,112.0,0.0,0.488609,0.511391,0.5,3.244e-05,0.005695,25,1.0,2.0,112.0,25.8005,51,5712,1.9767,221.3914,0.5,0.5
flow_8167,0x10001fe7,08,ICMP,48,correlator,104.0,104.0,104.0,0.0356,0.1887,104.0,104.0,104.0,0.0,0.488032,0.511968,0.5,3.581e-05,0.005984,28,1.0,2.0,104.0,28.0255,56,5824,1.9982,207.8105,0.5,0.5
flow_8179,0x10001ff3,08,ICMP,48,correlator,104.0,104.0,104.0,0.5428,0.7367,104.0,104.0,104.0,0.0,0.477715,0.522285,0.5,0.00012415,0.011142,36,1.0,2.0,104.0,36.2774,72,7488,1.9847,206.4096,0.5,0.5
flow_8191,0x10001fff,08,ICMP,48,correlator,96.0,96.0,96.0,0.032,0.1789,96.0,96.0,96.0,0.0,0.488492,0.511508,0.5,3.311e-05,0.005754,23,1.0,2.0,96.0,23.4458,46,4416,1.962,188.3492,0.5,0.5
flow_8203,0x1000200b,08,ICMP,48,correlator,112.0,112.0,112.0,0.5461,0.739,112.0,112.0,112.0,0.0,0.99347,1.00653,1.0,1.066e-05,0.003265,19,1.0,2.0,112.0,39.0248,39,4368,0.9994,111.9287,0.5,0.5
flow_8215,0x10002017,08,ICMP,48,correlator,112.0,112.0,112.0,0.012,0.1096,112.0,112.0,112.0,0.0,0.483843,0.516157,0.5,6.526e-05,0.008078,16,1.0,2.0,112.0,16.7577,33,3696,1.9692,220.555,0.5,0.5
flow_8227,0x10002023,08,ICMP,48,correlator,112.0,112.0,112.0,0.5425,0.7366,112.0,112.0,112.0,0.0,0.976073,1.023927,1.0,0.00014313,0.011964,18,1.0,2.0,112.0,37.1827,37,4144,0.9951,111.4498,0.5,0.5
flow_8239,0x1000202f,08,ICMP,48,correlator,104.0,104.0,104.0,0.2385,0.4883,104.0,104.0,104.0,0.0,0.982851,1.017149,1.0,7.352e-05,0.008574,14,1.0,2.0,104.0,29.704,29,3016,0.9763,101.5353,0.5,0.5
flow_8251,0x1000203b,08,ICMP,48,correlator,96.0,96.0,96.0,0.5857,0.7653,96.0,96.0,96.0,0.0,0.489968,0.510032,0.5,2.516e-05,0.005016,33,1.0,2.0,96.0,33.6738,67,6432,1.9897,191.0089,0.5,0.5
flow_8263,0x10002047,08,ICMP,48,correlator,96.0,96.0,96.0,0.1172,0.3423,96.0,96.0,96.0,0.0,0.479992,0.520008,0.5,0.00010008,0.010004,13,1.0,2.0,96.0,13.9444,27,2592,1.9363,185.8806,0.5,0.5
flow_8275,0x10002053,08,ICMP,48,correlator,104.0,104.0,104.0,0.6278,0.7923,104.0,104.0,104.0,0.0,0.481779,0.518221,0.5,8.3e-05,0.009111,37,1.0,2.0,104.0,37.6608,75,7800,1.9915,207.1116,0.5,0.5
flow_8287,0x1000205f,08,ICMP,48,correlator,96.0,96.0,96.0,0.0601,0.2453,96.0,96.0,96.0,0.0,0.987687,1.012313,1.0,3.79e-05,0.006156,7,1.0,2.0,96.0,14.3048,14,1344,0.9787,93.9545,0.5,0.5
flow_8299,0x1000206b,08,ICMP,48,correlator,112.0,112.0,112.0,0.615,0.7842,112.0,112.0,112.0,0.0,0.48645,0.51355,0.5,4.59e-05,0.006775,30,1.0,2.0,112.0,30.1607,60,6720,1.9893,222.8064,0.5,0.5
flow_8311,0x10002077,08,ICMP,48,correlator,104.0,104.0,104.0,0.2523,0.5023,104.0,104.0,104.0,0.0,0.985922,1.014078,1.0,4.955e-05,0.007039,17,1.0,2.0,104.0,34.4437,34,3536,0.9871,102.6604,0.5,0.5
flow_8323,0x10002083,08,ICMP,48,correlator,112.0,112.0,112.0,0.6179,0.7861,112.0,112.0,112.0,0.0,0.478002,0.521998,0.5,0.00012098,0.010999,14,1.0,2.0,112.0,14.6333,29,3248,1.9818,221.9588,0.5,0.5
flow_8335,0x1000208f,08,ICMP,48,correlator,96.0,96.0,96.0,0.164,0.405,96.0,96.0,96.0,0.0,0.975322,1.024678,1.0,0.00015225,0.012339,17,1.0,2.0,96.0,34.1393,34,3264,0.9959,95.6083,0.5,0.5
flow_8347,0x1000209b,08,ICMP,48,correlator,112.0,112.0,112.0,0.2801,0.5293,112.0,112.0,112.0,0.0,0.976439,1.023561,1.0,0.00013878,0.011781,14,1.0,2.0,112.0,28.4602,28,3136,0.9838,110.1888,0.5,0.5
flow_8359,0x100020a7,08,ICMP,48,correlator,96.0,96.0,96.0,0.3507,0.5922,96.0,96.0,96.0,0.0,0.491525,0.508475,0.5,1.796e-05,0.004238,20,1.0,2.0,96.0,20.2212,40,3840,1.9781,189.8997,0.5,0.5
flow_8371,0x100020b3,08,ICMP,48,correlator,96.0,96.0,96.0,0.0448,0.2117,96.0,96.0,96.0,0.0,0.479618,0.520382,0.5,0.00010386,0.010191,15,1.0,2.0,96.0,15.3028,30,2880,1.9604,188.2005,0.5,0.5
flow_8383,0x100020bf,08,ICMP,48,correlator,104.0,104.0,104.0,0.0681,0.261,104.0,104.0,104.0,0.0,0.974883,1.025117,1.0,0.00015771,0.012558,8,1.0,2.0,104.0,17.4113,17,1768,0.9764,101.5431,0.5,0.5
flow_8395,0x100020cb,08,ICMP,48,correlator,112.0,112.0,112.0,0.3207,0.5663,112.0,112.0,112.0,0.0,0.97763,1.02237,1.0,0.0001251,0.011185,17,1.0,2.0,112.0,34.6458,34,3808,0.9814,109.9124,0.5,0.5
flow_8407,0x100020d7,08,ICMP,48,correlator,112.0,112.0,112.0,0.4699,0.6855,112.0,112.0,112.0,0.0,0.478814,0.521186,0.5,0.00011221,0.010593,13,1.0,2.0,112.0,13.3024,26,2912,1.9545,218.9083,0.5,0.5
flow_8419,0x100020e3,08,ICMP,48,correlator,96.0,96.0,96.0,0.0486,0.2204,96.0,96.0,96.0,0.0,0.479351,0.520649,0.5,0.00010659,0.010324,23,1.0,2.0,96.0,23.2283,46,4416,1.9803,190.113,0.5,0.5
flow_8431,0x100020ef,08,ICMP,48,correlator,112.0,112.0,112.0,0.1684,0.4104,112.0,112.0,112.0,0.0,0.978783,1.021217,1.0,0.00011254,0.010609,12,1.0,2.0,112.0,24.0913,24,2688,0.9962,111.5756,0.5,0.5
flow_8443,0x100020fb,08,ICMP,48,correlator,112.0,112.0,112.0,0.6325,0.7953,112.0,112.0,112.0,0.0,0.992141,1.007859,1.0,1.544e-05,0.00393,10,1.0,2.0,112.0,21.8204,21,2352,0.9624,107.789,0.5,0.5
flow_8455,0x10002107,08,ICMP,48,correlator,96.0,96.0,96.0,0.0381,0.1951,96.0,96.0,96.0,0.0,0.478697,0.521303,0.5,0.00011346,0.010652,36,1.0,2.0,96.0,36.8624,73,7008,1.9803,190.1122,0.5,0.5
flow_8467,0x10002113,08,ICMP,48,correlator,96.0,96.0,96.0,0.193,0.4393,96.0,96.0,96.0,0.0,0.489019,0.510981,0.5,3.014e-05,0.00549,39,1.0,2.0,96.0,39.3409,78,7488,1.9827,190.3361,0.5,0.5
flow_8479,0x1000211f,08,ICMP,48,correlator,104.0,104.0,104.0,0.4685,0.6845,104.0,104.0,104.0,0.0,0.978407,1.021593,1.0,0.00011657,0.010797,17,1.0,2.0,104.0,34.1556,34,3536,0.9954,103.5263,0.5,0.5
flow_8491,0x1000212b,08,ICMP,48,correlator,112.0,112.0,112.0,0.3522,0.5934,112.0,112.0,112.0,0.0,0.977077,1.022923,1.0,0.00013137,0.011462,16,1.0,2.0,112.0,33.8962,33,3696,0.9736,109.0386,0.5,0.5
flow_8503,0x10002137,08,ICMP,48,correlator,112.0,112.0,112.0,0.6354,0.7971,112.0,112.0,112.0,0.0,0.483985,0.516015,0.5,6.412e-05,0.008007,13,1.0,2.0,112.0,13.5363,27,3024,1.9946,223.4001,0.5,0.5
flow_8515,0x10002143,08,ICMP,48,correlator,112.0,112.0,112.0,0.4521,0.6724,112.0,112.0,112.0,0.0,0.487998,0.512002,0.5,3.601e-05,0.006001,33,1.0,2.0,112.0,33.3124,66,7392,1.9812,221.8997,0.5,0.5
flow_8527,0x1000214f,08,ICMP,48,correlator,104.0,104.0,104.0,0.5719,0.7563,104.0,104.0,104.0,0.0,0.480753,0.519247,0.5,9.262e-05,0.009624,21,1.0,2.0,104.0,21.4316,42,4368,1.9597,203.8116,0.5,0.5
flow_8539,0x1000215b,08,ICMP,48,correlator,96.0,96.0,96.0,0.0273,0.1653,96.0,96.0,96.0,0.0,0.483151,0.516849,0.5,7.097e-05,0.008425,20,1.0,2.0,96.0,20.8681,41,3936,1.9647,188.6128,0.5,0.5
flow_8551,0x10002167,08,ICMP,48,correlator,112.0,112.0,112.0,0.1226,0.3501,112.0,112.0,112.0,0.0,0.980335,1.019665,1.0,9.668e-05,0.009832,5,1.0,2.0,112.0,11.1637,11,1232,0.9853,110.3579,0.5,0.5
flow_8563,0x10002173,08,ICMP,48,correlator,104.0,104.0,104.0,0.2235,0.4728,104.0,104.0,104.0,0.0,0.475675,0.524325,0.5,0.00014792,0.012162,25,1.0,2.0,104.0,25.494,50,5200,1.9612,203.9697,0.5,0.5
flow_8575,0x1000217f,08,ICMP,48,correlator,104.0,104.0,104.0,0.3503,0.5919,104.0,104.0,104.0,0.0,0.483203,0.516797,0.5,7.053e-05,0.008398,28,1.0,2.0,104.0,28.439,56,5824,1.9691,204.789,0.5,0.5
flow_8587,0x1000218b,08,ICMP,48,correlator,96.0,96.0,96.0,0.4749,0.6891,96.0,96.0,96.0,0.0,0.992749,1.007251,1.0,1.315e-05,0.003626,7,1.0,2.0,96.0,14.4365,14,1344,0.9698,93.0973,0.5,0.5
flow_8599,0x10002197,08,ICMP,48,correlator,96.0,96.0,96.0,0.0396,0.1991,96.0,96.0,96.0,0.0,0.47509,0.52491,0.5,0.00015513,0.012455,15,1.0,2.0,96.0,15.4625,30,2880,1.9402,186.257,0.5,0.5
flow_8611,0x100021a3,08,ICMP,48,correlator,96.0,96.0,96.0,0.0294,0.1714,96.0,96.0,96.0,0.0,0.97985,1.02015,1.0,0.0001015,0.010075,7,1.0,2.0,96.0,14.1684,14,1344,0.9881,94.8593,0.5,0.5
flow_8623,0x100021af,08,ICMP,48,correlator,112.0,112.0,112.0,0.4405,0.6637,112.0,112.0,112.0,0.0,0.47543,0.52457,0.5,0.00015092,0.012285,28,1.0,2.0,112.0,28.4808,56,6272,1.9662,220.2182,0.5,0.5
flow_8635,0x100021bb,08,ICMP,48,correlator,104.0,104.0,104.0,0.2941,0.5423,104.0,104.0,104.0,0.0,0.985834,1.014166,1.0,5.017e-05,0.007083,6,1.0,2.0,104.0,13.8366,13,1352,0.9395,97.7117,0.5,0.5
flow_8647,0x100021c7,08,ICMP,48,correlator,112.0,112.0,112.0,0.6238,0.7898,112.0,112.0,112.0,0.0,0.988294,1.011706,1.0,3.426e-05,0.005853,10,1.0,2.0,112.0,20.063,20,2240,0.9969,111.6484,0.5,0.5
flow_8659,0x100021d3,08,ICMP,48,correlator,104.0,104.0,104.0,0.3497,0.5913,104.0,104.0,104.0,0.0,0.979888,1.020112,1.0,0.00010113,0.010056,8,1.0,2.0,104.0,17.521,17,1768,0.9703,100.9076,0.5,0.5
flow_8671,0x100021df,08,ICMP,48,correlator,96.0,96.0,96.0,0.5681,0.7538,96.0,96.0,96.0,0.0,0.976271,1.023729,1.0,0.00014076,0.011864,7,1.0,2.0,96.0,15.869,15,1440,0.9452,90.7427,0.5,0.5
flow_8683,0x100021eb,08,ICMP,48,correlator,112.0,112.0,112.0,0.6266,0.7916,112.0,112.0,112.0,0.0,0.977024,1.022976,1.0,0.00013197,0.011488,18,1.0,2.0,112.0,36.2478,36,4032,0.9932,111.2343,0.5,0.5
flow_8695,0x100021f7,08,ICMP,48,correlator,96.0,96.0,96.0,0.1465,0.3827,96.0,96.0,96.0,0.0,0.985612,1.014388,1.0,5.175e-05,0.007194,7,1.0,2.0,96.0,14.7306,14,1344,0.9504,91.2385,0.5,0.5
flow_8707,0x10002203,08,ICMP,48,correlator,112.0,112.0,112.0,0.4888,0.6991,112.0,112.0,112.0,0.0,0.979014,1.020986,1.0,0.00011011,0.010493,18,1.0,2.0,112.0,37.0262,37,4144,0.9993,111.9208,0.5,0.5
flow_8719,0x1000220f,08,ICMP,48,correlator,112.0,112.0,112.0,0.5825,0.7632,112.0,112.0,112.0,0.0,0.979887,1.020113,1.0,0.00010113,0.010057,11,1.0,2.0,112.0,23.9446,23,2576,0.9605,107.5815,0.5,0.5
flow_8731,0x1000221b,08,ICMP,48,correlator,112.0,112.0,112.0,0.1695,0.4117,112.0,112.0,112.0,0.0,0.47699,0.52301,0.5,0.00013237,0.011505,13,1.0,2.0,112.0,13.9273,27,3024,1.9386,217.1271,0.5,0.5
flow_8743,0x10002227,08,ICMP,48,correlator,112.0,112.0,112.0,0.4849,0.6964,112.0,112.0,112.0,0.0,0.981343,1.018657,1.0,8.702e-05,0.009328,9,1.0,2.0,112.0,18.7185,18,2016,0.9616,107.7011,0.5,0.5
flow_8755,0x10002233,08,ICMP,48,correlator,104.0,104.0,104.0,0.1997,0.4469,104.0,104.0,104.0,0.0,0.486779,0.513221,0.5,4.37e-05,0.006611,21,1.0,2.0,104.0,21.4536,42,4368,1.9577,203.6025,0.5,0.5
flow_8767,0x1000223f,08,ICMP,48,correlator,112.0,112.0,112.0,0.1526,0.3907,112.0,112.0,112.0,0.0,0.979211,1.020789,1.0,0.00010805,0.010395,8,1.0,2.0,112.0,17.6093,17,1904,0.9654,108.1249,0.5,0.5
flow_8779,0x1000224b,08,ICMP,48,correlator,112.0,112.0,112.0,0.116,0.3406,112.0,112.0,112.0,0.0,0.477613,0.522387,0.5,0.0001253,0.011194,37,1.0,2.0,112.0,37.2713,74,8288,1.9854,222.3695,0.5,0.5
flow_8791,0x10002257,08,ICMP,48,correlator,104.0,104.0,104.0,0.5816,0.7627,104.0,104.0,104.0,0.0,0.493591,0.506409,0.5,1.027e-05,0.003205,25,1.0,2.0,104.0,25.4922,50,5200,1.9614,203.9843,0.5,0.5
flow_8803,0x10002263,08,ICMP,48,correlator,104.0,104.0,104.0,0.0116,0.1075,104.0,104.0,104.0,0.0,0.488668,0.511332,0.5,3.211e-05,0.005666,16,1.0,2.0,104.0,16.7768,33,3432,1.967,204.5677,0.5,0.5
flow_8815,0x1000226f,08,ICMP,48,correlator,104.0,104.0,104.0,0.0453,0.2127,104.0,104.0,104.0,0.0,0.476073,0.523927,0.5,0.00014312,0.011963,17,1.0,2.0,104.0,17.7936,35,3640,1.967,204.568,0.5,0.5
flow_8827,0x1000227b,08,ICMP,48,correlator,96.0,96.0,96.0,0.1131,0.3364,96.0,96.0,96.0,0.0,0.485057,0.514943,0.5,5.582e-05,0.007471,11,1.0,2.0,96.0,11.8376,23,2208,1.943,186.5238,0.5,0.5
flow_8839,0x10002287,08,ICMP,48,correlator,104.0,104.0,104.0,0.6159,0.7848,104.0,104.0,104.0,0.0,0.485522,0.514478,0.5,5.24e-05,0.007239,28,1.0,2.0,104.0,28.3852,56,5824,1.9729,205.1777,0.5,0.5
flow_8851,0x10002293,08,ICMP,48,correlator,112.0,112.0,112.0,0.2911,0.5396,112.0,112.0,112.0,0.0,0.987504,1.012496,1.0,3.904e-05,0.006248,15,1.0,2.0,112.0,31.5746,31,3472,0.9818,109.9617,0.5,0.5
flow_8863,0x1000229f,08,ICMP,48,correlator,104.0,104.0,104.0,0.3062,0.5534,104.0,104.0,104.0,0.0,0.993232,1.006768,1.0,1.145e-05,0.003384,18,1.0,2.0,104.0,37.5151,37,3848,0.9863,102.5721,0.5,0.5
flow_8875,0x100022ab,08,ICMP,48,correlator,112.0,112.0,112.0,0.2811,0.5302,112.0,112.0,112.0,0.0,0.479301,0.520699,0.5,0.00010711,0.010349,32,1.0,2.0,112.0,32.3448,64,7168,1.9787,221.6123,0.5,0.5
flow_8887,0x100022b7,08,ICMP,48,correlator,112.0,112.0,112.0,0.1567,0.3958,112.0,112.0,112.0,0.0,0.492801,0.507199,0.5,1.295e-05,0.003599,27,1.0,2.0,112.0,27.3793,54,6048,1.9723,220.8972,0.5,0.5
flow_8899,0x100022c3,08,ICMP,48,correlator,96.0,96.0,96.0,0.0779,0.2791,96.0,96.0,96.0,0.0,0.97977,1.02023,1.0,0.00010231,0.010115,18,1.0,2.0,96.0,37.8777,37,3552,0.9768,93.7756,0.5,0.5
flow_8911,0x100022cf,08,ICMP,48,correlator,112.0,112.0,112.0,0.2099,0.4581,112.0,112.0,112.0,0.0,0.979859,1.020141,1.0,0.00010142,0.010071,15,1.0,2.0,112.0,30.1336,30,3360,0.9956,111.5034,0.5,0.5
flow_8923,0x100022db,08,ICMP,48,correlator,96.0,96.0,96.0,0.541,0.7355,96.0,96.0,96.0,0.0,0.484952,0.515048,0.5,5.661e-05,0.007524,15,1.0,2.0,96.0,15.5304,31,2976,1.9961,191.6247,0.5,0.5
flow_8935,0x100022e7,08,ICMP,48,correlator,104.0,104.0,104.0,0.3803,0.6167,104.0,104.0,104.0,0.0,0.979938,1.020062,1.0,0.00010062,0.010031,11,1.0,2.0,104.0,22.4673,22,2288,0.9792,101.837,0.5,0.5
flow_8947,0x100022f3,08,ICMP,48,correlator,104.0,104.0,104.0,0.1092,0.3304,104.0,104.0,104.0,0.0,0.975135,1.024865,1.0,0.00015457,0.012433,9,1.0,2.0,104.0,19.0558,19,1976,0.9971,103.6952,0.5,0.5
flow_8959,0x100022ff,08,ICMP,48,correlator,104.0,104.0,104.0,0.1192,0.3452,104.0,104.0,104.0,0.0,0.489871,0.510129,0.5,2.565e-05,0.005065,25,1.0,2.0,104.0,25.9088,51,5304,1.9684,204.7182,0.5,0.5
flow_8971,0x1000230b,08,ICMP,48,correlator,104.0,104.0,104.0,0.2644,0.5142,104.0,104.0,104.0,0.0,0.49108,0.50892,0.5,1.989e-05,0.00446,29,1.0,2.0,104.0,29.9797,59,6136,1.968,204.672,0.5,0.5
flow_8983,0x10002317,08,ICMP,48,correlator,104.0,104.0,104.0,0.0243,0.1558,104.0,104.0,104.0,0.0,0.483324,0.516676,0.5,6.952e-05,0.008338,19,1.0,2.0,104.0,19.7702,39,4056,1.9727,205.1569,0.5,0.5
flow_8995,0x10002323,08,ICMP,48,correlator,96.0,96.0,96.0,0.1586,0.3983,96.0,96.0,96.0,0.0,0.485265,0.514735,0.5,5.428e-05,0.007368,34,1.0,2.0,96.0,34.7168,69,6624,1.9875,190.8009,0.5,0.5
flow_9007,0x1000232f,08,ICMP,48,correlator,112.0,112.0,112.0,0.0394,0.1986,112.0,112.0,112.0,0.0,0.987953,1.012047,1.0,3.628e-05,0.006023,11,1.0,2.0,112.0,23.1793,23,2576,0.9923,111.1337,0.5,0.5
flow_9019,0x1000233b,08,ICMP,48,correlator,96.0,96.0,96.0,0.5694,0.7546,96.0,96.0,96.0,0.0,0.486702,0.513298,0.5,4.421e-05,0.006649,29,1.0,2.0,96.0,29.4165,58,5568,1.9717,189.2818,0.5,0.5
flow_9031,0x10002347,08,ICMP,48,correlator,112.0,112.0,112.0,0.0963,0.3104,112.0,112.0,112.0,0.0,0.984826,1.015174,1.0,5.756e-05,0.007587,17,1.0,2.0,112.0,35.8728,35,3920,0.9757,109.2751,0.5,0.5
flow_9043,0x10002353,08,ICMP,48,correlator,104.0,104.0,104.0,0.229,0.4786,104.0,104.0,104.0,0.0,0.98505,1.01495,1.0,5.587e-05,0.007475,11,1.0,2.0,104.0,23.4274,23,2392,0.9818,102.1026,0.5,0.5
flow_9055,0x1000235f,08,ICMP,48,correlator,96.0,96.0,96.0,0.213,0.4615,96.0,96.0,96.0,0.0,0.980943,1.019057,1.0,9.079e-05,0.009529,17,1.0,2.0,96.0,35.7898,35,3360,0.9779,93.8815,0.5,0.5
flow_9067,0x1000236b,08,ICMP,48,correlator,96.0,96.0,96.0,0.1122,0.3349,96.0,96.0,96.0,0.0,0.485848,0.514152,0.5,5.007e-05,0.007076,37,1.0,2.0,96.0,37.4944,74,7104,1.9736,189.4684,0.5,0.5
flow_9079,0x10002377,08,ICMP,48,correlator,96.0,96.0,96.0,0.4667,0.6832,96.0,96.0,96.0,0.0,0.975739,1.024261,1.0,0.00014715,0.012131,13,1.0,2.0,96.0,26.646,26,2496,0.9758,93.6724,0.5,0.5
flow_9091,0x10002383,08,ICMP,48,correlator,96.0,96.0,96.0,0.1326,0.3641,96.0,96.0,96.0,0.0,0.983916,1.016084,1.0,6.468e-05,0.008042,12,1.0,2.0,96.0,25.4966,25,2400,0.9805,94.13,0.5,0.5
flow_9103,0x1000238f,08,ICMP,48,correlator,104.0,104.0,104.0,0.0854,0.2921,104.0,104.0,104.0,0.0,0.988115,1.011885,1.0,3.531e-05,0.005943,14,1.0,2.0,104.0,28.9196,28,2912,0.9682,100.693,0.5,0.5
flow_9115,0x1000239b,08,ICMP,48,correlator,112.0,112.0,112.0,0.0101,0.1007,112.0,112.0,112.0,0.0,0.476608,0.523392,0.5,0.00013679,0.011696,17,1.0,2.0,112.0,17.5332,35,3920,1.9962,223.576,0.5,0.5
flow_9127,0x100023a7,08,ICMP,48,correlator,96.0,96.0,96.0,0.364,0.6034,96.0,96.0,96.0,0.0,0.989682,1.010318,1.0,2.661e-05,0.005159,6,1.0,2.0,96.0,12.1126,12,1152,0.9907,95.1075,0.5,0.5
flow_9139,0x100023b3,08,ICMP,48,correlator,112.0,112.0,112.0,0.0174,0.1317,112.0,112.0,112.0,0.0,0.988256,1.011744,1.0,3.448e-05,0.005872,11,1.0,2.0,112.0,22.4502,22,2464,0.9799,109.7542,0.5,0.5
flow_9151,0x100023bf,08,ICMP,48,correlator,104.0,104.0,104.0,0.1892,0.435,104.0,104.0,104.0,0.0,0.494298,0.505702,0.5,8.13e-06,0.002851,23,1.0,2.0,104.0,23.6099,47,4888,1.9907,207.0321,0.5,0.5
flow_9163,0x100023cb,08,ICMP,48,correlator,96.0,96.0,96.0,0.0303,0.174,96.0,96.0,96.0,0.0,0.494247,0.505753,0.5,8.27e-06,0.002876,20,1.0,2.0,96.0,20.4398,40,3840,1.957,187.8687,0.5,0.5
flow_9175,0x100023d7,08,ICMP,48,correlator,112.0,112.0,112.0,0.2747,0.5241,112.0,112.0,112.0,0.0,0.489623,0.510377,0.5,2.692e-05,0.005188,35,1.0,2.0,112.0,35.5277,71,7952,1.9984,223.8251,0.5,0.5
flow_9187,0x100023e3,08,ICMP,48,correlator,112.0,112.0,112.0,0.3024,0.55,112.0,112.0,112.0,0.0,0.991015,1.008985,1.0,2.018e-05,0.004493,9,1.0,2.0,112.0,19.2708,19,2128,0.9859,110.4264,0.5,0.5
flow_9199,0x100023ef,08,ICMP,48,correlator,112.0,112.0,112.0,0.0253,0.1591,112.0,112.0,112.0,0.0,0.984075,1.015925,1.0,6.34e-05,0.007962,15,1.0,2.0,112.0,30.6625,30,3360,0.9784,109.5802,0.5,0.5
flow_9211,0x100023fb,08,ICMP,48,correlator,96.0,96.0,96.0,0.2898,0.5383,96.0,96.0,96.0,0.0,0.49106,0.50894,0.5,1.998e-05,0.00447,33,1.0,2.0,96.0,33.4329,66,6336,1.9741,189.5137,0.5,0.5
flow_9223,0x10002407,08,ICMP,48,correlator,112.0,112.0,112.0,0.3117,0.5583,112.0,112.0,112.0,0.0,0.488761,0.511239,0.5,3.158e-05,0.00562,34,1.0,2.0,112.0,34.9805,69,7728,1.9725,220.9229,0.5,0.5
flow_9235,0x10002413,08,ICMP,48,correlator,112.0,112.0,112.0,0.0584,0.2417,112.0,112.0,112.0,0.0,0.990903,1.009097,1.0,2.069e-05,0.004548,18,1.0,2.0,112.0,37.3003,37,4144,0.9919,111.0982,0.5,0.5
flow_9247,0x1000241f,08,ICMP,48,correlator,104.0,104.0,104.0,0.056,0.2367,104.0,104.0,104.0,0.0,0.97641,1.02359,1.0,0.00013912,0.011795,17,1.0,2.0,104.0,34.7743,34,3536,0.9777,101.6844,0.5,0.5
flow_9259,0x1000242b,08,ICMP,48,correlator,112.0,112.0,112.0,0.3852,0.6207,112.0,112.0,112.0,0.0,0.480343,0.519657,0.5,9.66e-05,0.009828,12,1.0,2.0,112.0,12.8431,25,2800,1.9466,218.0152,0.5,0.5
flow_9271,0x10002437,08,ICMP,48,correlator,104.0,104.0,104.0,0.0775,0.2785,104.0,104.0,104.0,0.0,0.981494,1.018506,1.0,8.562e-05,0.009253,5,1.0,2.0,104.0,10.3945,10,1040,0.962,100.0531,0.5,0.5
flow_9283,0x10002443,08,ICMP,48,correlator,104.0,104.0,104.0,0.1873,0.4328,104.0,104.0,104.0,0.0,0.48528,0.51472,0.5,5.417e-05,0.00736,23,1.0,2.0,104.0,23.1836,46,4784,1.9842,206.3528,0.5,0.5
flow_9295,0x1000244f,08,ICMP,48,correlator,104.0,104.0,104.0,0.4809,0.6934,104.0,104.0,104.0,0.0,0.48046,0.51954,0.5,9.545e-05,0.00977,21,1.0,2.0,104.0,21.7759,43,4472,1.9747,205.3648,0.5,0.5
flow_9307,0x1000245b,08,ICMP,48,correlator,104.0,104.0,104.0,0.1785,0.4225,104.0,104.0,104.0,0.0,0.478249,0.521751,0.5,0.00011828,0.010876,13,1.0,2.0,104.0,13.3774,26,2704,1.9436,202.1316,0.5,0.5
flow_9319,0x10002467,08,ICMP,48,correlator,96.0,96.0,96.0,0.0584,0.2416,96.0,96.0,96.0,0.0,0.975807,1.024193,1.0,0.00014633,0.012097,18,1.0,2.0,96.0,37.0746,37,3552,0.998,95.8067,0.5,0.5
flow_9331,0x10002473,08,ICMP,48,correlator,112.0,112.0,112.0,0.0461,0.2146,112.0,112.0,112.0,0.0,0.480877,0.519123,0.5,9.142e-05,0.009561,29,1.0,2.0,112.0,29.7495,59,6608,1.9832,222.1215,0.5,0.5
flow_9343,0x1000247f,08,ICMP,48,correlator,96.0,96.0,96.0,0.0606,0.2463,96.0,96.0,96.0,0.0,0.984213,1.015787,1.0,6.231e-05,0.007894,9,1.0,2.0,96.0,18.969,18,1728,0.9489,91.096,0.5,0.5
flow_9355,0x1000248b,08,ICMP,48,correlator,96.0,96.0,96.0,0.2867,0.5354,96.0,96.0,96.0,0.0,0.483767,0.516233,0.5,6.588e-05,0.008117,14,1.0,2.0,96.0,14.2041,28,2688,1.9713,189.2411,0.5,0.5
flow_9367,0x10002497,08,ICMP,48,correlator,104.0,104.0,104.0,0.1108,0.3329,104.0,104.0,104.0,0.0,0.982629,1.017371,1.0,7.544e-05,0.008686,8,1.0,2.0,104.0,16.5277,16,1664,0.9681,100.6792,0.5,0.5
flow_9379,0x100024a3,08,ICMP,48,correlator,96.0,96.0,96.0,0.6316,0.7947,96.0,96.0,96.0,0.0,0.483181,0.516819,0.5,7.072e-05,0.00841,39,1.0,2.0,96.0,39.4281,78,7488,1.9783,189.9154,0.5,0.5
flow_9391,0x100024af,08,ICMP,48,correlator,112.0,112.0,112.0,0.4739,0.6884,112.0,112.0,112.0,0.0,0.985696,1.014304,1.0,5.115e-05,0.007152,13,1.0,2.0,112.0,27.5403,27,3024,0.9804,109.8029,0.5,0.5
flow_9403,0x100024bb,08,ICMP,48,correlator,96.0,96.0,96.0,0.4253,0.6521,96.0,96.0,96.0,0.0,0.992558,1.007442,1.0,1.385e-05,0.003721,12,1.0,2.0,96.0,24.0444,24,2304,0.9982,95.8229,0.5,0.5
flow_9415,0x100024c7,08,ICMP,48,correlator,104.0,104.0,104.0,0.0366,0.1912,104.0,104.0,104.0,0.0,0.980303,1.019697,1.0,9.7e-05,0.009849,5,1.0,2.0,104.0,10.3758,10,1040,0.9638,100.2336,0.5,0.5
flow_9427,0x100024d3,08,ICMP,48,correlator,104.0,104.0,104.0,0.0907,0.3011,104.0,104.0,104.0,0.0,0.477491,0.522509,0.5,0.00012666,0.011254,30,1.0,2.0,104.0,30.057,60,6240,1.9962,207.6056,0.5,0.5
flow_9439,0x100024df,08,ICMP,48,correlator,96.0,96.0,96.0,0.4934,0.7024,96.0,96.0,96.0,0.0,0.493362,0.506638,0.5,1.102e-05,0.003319,16,1.0,2.0,96.0,16.559,33,3168,1.9929,191.3164,0.5,0.5
flow_9451,0x100024eb,08,ICMP,48,correlator,112.0,112.0,112.0,0.0776,0.2785,112.0,112.0,112.0,0.0,0.474917,0.525083,0.5,0.00015729,0.012542,32,1.0,2.0,112.0,32.1949,64,7168,1.9879,222.6439,0.5,0.5
flow_9463,0x100024f7,08,ICMP,48,correlator,112.0,112.0,112.0,0.2767,0.5261,112.0,112.0,112.0,0.0,0.980087,1.019913,1.0,9.913e-05,0.009956,13,1.0,2.0,112.0,26.4696,26,2912,0.9823,110.0132,0.5,0.5
flow_9475,0x10002503,08,ICMP,48,correlator,104.0,104.0,104.0,0.0764,0.2764,104.0,104.0,104.0,0.0,0.97579,1.02421,1.0,0.00014654,0.012105,13,1.0,2.0,104.0,27.9589,27,2808,0.9657,100.4331,0.5,0.5
flow_9487,0x1000250f,08,ICMP,48,correlator,96.0,96.0,96.0,0.2316,0.4812,96.0,96.0,96.0,0.0,0.4785,0.5215,0.5,0.00011557,0.01075,33,1.0,2.0,96.0,33.7502,67,6432,1.9852,190.5767,0.5,0.5
flow_9499,0x1000251b,08,ICMP,48,correlator,96.0,96.0,96.0,0.0326,0.1807,96.0,96.0,96.0,0.0,0.479369,0.520631,0.5,0.00010641,0.010315,31,1.0,2.0,96.0,31.9523,63,6048,1.9717,189.2823,0.5,0.5
flow_9511,0x10002527,08,ICMP,48,correlator,96.0,96.0,96.0,0.1485,0.3854,96.0,96.0,96.0,0.0,0.984932,1.015068,1.0,5.676e-05,0.007534,18,1.0,2.0,96.0,37.3978,37,3552,0.9894,94.979,0.5,0.5
flow_9523,0x10002533,08,ICMP,48,correlator,96.0,96.0,96.0,0.3037,0.5511,96.0,96.0,96.0,0.0,0.980444,1.019556,1.0,9.561e-05,0.009778,18,1.0,2.0,96.0,37.3281,37,3552,0.9912,95.1561,0.5,0.5
flow_9535,0x1000253f,08,ICMP,48,correlator,104.0,104.0,104.0,0.0597,0.2444,104.0,104.0,104.0,0.0,0.480966,0.519034,0.5,9.057e-05,0.009517,16,1.0,2.0,104.0,16.1838,32,3328,1.9773,205.6382,0.5,0.5
flow_9547,0x1000254b,08,ICMP,48,correlator,112.0,112.0,112.0,0.2838,0.5327,112.0,112.0,112.0,0.0,0.491869,0.508131,0.5,1.653e-05,0.004065,23,1.0,2.0,112.0,23.2987,46,5152,1.9744,221.1285,0.5,0.5
flow_9559,0x10002557,08,ICMP,48,correlator,104.0,104.0,104.0,0.3109,0.5576,104.0,104.0,104.0,0.0,0.475202,0.524798,0.5,0.00015374,0.012399,38,1.0,2.0,104.0,38.7604,77,8008,1.9866,206.6029,0.5,0.5
flow_9571,0x10002563,08,ICMP,48,correlator,96.0,96.0,96.0,0.2815,0.5305,96.0,96.0,96.0,0.0,0.476491,0.523509,0.5,0.00013816,0.011754,25,1.0,2.0,96.0,25.9273,51,4896,1.967,188.8355,0.5,0.5
flow_9583,0x1000256f,08,ICMP,48,correlator,104.0,104.0,104.0,0.0689,0.2625,104.0,104.0,104.0,0.0,0.975603,1.024397,1.0,0.00014881,0.012199,18,1.0,2.0,104.0,36.3656,36,3744,0.9899,102.9545,0.5,0.5
flow_9595,0x1000257b,08,ICMP,48,correlator,104.0,104.0,104.0,0.2696,0.5192,104.0,104.0,104.0,0.0,0.980445,1.019555,1.0,9.56e-05,0.009777,15,1.0,2.0,104.0,31.5429,31,3224,0.9828,102.21,0.5,0.5
flow_9607,0x10002587,08,ICMP,48,correlator,96.0,96.0,96.0,0.0187,0.1368,96.0,96.0,96.0,0.0,0.482171,0.517829,0.5,7.947e-05,0.008914,19,1.0,2.0,96.0,19.4479,38,3648,1.9539,187.5778,0.5,0.5
flow_9619,0x10002593,08,ICMP,48,correlator,104.0,104.0,104.0,0.0149,0.1219,104.0,104.0,104.0,0.0,0.981121,1.018879,1.0,8.91e-05,0.009439,9,1.0,2.0,104.0,18.9502,18,1872,0.9499,98.785,0.5,0.5
flow_9631,0x1000259f,08,ICMP,48,correlator,96.0,96.0,96.0,0.3212,0.5667,96.0,96.0,96.0,0.0,0.479768,0.520232,0.5,0.00010233,0.010116,14,1.0,2.0,96.0,14.9849,29,2784,1.9353,185.7876,0.5,0.5
flow_9643,0x100025ab,08,ICMP,48,correlator,96.0,96.0,96.0,0.5958,0.7719,96.0,96.0,96.0,0.0,0.991768,1.008232,1.0,1.694e-05,0.004116,18,1.0,2.0,96.0,36.8698,36,3456,0.9764,93.7352,0.5,0.5
flow_9655,0x100025b7,08,ICMP,48,correlator,96.0,96.0,96.0,0.2191,0.4681,96.0,96.0,96.0,0.0,0.98703,1.01297,1.0,4.205e-05,0.006485,11,1.0,2.0,96.0,23.7867,23,2208,0.9669,92.8251,0.5,0.5
flow_9667,0x100025c3,08,ICMP,48,correlator,104.0,104.0,104.0,0.1474,0.3839,104.0,104.0,104.0,0.0,0.489302,0.510698,0.5,2.861e-05,0.005349,24,1.0,2.0,104.0,24.9432,49,5096,1.9645,204.3038,0.5,0.5
flow_9679,0x100025cf,08,ICMP,48,correlator,104.0,104.0,104.0,0.0124,0.1113,104.0,104.0,104.0,0.0,0.492498,0.507502,0.5,1.407e-05,0.003751,29,1.0,2.0,104.0,29.459,58,6032,1.9688,204.7589,0.5,0.5
flow_9691,0x100025db,08,ICMP,48,correlator,104.0,104.0,104.0,0.0562,0.237,104.0,104.0,104.0,0.0,0.478493,0.521507,0.5,0.00011564,0.010754,37,1.0,2.0,104.0,37.3593,74,7696,1.9808,205.9994,0.5,0.5
flow_9703,0x100025e7,08,ICMP,48,correlator,112.0,112.0,112.0,0.4465,0.6682,112.0,112.0,112.0,0.0,0.990823,1.009177,1.0,2.106e-05,0.004589,8,1.0,2.0,112.0,16.9268,16,1792,0.9452,105.8674,0.5,0.5
flow_9715,0x100025f3,08,ICMP,48,correlator,112.0,112.0,112.0,0.111,0.3331,112.0,112.0,112.0,0.0,0.482357,0.517643,0.5,7.782e-05,0.008821,10,1.0,2.0,112.0,10.4701,20,2240,1.9102,213.9416,0.5,0.5
flow_9727,0x100025ff,08,ICMP,48,correlator,112.0,112.0,112.0,0.4741,0.6886,112.0,112.0,112.0,0.0,0.989923,1.010077,1.0,2.538e-05,0.005038,8,1.0,2.0,112.0,17.7022,17,1904,0.9603,107.5572,0.5,0.5
flow_9739,0x1000260b,08,ICMP,48,correlator,104.0,104.0,104.0,0.2479,0.4979,104.0,104.0,104.0,0.0,0.990452,1.009548,1.0,2.279e-05,0.004774,18,1.0,2.0,104.0,36.1945,36,3744,0.9946,103.441,0.5,0.5
flow_9751,0x10002617,08,ICMP,48,correlator,96.0,96.0,96.0,0.0539,0.2323,96.0,96.0,96.0,0.0,0.479745,0.520255,0.5,0.00010257,0.010128,39,1.0,2.0,96.0,39.7513,79,7584,1.9874,190.7863,0.5,0.5
flow_9763,0x10002623,08,ICMP,48,correlator,112.0,112.0,112.0,0.2646,0.5144,112.0,112.0,112.0,0.0,0.977292,1.022708,1.0,0.00012891,0.011354,12,1.0,2.0,112.0,25.7147,25,2800,0.9722,108.8871,0.5,0.5
flow_9775,0x1000262f,08,ICMP,48,correlator,112.0,112.0,112.0,0.0855,0.2923,112.0,112.0,112.0,0.0,0.479634,0.520366,0.5,0.00010369,0.010183,32,1.0,2.0,112.0,32.1665,64,7168,1.9896,222.8407,0.5,0.5
flow_9787,0x1000263b,08,ICMP,48,correlator,112.0,112.0,112.0,0.095,0.3082,112.0,112.0,112.0,0.0,0.476657,0.523343,0.5,0.00013623,0.011672,32,1.0,2.0,112.0,32.5914,65,7280,1.9944,223.3715,0.5,0.5
flow_9799,0x10002647,08,ICMP,48,correlator,112.0,112.0,112.0,0.0212,0.1458,112.0,112.0,112.0,0.0,0.479827,0.520173,0.5,0.00010173,0.010086,30,1.0,2.0,112.0,30.9304,61,6832,1.9722,220.8828,0.5,0.5
flow_9811,0x10002653,08,ICMP,48,correlator,104.0,104.0,104.0,0.3887,0.6234,104.0,104.0,104.0,0.0,0.990491,1.009509,1.0,2.26e-05,0.004754,16,1.0,2.0,104.0,32.3146,32,3328,0.9903,102.9876,0.5,0.5
flow_9823,0x1000265f,08,ICMP,48,correlator,96.0,96.0,96.0,0.545,0.7382,96.0,96.0,96.0,0.0,0.981141,1.018859,1.0,8.892e-05,0.00943,13,1.0,2.0,96.0,27.8546,27,2592,0.9693,93.0547,0.5,0.5
flow_9835,0x1000266b,08,ICMP,48,correlator,112.0,112.0,112.0,0.515,0.7176,112.0,112.0,112.0,0.0,0.480957,0.519043,0.5,9.066e-05,0.009522,10,1.0,2.0,112.0,10.1521,20,2240,1.97,220.643,0.5,0.5
flow_9847,0x10002677,08,ICMP,48,correlator,112.0,112.0,112.0,0.2,0.4473,112.0,112.0,112.0,0.0,0.983467,1.016533,1.0,6.833e-05,0.008266,14,1.0,2.0,112.0,29.2883,29,3248,0.9902,110.8977,0.5,0.5
flow_9859,0x10002683,08,ICMP,48,correlator,96.0,96.0,96.0,0.4755,0.6895,96.0,96.0,96.0,0.0,0.988545,1.011455,1.0,3.28e-05,0.005727,17,1.0,2.0,96.0,35.3518,35,3360,0.99,95.0448,0.5,0.5
flow_9871,0x1000268f,08,ICMP,48,correlator,112.0,112.0,112.0,0.0334,0.1827,112.0,112.0,112.0,0.0,0.978763,1.021237,1.0,0.00011275,0.010618,11,1.0,2.0,112.0,23.8694,23,2576,0.9636,107.9207,0.5,0.5
flow_9883,0x1000269b,08,ICMP,48,correlator,96.0,96.0,96.0,0.035,0.1871,96.0,96.0,96.0,0.0,0.979459,1.020541,1.0,0.00010549,0.010271,8,1.0,2.0,96.0,17.1521,17,1632,0.9911,95.1488,0.5,0.5
flow_9895,0x100026a7,08,ICMP,48,correlator,112.0,112.0,112.0,0.0585,0.2418,112.0,112.0,112.0,0.0,0.481714,0.518286,0.5,8.36e-05,0.009143,13,1.0,2.0,112.0,13.4681,26,2912,1.9305,216.2148,0.5,0.5
flow_9907,0x100026b3,08,ICMP,48,correlator,96.0,96.0,96.0,0.4594,0.6778,96.0,96.0,96.0,0.0,0.492183,0.507817,0.5,1.528e-05,0.003909,35,1.0,2.0,96.0,35.9083,71,6816,1.9773,189.8169,0.5,0.5
flow_9919,0x100026bf,08,ICMP,48,correlator,112.0,112.0,112.0,0.1581,0.3976,112.0,112.0,112.0,0.0,0.490765,0.509235,0.5,2.132e-05,0.004617,12,1.0,2.0,112.0,12.9134,25,2800,1.936,216.8285,0.5,0.5
flow_9931,0x100026cb,08,ICMP,48,correlator,104.0,104.0,104.0,0.3183,0.5642,104.0,104.0,104.0,0.0,0.988399,1.011601,1.0,3.365e-05,0.005801,5,1.0,2.0,104.0,11.582,11,1144,0.9498,98.774,0.5,0.5
flow_9943,0x100026d7,08,ICMP,48,correlator,96.0,96.0,96.0,0.5939,0.7707,96.0,96.0,96.0,0.0,0.47904,0.52096,0.5,0.00010984,0.01048,13,1.0,2.0,96.0,13.4759,26,2496,1.9294,185.2199,0.5,0.5
flow_9955,0x100026e3,08,ICMP,48,correlator,104.0,104.0,104.0,0.2502,0.5002,104.0,104.0,104.0,0.0,0.988404,1.011596,1.0,3.362e-05,0.005798,12,1.0,2.0,104.0,24.8733,24,2496,0.9649,100.3485,0.5,0.5
flow_9967,0x100026ef,08,ICMP,48,correlator,96.0,96.0,96.0,0.1208,0.3475,96.0,96.0,96.0,0.0,0.489908,0.510092,0.5,2.546e-05,0.005046,19,1.0,2.0,96.0,19.2843,38,3648,1.9705,189.1695,0.5,0.5
flow_9979,0x100026fb,08,ICMP,48,correlator,96.0,96.0,96.0,0.0178,0.1335,96.0,96.0,96.0,0.0,0.476975,0.523025,0.5,0.00013254,0.011513,10,1.0,2.0,96.0,10.6211,21,2016,1.9772,189.8113,0.5,0.5
flow_9991,0x10002707,08,ICMP,48,correlator,112.0,112.0,112.0,0.2701,0.5197,112.0,112.0,112.0,0.0,0.976178,1.023822,1.0,0.00014187,0.011911,14,1.0,2.0,112.0,28.1519,28,3136,0.9946,111.3955,0.5,0.5
