flow_id,spi,scenario_id,traffic_type,dscp_label,label_source,pkt_len_min,pkt_len_max,pkt_len_mean,pkt_len_var,pkt_len_std,pkt_len_median,pkt_len_q25,pkt_len_q75,pkt_len_iqr,iat_min,iat_max,iat_mean,iat_var,iat_std,burst_count,burst_len_mean,burst_len_max,burst_bytes_mean,flow_duration_s,total_packets,total_bytes,packet_rate_pps,byte_rate_bps,forward_packet_ratio,forward_byte_ratio
flow_0002,0x10000002,03,VoIP,46,auto,81.2933,112.8412,93.1456,22.6375,4.7579,93.0317,89.8151,96.4762,6.661,0.025048,0.038496,0.030427,7.23e-06,0.00269,108,4.498,8.5013,418.9723,32.7831,1077,100317,32.8523,3060.0201,0.4887,0.502
flow_0014,0x1000000e,03,VoIP,46,auto,91.5261,127.493,105.1031,20.4687,4.5242,104.6189,101.9362,108.2701,6.3339,0.013379,0.029689,0.019903,1.064e-05,0.003262,111,2.8593,9.624,300.5254,32.526,1634,171738,50.2368,5280.0261,0.4715,0.4737
flow_0026,0x1000001a,03,VoIP,46,auto,82.231,114.3115,96.3579,34.0378,5.8342,95.5638,92.274,100.4419,8.1679,0.011127,0.033073,0.019906,1.926e-05,0.004389,265,4.9911,9.396,480.9325,36.9079,1854,178647,50.2332,4840.3485,0.487,0.5005
flow_0038,0x10000026,03,VoIP,46,auto,121.5484,204.8698,160.1917,408.173,20.2033,158.9472,146.0494,174.334,28.2846,0.023571,0.040885,0.030496,1.199e-05,0.003463,40,4.752,8.1542,761.2329,11.8842,389,62314,32.7324,5243.4106,0.4807,0.4742
flow_0050,0x10000032,03,VoIP,46,auto,119.1691,202.3897,149.1301,111.9963,10.5828,148.0106,141.7221,156.5381,14.816,0.026403,0.038233,0.031135,5.6e-06,0.002366,43,4.7565,5.0463,709.3329,9.7528,313,46677,32.0932,4785.9912,0.4813,0.4626
flow_0062,0x1000003e,03,VoIP,46,auto,161.789,208.0142,186.2044,173.4219,13.169,184.9274,176.9861,195.4227,18.4366,0.021301,0.042532,0.029794,1.803e-05,0.004246,50,3.3496,6.2263,623.7062,14.6412,491,91426,33.5355,6244.4307,0.5126,0.5267
flow_0074,0x1000004a,03,VoIP,46,auto,165.7092,213.9503,182.0892,66.6682,8.1651,182.1996,176.3737,187.8048,11.4311,0.025998,0.038479,0.03099,6.23e-06,0.002496,165,3.2705,7.7609,595.5203,38.8036,1252,227975,32.2651,5875.1017,0.5,0.5075
flow_0086,0x10000056,03,VoIP,46,auto,75.536,108.0425,89.1516,23.6017,4.8582,88.7044,85.7509,92.5523,6.8014,0.016101,0.029015,0.021267,6.67e-06,0.002583,126,3.7922,8.3447,338.0791,38.5912,1814,161720,47.0055,4190.5899,0.4732,0.491
flow_0098,0x10000062,03,VoIP,46,auto,147.4984,221.7413,179.7926,226.8395,15.0612,180.1532,169.2498,190.3354,21.0857,0.015631,0.028501,0.020779,6.63e-06,0.002574,235,4.9442,7.345,888.9236,31.5915,1520,273284,48.1142,8650.5459,0.5238,0.5228
flow_0110,0x1000006e,03,VoIP,46,auto,142.8789,204.7448,173.8668,142.6424,11.9433,173.9134,165.5065,182.2272,16.7206,0.016392,0.028784,0.021349,6.14e-06,0.002478,143,4.5451,6.1383,790.2495,41.9436,1964,341474,46.8247,8141.2587,0.473,0.4877
flow_0122,0x1000007a,03,VoIP,46,auto,81.9524,118.1333,95.7986,17.0453,4.1286,95.4713,92.9086,98.6887,5.78,0.011162,0.031914,0.019463,1.722e-05,0.00415,62,2.9787,8.2078,285.3569,14.1925,729,69837,51.3651,4920.6958,0.4947,0.5051
flow_0134,0x10000086,03,VoIP,46,auto,159.8174,206.5671,180.9613,125.6793,11.2107,179.0681,173.1138,188.8088,15.695,0.013778,0.026936,0.019041,6.93e-06,0.002632,136,4.4309,6.8892,801.8228,24.8923,1307,236516,52.5063,9501.5915,0.5018,0.5056
flow_0146,0x10000092,03,VoIP,46,auto,177.7817,225.3112,195.3673,48.2944,6.9494,194.2917,190.5027,200.2319,9.7292,0.016438,0.029553,0.021684,6.88e-06,0.002623,81,4.1542,7.2133,811.5923,19.9608,920,179737,46.0902,9004.4818,0.4794,0.4635
flow_0158,0x1000009e,03,VoIP,46,auto,137.078,211.4313,164.0848,406.9095,20.172,162.5323,149.9644,178.2052,28.2408,0.025759,0.034991,0.029452,3.41e-06,0.001847,25,4.9616,5.2244,814.1163,9.7483,330,54147,33.8522,5554.5283,0.5149,0.4978
flow_0170,0x100000aa,03,VoIP,46,auto,118.5397,181.2704,150.4955,303.1789,17.412,151.415,138.3071,162.684,24.3768,0.014465,0.031404,0.02124,1.148e-05,0.003388,149,2.1238,5.4998,319.6163,30.346,1428,214907,47.0573,7081.8999,0.5093,0.5291
flow_0182,0x100000b6,03,VoIP,46,auto,125.5846,205.5674,161.185,123.5946,11.1173,161.639,153.4029,168.9671,15.5642,0.011741,0.031201,0.019525,1.515e-05,0.003892,83,2.6188,5.9333,422.1143,21.3409,1093,176175,51.2162,8255.2716,0.4998,0.4811
flow_0194,0x100000c2,03,VoIP,46,auto,148.6586,221.8973,174.1757,483.678,21.9927,174.1147,158.7808,189.5706,30.7898,0.012457,0.030022,0.019483,1.234e-05,0.003513,46,4.052,7.9407,705.76,10.2197,524,91268,51.2737,8930.629,0.4919,0.4998
flow_0206,0x100000ce,03,VoIP,46,auto,174.1314,214.2574,191.7083,185.6578,13.6256,190.35,182.1703,201.2462,19.0759,0.014526,0.032906,0.021878,1.351e-05,0.003676,119,2.9944,8.2321,574.0557,31.715,1449,277785,45.6882,8758.792,0.4812,0.4987
flow_0218,0x100000da,03,VoIP,46,auto,177.7625,217.5796,196.0008,128.0772,11.3171,196.4804,188.0788,203.9227,15.844,0.015036,0.027013,0.019827,5.74e-06,0.002395,64,3.8854,7.1053,761.5472,15.0569,759,148764,50.4088,9880.1182,0.4754,0.4727
flow_0230,0x100000e6,03,VoIP,46,auto,191.8647,238.9468,207.0691,92.3361,9.6092,206.4002,200.3427,213.7955,13.4528,0.023297,0.037605,0.02902,8.19e-06,0.002862,93,3.8591,6.5063,799.1094,35.799,1233,255316,34.4423,7131.9351,0.4886,0.5073
flow_0242,0x100000f2,03,VoIP,46,auto,178.2656,216.4845,196.0314,156.9174,12.5267,195.205,187.2627,204.8,17.5373,0.021659,0.040399,0.029155,1.405e-05,0.003748,75,2.7412,9.2959,537.3617,20.9516,718,140750,34.2695,6717.8643,0.4878,0.4762
flow_0254,0x100000fe,03,VoIP,46,auto,182.5432,234.6446,205.2283,106.2293,10.3068,204.7403,198.0136,212.4431,14.4295,0.024664,0.040926,0.031169,1.058e-05,0.003252,64,4.8068,8.1218,986.4957,18.0174,578,118621,32.0801,6583.6844,0.4986,0.5034
flow_0266,0x1000010a,03,VoIP,46,auto,111.4726,186.142,147.2141,408.946,20.2224,149.6366,133.0585,161.3698,28.3114,0.015741,0.027926,0.020615,5.94e-06,0.002437,173,2.4847,8.0611,365.7883,26.3261,1277,187992,48.507,7140.892,0.4858,0.4727
flow_0278,0x10000116,03,VoIP,46,auto,140.0664,209.1373,175.9527,338.3056,18.3931,174.2364,163.0775,188.8278,25.7503,0.023236,0.044536,0.031756,1.815e-05,0.00426,51,2.2088,7.4662,388.6501,11.853,373,65630,31.4689,5537.0026,0.4748,0.4838
flow_0290,0x10000122,03,VoIP,46,auto,141.0259,213.2138,169.6676,320.8973,17.9136,170.7867,157.1281,182.2071,25.0791,0.01683,0.027841,0.021234,4.85e-06,0.002202,106,2.4399,7.1598,413.9668,25.5873,1205,204449,47.0936,7990.2412,0.487,0.4718
flow_0302,0x1000012e,03,VoIP,46,auto,128.9142,185.385,154.6442,478.5551,21.8759,153.2466,139.3311,169.9574,30.6263,0.014326,0.028677,0.020067,8.24e-06,0.00287,266,4.1771,6.4188,645.9683,44.2605,2205,340990,49.8187,7704.1662,0.4742,0.4816
flow_0314,0x1000013a,03,VoIP,46,auto,164.9906,212.6046,184.4586,66.2378,8.1387,183.4007,178.7615,190.1557,11.3941,0.023437,0.037871,0.02921,8.33e-06,0.002887,155,3.8155,7.0501,703.8074,37.7582,1292,238320,34.2177,6311.7344,0.489,0.5056
flow_0326,0x10000146,03,VoIP,46,auto,92.3157,122.6948,104.8099,22.2741,4.7195,104.8779,101.5062,108.1136,6.6074,0.024263,0.041431,0.031131,1.179e-05,0.003434,183,4.0475,6.0836,424.2147,40.5391,1302,136462,32.1172,3366.1838,0.4772,0.4759
flow_0338,0x10000152,03,VoIP,46,auto,184.7747,230.2396,201.5193,87.1162,9.3336,201.7739,194.9858,208.0528,13.0671,0.016082,0.030376,0.021799,8.17e-06,0.002859,174,4.8121,6.4524,969.7273,37.0053,1697,341978,45.8583,9241.3294,0.4947,0.5051
flow_0350,0x1000015e,03,VoIP,46,auto,112.998,192.3867,147.76,140.621,11.8584,147.5779,139.4591,156.0609,16.6017,0.015934,0.026363,0.020105,4.35e-06,0.002086,72,4.7509,7.452,701.9885,20.1316,1001,147907,49.7228,7347.0089,0.5274,0.5424
flow_0362,0x1000016a,03,VoIP,46,auto,168.3747,216.8445,184.6664,157.4928,12.5496,185.9962,175.8816,193.4511,17.5695,0.026825,0.039467,0.031882,6.39e-06,0.002528,131,3.6122,7.228,667.0511,38.586,1210,223446,31.3585,5790.8563,0.4704,0.4733
flow_0374,0x10000176,03,VoIP,46,auto,111.1059,180.5438,142.7495,313.2811,17.6997,140.395,130.3597,155.1394,24.7796,0.021657,0.040092,0.029031,1.359e-05,0.003687,93,2.1769,6.5183,310.7554,35.1894,1212,173012,34.4422,4916.589,0.4953,0.4825
flow_0386,0x10000182,03,VoIP,46,auto,82.834,115.9561,94.9037,49.5771,7.0411,95.2213,89.9749,99.8324,9.8575,0.022485,0.042589,0.030526,1.617e-05,0.004021,82,2.1877,8.7748,207.6165,34.0948,1116,105912,32.7323,3106.3985,0.5008,0.4838
flow_0398,0x1000018e,03,VoIP,46,auto,134.1236,210.1174,166.6366,397.1536,19.9287,167.3693,152.6865,180.5867,27.9002,0.015325,0.029515,0.021001,8.05e-06,0.002838,48,4.8501,7.4163,808.2047,9.5808,456,75986,47.5953,7931.0836,0.4765,0.484
flow_0410,0x1000019a,03,VoIP,46,auto,178.4444,225.4135,196.8554,172.4653,13.1326,196.7596,187.6626,206.0482,18.3856,0.024075,0.040906,0.030807,1.133e-05,0.003366,54,4.9429,7.1238,973.045,20.7908,674,132680,32.4182,6381.6718,0.4935,0.4907
flow_0422,0x100001a6,03,VoIP,46,auto,93.2358,127.1577,107.6398,26.3812,5.1363,107.4682,104.0444,111.2352,7.1908,0.024015,0.043638,0.031864,1.54e-05,0.003925,67,4.3176,9.5963,464.7471,26.3094,825,88802,31.3576,3375.2959,0.5158,0.5131
flow_0434,0x100001b2,03,VoIP,46,auto,178.0155,216.7539,193.4601,76.3785,8.7395,195.3066,187.3425,199.5778,12.2353,0.022711,0.038632,0.029079,1.014e-05,0.003184,45,4.9771,8.5232,962.8799,11.0934,381,73708,34.3447,6644.3115,0.473,0.471
flow_0446,0x100001be,03,VoIP,46,auto,193.153,236.2542,209.3769,99.0676,9.9533,209.1426,202.4096,216.3442,13.9346,0.023831,0.040741,0.030595,1.144e-05,0.003382,61,4.569,6.5569,956.6527,13.8217,451,94428,32.6297,6831.8421,0.5078,0.5129
flow_0458,0x100001ca,03,VoIP,46,auto,118.8836,209.3438,155.911,461.5831,21.4845,155.4734,140.8718,170.9501,30.0783,0.023187,0.039702,0.029793,1.091e-05,0.003303,90,2.9653,5.3188,462.3284,31.2431,1048,163394,33.5434,5229.7563,0.4826,0.4688
flow_0470,0x100001d6,03,VoIP,46,auto,125.0063,190.3529,150.9337,388.9777,19.7225,149.8826,137.128,164.7395,27.6115,0.016037,0.030551,0.021842,8.43e-06,0.002903,130,2.6511,6.5179,400.1463,34.1887,1565,236211,45.7754,6909.0469,0.5018,0.5137
flow_0482,0x100001e2,03,VoIP,46,auto,177.907,228.0892,201.1076,193.1427,13.8976,201.022,191.3793,210.8359,19.4566,0.011588,0.031595,0.019591,1.601e-05,0.004001,142,3.5418,9.2671,712.2861,30.2352,1543,310309,51.0332,10263.1714,0.5067,0.5082
flow_0494,0x100001ee,03,VoIP,46,auto,79.5867,114.5563,92.0688,22.5331,4.7469,90.7563,88.7459,95.3916,6.6457,0.012882,0.029388,0.019485,1.09e-05,0.003301,161,3.9437,8.5775,363.0886,42.3708,2174,200157,51.3089,4723.9377,0.4781,0.4584
flow_0506,0x100001fa,03,VoIP,46,auto,174.6399,228.8384,195.3786,192.7956,13.8851,195.5929,185.659,205.0981,19.4391,0.023084,0.038363,0.029196,9.34e-06,0.003056,109,4.2267,8.3396,825.8065,41.1728,1410,275483,34.2459,6690.8968,0.4949,0.491
flow_0518,0x10000206,03,VoIP,46,auto,177.9175,220.8314,195.1474,188.2679,13.7211,194.752,185.5427,204.7522,19.2095,0.014574,0.031989,0.02154,1.213e-05,0.003483,62,3.5017,5.8842,683.3486,16.8445,782,152605,46.4247,9059.6496,0.4947,0.5001
flow_0530,0x10000212,03,VoIP,46,auto,178.6317,223.1447,200.7332,156.5764,12.513,200.6412,191.9741,209.4923,17.5183,0.017467,0.027663,0.021545,4.16e-06,0.002039,37,2.4501,7.6247,491.8107,9.5847,444,89125,46.3238,9298.6643,0.4708,0.482
flow_0542,0x1000021e,03,VoIP,46,auto,170.1212,217.5737,188.5014,113.8174,10.6685,188.4791,181.0334,195.9693,14.9359,0.011705,0.031491,0.019619,1.566e-05,0.003957,54,3.5617,7.8707,671.3821,11.4308,582,109707,50.9152,9597.5216,0.5231,0.5281
flow_0554,0x1000022a,03,VoIP,46,auto,157.515,214.905,181.901,59.4981,7.7135,183.1525,176.5016,187.3005,10.7989,0.023161,0.042019,0.030704,1.423e-05,0.003772,107,3.9195,5.4014,712.9666,25.5991,833,151523,32.5402,5919.0688,0.5051,0.4936
flow_0566,0x10000236,03,VoIP,46,auto,112.4964,193.5045,146.4775,178.2862,13.3524,146.792,137.1308,155.8241,18.6933,0.021471,0.042096,0.029721,1.702e-05,0.004125,155,3.5864,7.5032,525.3331,39.8263,1340,196279,33.6461,4928.377,0.5276,0.5234
flow_0578,0x10000242,03,VoIP,46,auto,90.0943,121.8843,104.4219,20.3376,4.5097,104.1956,101.2651,107.5787,6.3136,0.025974,0.035463,0.02977,3.6e-06,0.001898,122,2.9799,5.0571,311.1668,38.5329,1294,135121,33.5817,3506.6396,0.4721,0.4838
flow_0590,0x1000024e,03,VoIP,46,auto,140.1897,205.8179,174.1291,245.7291,15.6757,173.761,163.1561,185.1021,21.946,0.014487,0.028816,0.020219,8.21e-06,0.002866,144,4.6243,5.0814,805.2189,31.989,1582,275472,49.4544,8611.4471,0.5164,0.4973
flow_0602,0x1000025a,03,VoIP,46,auto,169.8718,215.5589,190.9451,42.5655,6.5242,191.0784,186.3781,195.512,9.1339,0.011654,0.033084,0.020226,1.837e-05,0.004286,163,3.7433,9.5982,714.7732,22.5405,1114,212712,49.4221,9436.8738,0.5172,0.5307
flow_0614,0x10000266,03,VoIP,46,auto,158.2138,216.4309,181.4715,148.8536,12.2006,181.0668,172.9311,190.0119,17.0808,0.026008,0.036416,0.030171,4.33e-06,0.002082,108,4.728,5.5798,858.0001,37.3287,1237,224480,33.138,6013.6043,0.4883,0.4827
flow_0626,0x10000272,03,VoIP,46,auto,89.6875,122.6398,102.74,20.3099,4.5066,100.8766,99.5854,105.8947,6.3093,0.015202,0.029543,0.020938,8.23e-06,0.002868,122,4.8857,9.301,501.9616,21.184,1011,103870,47.7248,4903.2388,0.5037,0.4997
flow_0638,0x1000027e,03,VoIP,46,auto,90.9716,123.5032,105.2422,37.3589,6.1122,104.9818,100.9637,109.5207,8.5571,0.022064,0.040431,0.029411,1.349e-05,0.003673,27,3.9119,7.4665,411.7002,11.607,394,41465,33.945,3572.4148,0.4991,0.4863
flow_0650,0x1000028a,03,VoIP,46,auto,125.1405,194.3576,158.1056,317.6781,17.8235,157.5475,145.6291,170.5821,24.9529,0.013149,0.028415,0.019255,9.32e-06,0.003053,147,3.6338,8.8884,574.5257,35.542,1845,291704,51.9105,8207.3132,0.4765,0.4612
flow_0662,0x10000296,03,VoIP,46,auto,71.7916,103.2971,85.8864,42.6014,6.527,86.3461,81.3175,90.4552,9.1378,0.009969,0.03258,0.019013,2.045e-05,0.004522,193,4.041,7.383,347.0688,38.1302,2005,172202,52.583,4516.1594,0.5147,0.5
flow_0674,0x100002a2,03,VoIP,46,auto,82.4957,117.0522,92.5507,20.2075,4.4953,92.4245,89.404,95.6974,6.2934,0.017479,0.027878,0.021639,4.33e-06,0.00208,87,3.6709,6.0517,339.7434,25.8934,1196,110690,46.1895,4274.8416,0.5141,0.5214
flow_0686,0x100002ae,03,VoIP,46,auto,87.5857,116.3553,100.1252,46.4147,6.8128,100.2614,95.3562,104.8942,9.538,0.022588,0.038817,0.02908,1.054e-05,0.003246,66,4.137,9.243,414.2159,29.1805,1003,100425,34.3723,3441.5135,0.4908,0.4911
flow_0698,0x100002ba,03,VoIP,46,auto,138.4766,197.1414,165.4062,480.5683,21.9219,165.4368,150.0609,180.7516,30.6906,0.013364,0.029353,0.01976,1.023e-05,0.003198,219,4.7013,9.344,777.6299,43.1533,2183,361081,50.5871,8367.409,0.4906,0.4985
flow_0710,0x100002c6,03,VoIP,46,auto,89.1033,115.8798,100.5781,22.2717,4.7193,101.6062,97.2746,103.8816,6.607,0.011332,0.031972,0.019588,1.704e-05,0.004128,74,4.8466,7.8714,487.4604,18.8348,961,96655,51.0226,5131.7273,0.4991,0.5091
flow_0722,0x100002d2,03,VoIP,46,auto,185.1082,227.9954,207.1746,153.6186,12.3943,207.0213,198.4986,215.8506,17.352,0.01395,0.02997,0.020358,1.027e-05,0.003204,119,4.6879,6.3647,971.2201,30.4453,1495,309726,49.1044,10173.1917,0.5078,0.5153
flow_0734,0x100002de,03,VoIP,46,auto,92.7974,126.1635,102.8995,35.6943,5.9745,104.395,98.7174,107.0816,8.3643,0.01455,0.028509,0.020133,7.79e-06,0.002792,206,4.5895,9.5553,472.2621,44.8171,2226,229054,49.6686,5110.8635,0.5011,0.4993
flow_0746,0x100002ea,03,VoIP,46,auto,76.5212,110.5181,89.0633,52.5291,7.2477,89.137,83.9899,94.1366,10.1468,0.013301,0.03217,0.020849,1.424e-05,0.003774,139,2.4678,5.4578,219.7937,19.559,938,83541,47.9575,4271.2325,0.5232,0.5183
flow_0758,0x100002f6,03,VoIP,46,auto,171.149,218.1432,187.551,53.9676,7.3463,188.0187,182.4086,192.6934,10.2848,0.013705,0.029469,0.020011,9.94e-06,0.003153,172,4.6133,8.3989,865.2255,33.995,1698,318461,49.9485,9367.8661,0.5203,0.529
flow_0770,0x10000302,03,VoIP,46,auto,137.7012,214.1615,169.3325,399.609,19.9902,166.6904,155.3393,183.3257,27.9863,0.011526,0.03263,0.019968,1.782e-05,0.004221,286,3.0025,6.0952,508.4169,37.8239,1894,320715,50.0742,8479.1666,0.5099,0.5121
flow_0782,0x1000030e,03,VoIP,46,auto,116.4572,195.09,146.1072,412.8312,20.3182,147.0184,131.8845,160.33,28.4455,0.013626,0.031724,0.020865,1.31e-05,0.00362,130,4.8784,6.7326,712.7699,32.7455,1569,229242,47.915,7000.7138,0.488,0.4912
flow_0794,0x1000031a,03,VoIP,46,auto,134.1763,220.7541,169.92,378.7784,19.4622,169.1617,156.2964,183.5436,27.2471,0.012394,0.029959,0.01942,1.234e-05,0.003513,178,4.6869,9.9953,796.3945,40.8212,2102,357171,51.4929,8749.6462,0.4916,0.5005
flow_0806,0x10000326,03,VoIP,46,auto,165.0514,203.3608,183.1006,92.8743,9.6371,183.5747,176.3546,189.8466,13.492,0.026222,0.038674,0.031203,6.2e-06,0.00249,114,3.1457,8.5964,575.9887,31.3653,1005,184016,32.0418,5866.8666,0.4743,0.468
flow_0818,0x10000332,03,VoIP,46,auto,178.7255,228.2119,203.1237,133.3573,11.548,202.4919,195.04,211.2073,16.1673,0.022816,0.039934,0.029663,1.172e-05,0.003424,84,4.9998,5.2012,1015.5862,32.2506,1087,220795,33.7048,6846.2318,0.4821,0.4679
flow_0830,0x1000033e,03,VoIP,46,auto,170.2872,218.4129,187.417,59.668,7.7245,188.0105,182.0099,192.8242,10.8143,0.012324,0.029255,0.019097,1.147e-05,0.003386,147,3.7058,9.8304,694.5296,33.4922,1753,328542,52.3405,9809.4952,0.4984,0.5128
flow_0842,0x1000034a,03,VoIP,46,auto,116.285,181.0295,147.692,365.9396,19.1295,145.2631,134.3013,161.0827,26.7814,0.016022,0.028457,0.020996,6.18e-06,0.002487,155,4.1907,9.7414,618.9287,25.471,1213,179150,47.6227,7033.4808,0.4833,0.5014
flow_0854,0x10000356,03,VoIP,46,auto,142.701,209.0645,169.7216,262.0008,16.1864,169.1724,158.3911,181.0521,22.661,0.013743,0.028061,0.01947,8.2e-06,0.002864,45,2.865,7.5059,486.2453,12.7191,653,110828,51.3402,8713.5328,0.5298,0.5325
flow_0866,0x10000362,03,VoIP,46,auto,172.4617,221.0714,191.9916,193.0652,13.8948,192.1565,182.2653,201.718,19.4527,0.024886,0.036911,0.029696,5.78e-06,0.002405,112,3.1658,6.0205,607.8108,33.5094,1128,216566,33.6622,6462.8363,0.5235,0.5212
flow_0878,0x1000036e,03,VoIP,46,auto,92.4184,128.6134,103.8292,22.3964,4.7325,103.1155,100.5165,107.1419,6.6255,0.014029,0.029268,0.020125,9.29e-06,0.003048,147,2.0299,7.0463,210.7597,40.2135,1998,207450,49.6848,5158.7119,0.5197,0.4997
flow_0890,0x1000037a,03,VoIP,46,auto,183.7606,226.7039,199.034,39.559,6.2896,198.1654,194.6313,203.4367,8.8054,0.023469,0.044316,0.031807,1.738e-05,0.004169,38,4.3792,9.3218,871.6093,15.6113,490,97526,31.3874,6247.1222,0.4856,0.4836
flow_0902,0x10000386,03,VoIP,46,auto,171.8211,220.1811,188.3694,42.0651,6.4858,188.9502,183.8294,192.9094,9.0801,0.017393,0.028366,0.021782,4.82e-06,0.002195,84,4.5579,8.5757,858.5609,27.5924,1266,238475,45.8822,8642.7839,0.4713,0.4541
flow_0914,0x10000392,03,VoIP,46,auto,141.9673,216.7371,176.2035,231.3974,15.2118,176.1514,165.5553,186.8517,21.2965,0.01329,0.033816,0.0215,1.685e-05,0.004105,133,4.8366,8.171,852.2289,26.8916,1250,220254,46.4829,8190.4289,0.5026,0.5066
flow_0926,0x1000039e,03,VoIP,46,auto,119.4823,184.9491,154.6011,419.5164,20.4821,153.1266,140.2636,168.9386,28.6749,0.014909,0.032634,0.021999,1.257e-05,0.003545,42,2.9939,9.7652,462.8639,10.4511,475,73435,45.4497,7026.52,0.5153,0.5156
flow_0938,0x100003aa,03,VoIP,46,auto,174.0966,228.8402,194.8387,126.4419,11.2446,195.0508,186.9674,202.7099,15.7425,0.012178,0.032089,0.020142,1.586e-05,0.003982,61,3.587,5.4622,698.8926,17.6408,875,170483,49.6009,9664.1249,0.4845,0.5008
flow_0950,0x100003b6,03,VoIP,46,auto,184.4076,240.6566,207.4202,195.0695,13.9667,207.9144,197.6435,217.197,19.5534,0.023579,0.042508,0.031151,1.433e-05,0.003786,39,3.2843,7.2532,681.2236,14.4433,463,96035,32.0564,6649.1128,0.4808,0.4906
flow_0962,0x100003c2,03,VoIP,46,auto,179.7038,225.0258,203.8181,111.7755,10.5724,202.0739,196.4174,211.2187,14.8013,0.024211,0.03781,0.029651,7.4e-06,0.00272,53,3.0985,8.3305,631.5326,17.8777,602,122698,33.6733,6863.1945,0.5066,0.5129
flow_0974,0x100003ce,03,VoIP,46,auto,122.8096,199.4528,148.4956,391.1574,19.7777,147.9799,134.6512,162.34,27.6888,0.013034,0.032787,0.020936,1.561e-05,0.003951,154,4.6428,8.2122,689.4411,28.6321,1367,202993,47.7436,7089.6939,0.5132,0.5193
flow_0986,0x100003da,03,VoIP,46,auto,96.8237,131.8703,108.1602,16.3898,4.0484,107.1122,105.3263,110.9941,5.6678,0.012484,0.032159,0.020354,1.548e-05,0.003935,197,3.0664,5.2228,331.6605,42.8748,2106,227785,49.1198,5312.7966,0.505,0.5002
flow_0998,0x100003e6,03,VoIP,46,auto,190.8435,230.0349,207.312,76.9943,8.7746,207.6117,201.1697,213.4542,12.2845,0.02475,0.041938,0.031625,1.182e-05,0.003438,44,4.5711,6.7378,947.6373,12.1909,385,79815,31.5809,6547.0845,0.4762,0.4683
flow_1010,0x100003f2,03,VoIP,46,auto,170.3083,217.747,192.0211,163.0325,12.7684,192.7714,183.0832,200.9589,17.8758,0.026728,0.039107,0.03168,6.13e-06,0.002476,27,2.6731,7.296,513.2843,9.5741,302,57990,31.5436,6056.9904,0.5181,0.5298
flow_1022,0x100003fe,03,VoIP,46,auto,112.7874,198.8263,146.4713,354.5221,18.8288,147.3598,133.2912,159.6515,26.3603,0.016215,0.026184,0.020203,3.98e-06,0.001994,79,2.8707,9.2028,420.4757,19.3938,959,140466,49.4488,7242.8323,0.4986,0.5054
flow_1034,0x1000040a,03,VoIP,46,auto,94.1198,124.7962,108.84,60.5957,7.7843,109.0954,103.391,114.2891,10.8981,0.012714,0.029229,0.01932,1.091e-05,0.003303,42,4.7996,6.841,522.3846,9.2932,481,52352,51.7583,5633.3673,0.5005,0.4896
flow_1046,0x10000416,03,VoIP,46,auto,190.1639,235.7677,209.3038,136.911,11.7009,211.2225,201.1131,217.4944,16.3813,0.015598,0.026368,0.019906,4.64e-06,0.002154,187,4.0174,9.3025,840.8617,38.6124,1939,405839,50.217,10510.5837,0.4711,0.4854
flow_1058,0x10000422,03,VoIP,46,auto,119.4266,192.4176,153.8807,330.8919,18.1904,153.5489,141.1474,166.614,25.4666,0.016135,0.029511,0.021486,7.16e-06,0.002675,105,3.4726,5.6877,534.3593,14.7368,685,105408,46.4822,7152.6878,0.4891,0.5027
flow_1070,0x1000042e,03,VoIP,46,auto,83.4571,113.9319,95.7294,44.5572,6.6751,94.7358,91.0569,100.402,9.3452,0.013953,0.027126,0.019222,6.94e-06,0.002635,93,2.6249,8.5029,251.2821,11.7726,612,58586,51.985,4976.4618,0.5118,0.5262
flow_1082,0x1000043a,03,VoIP,46,auto,136.1461,199.8187,168.0511,147.1002,12.1285,168.3318,159.5611,176.541,16.9799,0.016108,0.027986,0.020859,5.64e-06,0.002376,138,2.2402,9.441,376.4656,38.4527,1843,309718,47.929,8054.5125,0.5275,0.5093
flow_1094,0x10000446,03,VoIP,46,auto,163.4992,220.3858,186.8193,54.0009,7.3485,185.1693,181.6753,191.9632,10.2879,0.022265,0.042555,0.030381,1.647e-05,0.004058,90,2.8837,9.5181,538.7298,25.9234,853,159356,32.9046,6147.1789,0.4836,0.4967
flow_1106,0x10000452,03,VoIP,46,auto,82.981,115.1784,93.5741,29.5411,5.4352,94.8937,89.7695,97.3788,7.6092,0.012137,0.034024,0.020892,1.916e-05,0.004377,114,4.0896,7.313,382.6825,31.0348,1485,138957,47.8496,4477.4629,0.5113,0.5179
flow_1118,0x1000045e,03,VoIP,46,auto,86.8245,119.8816,98.9787,45.9705,6.7802,97.9388,94.2326,103.7248,9.4922,0.024749,0.039558,0.030673,8.77e-06,0.002962,74,3.3562,7.1951,332.1955,23.9113,779,77104,32.5788,3224.5872,0.4826,0.4916
flow_1130,0x1000046a,03,VoIP,46,auto,140.3696,210.9278,178.753,473.7693,21.7662,178.501,163.5166,193.9893,30.4727,0.021341,0.040797,0.029123,1.514e-05,0.003891,97,4.4749,6.0245,799.9068,41.5178,1425,254722,34.3226,6135.2482,0.4792,0.4616
flow_1142,0x10000476,03,VoIP,46,auto,88.8844,125.6785,100.7207,36.4248,6.0353,101.9494,96.496,104.9454,8.4494,0.012532,0.035586,0.021754,2.126e-05,0.004611,103,3.9043,7.137,393.244,29.5945,1360,136980,45.9544,4628.5551,0.4734,0.4821
flow_1154,0x10000482,03,VoIP,46,auto,76.2913,105.7608,90.492,53.544,7.3174,91.2737,85.3698,95.6141,10.2443,0.013888,0.031394,0.02089,1.226e-05,0.003501,58,3.1255,6.1452,282.8347,13.5137,646,58457,47.8035,4325.7726,0.505,0.485
flow_1166,0x1000048e,03,VoIP,46,auto,80.6338,111.3569,93.6827,39.3864,6.2759,93.7279,89.2896,98.0758,8.7862,0.022279,0.041889,0.030123,1.538e-05,0.003922,79,3.8647,7.171,362.0586,25.1312,834,78131,33.1858,3108.919,0.522,0.5182
flow_1178,0x1000049a,03,VoIP,46,auto,176.9049,230.5633,196.7951,77.6778,8.8135,197.1677,190.6257,202.9646,12.3389,0.02526,0.040023,0.031165,8.72e-06,0.002952,80,2.6018,5.0875,512.0259,36.6614,1176,231431,32.0774,6312.6647,0.5193,0.5154
flow_1190,0x100004a6,03,VoIP,46,auto,89.5893,116.0415,100.0969,18.3687,4.2859,99.8678,97.0968,103.097,6.0002,0.01264,0.029683,0.019457,1.162e-05,0.003409,138,3.6132,5.014,361.6694,24.0237,1234,123519,51.366,5141.5525,0.4928,0.492
flow_1202,0x100004b2,03,VoIP,46,auto,164.3951,203.3656,180.5805,44.0445,6.6366,181.5222,175.9349,185.2261,9.2912,0.023729,0.043396,0.031596,1.547e-05,0.003933,185,4.5971,6.9825,830.1498,35.556,1125,203153,31.6402,5713.6061,0.5139,0.523
flow_1214,0x100004be,03,VoIP,46,auto,181.0661,232.8793,202.469,125.6608,11.2099,202.2744,194.6221,210.3159,15.6938,0.02607,0.036018,0.030049,3.96e-06,0.00199,126,3.4066,7.3204,689.7313,24.3476,810,163999,33.2682,6735.7478,0.4807,0.4921
flow_1226,0x100004ca,03,VoIP,46,auto,75.3302,105.4086,85.4085,25.6606,5.0656,86.1607,81.8626,88.9545,7.0919,0.026743,0.038335,0.03138,5.38e-06,0.002318,213,4.0652,6.9225,347.2038,41.9415,1336,114105,31.8539,2720.5742,0.51,0.494
flow_1238,0x100004d6,03,VoIP,46,auto,123.3758,181.096,149.3169,148.4927,12.1858,148.2427,140.7869,157.8469,17.0601,0.013808,0.027898,0.019444,7.94e-06,0.002818,259,2.5052,8.3239,374.0684,42.1221,2166,323420,51.4219,7678.1464,0.4995,0.4813
flow_1250,0x100004e2,03,VoIP,46,auto,175.4136,222.6441,196.3452,51.3094,7.1631,195.9888,191.3311,201.3594,10.0283,0.013515,0.027335,0.019043,7.64e-06,0.002764,106,2.5337,5.2773,497.478,29.4881,1548,303942,52.4958,10307.2827,0.4878,0.4741
flow_1262,0x100004ee,03,VoIP,46,auto,72.5158,108.7191,85.8992,32.4964,5.7006,86.0708,81.9088,89.8896,7.9808,0.025453,0.039473,0.031061,7.86e-06,0.002804,59,4.3075,5.9369,370.0103,13.6171,438,37623,32.1655,2762.9273,0.499,0.5179
flow_1274,0x100004fa,03,VoIP,46,auto,132.5081,211.0545,161.2441,415.829,20.3919,162.4193,146.9697,175.5184,28.5486,0.021325,0.040901,0.029155,1.533e-05,0.003915,80,2.7904,8.9317,449.9411,34.0457,1167,188171,34.2774,5527.0074,0.5113,0.5265
flow_1286,0x10000506,03,VoIP,46,auto,179.4981,221.1591,198.8542,100.8968,10.0447,198.2874,191.8229,205.8855,14.0626,0.024944,0.039621,0.030815,8.62e-06,0.002935,55,3.7421,6.8373,744.14,17.1503,556,110562,32.4192,6446.6392,0.5278,0.5081
flow_1298,0x10000512,03,VoIP,46,auto,112.8498,194.7366,152.3201,114.8903,10.7187,151.3274,144.8171,159.8232,15.0062,0.010985,0.032727,0.019682,1.891e-05,0.004348,319,3.7473,9.9076,570.7874,41.9083,2129,324289,50.8014,7738.066,0.5259,0.5269
flow_1310,0x1000051e,03,VoIP,46,auto,76.8486,107.1575,90.4823,41.6202,6.4514,91.6904,85.9663,94.9982,9.0319,0.025623,0.03873,0.030866,6.87e-06,0.002621,32,3.7083,6.0602,335.5384,13.9978,453,40988,32.3622,2928.1721,0.4948,0.4775
flow_1322,0x1000052a,03,VoIP,46,auto,188.6415,228.4751,205.4757,137.7982,11.7387,205.4773,197.2585,213.6928,16.4342,0.015981,0.030296,0.021707,8.2e-06,0.002863,43,4.626,9.8573,950.5348,10.0746,464,95340,46.0566,9463.4314,0.5215,0.5211
flow_1334,0x10000536,03,VoIP,46,auto,165.8676,215.0176,188.088,85.1963,9.2302,187.245,181.6268,194.5491,12.9223,0.02377,0.037937,0.029437,8.03e-06,0.002833,198,4.8749,5.5375,916.91,40.5323,1376,258809,33.9482,6385.2522,0.4917,0.496
flow_1346,0x10000542,03,VoIP,46,auto,140.3802,216.7311,176.6853,477.4182,21.8499,175.482,161.3904,191.9802,30.5899,0.01257,0.034835,0.021476,1.983e-05,0.004453,33,3.159,9.3454,558.1558,9.4644,440,77741,46.49,8214.0414,0.5227,0.5359
flow_1358,0x1000054e,03,VoIP,46,auto,85.8491,125.529,100.5621,16.3244,4.0403,101.1376,97.7338,103.3903,5.6565,0.012359,0.029877,0.019367,1.228e-05,0.003504,77,2.1111,6.1917,212.2945,17.1157,883,88796,51.5901,5187.9905,0.488,0.5047
flow_1370,0x1000055a,03,VoIP,46,auto,92.9018,119.9659,104.6949,27.1751,5.213,105.7008,101.0458,108.3439,7.2982,0.013801,0.027444,0.019258,7.45e-06,0.002729,65,2.4245,5.5452,253.8369,12.9258,671,70250,51.9115,5434.8495,0.5119,0.4982
flow_1382,0x10000566,03,VoIP,46,auto,179.9816,231.6857,198.1941,108.64,10.4231,196.44,190.8979,205.4902,14.5923,0.025191,0.035377,0.029265,4.15e-06,0.002037,170,4.721,5.6006,935.6774,41.2012,1407,278859,34.1495,6768.2281,0.529,0.5424
flow_1394,0x10000572,03,VoIP,46,auto,83.4391,113.3841,96.7007,62.5243,7.9072,97.7209,91.1657,102.2358,11.0701,0.021447,0.042292,0.029785,1.738e-05,0.004169,68,4.3099,9.3863,416.7735,29.7002,997,96410,33.5688,3246.1092,0.5028,0.5035
flow_1406,0x1000057e,03,VoIP,46,auto,179.504,223.5979,196.6731,71.6478,8.4645,195.9649,190.7479,202.5982,11.8503,0.027405,0.037166,0.031309,3.81e-06,0.001952,53,3.4284,9.7008,674.2815,17.9487,573,112693,31.9244,6278.6283,0.5206,0.5307
flow_1418,0x1000058a,03,VoIP,46,auto,87.4263,119.8337,100.8159,24.712,4.9711,99.6986,97.3361,104.2957,6.9596,0.016036,0.025727,0.019912,3.76e-06,0.001938,107,4.8969,7.9611,493.6841,23.1556,1162,117148,50.1823,5059.1671,0.4825,0.4958
flow_1430,0x10000596,03,VoIP,46,auto,89.291,122.4814,100.0086,20.341,4.5101,100.5898,96.8515,103.1656,6.3141,0.015622,0.029894,0.021331,8.15e-06,0.002854,71,3.8914,8.6026,389.1757,17.4287,817,81707,46.8768,4688.0825,0.5048,0.4918
flow_1442,0x100005a2,03,VoIP,46,auto,164.1382,213.1662,183.7283,159.1873,12.6169,181.0271,174.8964,192.5601,17.6637,0.01528,0.031861,0.021912,1.1e-05,0.003316,182,2.5703,7.8831,472.2456,30.3632,1385,254463,45.6145,8380.6463,0.5133,0.5014
flow_1454,0x100005ae,03,VoIP,46,auto,173.5233,225.9463,197.0978,191.2636,13.8298,198.8278,187.417,206.7787,19.3617,0.015273,0.032004,0.021966,1.12e-05,0.003346,119,4.2642,5.1221,840.4727,33.1026,1507,297026,45.5251,8972.8849,0.4776,0.4668
flow_1466,0x100005ba,03,VoIP,46,auto,75.532,109.6494,86.7152,34.2802,5.8549,86.4678,82.6168,90.8137,8.1969,0.020867,0.041655,0.029182,1.728e-05,0.004157,126,2.5548,6.8404,221.5432,43.3986,1487,128945,34.2638,2971.18,0.4883,0.4997
flow_1478,0x100005c6,03,VoIP,46,auto,182.2656,220.0377,198.65,157.2706,12.5408,198.4668,189.8714,207.4285,17.5571,0.027485,0.038227,0.031782,4.62e-06,0.002148,121,4.3869,7.0624,871.4613,27.3242,859,170640,31.4374,6245.0213,0.5117,0.493
flow_1490,0x100005d2,03,VoIP,46,auto,118.7405,197.1329,156.4103,302.1793,17.3833,156.7168,144.2419,168.5786,24.3366,0.023634,0.038968,0.029768,9.41e-06,0.003067,79,2.1265,7.6591,332.6065,34.6578,1164,182061,33.5855,5253.1069,0.5082,0.4916
flow_1502,0x100005de,03,VoIP,46,auto,125.9391,204.94,165.0987,471.0415,21.7035,165.211,149.9063,180.2912,30.3849,0.014777,0.028972,0.020455,8.06e-06,0.002839,54,2.1571,7.1454,356.1281,12.7894,625,103186,48.8687,8068.1045,0.4843,0.5025
flow_1514,0x100005ea,03,VoIP,46,auto,162.4578,208.1065,180.2037,97.5972,9.8791,179.6581,173.2883,187.1191,13.8308,0.012905,0.033874,0.021292,1.759e-05,0.004194,126,3.6983,6.8607,666.4409,26.9358,1265,227957,46.9635,8462.9771,0.4826,0.4961
flow_1526,0x100005f6,03,VoIP,46,auto,107.9332,182.461,146.9287,378.0654,19.4439,147.2224,133.3179,160.5394,27.2215,0.015056,0.028802,0.020555,7.56e-06,0.002749,44,3.1843,7.6749,467.8715,11.4386,556,81692,48.6075,7141.8069,0.4731,0.4841
flow_1538,0x10000602,03,VoIP,46,auto,174.3705,220.6539,190.9128,145.947,12.0809,191.1753,182.4562,199.3694,16.9132,0.023097,0.038973,0.029448,1.008e-05,0.003175,44,2.2432,5.286,428.2467,8.8843,301,57464,33.8801,6468.0564,0.49,0.4843
flow_1550,0x1000060e,03,VoIP,46,auto,166.5299,213.313,187.0736,123.5959,11.1174,187.0133,179.2915,194.8558,15.5643,0.024406,0.037193,0.029521,6.54e-06,0.002557,43,2.7205,5.3626,508.9375,9.6135,325,60798,33.8068,6324.2615,0.4913,0.4983
flow_1562,0x1000061a,03,VoIP,46,auto,188.8568,241.812,207.0721,68.6131,8.2833,205.6232,201.2738,212.8704,11.5966,0.011731,0.032729,0.02013,1.764e-05,0.0042,90,4.2618,7.9301,882.503,25.109,1247,258218,49.6634,10283.8643,0.485,0.4754
flow_1574,0x10000626,03,VoIP,46,auto,148.6957,228.6894,174.1958,465.3084,21.571,174.1356,159.0961,189.2955,30.1994,0.024288,0.039815,0.030499,9.64e-06,0.003105,38,2.5238,6.3178,439.6355,17.404,570,99291,32.751,5705.0558,0.4705,0.4737
flow_1586,0x10000632,03,VoIP,46,auto,137.8264,213.0834,171.6931,196.9349,14.0333,171.572,161.8698,181.5164,19.6467,0.025019,0.041819,0.031739,1.129e-05,0.00336,99,3.1181,5.2333,535.3625,31.3668,988,169632,31.4983,5408.0084,0.4801,0.4772
flow_1598,0x1000063e,03,VoIP,46,auto,82.2093,116.4594,96.0737,22.567,4.7505,96.4737,92.7484,99.3991,6.6507,0.014106,0.028601,0.019904,8.4e-06,0.002899,48,2.8479,9.0112,273.6064,13.057,656,63024,50.2414,4826.8516,0.5284,0.5217
flow_1610,0x1000064a,03,VoIP,46,auto,86.354,122.0477,101.2777,26.3501,5.1332,103.387,97.6844,104.8709,7.1865,0.024534,0.036203,0.029202,5.45e-06,0.002334,124,4.7869,5.6644,484.8046,43.0621,1474,149283,34.2296,3466.6909,0.5161,0.5055
flow_1622,0x10000656,03,VoIP,46,auto,110.0951,195.7204,144.7177,378.0138,19.4426,144.6253,131.1079,158.3275,27.2196,0.025716,0.037318,0.030357,5.38e-06,0.00232,36,4.8697,8.1705,704.7373,13.6545,449,64978,32.8829,4758.7141,0.4761,0.4659
flow_1634,0x10000662,03,VoIP,46,auto,184.4061,229.4772,202.089,90.7899,9.5284,200.4636,195.4191,208.7588,13.3397,0.013318,0.031774,0.0207,1.362e-05,0.003691,74,4.3185,9.5387,872.7234,13.291,642,129741,48.3034,9761.5723,0.4727,0.4556
flow_1646,0x1000066e,03,VoIP,46,auto,115.3039,184.9632,150.9866,166.8731,12.9179,153.8818,141.9441,160.0292,18.0851,0.024985,0.037912,0.030156,6.68e-06,0.002585,36,3.7726,6.887,569.6087,15.0999,500,75493,33.1129,4999.5774,0.5207,0.5338
flow_1658,0x1000067a,03,VoIP,46,auto,92.2906,119.5292,103.7096,18.0735,4.2513,103.3163,100.7337,106.6855,5.9518,0.020901,0.042288,0.029456,1.83e-05,0.004278,55,2.7857,5.2504,288.9091,17.8148,604,62640,33.9043,3516.1717,0.5025,0.4972
flow_1670,0x10000686,03,VoIP,46,auto,86.132,112.9049,97.7413,40.8498,6.3914,97.6145,93.2673,102.2153,8.9479,0.023395,0.042283,0.03095,1.427e-05,0.003778,30,2.634,6.3339,257.4506,13.7345,443,43299,32.2546,3152.5775,0.5007,0.4809
flow_1682,0x10000692,03,VoIP,46,auto,165.4998,211.6011,181.6219,182.505,13.5094,182.228,172.1652,191.0785,18.9132,0.012273,0.034922,0.021333,2.052e-05,0.00453,128,3.8477,9.8884,698.8268,34.2071,1603,291139,46.8617,8511.0758,0.488,0.4993
flow_1694,0x1000069e,03,VoIP,46,auto,74.3829,106.2795,85.4097,29.5387,5.435,85.7452,81.6052,89.2142,7.6089,0.023149,0.042578,0.030921,1.51e-05,0.003886,85,3.6164,5.3484,308.877,22.5364,728,62178,32.3033,2759.0053,0.4725,0.4706
flow_1706,0x100006aa,03,VoIP,46,auto,71.6586,102.3016,85.0778,24.2607,4.9255,84.2624,81.6299,88.5257,6.8957,0.012818,0.028504,0.019093,9.84e-06,0.003137,315,3.8718,5.7919,329.4063,37.5768,1968,167433,52.3727,4455.7524,0.5218,0.5174
flow_1718,0x100006b6,03,VoIP,46,auto,143.9654,230.9669,178.987,426.5485,20.653,179.53,164.5299,193.4442,28.9143,0.011753,0.031873,0.019801,1.619e-05,0.004024,121,3.6241,5.0479,648.6676,26.5698,1341,240021,50.4708,9033.5885,0.4728,0.4774
flow_1730,0x100006c2,03,VoIP,46,auto,91.7673,128.6143,104.8075,38.6876,6.2199,105.7421,100.4536,109.1615,8.7079,0.024799,0.04224,0.031776,1.217e-05,0.003488,137,3.0072,8.83,315.1744,41.5867,1308,137088,31.4524,3296.4402,0.5081,0.5057
flow_1742,0x100006ce,03,VoIP,46,auto,86.6311,121.1325,97.2008,45.0434,6.7114,96.7759,92.5028,101.8988,9.396,0.015602,0.031153,0.021822,9.67e-06,0.00311,143,3.0815,8.2867,299.5266,39.5613,1812,176127,45.8023,4452.0018,0.5272,0.5377
flow_1754,0x100006da,03,VoIP,46,auto,96.3668,129.3836,107.9644,42.4274,6.5136,108.2173,103.4048,112.5239,9.1191,0.02537,0.037799,0.030342,6.18e-06,0.002486,79,2.3022,6.5061,248.554,15.5142,511,55169,32.9376,3556.0377,0.4762,0.491
flow_1766,0x100006e6,03,VoIP,46,auto,89.3717,126.1283,103.2344,17.2748,4.1563,103.414,100.325,106.1438,5.8188,0.022248,0.040851,0.029689,1.384e-05,0.003721,129,4.3806,6.5581,452.2311,33.2827,1121,115725,33.6811,3477.0268,0.4906,0.4865
flow_1778,0x100006f2,03,VoIP,46,auto,162.5538,210.5937,185.2741,131.2033,11.4544,186.8931,177.256,193.2922,16.0362,0.013398,0.030852,0.02038,1.219e-05,0.003491,170,2.5903,9.0215,479.9101,44.0871,2163,400747,49.0619,9089.8846,0.501,0.5124
flow_1790,0x100006fe,03,VoIP,46,auto,165.2126,219.8381,187.8698,63.7462,7.9841,187.3621,182.2809,193.4586,11.1778,0.01262,0.031387,0.020127,1.409e-05,0.003753,101,3.0689,5.353,576.5608,25.2736,1255,235776,49.6566,9328.948,0.4852,0.4931
flow_1802,0x1000070a,03,VoIP,46,auto,91.9188,128.1539,103.8237,56.4269,7.5118,104.9419,98.5654,109.0819,10.5165,0.023046,0.043729,0.031319,1.711e-05,0.004137,117,3.0022,9.9441,311.6964,26.0732,832,86381,31.9102,3313.0209,0.513,0.5239
flow_1814,0x10000716,03,VoIP,46,auto,165.371,208.1011,185.1965,70.4009,8.3905,184.2419,179.3232,191.0699,11.7467,0.023793,0.038518,0.029683,8.67e-06,0.002945,29,3.6168,9.069,669.8243,10.7061,360,66670,33.6256,6227.275,0.5021,0.5219
flow_1826,0x10000722,03,VoIP,46,auto,84.8983,119.7627,96.7588,26.9019,5.1867,97.1193,93.1282,100.3895,7.2614,0.014321,0.026938,0.019368,6.37e-06,0.002523,154,3.2067,7.8874,310.2728,36.9717,1908,184615,51.607,4993.4078,0.4975,0.5133
flow_1838,0x1000072e,03,VoIP,46,auto,90.103,121.5624,103.1006,47.213,6.8712,103.2964,98.2907,107.9104,9.6196,0.013931,0.028335,0.019693,8.3e-06,0.002881,99,3.0588,6.0914,315.3684,12.3464,626,64540,50.703,5227.4326,0.478,0.4643
flow_1850,0x1000073a,03,VoIP,46,auto,186.3847,231.9641,202.2395,66.0254,8.1256,201.1178,196.5516,207.9274,11.3758,0.013179,0.029074,0.019537,1.011e-05,0.003179,92,3.4411,5.7562,695.9237,27.0311,1383,279697,51.1634,10347.2469,0.5033,0.4921
flow_1862,0x10000746,03,VoIP,46,auto,171.2695,211.3179,189.8217,42.613,6.5279,191.3727,185.2522,194.3912,9.139,0.023954,0.037578,0.029404,7.42e-06,0.002725,66,3.9426,9.7105,748.3929,14.8836,506,96049,33.9971,6453.3267,0.4707,0.479
flow_1874,0x10000752,03,VoIP,46,auto,140.862,197.7618,166.3643,366.5714,19.1461,166.9055,152.9621,179.7666,26.8045,0.015798,0.027985,0.020673,5.94e-06,0.002437,122,3.2413,9.8221,539.239,27.676,1338,222595,48.3452,8042.8917,0.473,0.4696
flow_1886,0x1000075e,03,VoIP,46,auto,158.227,210.2967,180.9188,64.0582,8.0036,180.0139,175.3163,186.5214,11.2051,0.012697,0.035192,0.021695,2.024e-05,0.004499,153,2.5215,9.7426,456.1845,26.9527,1242,224701,46.0807,8336.8505,0.5234,0.5331
flow_1898,0x1000076a,03,VoIP,46,auto,179.415,222.8519,201.8956,109.7341,10.4754,199.6752,194.5628,209.2284,14.6656,0.021903,0.043364,0.030487,1.842e-05,0.004292,32,2.495,7.5503,503.7292,11.3475,372,75105,32.7826,6618.6397,0.5013,0.4995
flow_1910,0x10000776,03,VoIP,46,auto,165.1925,212.4509,182.3426,44.0487,6.6369,182.3641,177.6967,186.9884,9.2917,0.017118,0.028361,0.021615,5.06e-06,0.002249,129,2.9622,5.5636,540.1371,33.7594,1561,284636,46.239,8431.3076,0.4761,0.4949
flow_1922,0x10000782,03,VoIP,46,auto,94.2227,131.9631,107.3095,30.2556,5.5005,106.1953,103.4591,111.1598,7.7007,0.021071,0.041251,0.029143,1.629e-05,0.004036,55,3.3762,5.0559,362.2988,22.1892,761,81662,34.296,3680.2667,0.5017,0.5055
flow_1934,0x1000078e,03,VoIP,46,auto,112.4574,192.4791,151.8061,343.4728,18.533,151.2004,138.833,164.7792,25.9462,0.015693,0.028892,0.020973,6.97e-06,0.00264,143,4.9081,9.1733,745.0848,18.6554,889,134955,47.6538,7234.0997,0.4942,0.5099
flow_1946,0x1000079a,03,VoIP,46,auto,123.1113,204.5334,153.524,343.2954,18.5282,152.4783,140.5542,166.4938,25.9395,0.023462,0.04214,0.030933,1.396e-05,0.003736,44,2.5438,5.8839,390.5298,9.7701,315,48360,32.2411,4949.7751,0.5206,0.5164
flow_1958,0x100007a6,03,VoIP,46,auto,93.1808,125.2948,105.7753,43.0502,6.5613,105.8547,101.1824,110.3681,9.1858,0.023602,0.043055,0.031383,1.514e-05,0.003891,38,3.7984,8.94,401.7776,14.2918,455,48127,31.8364,3367.4521,0.5202,0.5104
flow_1970,0x100007b2,03,VoIP,46,auto,130.8177,203.8932,160.0469,186.0674,13.6407,160.6192,150.4984,169.5953,19.0969,0.012525,0.032196,0.020393,1.548e-05,0.003934,227,3.8663,9.2291,618.7851,40.2887,1975,316092,49.0212,7845.6764,0.527,0.5136
flow_1982,0x100007be,03,VoIP,46,auto,81.5845,111.502,95.3657,27.0915,5.2049,96.1213,91.7223,99.0092,7.2869,0.023708,0.0376,0.029265,7.72e-06,0.002778,128,3.4426,9.186,328.3088,30.983,1058,100896,34.1477,3256.493,0.4862,0.4836
flow_1994,0x100007ca,03,VoIP,46,auto,95.2781,120.4243,105.3303,63.2986,7.956,104.9768,99.761,110.8995,11.1385,0.024883,0.035654,0.029191,4.64e-06,0.002154,91,3.5735,6.8586,376.3953,37.9985,1301,137034,34.2382,3606.2969,0.5121,0.493
flow_2006,0x100007d6,03,Video,34,auto,184.1151,1487.1164,1327.4733,120435.739,347.0385,1422.3374,861.922,1477.1164,615.1943,0.000644,0.103267,0.013691,0.00087518,0.029584,147,14.2879,36.8789,18966.802,38.4794,2810,3730199,73.026,96940.0396,0.8691,0.8662
flow_2018,0x100007e2,03,Video,34,auto,233.8333,1467.8361,1067.0118,166611.4405,408.1806,1411.5839,749.6766,1457.8361,708.1594,0.000528,0.115402,0.007089,0.00018131,0.013465,154,20.7415,50.1381,22131.378,27.0138,3810,4065314,141.0392,150490.4719,0.7247,0.878
flow_2030,0x100007ee,03,Video,34,auto,232.3692,1485.6618,1108.0883,110891.8303,333.0042,1265.456,876.1884,1475.6618,599.4734,0.000655,0.05124,0.008076,0.00101768,0.031901,224,13.0073,47.8941,14413.2675,34.8577,4316,4782509,123.8176,137200.8418,0.8625,0.9316
flow_2042,0x100007fa,03,Video,34,auto,189.3936,1479.9245,1109.7174,64550.1654,254.0672,1098.7735,685.2521,1469.9245,784.6723,0.00089,0.072336,0.007221,0.0005945,0.024382,347,10.6523,70.7422,11821.0803,49.0176,6788,7532761,138.4809,153674.6102,0.7629,0.9696
flow_2054,0x10000806,03,Video,34,auto,219.1113,1472.1326,1141.9283,138284.6623,371.8665,1302.2052,678.5632,1462.1326,783.5695,0.000663,0.131743,0.00502,0.00067325,0.025947,471,11.4014,56.5064,13019.6351,45.3015,9024,10304760,199.1986,227470.4715,0.7943,0.9498
flow_2066,0x10000812,03,Video,34,auto,189.8201,1467.6662,1076.5428,200619.2438,447.9054,1066.6807,663.4696,1457.6662,794.1966,0.000265,0.137449,0.012894,0.00026011,0.016128,106,10.1592,49.3413,10936.828,37.571,2913,3135969,77.5332,83467.8149,0.7718,0.9489
flow_2078,0x1000081e,03,Video,34,auto,241.7452,1487.0509,1280.9698,95971.7068,309.793,1098.1515,760.7661,1477.0509,716.2848,0.000612,0.114435,0.005175,0.00035084,0.018731,222,27.3193,86.9688,34995.2614,22.4795,4343,5563251,193.1979,247480.6378,0.8485,0.9224
flow_2090,0x1000082a,03,Video,34,auto,141.8315,1473.2146,1330.6264,129010.5407,359.1804,1098.3944,803.0425,1463.2146,660.1721,0.000878,0.12092,0.009005,0.00010341,0.010169,39,13.1854,35.0144,17544.7915,12.2515,1360,1809651,111.0072,147708.9815,0.8055,0.8683
flow_2102,0x10000836,03,Video,34,auto,206.4365,1460.8741,1129.4275,89387.9406,298.9782,1372.1707,701.6487,1450.8741,749.2254,0.000856,0.133953,0.011406,0.00089048,0.029841,181,22.4782,82.1741,25387.5314,50.1207,4394,4962704,87.6683,99015.0097,0.8041,0.9372
flow_2114,0x10000842,03,Video,34,auto,210.6792,1489.5351,1342.636,116246.264,340.9491,1139.3268,842.4305,1479.5351,637.1045,0.000771,0.081059,0.011982,0.00051867,0.022774,106,15.8096,71.0012,21226.4816,22.3546,1865,2504016,83.4281,112013.5774,0.7717,0.9648
flow_2126,0x1000084e,03,Video,34,auto,167.8485,1498.57,1075.0385,146377.8292,382.5936,1190.5697,773.1751,1480.0,706.8249,0.0007,0.071708,0.013809,0.00057337,0.023945,54,28.3516,79.3839,30479.1136,24.5497,1777,1910343,72.3837,77815.2893,0.7444,0.9564
flow_2138,0x1000085a,03,Video,34,auto,257.1893,1464.0421,1020.9358,114419.2721,338.2592,1308.1115,727.5476,1454.0421,726.4946,0.000598,0.134175,0.00399,0.00036588,0.019128,226,20.9215,74.4618,21359.5164,29.6605,7433,7588616,250.6031,255849.643,0.726,0.9664
flow_2150,0x10000866,03,Video,34,auto,120.125,1473.332,910.9324,109971.6897,331.6198,1245.4824,813.3297,1463.332,650.0023,0.000855,0.085594,0.012158,0.00124274,0.035253,160,29.3751,64.4494,26758.6972,37.6653,3098,2822068,82.2508,74924.8695,0.7699,0.9441
flow_2162,0x10000872,03,Video,34,auto,172.3029,1460.6874,1075.9129,163754.6323,404.6661,1053.1009,841.0008,1450.6874,609.6866,0.000558,0.129072,0.009436,0.00075386,0.027457,159,22.7304,59.4445,24455.9108,32.9793,3495,3760315,105.9755,114020.3553,0.7807,0.9688
flow_2174,0x1000087e,03,Video,34,auto,183.0171,1479.6983,908.2634,72415.8695,269.102,1426.6182,660.5034,1469.6983,809.1949,0.000482,0.148266,0.007188,0.00076265,0.027616,58,12.6949,46.2652,11530.2998,13.5715,1888,1714801,139.1155,126353.4923,0.8257,0.9633
flow_2186,0x1000088a,03,Video,34,auto,186.1162,1470.5233,1114.9104,108646.6531,329.6159,1329.2377,677.4207,1460.5233,783.1026,0.000164,0.14874,0.004911,0.00036648,0.019144,455,22.1579,77.9608,24704.0999,35.7981,7290,8127696,203.6419,227042.4657,0.8015,0.9125
flow_2198,0x10000896,03,Video,34,auto,120.8161,1490.505,1222.0977,182566.6217,427.2782,1067.4972,866.8487,1480.0,613.1513,0.000356,0.106281,0.014014,0.00053859,0.023208,57,20.8726,78.9287,25508.3984,26.9082,1920,2346427,71.3538,87201.3157,0.842,0.8875
flow_2210,0x100008a2,03,Video,34,auto,251.1972,1482.6429,907.8915,158238.289,397.7918,1182.6003,817.1551,1472.6429,655.4878,0.00077,0.065805,0.014308,0.00073105,0.027038,53,18.6121,41.1133,16897.7574,20.1849,1410,1280126,69.8543,63420.0883,0.8657,0.9409
flow_2222,0x100008ae,03,Video,34,auto,256.9627,1488.2916,905.4015,197551.9176,444.4681,1316.3842,875.2465,1478.2916,603.0452,0.000807,0.105111,0.009436,0.00045502,0.021331,177,20.6091,66.5571,18659.5183,55.0735,5836,5283923,105.9674,95943.0361,0.8113,0.9396
flow_2234,0x100008ba,03,Video,34,auto,256.1028,1467.0916,958.5973,140987.5496,375.4831,1197.5169,721.8328,1457.0916,735.2588,0.000658,0.059366,0.013249,0.00071456,0.026731,89,18.6876,85.6807,17913.8781,24.4305,1843,1766694,75.4384,72315.0197,0.8007,0.8926
flow_2246,0x100008c6,03,Video,34,auto,255.9996,1468.6906,1088.9321,127123.2532,356.5435,1160.1686,884.7952,1458.6906,573.8953,0.000118,0.105872,0.006391,0.00084894,0.029137,304,22.8663,77.2431,24899.8945,47.5956,7447,8109277,156.464,170378.612,0.82,0.8784
flow_2258,0x100008d2,03,Video,34,auto,153.6441,1492.6839,1185.7647,92381.8969,303.9439,1268.2023,825.2447,1480.0,654.7553,0.000709,0.081276,0.005487,0.00083808,0.02895,327,20.4227,39.5477,24216.4638,54.9588,10016,11876619,182.2457,216100.4639,0.8081,0.8929
flow_2270,0x100008de,03,Video,34,auto,159.2342,1488.5589,1007.7934,156059.391,395.0435,1137.2372,876.8965,1478.5589,601.6625,0.000821,0.069135,0.012994,0.00026134,0.016166,29,25.227,61.8963,25423.6187,13.1933,1015,1022910,76.9328,77532.3673,0.8886,0.8599
flow_2282,0x100008ea,03,Video,34,auto,137.7005,1468.6402,953.2118,181310.9205,425.8062,1254.4602,805.5443,1458.6402,653.0959,0.000971,0.055403,0.006454,0.00010388,0.010192,281,18.1504,76.0629,17301.1948,51.4861,7977,7603770,154.9351,147685.955,0.8729,0.9642
flow_2294,0x100008f6,03,Video,34,auto,170.9719,1469.0508,1256.567,91130.5559,301.8784,1236.7548,760.8627,1459.0508,698.1881,0.000193,0.098464,0.010144,0.00130225,0.036087,260,24.8119,86.1099,31177.8727,58.0314,5720,7187563,98.5674,123856.5171,0.7681,0.8606
flow_2306,0x10000902,03,Video,34,auto,249.6561,1488.0128,1083.8394,96436.2695,310.5419,1109.8414,775.2202,1478.0128,702.7927,0.000939,0.06237,0.006923,0.00015323,0.012379,419,20.5423,72.1141,22264.5862,47.5075,6862,7437306,144.4404,156550.1718,0.7669,0.8598
flow_2318,0x1000090e,03,Video,34,auto,190.1002,1488.8672,910.4096,90382.6984,300.6372,1376.159,744.7954,1478.8672,734.0718,0.000798,0.088235,0.011139,0.00085051,0.029164,239,26.7213,58.3603,24327.3215,55.672,4997,4549316,89.7579,81716.4072,0.7668,0.8946
flow_2330,0x1000091a,03,Video,34,auto,251.7653,1477.1334,1255.9002,175874.3116,419.3737,1063.0528,752.9875,1467.1334,714.1458,0.000905,0.0667,0.010176,0.00071725,0.026782,48,20.1324,64.6569,25284.2667,16.3218,1603,2013208,98.2124,123345.0144,0.898,0.9475
flow_2342,0x10000926,03,Video,34,auto,245.7113,1487.6874,1279.7345,115846.818,340.3628,1111.9416,818.0785,1477.6874,659.6089,0.000909,0.083524,0.010809,0.00010825,0.010404,119,28.2404,44.3769,36140.1957,32.5814,3014,3857119,92.5067,118383.9767,0.7937,0.9152
flow_2354,0x10000932,03,Video,34,auto,173.7524,1471.1309,1012.2868,141758.3189,376.5081,1087.8683,755.8936,1461.1309,705.2373,0.000566,0.074746,0.014742,0.00128257,0.035813,109,10.8497,89.4002,10983.0429,40.0078,2713,2746334,67.8118,68644.9561,0.7854,0.9019
flow_2366,0x1000093e,03,Video,34,auto,225.4527,1469.2482,1022.1992,126881.5568,356.2044,1108.0946,765.2082,1459.2482,694.04,0.000429,0.08188,0.004303,0.00088897,0.029816,439,21.0785,86.9317,21546.4302,59.7017,13873,14180968,232.3719,237530.3144,0.7623,0.9246
flow_2378,0x1000094a,03,Video,34,auto,128.9838,1482.8742,1003.372,123561.5339,351.5132,1285.0126,698.5762,1472.8742,774.298,0.000238,0.066232,0.014193,0.00018216,0.013496,122,10.6608,74.9638,10696.766,56.6172,3989,4002451,70.4556,70693.2135,0.7347,0.8598
flow_2390,0x10000956,03,Video,34,auto,223.5616,1476.6903,1146.6779,142355.8192,377.3007,1333.678,718.4653,1466.6903,748.225,0.000695,0.07182,0.013584,0.00044528,0.021102,57,17.0081,83.1777,19502.8377,23.2019,1708,1958525,73.6147,84412.3652,0.8529,0.9365
flow_2402,0x10000962,03,Video,34,auto,209.9329,1470.2972,1088.5397,101443.8156,318.5025,1207.1731,776.3261,1460.2972,683.9711,0.000163,0.050606,0.005216,0.0003636,0.019068,700,10.8696,83.9479,11831.9454,58.8093,11274,12272196,191.7044,208677.8824,0.9152,0.9598
flow_2414,0x1000096e,03,Video,34,auto,248.2592,1499.2449,994.4367,175185.2933,418.5514,1058.4271,797.3622,1480.0,682.6378,0.000643,0.113081,0.014164,0.00122749,0.035036,73,14.9142,36.8629,14831.1996,30.7155,2168,2155938,70.5832,70190.5196,0.8871,0.8578
flow_2426,0x1000097a,03,Video,34,auto,193.7784,1469.3839,1336.0797,119407.0277,345.5532,1400.7816,819.0921,1459.3839,640.2918,0.000934,0.135334,0.01314,0.00020821,0.01443,111,25.7776,66.7211,34440.8976,49.6824,3781,5051717,76.1034,101680.2465,0.8497,0.9567
flow_2438,0x10000986,03,Video,34,auto,168.9097,1482.5834,1080.6923,154359.2242,392.8858,1392.5833,873.5265,1472.5834,599.0569,0.00058,0.087124,0.009908,0.0006722,0.025927,277,27.8803,50.6046,30130.0069,47.4317,4787,5173273,100.9241,109067.9181,0.7638,0.8856
flow_2450,0x10000992,03,Video,34,auto,137.577,1484.766,1314.4473,69975.9129,264.5296,1311.5585,725.3105,1474.766,749.4555,0.0004,0.096211,0.013364,0.00097171,0.031172,159,10.12,77.7483,13302.2684,58.0373,4342,5707330,74.8139,98338.9194,0.7923,0.8859
flow_2462,0x1000099e,03,Video,34,auto,131.2095,1474.6495,1143.6894,152122.8415,390.0293,1071.1872,880.5421,1464.6495,584.1074,0.000217,0.064563,0.00749,0.00022318,0.014939,286,25.969,47.4893,29700.4447,52.7902,7048,8060723,133.5095,152693.4491,0.7836,0.9036
flow_2474,0x100009aa,03,Video,34,auto,163.9974,1465.4316,1281.9234,76427.3303,276.4549,1187.4531,808.5481,1455.4316,646.8835,0.000595,0.145269,0.007043,0.00042161,0.020533,443,21.3886,70.9313,27418.5337,53.8035,7639,9792612,141.9795,182006.8629,0.7852,0.8843
flow_2486,0x100009b6,03,Video,34,auto,160.4706,1468.7261,1025.1051,87086.1419,295.1036,1055.8654,856.7379,1458.7261,601.9882,0.000543,0.062436,0.009454,0.00063721,0.025243,166,27.8412,73.5664,28540.125,32.9329,3483,3570440,105.7604,108415.4693,0.7525,0.9412
flow_2498,0x100009c2,03,Video,34,auto,138.5104,1493.318,1241.6909,178472.6592,422.4602,1173.0765,675.3335,1480.0,804.6665,0.000781,0.088649,0.014999,0.00121337,0.034833,52,24.4069,43.38,30305.7648,18.4512,1230,1527279,66.6622,82773.8272,0.7234,0.9675
flow_2510,0x100009ce,03,Video,34,auto,202.5263,1479.8717,1169.0506,120586.2032,347.2552,1422.7298,777.2389,1469.8717,692.6327,0.0005,0.063376,0.014224,0.00124561,0.035293,87,27.7666,87.8933,32460.5132,27.6441,1943,2271465,70.2863,82168.266,0.7539,0.8526
flow_2522,0x100009da,03,Video,34,auto,237.6245,1464.5835,1269.1411,138875.8775,372.6605,1258.3019,684.0824,1454.5835,770.5011,0.000515,0.074209,0.008361,0.0004763,0.021824,63,21.1269,82.4413,26813.0084,17.943,2146,2723576,119.6012,151790.7758,0.8544,0.9566
flow_2534,0x100009e6,03,Video,34,auto,167.0332,1494.0814,1074.1419,150828.7587,388.3668,1219.3849,694.417,1480.0,785.583,0.000322,0.136782,0.01325,0.00021381,0.014622,136,17.6362,45.078,18943.7674,42.8139,3231,3470552,75.4662,81061.3656,0.7336,0.9682
flow_2546,0x100009f2,03,Video,34,auto,155.3766,1473.6544,1103.9294,74357.9271,272.6865,1411.0092,787.5244,1463.6544,676.13,0.000748,0.093051,0.004729,0.00094292,0.030707,500,14.255,78.5191,15736.5474,59.2177,12523,13824507,211.474,233452.35,0.9057,0.8841
flow_2558,0x100009fe,03,Video,34,auto,212.9901,1486.6022,1196.5253,134728.6359,367.054,1362.0567,725.005,1476.6022,751.5972,0.000586,0.140061,0.005179,0.00084588,0.029084,348,20.9512,76.4769,25068.6158,58.3241,11262,13475268,193.0934,231041.1677,0.7869,0.8519
flow_2570,0x10000a0a,03,Video,34,auto,252.51,1483.7563,1243.6675,182601.2341,427.3187,1188.6773,852.7498,1473.7563,621.0065,0.00056,0.136234,0.014904,0.00018716,0.01368,82,24.9525,80.3584,31032.6724,31.0381,2082,2589315,67.0789,83423.8523,0.7599,0.9008
flow_2582,0x10000a16,03,Video,34,auto,134.3545,1467.9919,1008.1413,123587.3835,351.55,1140.8494,816.4775,1457.9919,641.5144,0.000218,0.074728,0.014573,0.0001016,0.01008,169,13.8306,43.4076,13943.1584,50.6094,3472,3500266,68.6039,69162.4206,0.75,0.9436
flow_2594,0x10000a22,03,Video,34,auto,172.7798,1468.83,1147.6354,64412.2652,253.7957,1285.9192,863.7174,1458.83,595.1126,0.000535,0.050398,0.006908,0.00075202,0.027423,145,24.4982,57.1119,28114.9665,25.6316,3710,4257727,144.7431,166112.2522,0.7572,0.8579
flow_2606,0x10000a2e,03,Video,34,auto,235.3268,1463.2088,1023.5541,69780.9836,264.1609,1264.1012,706.6967,1453.2088,746.512,0.000189,0.138723,0.003958,0.00066211,0.025731,496,15.7533,65.9398,16124.3184,58.5251,14785,15133246,252.6267,258577.1127,0.7263,0.9308
flow_2618,0x10000a3a,03,Video,34,auto,220.8125,1460.7457,1111.6507,142025.6026,376.8628,1106.7156,829.563,1450.7457,621.1827,0.00052,0.114051,0.011679,0.0008519,0.029187,167,10.4605,57.7467,11628.3752,38.3643,3284,3650661,85.6005,95157.8868,0.883,0.8919
flow_2630,0x10000a46,03,Video,34,auto,196.432,1484.0332,1313.017,124970.9616,353.5123,1330.2408,815.9963,1474.0332,658.0369,0.000474,0.061977,0.011396,0.00028998,0.017029,180,20.9759,85.6838,27541.648,43.2227,3792,4978960,87.7317,115193.2635,0.8566,0.8848
flow_2642,0x10000a52,03,Video,34,auto,171.4265,1497.877,1292.4272,136874.0782,369.965,1095.2879,723.9053,1480.0,756.0947,0.00042,0.069535,0.012131,0.00071906,0.026815,155,23.6393,61.3487,30552.0676,51.784,4268,5516079,82.4193,106520.9757,0.7901,0.8997
flow_2654,0x10000a5e,03,Video,34,auto,232.4977,1465.0562,1031.9304,143488.8918,378.7993,1051.3439,669.8635,1455.0562,785.1927,0.000892,0.058224,0.010323,0.00034932,0.01869,139,22.2244,72.439,22934.0266,41.9404,4062,4191701,96.8518,99944.3086,0.7699,0.9497
flow_2666,0x10000a6a,03,Video,34,auto,229.4766,1482.6083,1122.2094,141520.2255,376.1917,1180.6978,756.1029,1472.6083,716.5054,0.00028,0.143052,0.007377,0.00085926,0.029313,217,28.2796,58.9811,31735.6514,51.8057,7022,7880154,135.545,152109.9179,0.8984,0.9077
flow_2678,0x10000a76,03,Video,34,auto,204.3003,1472.6622,1320.596,88758.4931,297.9236,1070.6334,815.0347,1462.6622,647.6275,0.000522,0.100109,0.011741,0.00031404,0.017721,150,15.4597,50.0157,20415.9888,51.1655,4357,5753836,85.1551,112455.4654,0.785,0.869
flow_2690,0x10000a82,03,Video,34,auto,182.8515,1461.712,1079.8025,160746.1489,400.9316,1070.046,750.5881,1451.712,701.1239,0.0008,0.126327,0.013298,0.00073892,0.027183,144,17.9879,37.815,19423.3414,43.7734,3291,3553629,75.1826,81182.3775,0.759,0.9226
flow_2702,0x10000a8e,03,Video,34,auto,133.9133,1497.9591,1006.4427,77434.538,278.2706,1332.4438,845.0601,1480.0,634.9399,0.00039,0.08172,0.013818,0.00016047,0.012668,159,16.75,51.4305,16857.8783,58.7267,4250,4277381,72.3692,72835.4147,0.7838,0.9426
flow_2714,0x10000a9a,03,Video,34,auto,172.8332,1473.9554,1009.0752,195397.1662,442.0375,1277.0107,665.239,1463.9554,798.7164,0.000269,0.110504,0.005311,0.00050111,0.022386,229,25.7331,63.8405,25966.6674,26.7791,5041,5086747,188.2441,189952.3638,0.7426,0.8983
flow_2726,0x10000aa6,03,Video,34,auto,127.1758,1478.9699,975.8256,119106.7525,345.1185,1203.9279,661.9842,1468.9699,806.9857,0.000971,0.09864,0.004647,0.000446,0.021119,442,13.8345,36.165,13500.0555,49.0826,10562,10306669,215.1884,209986.3419,0.7951,0.9695
flow_2738,0x10000ab2,03,Video,34,auto,183.5426,1468.1619,1344.1883,96953.1308,311.373,1342.58,754.8676,1458.1619,703.2943,0.00018,0.091673,0.005659,8.584e-05,0.009265,200,11.2444,50.6163,15114.5602,31.2089,5515,7413198,176.7126,237535.053,0.7247,0.9633
flow_2750,0x10000abe,03,Video,34,auto,170.8401,1473.8263,1160.9141,109059.2981,330.2413,1355.8944,806.6278,1463.8263,657.1986,0.000751,0.074225,0.006025,0.00038208,0.019547,93,18.1332,41.8353,21051.0314,16.3984,2721,3158847,165.9306,192631.1296,0.8159,0.9228
flow_2762,0x10000aca,03,Video,34,auto,221.9778,1482.9758,1243.6855,197780.4119,444.7251,1428.2128,778.8654,1472.9758,694.1104,0.000572,0.053007,0.013327,0.00081682,0.02858,128,20.3629,53.944,25324.9819,58.8968,4419,5495846,75.0295,93313.1475,0.7424,0.8572
flow_2774,0x10000ad6,03,Video,34,auto,214.1096,1476.5383,1188.6875,96038.7141,309.9011,1381.9864,833.0971,1466.5383,633.4412,0.000745,0.113203,0.003819,0.00010303,0.01015,517,14.1638,37.3123,16836.3882,56.3739,14762,17547404,261.8588,311268.286,0.8265,0.9145
flow_2786,0x10000ae2,03,Video,34,auto,153.635,1498.5388,1159.8205,173107.9918,416.0625,1332.6267,840.0323,1480.0,639.9677,0.000312,0.114481,0.006131,0.00117281,0.034246,400,21.0427,72.9782,24405.7158,54.4662,8883,10302685,163.0921,189157.538,0.9057,0.9082
flow_2798,0x10000aee,03,Video,34,auto,164.0881,1487.2115,927.9827,183084.6932,427.884,1418.6932,743.3681,1477.2115,733.8433,0.0006,0.124724,0.014915,0.00101107,0.031797,129,16.7497,45.6163,15543.4098,56.9396,3817,3542110,67.0359,62208.1558,0.8064,0.8743
flow_2810,0x10000afa,03,Video,34,auto,142.6602,1483.7044,1158.8433,86701.7165,294.4516,1274.7568,757.1685,1473.7044,716.5358,0.000556,0.081637,0.009705,0.00017123,0.013085,77,12.7686,58.5018,14796.7872,18.9092,1948,2257426,103.0187,119382.5241,0.7846,0.9206
flow_2822,0x10000b06,03,Video,34,auto,154.7262,1476.68,1176.1193,78830.6187,280.7679,1355.0783,702.3939,1466.68,764.2861,0.000833,0.09678,0.004447,0.00012167,0.011031,275,21.7462,83.4397,25576.1676,31.1358,7001,8234011,224.8539,264455.0239,0.7888,0.8743
flow_2834,0x10000b12,03,Video,34,auto,127.5306,1493.7206,1305.4596,166280.6955,407.7753,1334.8886,792.2809,1480.0,687.7191,0.000632,0.076104,0.01272,8.973e-05,0.009472,117,14.2948,43.5144,18661.3228,42.6849,3355,4379817,78.5992,102608.1271,0.8375,0.9723
flow_2846,0x10000b1e,03,Video,34,auto,182.2834,1466.2028,941.8589,107824.2389,328.366,1407.9325,701.367,1456.2028,754.8358,0.000131,0.059841,0.011457,0.00024189,0.015553,70,29.211,69.1363,27512.65,16.987,1482,1395834,87.2434,82170.9329,0.7446,0.8591
flow_2858,0x10000b2a,03,Video,34,auto,210.3701,1475.5673,1091.9834,79778.6464,282.4511,1313.1373,754.3342,1465.5673,711.2331,0.000904,0.122716,0.005224,0.00118856,0.034475,275,17.2041,49.4623,18786.6372,39.651,7589,8287062,191.3951,209000.2987,0.8384,0.9462
flow_2870,0x10000b36,03,Video,34,auto,170.8714,1484.141,1105.3086,123907.484,352.0049,1169.2908,821.2638,1474.141,652.8772,0.000469,0.052371,0.009118,0.00042161,0.020533,156,12.6195,50.9193,13948.3935,49.019,5375,5941033,109.6513,121198.5419,0.8894,0.9421
flow_2882,0x10000b42,03,Video,34,auto,208.8984,1478.0014,945.6823,162213.2244,402.757,1051.2381,810.5388,1468.0014,657.4626,0.000233,0.134425,0.012916,0.00089505,0.029917,74,26.4521,45.0386,25015.3148,15.8014,1223,1156569,77.3982,73194.0868,0.8094,0.9718
flow_2894,0x10000b4e,03,Video,34,auto,223.125,1490.6287,1148.1701,108048.0116,328.7066,1092.9292,804.9482,1480.0,675.0518,0.000586,0.109652,0.004532,0.00064432,0.025383,491,18.732,38.2989,21507.4757,51.6856,11403,13092583,220.6222,253311.7758,0.7775,0.8605
flow_2906,0x10000b5a,03,Video,34,auto,198.3591,1462.1108,1151.7938,126823.6787,356.1231,1308.7597,707.0388,1452.1108,745.072,0.000732,0.061675,0.005906,0.00040715,0.020178,460,12.5577,67.9436,14463.9259,54.5226,9231,10632208,169.3059,195005.4659,0.7751,0.9031
flow_2918,0x10000b66,03,Video,34,auto,172.3916,1467.298,938.0672,156582.7889,395.7054,1414.4671,673.9913,1457.298,783.3067,0.000127,0.093957,0.008282,0.00078028,0.027934,290,23.194,68.4037,21757.5708,50.1493,6054,5679058,120.7195,113243.0337,0.86,0.8812
flow_2930,0x10000b72,03,Video,34,auto,190.0473,1470.4502,1047.2788,116406.324,341.1837,1157.6587,734.909,1460.4502,725.5412,0.00062,0.110028,0.006267,0.00030215,0.017382,393,23.1494,88.1008,24243.8642,56.1954,8966,9389901,159.5505,167093.8549,0.8133,0.9513
flow_2942,0x10000b7e,03,Video,34,auto,227.9526,1472.2772,1186.8318,92117.1065,303.508,1056.3577,713.6783,1462.2772,748.5989,0.000643,0.055582,0.009229,0.00087418,0.029567,108,28.0809,75.8317,33327.3302,34.393,3726,4422135,108.336,128576.6411,0.7768,0.8529
flow_2954,0x10000b8a,03,Video,34,auto,178.9775,1499.1587,1165.4074,174343.2848,417.5444,1257.0649,751.134,1480.0,728.866,0.000398,0.090165,0.003778,0.00022755,0.015085,710,11.4479,67.3278,13341.4302,49.258,13036,15192250,264.6473,308421.9437,0.7216,0.971
flow_2966,0x10000b96,03,Video,34,auto,134.5792,1461.6207,1249.7508,120444.892,347.0517,1125.4556,865.0195,1451.6207,586.6012,0.00083,0.121792,0.008233,0.00091406,0.030233,216,12.5088,53.9064,15632.8406,58.6836,7127,8906973,121.448,151779.6874,0.9108,0.9352
flow_2978,0x10000ba2,03,Video,34,auto,221.6605,1468.9728,916.5167,94128.8769,306.8043,1361.6069,820.4137,1458.9728,638.5591,0.000552,0.126674,0.010688,0.00063061,0.025112,162,19.6539,77.8185,18013.0907,53.5339,5008,4589915,93.5482,85738.4795,0.8711,0.9092
flow_2990,0x10000bae,03,Video,34,auto,200.2737,1471.8233,1315.8893,149129.3598,386.1727,1405.1553,794.7905,1461.8233,667.0328,0.000913,0.053376,0.003255,0.0004436,0.021062,567,18.0726,66.2166,23781.5592,41.6637,12801,16844699,307.2459,404301.6017,0.8023,0.9696
flow_3002,0x10000bba,03,Video,34,auto,244.4476,1481.1583,1226.6607,104588.4117,323.4013,1076.0118,711.282,1471.1583,759.8763,0.000799,0.143517,0.00904,0.0002389,0.015457,149,11.6814,79.1571,14329.1673,20.4584,2263,2775933,110.6147,135686.6384,0.7307,0.947
flow_3014,0x10000bc6,03,Video,34,auto,122.5742,1481.0864,1246.8697,80258.9144,283.3,1212.0871,817.509,1471.0864,653.5774,0.000825,0.10313,0.003985,0.00089752,0.029959,609,18.9762,81.263,23660.8962,41.0381,10296,12837770,250.8886,312825.3298,0.7379,0.9785
flow_3026,0x10000bd2,03,Video,34,auto,230.732,1461.3574,1339.8324,193360.4284,439.7277,1103.8101,882.9968,1451.3574,568.3607,0.000176,0.132267,0.004342,0.00034472,0.018567,185,25.2538,55.9419,33835.806,22.7396,5237,7016702,230.3026,308566.921,0.8779,0.8923
flow_3038,0x10000bde,03,Video,34,auto,153.9787,1475.9562,1136.0672,110173.827,331.9244,1057.1479,696.574,1465.9562,769.3822,0.000677,0.121833,0.003207,0.00055334,0.023523,220,18.2207,37.705,20699.9694,21.9793,6854,7786604,311.8386,354269.5238,0.9055,0.9401
flow_3050,0x10000bea,03,Video,34,auto,145.8653,1477.1794,1152.9117,101882.0141,319.1896,1219.931,717.8237,1467.1794,749.3557,0.000118,0.073092,0.010306,0.00099768,0.031586,148,15.8855,50.7401,18314.5947,44.5127,4319,4979425,97.0285,111865.256,0.8694,0.9226
flow_3062,0x10000bf6,03,Video,34,auto,188.2043,1481.6616,1125.6963,164732.8874,405.873,1419.2737,822.5142,1471.6616,649.1474,0.000376,0.115368,0.007095,0.00054713,0.023391,261,19.4549,53.8201,21900.3197,59.9625,8450,9512133,140.9214,158634.6369,0.8105,0.8911
flow_3074,0x10000c02,03,Video,34,auto,154.9879,1482.0509,1171.6091,69843.6047,264.2794,1404.0265,736.0606,1472.0509,735.9903,0.000268,0.14623,0.0136,0.0009813,0.031326,140,19.0299,71.9899,22295.5759,59.6005,4382,5133991,73.5229,86140.0569,0.7361,0.9697
flow_3086,0x10000c0e,03,Video,34,auto,173.8892,1470.617,960.0061,133320.4908,365.1308,1185.7612,774.0927,1460.617,686.5243,0.000741,0.058822,0.006422,0.00044081,0.020996,207,23.3535,85.7536,22419.524,36.4845,5681,5453794,155.7099,149482.3975,0.8762,0.9461
flow_3098,0x10000c1a,03,Video,34,auto,145.2193,1476.8863,1248.0717,98904.2235,314.4904,1067.4647,688.6308,1466.8863,778.2555,0.000294,0.070659,0.006687,0.00015832,0.012583,188,22.4515,85.0161,28021.0406,32.0969,4799,5989495,149.5162,186606.9302,0.8576,0.8758
flow_3110,0x10000c26,03,Video,34,auto,245.0168,1472.5063,933.9789,97768.8727,312.6801,1236.2122,752.8965,1462.5063,709.6098,0.00082,0.134417,0.01125,0.00063572,0.025213,85,22.6433,82.3207,21148.4077,31.1971,2773,2589923,88.8865,83018.0731,0.8131,0.8533
flow_3122,0x10000c32,03,Video,34,auto,165.0264,1466.8027,1316.7791,138510.9856,372.1706,1413.0441,806.9702,1456.8027,649.8325,0.000879,0.141271,0.004164,0.00072515,0.026929,532,22.8613,42.8636,30103.3312,38.6172,9274,12211809,240.1521,316227.3099,0.7312,0.8775
flow_3134,0x10000c3e,03,Video,34,auto,250.6359,1484.1161,967.5275,109549.4586,330.9826,1397.8866,787.1765,1474.1161,686.9396,0.000929,0.139027,0.012515,0.00045956,0.021437,176,21.3232,46.2156,20630.7917,33.4056,2669,2582330,79.8968,77302.2889,0.7681,0.9059
flow_3146,0x10000c4a,03,Video,34,auto,141.7049,1499.1305,1103.8736,95085.4113,308.3592,1410.5041,694.9014,1480.0,785.0986,0.000926,0.10576,0.009257,0.0004171,0.020423,138,24.2284,36.7592,26745.0546,34.3516,3710,4095371,108.0007,119219.162,0.7694,0.8806
flow_3158,0x10000c56,03,Video,34,auto,258.6816,1482.6188,1247.1964,150358.966,387.7615,1381.5958,897.737,1472.6188,574.8818,0.000272,0.137334,0.01275,0.00094959,0.030815,158,23.0126,69.3075,28701.1743,54.2982,4258,5310562,78.4188,97803.5969,0.829,0.8738
flow_3170,0x10000c62,03,Video,34,auto,126.047,1473.0344,955.4368,112043.1255,334.7284,1172.8989,780.1545,1463.0344,682.8799,0.000962,0.137491,0.006491,0.00030801,0.01755,71,12.8432,78.4189,12270.8857,12.6421,1947,1860235,154.0096,147146.3984,0.8872,0.9358
flow_3182,0x10000c6e,03,Video,34,auto,179.7653,1484.0665,1207.2322,158810.0876,398.5098,1144.1875,849.967,1474.0665,624.0996,0.000485,0.084612,0.00791,0.00069409,0.026346,221,27.0585,78.2305,32665.8687,45.3071,5727,6913818,126.4042,152599.1591,0.8937,0.9496
flow_3194,0x10000c7a,03,Video,34,auto,187.4156,1494.4608,1284.0041,192779.8644,439.067,1076.412,885.8057,1480.0,594.1943,0.000463,0.111462,0.007453,0.00076177,0.0276,335,18.6225,46.3625,23911.3343,44.1488,5923,7605156,134.16,172262.0308,0.7439,0.927
flow_3206,0x10000c86,03,Video,34,auto,227.8627,1486.7055,1112.1753,151359.8276,389.0499,1275.9595,692.5722,1476.7055,784.1333,0.000411,0.099388,0.009872,0.00118252,0.034388,112,22.5404,61.2381,25068.8208,31.9721,3238,3601223,101.2759,112636.5461,0.7295,0.8844
flow_3218,0x10000c92,03,Video,34,auto,165.8312,1478.0862,1057.919,112301.9378,335.1148,1403.5123,774.3676,1468.0862,693.7186,0.000358,0.050881,0.007852,0.000681,0.026096,276,14.7497,64.4265,15603.9538,47.0349,5989,6335876,127.3309,134705.7699,0.7522,0.8861
flow_3230,0x10000c9e,03,Video,34,auto,187.8394,1476.738,971.0686,89062.3303,298.4331,1232.4886,676.697,1466.738,790.041,0.000556,0.132228,0.005246,8.642e-05,0.009296,439,23.7489,89.4449,23061.7671,50.919,9706,9425192,190.6164,185101.6176,0.8047,0.9688
flow_3242,0x10000caa,03,Video,34,auto,203.1676,1489.6768,1101.0328,115075.001,339.2271,1226.5431,730.5894,1479.6768,749.0874,0.000864,0.139704,0.009456,9.396e-05,0.009693,95,25.5229,81.6335,28101.5478,30.7593,3252,3580558,105.7242,116405.7739,0.8983,0.8942
flow_3254,0x10000cb6,03,Video,34,auto,248.9462,1461.3663,1084.1461,81636.3878,285.7208,1404.5889,835.4434,1451.3663,615.9229,0.00072,0.079088,0.012522,0.00051733,0.022745,130,18.5024,35.2357,20059.2986,36.8685,2944,3191726,79.8513,86570.5135,0.8822,0.8783
flow_3266,0x10000cc2,03,Video,34,auto,177.298,1478.7263,1284.1041,143629.3238,378.9846,1291.2363,705.5787,1468.7263,763.1476,0.000292,0.09128,0.012001,0.00010264,0.010131,292,18.8973,41.5899,24266.1258,54.6801,4556,5850378,83.321,106992.8325,0.766,0.9027
flow_3278,0x10000cce,03,Video,34,auto,255.9835,1473.8604,975.1243,183309.9413,428.1471,1403.1398,693.898,1463.8604,769.9624,0.000323,0.100274,0.012103,0.00128397,0.035833,134,26.6633,54.1532,26000.0352,48.4241,4000,3900497,82.6035,80548.6753,0.7441,0.9379
flow_3290,0x10000cda,03,Video,34,auto,210.6826,1470.9648,1123.051,121925.2571,349.178,1270.3187,803.0303,1460.9648,657.9345,0.00055,0.144104,0.010403,0.00099476,0.03154,254,27.625,58.1518,31024.3407,57.4279,5520,6199241,96.1205,107948.1876,0.9149,0.9706
flow_3302,0x10000ce6,03,Video,34,auto,128.8934,1470.4418,923.8399,183557.2389,428.4358,1263.6439,787.8949,1460.4418,672.5468,0.00029,0.08834,0.00321,0.00088707,0.029784,757,25.9339,80.9408,23958.7594,43.037,13407,12385920,311.5228,287797.1252,0.8239,0.8975
flow_3314,0x10000cf2,03,Video,34,auto,161.936,1466.9274,1286.3588,111521.2015,333.9479,1089.8481,699.7374,1456.9274,757.1899,0.000942,0.106122,0.013124,0.00039818,0.019954,114,25.4691,80.9638,32762.4324,36.3398,2769,3561927,76.1974,98017.1349,0.7454,0.9031
flow_3326,0x10000cfe,03,Video,34,auto,216.987,1484.274,1184.5799,83536.6602,289.0271,1221.4645,668.5687,1474.274,805.7052,0.0009,0.130822,0.009245,0.00021214,0.014565,295,18.936,44.9113,22431.1686,47.1098,5095,6035434,108.1516,128114.2517,0.7288,0.9023
flow_3338,0x10000d0a,03,Video,34,auto,176.8324,1479.9321,1080.4192,165663.7376,407.0181,1270.7801,832.7186,1469.9321,637.2135,0.000782,0.071856,0.01195,0.00074071,0.027216,76,26.175,87.5835,28280.0006,16.7382,1400,1512586,83.6411,90367.3915,0.9074,0.8517
flow_3350,0x10000d16,03,Video,34,auto,247.1261,1465.3493,903.7706,86881.5897,294.7568,1298.3679,855.8675,1455.3493,599.4819,0.000346,0.145434,0.008685,0.00061777,0.024855,280,24.7286,42.0275,22348.9518,42.9199,4941,4465530,115.1215,104043.3845,0.8007,0.9139
flow_3362,0x10000d22,03,Video,34,auto,133.2974,1486.3371,940.5029,140519.5916,374.8594,1198.2871,845.8057,1476.3371,630.5313,0.000564,0.144235,0.006164,0.00042627,0.020646,103,11.8406,89.5224,11136.1113,12.3524,2003,1883827,162.1547,152506.9743,0.7464,0.957
flow_3374,0x10000d2e,03,Video,34,auto,185.9686,1465.082,919.0379,64645.8237,254.2554,1262.63,790.6444,1455.082,664.4376,0.000907,0.051863,0.01268,0.00011304,0.010632,130,14.8852,79.8343,13680.0908,26.4653,2087,1918032,78.8579,72473.3792,0.745,0.8762
flow_3386,0x10000d3a,03,Video,34,auto,201.9077,1473.8446,1230.902,138382.5225,371.998,1061.4503,851.5198,1463.8446,612.3247,0.000391,0.131104,0.00973,0.00024189,0.015553,187,27.7251,61.9432,34126.882,56.9416,5851,7202007,102.7544,126480.5427,0.8034,0.9564
flow_3398,0x10000d46,03,Video,34,auto,124.6257,1472.4731,903.076,126189.6053,355.2318,1054.3162,680.7104,1462.4731,781.7627,0.000702,0.125431,0.004158,0.00067395,0.02596,408,14.1516,54.3446,12779.9407,58.7132,14119,12750530,240.4741,217166.3613,0.8323,0.8557
flow_3410,0x10000d52,03,Video,34,auto,163.405,1482.6927,918.3525,72564.2281,269.3775,1324.1305,784.7841,1472.6927,687.9087,0.000966,0.078512,0.014471,0.00072656,0.026955,105,20.4722,84.3577,18800.7379,39.9592,2761,2535571,69.0955,63454.0069,0.8255,0.8843
flow_3422,0x10000d5e,03,Video,34,auto,245.1954,1482.37,987.6548,133763.125,365.7364,1183.8935,767.0454,1472.37,705.3246,0.000266,0.10627,0.003479,0.00093064,0.030506,803,16.5546,57.3363,16350.2699,56.3195,16188,15988155,287.4317,283883.2912,0.8288,0.8799
flow_3434,0x10000d6a,03,Video,34,auto,241.2477,1485.9755,1344.5414,85852.2936,293.0056,1310.2355,669.5773,1475.9755,806.3982,0.000947,0.147066,0.005868,0.0009943,0.031533,196,17.3826,73.5551,23371.5846,34.2945,5843,7856155,170.3773,229079.2964,0.7504,0.8659
flow_3446,0x10000d76,03,Video,34,auto,203.4088,1473.6019,1263.0717,192420.1761,438.6572,1206.5486,772.2099,1463.6019,691.392,0.000993,0.143745,0.004879,0.00032895,0.018137,335,21.459,58.2805,27104.2507,31.8622,6530,8247858,204.9448,258860.0315,0.8705,0.9319
flow_3458,0x10000d82,03,Video,34,auto,182.6721,1471.245,1022.9872,113692.7076,337.1835,1268.3307,740.0906,1461.245,721.1544,0.000334,0.056421,0.005528,0.00038562,0.019637,277,16.3606,87.7583,16736.6604,42.4233,7674,7850404,180.891,185049.2163,0.8778,0.9673
flow_3470,0x10000d8e,03,Video,34,auto,156.2783,1498.4853,1342.3812,114811.464,338.8384,1066.6088,793.8509,1480.0,686.1491,0.00042,0.126663,0.00932,0.00106479,0.032631,340,23.4629,61.371,31496.097,49.7628,5339,7166973,107.289,144022.6822,0.7605,0.9042
flow_3482,0x10000d9a,03,Video,34,auto,122.4401,1491.6119,1044.6584,106708.9842,326.6634,1352.4706,893.3968,1480.0,586.6032,0.00066,0.07173,0.005296,0.00015192,0.012325,126,14.6905,65.3342,15346.5384,13.1625,2485,2595976,188.7941,197225.3451,0.81,0.8933
flow_3494,0x10000da6,03,Video,34,auto,161.0829,1473.7136,1320.8497,82622.9525,287.4421,1187.4487,876.4631,1463.7136,587.2505,0.000964,0.056014,0.01104,8.971e-05,0.009472,169,22.6373,50.5993,29900.5211,37.051,3355,4431450,90.5508,119603.917,0.8835,0.9235
flow_3506,0x10000db2,03,Video,34,auto,230.673,1477.4592,1215.2673,152164.4557,390.0826,1131.1807,655.7142,1467.4592,811.745,0.000451,0.134392,0.011641,0.00013357,0.011557,111,29.1588,84.9983,35435.7164,31.655,2719,3304311,85.8947,104384.9627,0.7382,0.9627
flow_3518,0x10000dbe,03,Video,34,auto,169.9399,1462.5317,1302.6443,65888.6128,256.6878,1383.0197,897.1868,1452.5317,555.3449,0.000989,0.05599,0.00768,0.00048442,0.02201,218,24.9266,70.8164,32470.5349,27.2707,3551,4625689,130.2131,169621.3833,0.8927,0.8747
flow_3530,0x10000dca,03,Video,34,auto,222.275,1480.0905,1197.219,153311.6581,391.5503,1410.1175,713.7833,1470.0905,756.3071,0.000231,0.114346,0.005483,0.00069748,0.02641,436,14.2941,89.7181,17113.2201,57.8889,10558,12640238,182.3838,218353.3532,0.7966,0.8648
flow_3542,0x10000dd6,03,Video,34,auto,155.5015,1466.5197,1296.4853,78670.3693,280.4824,1061.6995,722.8978,1456.5197,733.6219,0.000245,0.086419,0.009535,0.00033935,0.018422,200,21.4545,87.0879,27815.3944,45.2434,4745,6151822,104.8772,135971.7038,0.8696,0.9545
flow_3554,0x10000de2,03,Video,34,auto,245.345,1497.5552,1192.9478,99250.733,315.0408,1425.0143,892.9539,1480.0,587.0461,0.000396,0.138328,0.012534,0.00072556,0.026936,103,13.4649,36.179,16062.9005,35.9959,2871,3424953,79.7591,95148.3804,0.9175,0.9308
flow_3566,0x10000dee,03,Video,34,auto,202.295,1465.3176,1043.9721,94075.0144,306.7165,1224.5436,779.9645,1455.3176,675.353,0.00058,0.107044,0.011434,0.00049118,0.022163,290,23.2679,37.0555,24291.0889,56.5087,4942,5159309,87.4555,91301.1026,0.7718,0.9528
flow_3578,0x10000dfa,03,Video,34,auto,145.7088,1478.2689,1338.1847,172029.1651,414.764,1051.9825,801.7534,1468.2689,666.5155,0.000459,0.111135,0.014343,0.00118192,0.034379,97,28.8299,60.6551,38579.7964,41.5839,2899,3879397,69.7145,93290.8444,0.7323,0.9439
flow_3590,0x10000e06,03,Video,34,auto,126.9331,1476.384,1191.4236,148565.1673,385.4415,1228.0263,662.0273,1466.384,804.3566,0.000509,0.129843,0.00979,0.0001399,0.011828,70,24.1656,49.1616,28791.485,22.8971,2338,2785548,102.1089,121654.9573,0.766,0.8597
flow_3602,0x10000e12,03,Video,34,auto,166.7999,1478.5493,1145.7907,179893.4705,424.1385,1185.6328,783.7523,1468.5493,684.797,0.000223,0.093247,0.013171,0.00038937,0.019733,84,27.0598,77.2671,31004.92,36.2202,2750,3150924,75.9246,86993.65,0.7965,0.886
flow_3614,0x10000e1e,03,Video,34,auto,229.8516,1498.3084,1298.3483,165059.7047,406.2754,1320.4576,841.2713,1480.0,638.7287,0.000185,0.109751,0.009304,0.00024004,0.015493,76,20.7017,89.7452,26877.9586,22.5302,2421,3143301,107.4558,139515.0863,0.7971,0.9045
flow_3626,0x10000e2a,03,Video,34,auto,208.1185,1481.3959,1281.9779,105536.2019,324.8634,1347.949,706.2018,1471.3959,765.1941,0.000823,0.076807,0.013539,0.00013269,0.011519,124,21.5624,88.9238,27642.5465,43.5228,3214,4120276,73.8464,94669.4127,0.8397,0.878
flow_3638,0x10000e36,03,Video,34,auto,236.3437,1482.8781,1079.9619,183357.8893,428.2031,1130.4504,750.7924,1472.8781,722.0856,0.000404,0.074599,0.004447,0.00120539,0.034719,208,20.0814,72.0025,21687.1733,22.6481,5092,5499165,224.8315,242809.412,0.8818,0.9413
flow_3650,0x10000e42,03,Video,34,auto,179.0672,1489.6603,1335.9506,148502.0836,385.3597,1412.3649,832.1746,1479.6603,647.4857,0.000477,0.113594,0.011526,0.00023218,0.015237,135,11.6359,74.3146,15544.9364,51.7563,4490,5998418,86.7528,115897.4028,0.7732,0.9423
flow_3662,0x10000e4e,03,Video,34,auto,239.9062,1494.8931,1250.9518,73606.3088,271.3048,1253.2554,678.854,1480.0,801.146,0.000532,0.117164,0.008071,0.00019152,0.013839,390,27.8416,45.4322,34828.4415,52.3692,6488,8116175,123.8896,154979.9024,0.9087,0.9126
flow_3674,0x10000e5a,03,Video,34,auto,234.9854,1492.5944,1191.416,65091.7706,255.1309,1194.6599,841.7174,1480.0,638.2826,0.000106,0.105842,0.005157,0.00123348,0.035121,103,22.3366,57.2689,26612.2287,16.0562,3113,3708877,193.8816,230993.6022,0.7403,0.9087
flow_3686,0x10000e66,03,Video,34,auto,235.1492,1469.9517,1257.8595,183753.9294,428.6653,1073.1959,835.0125,1459.9517,624.9392,0.000901,0.136735,0.009956,0.00041574,0.02039,248,15.1924,43.5844,19109.9635,45.5873,4578,5758480,100.4227,126317.6178,0.7712,0.9505
flow_3698,0x10000e72,03,Video,34,auto,156.283,1465.6012,1301.9586,156193.1127,395.2127,1281.5152,681.1038,1455.6012,774.4974,0.000377,0.074372,0.010861,0.00080245,0.028328,237,21.6324,88.644,28164.4874,44.9527,4138,5387504,92.0523,119848.3152,0.7249,0.8737
flow_3710,0x10000e7e,03,Video,34,auto,193.3818,1462.3691,1239.2445,145995.8187,382.094,1255.7331,880.2603,1452.3691,572.1088,0.000897,0.128623,0.009715,0.00101519,0.031862,64,25.7445,72.0532,31903.6988,19.1941,1975,2447507,102.896,127513.3134,0.7943,0.8876
flow_3722,0x10000e8a,03,Video,34,auto,176.6403,1478.504,1153.34,148197.0758,384.9637,1359.0987,854.089,1468.504,614.415,0.000584,0.094327,0.011437,0.00128242,0.035811,139,14.4496,51.8342,16665.2985,27.8776,2437,2810689,87.4177,100822.3543,0.8213,0.9797
flow_3734,0x10000e96,03,Video,34,auto,259.7944,1476.6744,1076.9067,89879.5348,299.7992,1128.1144,679.729,1466.6744,786.9453,0.000392,0.141955,0.007379,0.00126588,0.035579,129,13.2618,65.2224,14281.6734,17.145,2323,2501654,135.4911,145911.2802,0.9184,0.8765
flow_3746,0x10000ea2,03,Video,34,auto,131.0581,1487.4701,1179.6835,128561.0473,358.5541,1169.5901,898.7483,1477.4701,578.7217,0.000674,0.055938,0.003979,0.00120598,0.034727,169,13.9202,37.5712,16421.3971,20.6806,5197,6130815,251.2985,296452.6797,0.8294,0.9798
flow_3758,0x10000eae,03,Video,34,auto,193.1379,1498.8351,1347.3427,68131.3493,261.0198,1199.8427,657.5415,1480.0,822.4585,0.000291,0.121761,0.010168,0.00126768,0.035604,280,18.6538,42.6861,25133.0448,48.6304,4782,6442992,98.3335,132488.8695,0.7904,0.9549
flow_3770,0x10000eba,03,Video,34,auto,148.0531,1472.2937,1272.5983,176226.1411,419.793,1181.8945,794.5014,1462.2937,667.7923,0.00047,0.139494,0.007689,9.669e-05,0.009833,405,16.1392,39.0622,20538.6697,53.1809,6916,8801289,130.0467,165497.2212,0.7796,0.8887
flow_3782,0x10000ec6,03,Video,34,auto,252.1183,1495.6895,1064.1403,192376.2101,438.6071,1396.3582,728.9212,1480.0,751.0788,0.000882,0.102947,0.007439,0.00019032,0.013795,94,27.0078,70.1819,28740.0723,21.8804,2941,3129636,134.4126,143033.8057,0.7989,0.8786
flow_3794,0x10000ed2,03,Video,34,auto,213.6651,1470.18,1050.0664,86076.5375,293.388,1273.1611,737.5991,1460.18,722.581,0.000506,0.107444,0.003634,0.0002254,0.015013,291,16.8324,82.701,17675.1244,35.3536,9729,10216095,275.191,288968.7447,0.8157,0.9386
flow_3806,0x10000ede,03,Video,34,auto,120.5167,1494.5207,1055.1862,113781.4192,337.315,1179.8451,850.0091,1480.0,629.9909,0.000178,0.109991,0.011103,0.00021676,0.014723,170,14.9045,65.6567,15726.9849,52.4862,4727,4987865,90.0617,95031.9067,0.8262,0.9523
flow_3818,0x10000eea,03,Video,34,auto,180.6574,1486.2681,1240.7776,177972.2972,421.8676,1160.714,746.25,1476.2681,730.0181,0.000494,0.141667,0.003347,0.00041603,0.020397,400,16.5809,40.686,20573.2484,31.488,9408,11673235,298.7805,370720.1138,0.8407,0.8775
flow_3830,0x10000ef6,03,Video,34,auto,192.9823,1492.1804,978.8884,150519.2329,387.9681,1312.3665,876.9666,1480.0,603.0334,0.000566,0.10503,0.007925,0.00082142,0.02866,161,26.0525,69.8995,25502.4668,28.4661,3591,3515188,126.1501,123486.8968,0.8573,0.971
flow_3842,0x10000f02,03,Video,34,auto,167.6903,1466.9602,1294.0406,89264.6983,298.772,1238.9969,769.6174,1456.9602,687.3427,0.00086,0.119838,0.005837,0.00044911,0.021192,258,20.3115,47.3611,26283.8595,30.7799,5273,6823475,171.3132,221686.2633,0.7511,0.8556
flow_3854,0x10000f0e,03,Video,34,auto,125.8749,1478.5327,1016.471,147187.0235,383.6496,1223.0251,731.7893,1468.5327,736.7434,0.000244,0.077934,0.012592,0.00031068,0.017626,229,17.2486,44.6238,17532.7346,57.7138,4583,4658486,79.4091,80717.0117,0.8495,0.886
flow_3866,0x10000f1a,03,Video,34,auto,232.0532,1463.1768,909.1454,83059.6315,288.2007,1277.3223,842.3518,1453.1768,610.8249,0.000946,0.080263,0.008468,0.00045012,0.021216,162,28.5518,77.0472,25957.7798,38.3184,4525,4113883,118.0896,107360.6047,0.7437,0.9495
flow_3878,0x10000f26,03,Video,34,auto,257.7577,1463.587,1045.1817,84094.6029,289.9907,1305.7064,755.2611,1453.587,698.3259,0.000531,0.073456,0.014495,0.00010639,0.010315,121,14.7619,63.8794,15428.8402,45.7523,3156,3298593,68.9801,72096.7213,0.8757,0.9767
flow_3890,0x10000f32,03,Video,34,auto,241.4879,1498.3197,1341.62,98855.6372,314.4132,1204.4608,836.7483,1480.0,643.2517,0.000358,0.090795,0.006003,0.000333,0.018248,538,10.5204,35.2027,14114.4209,49.0531,8170,10961035,166.5542,223452.3863,0.8479,0.8977
flow_3902,0x10000f3e,03,Video,34,auto,124.8401,1466.5498,1132.5687,96971.4642,311.4024,1122.806,825.2773,1456.5498,631.2725,0.000418,0.12555,0.009878,0.00056692,0.02381,81,17.742,78.8016,20094.006,19.3136,1955,2214171,101.2242,114643.2738,0.7573,0.9783
flow_3914,0x10000f4a,03,Video,34,auto,133.4863,1493.6251,1061.9325,127652.6149,357.2851,1363.4766,698.0745,1480.0,781.9255,0.000119,0.101553,0.004091,0.0008585,0.0293,395,20.2017,77.9717,21452.8693,45.9037,11220,11914882,244.4248,259562.6413,0.838,0.957
flow_3926,0x10000f56,03,Video,34,auto,129.1167,1496.9773,934.0791,200816.0414,448.125,1428.4256,704.8613,1480.0,775.1387,0.000385,0.12182,0.005372,0.00064259,0.025349,130,15.6475,42.6543,14616.0339,21.8754,4072,3803570,186.1452,173874.342,0.7884,0.8526
flow_3938,0x10000f62,03,Video,34,auto,234.197,1467.5794,1335.7616,160800.7585,400.9997,1072.9499,884.6254,1457.5794,572.9539,0.000795,0.050376,0.008443,0.00025341,0.015919,52,13.2094,60.9766,17644.6014,13.4591,1594,2129203,118.433,158198.208,0.825,0.9792
flow_3950,0x10000f6e,03,Video,34,auto,236.4143,1463.951,1280.9456,198589.2852,445.6336,1072.2592,759.9954,1453.951,693.9555,0.000426,0.140552,0.013622,0.00014858,0.012189,40,28.9918,68.1108,37136.9796,16.4223,1205,1543539,73.3757,93990.2039,0.8958,0.9539
flow_3962,0x10000f7a,03,Video,34,auto,121.4301,1471.551,1201.8978,131439.5089,362.5459,1241.5802,846.0547,1461.551,615.4963,0.000849,0.104088,0.0132,0.00017533,0.013241,154,27.8857,80.7822,33515.8153,53.8111,4076,4898935,75.7465,91039.5309,0.7852,0.9336
flow_3974,0x10000f86,03,Video,34,auto,165.9582,1491.3951,980.3918,158536.0716,398.1659,1086.4898,887.9962,1480.0,592.0038,0.000174,0.106371,0.011274,0.00081847,0.028609,55,24.4822,46.8628,24002.1426,13.4382,1192,1168627,88.7026,86963.2579,0.8594,0.9216
flow_3986,0x10000f92,03,Video,34,auto,215.2124,1463.9711,1121.1277,94723.9795,307.7726,1374.5001,809.6438,1453.9711,644.3274,0.000806,0.108647,0.013956,0.00012229,0.011059,58,25.9427,66.2604,29085.0822,26.468,1896,2125658,71.6336,80310.4297,0.9144,0.9538
flow_3998,0x10000f9e,03,Video,34,auto,170.7879,1461.4034,1276.4753,99035.5357,314.6991,1377.2206,778.7426,1451.4034,672.6608,0.000517,0.133484,0.01306,0.00091162,0.030193,119,11.5136,79.4795,14696.8874,53.419,4090,5220784,76.5645,97732.6715,0.8532,0.941
flow_4010,0x10000faa,03,Web,0,auto,87.1518,1447.6224,459.6812,200450.7449,447.7173,358.3491,158.5444,1326.849,1168.3046,0.001019,1.774297,0.078045,0.09501066,0.308238,12,6.7235,24.7897,3090.6617,10.1588,130,59758,12.7968,5882.391,0.3002,0.3746
flow_4022,0x10000fb6,03,Web,0,auto,110.2453,1479.8001,541.0264,225367.5352,474.7289,296.2455,119.4726,1205.1679,1085.6953,0.004045,1.687735,0.126555,0.17756489,0.421384,16,4.2334,13.2154,2290.374,26.6563,210,113615,7.8781,4262.2231,0.3284,0.3533
flow_4034,0x10000fc2,03,Web,0,auto,94.3296,1484.5866,842.5608,131515.7559,362.651,647.2581,149.9761,1225.2048,1075.2287,0.001789,0.623389,0.144262,0.10897947,0.33012,28,7.6133,24.5719,6414.6772,28.2313,195,164299,6.9072,5819.7527,0.3595,0.165
flow_4046,0x10000fce,03,Web,0,auto,112.4261,1444.0394,522.3058,243512.5723,493.4699,422.7516,192.3408,1196.8415,1004.5007,0.004922,2.489401,0.144848,0.09211504,0.303505,12,4.6009,21.7466,2403.0862,21.7697,150,78345,6.8903,3598.8125,0.47,0.3526
flow_4058,0x10000fda,03,Web,0,auto,98.2549,1461.4806,506.056,199002.5009,446.097,404.6372,129.8442,1281.3244,1151.4801,0.003891,3.471154,0.163912,0.00748549,0.086519,6,6.0482,29.4587,3060.7296,10.4013,63,31881,6.057,3065.1086,0.4429,0.2575
flow_4070,0x10000fe6,03,Web,0,auto,121.7085,1483.8563,667.3264,106179.9616,325.8527,638.4224,119.6137,1314.5666,1194.9529,0.003188,1.271587,0.103915,0.0873038,0.295472,21,3.6907,29.4209,2462.9149,26.3606,253,168833,9.5977,6404.7579,0.424,0.3234
flow_4082,0x10000ff2,03,Web,0,auto,86.013,1483.8408,549.7443,106802.0284,326.8058,330.6338,110.5043,1151.1184,1040.6141,0.003117,2.052623,0.102762,0.12766081,0.357297,4,8.9442,30.8946,4917.0232,6.4612,62,34084,9.5957,5275.1545,0.333,0.3484
flow_4094,0x10000ffe,03,Web,0,auto,125.0118,1495.9184,798.4778,163316.9414,404.1249,306.0151,140.0547,1256.8973,1116.8426,0.00117,2.99876,0.163996,0.09957364,0.315553,16,8.8789,20.7236,7089.6202,22.8247,139,110988,6.0899,4862.6279,0.3212,0.3698
flow_4106,0x1000100a,03,Web,0,auto,117.0337,1484.0916,795.6176,122596.0511,350.1372,273.443,162.523,1246.6421,1084.1191,0.003503,1.140224,0.155586,0.06034919,0.245661,24,3.773,19.1589,3001.8553,25.6419,164,130481,6.3958,5088.5847,0.3652,0.2317
flow_4118,0x10001016,03,Web,0,auto,115.4892,1456.8961,524.6625,247994.9904,497.991,391.9186,156.2967,1147.4156,991.1188,0.001704,1.601889,0.07509,0.02704305,0.164448,34,8.6932,23.6766,4561.0167,17.8159,237,124345,13.3028,6979.455,0.2887,0.1773
flow_4130,0x10001022,03,Web,0,auto,108.5617,1449.0613,847.0809,251349.7185,501.3479,457.9062,169.9429,1159.6184,989.6755,0.001081,0.481754,0.119357,0.02061572,0.143582,19,8.7926,27.4366,7448.0326,26.7283,223,188899,8.3432,7067.3869,0.3927,0.2099
flow_4142,0x1000102e,03,Web,0,auto,93.9757,1472.3058,548.1664,135412.5661,367.9845,632.0819,174.8611,1329.7001,1154.8389,0.003044,1.717568,0.093607,0.01741359,0.131961,32,6.2925,24.5989,3449.3634,34.2145,365,200080,10.668,5847.8087,0.4794,0.1851
flow_4154,0x1000103a,03,Web,0,auto,98.0748,1459.5015,543.9533,174134.1833,417.2939,487.9752,171.5409,1196.9347,1025.3938,0.003597,2.28513,0.13849,0.1890671,0.434818,18,7.409,17.6274,4030.1646,32.1266,231,125653,7.1903,3911.1848,0.3094,0.3007
flow_4166,0x10001046,03,Web,0,auto,85.4465,1462.7833,829.508,102550.6236,320.2353,638.4989,135.9083,1163.3197,1027.4114,0.004302,1.85472,0.05479,0.10801504,0.328656,57,7.4296,14.1428,6162.945,28.5632,521,432173,18.2402,15130.3897,0.2864,0.1769
flow_4178,0x10001052,03,Web,0,auto,89.4255,1477.952,762.5219,141988.5984,376.8137,453.9379,109.8895,1334.5598,1224.6703,0.003651,1.727943,0.124735,0.18888421,0.434608,20,5.9899,15.6382,4567.4573,22.2956,178,135728,7.9836,6087.6655,0.462,0.2632
flow_4190,0x1000105e,03,Web,0,auto,101.7096,1442.6447,525.0027,204693.8616,452.4311,515.9012,154.2029,1250.632,1096.4291,0.003535,2.636575,0.06826,0.02504544,0.158258,9,5.5526,30.7308,2915.1299,7.0502,103,54075,14.6096,7670.0447,0.3471,0.2669
flow_4202,0x1000106a,03,Web,0,auto,100.8704,1446.4264,773.5523,217901.3057,466.799,427.7532,119.0739,1319.2791,1200.2053,0.002317,1.911471,0.075774,0.05647495,0.237645,55,5.6323,22.1523,4356.9013,32.4373,428,331080,13.1947,10206.7539,0.3368,0.3719
flow_4214,0x10001076,03,Web,0,auto,127.3074,1483.6404,771.4627,175149.8512,418.5091,395.6379,172.4473,1393.7215,1221.2741,0.001104,2.251129,0.074638,0.05240104,0.228913,43,3.5576,13.3766,2744.5314,22.6589,303,233753,13.3722,10316.172,0.2851,0.1317
flow_4226,0x10001082,03,Web,0,auto,123.6023,1493.9267,835.4154,245414.0596,495.3928,577.2608,103.213,1267.1747,1163.9617,0.002569,0.594415,0.05271,0.05770077,0.24021,69,7.7514,16.2458,6475.6615,33.4214,634,529653,18.9699,15847.7108,0.3272,0.3392
flow_4238,0x1000108e,03,Web,0,auto,82.527,1461.7163,724.5948,123943.4797,352.0561,585.5443,139.7301,1214.304,1074.574,0.004796,0.85508,0.101091,0.07349154,0.271093,11,6.4285,30.4436,4658.0498,8.8081,87,63039,9.8772,7156.9061,0.374,0.2652
flow_4250,0x1000109a,03,Web,0,auto,87.8645,1451.7036,827.9596,162056.6958,402.5627,263.0984,139.1132,1283.2473,1144.134,0.003473,0.691986,0.076564,0.12471725,0.353153,46,3.973,29.4959,3289.471,34.6027,451,373409,13.0337,10791.3391,0.3675,0.3108
flow_4262,0x100010a6,03,Web,0,auto,105.4091,1495.4715,523.0359,223656.0798,472.9229,559.308,159.2433,1218.9887,1059.7453,0.002124,2.394904,0.085191,0.01695609,0.130216,29,5.1371,12.1587,2686.9036,30.7285,360,188292,11.7155,6127.6037,0.3276,0.2672
flow_4274,0x100010b2,03,Web,0,auto,94.9353,1473.1365,590.2143,212655.4368,461.1458,613.5102,116.4849,1244.5282,1128.0433,0.002795,3.21408,0.164021,0.16064489,0.400805,12,8.9833,14.6037,5302.0636,27.6331,168,99156,6.0797,3588.3029,0.4624,0.2636
flow_4286,0x100010be,03,Web,0,auto,98.993,1496.3525,532.2916,214474.4785,463.1139,322.6758,104.4767,1286.3981,1181.9214,0.004373,1.423545,0.116032,0.09896826,0.314592,20,8.4328,15.659,4488.6936,25.3941,218,116039,8.5847,4569.533,0.4283,0.3662
flow_4298,0x100010ca,03,Web,0,auto,116.1164,1479.335,781.4268,233245.3912,482.9549,491.9454,149.1097,1345.5747,1196.465,0.004055,1.007738,0.110665,0.09058746,0.300978,33,5.0042,15.8307,3910.3876,34.002,307,239898,9.0289,7055.4011,0.4664,0.2629
flow_4310,0x100010d6,03,Web,0,auto,84.7664,1466.2942,667.4911,228195.8533,477.6985,312.4578,164.992,1360.5421,1195.5501,0.004795,3.448447,0.169813,0.04437491,0.210654,7,4.6732,30.5613,3119.331,11.7059,68,45389,5.809,3877.4495,0.372,0.2006
flow_4322,0x100010e2,03,Web,0,auto,115.3942,1441.4105,474.6119,217428.9763,466.2928,559.3266,181.9467,1187.7958,1005.849,0.004224,3.475647,0.120658,0.0920946,0.303471,15,3.5433,16.3012,1681.692,13.0821,108,51258,8.2556,3918.1896,0.3104,0.2923
flow_4334,0x100010ee,03,Web,0,auto,95.4766,1489.2474,645.1855,219223.7564,468.2134,514.5327,195.1304,1178.0064,982.876,0.004123,0.981633,0.16072,0.16371093,0.404612,23,4.307,28.865,2778.7825,29.7055,184,118714,6.1941,3996.3686,0.3979,0.2365
flow_4346,0x100010fa,03,Web,0,auto,106.2644,1473.39,755.4497,195200.4244,441.8149,279.4224,127.7508,1253.9681,1126.2173,0.00166,3.052939,0.148725,0.13076005,0.361608,17,8.1086,19.0557,6125.6186,19.562,131,98963,6.6967,5058.9536,0.3917,0.1962
flow_4358,0x10001106,03,Web,0,auto,83.1874,1468.3385,666.5525,117895.4929,343.3591,528.099,134.5723,1269.303,1134.7307,0.003548,1.510442,0.142968,0.104871,0.323838,8,3.7466,29.394,2497.3228,7.6702,53,35327,6.9099,4605.7497,0.3498,0.258
flow_4370,0x10001112,03,Web,0,auto,91.5797,1462.3333,634.4611,224509.7554,473.8246,432.1078,121.1084,1368.7651,1247.6567,0.001251,2.382093,0.082771,0.06885702,0.262406,39,7.1992,25.0328,4567.6003,34.0373,411,260763,12.075,7661.1032,0.4237,0.2354
flow_4382,0x1000111e,03,Web,0,auto,83.8221,1476.0492,661.2063,215430.8837,464.1453,499.7178,149.2132,1229.5509,1080.3377,0.002273,0.524332,0.050948,0.08686915,0.294736,82,5.8916,30.9898,3895.5918,22.8104,447,295559,19.5963,12957.1998,0.3176,0.3197
flow_4394,0x1000112a,03,Web,0,auto,90.243,1444.2439,674.4207,188161.7621,433.7762,335.869,179.0809,1170.8898,991.8089,0.004888,2.60585,0.124798,0.10504192,0.324102,5,8.2674,30.4324,5575.696,6.1895,49,33046,7.9167,5339.0685,0.3183,0.3536
flow_4406,0x10001136,03,Web,0,auto,114.0775,1442.506,640.2001,245438.3999,495.4174,273.8725,167.4715,1265.4508,1097.9793,0.003877,3.163029,0.164366,0.14907931,0.386108,16,7.4523,27.0723,4770.9852,18.5477,112,71702,6.0385,3865.8063,0.3097,0.3126
flow_4418,0x10001142,03,Web,0,auto,120.2916,1461.3875,575.7466,248538.1992,498.5361,598.6112,173.6585,1296.3858,1122.7273,0.002456,2.775539,0.149967,0.07199425,0.268317,18,6.684,22.417,3848.2803,17.2497,115,66210,6.6668,3838.323,0.4074,0.1235
flow_4430,0x1000114e,03,Web,0,auto,106.3328,1475.5466,640.8035,232999.6726,482.7004,252.0028,136.2553,1310.0637,1173.8084,0.001193,3.254905,0.093045,0.09073869,0.301229,6,4.6358,18.7158,2970.6561,6.2744,67,42933,10.6784,6842.5983,0.4676,0.3067
flow_4442,0x1000115a,03,Web,0,auto,98.4921,1445.3597,768.2262,107439.1114,327.7791,545.5967,136.3119,1242.8902,1106.5783,0.00308,1.161457,0.133537,0.03422337,0.184996,9,8.0919,20.3253,6216.4045,10.2314,76,58385,7.4281,5706.4253,0.4727,0.1297
flow_4454,0x10001166,03,Web,0,auto,101.3554,1494.7692,505.8455,207008.0246,454.9813,372.9976,110.5951,1285.1152,1174.5201,0.003174,2.15859,0.143259,0.06664139,0.25815,10,7.4791,22.5391,3783.2525,17.0471,118,59689,6.922,3501.4169,0.404,0.2522
flow_4466,0x10001172,03,Web,0,auto,103.5389,1477.149,608.0328,137313.2802,370.5581,434.1609,179.0768,1345.2897,1166.2129,0.001025,0.53942,0.168418,0.02731065,0.165259,17,5.3399,27.2241,3246.8348,17.7833,105,63843,5.9044,3590.0594,0.2906,0.2366
flow_4478,0x1000117e,03,Web,0,auto,108.2734,1451.9468,708.791,138488.7532,372.1408,346.8351,159.0819,1277.1976,1118.1157,0.004395,1.014793,0.178172,0.04725408,0.21738,29,8.7399,31.2819,6194.7824,34.1294,191,135379,5.5964,3966.6404,0.3381,0.1728
flow_4490,0x1000118a,03,Web,0,auto,125.8386,1480.1879,714.7911,133916.2921,365.9458,546.9075,162.1517,1202.922,1040.7704,0.004866,1.907234,0.141271,0.10787806,0.328448,4,6.8384,31.9983,4888.0263,6.3054,44,31450,6.9781,4987.7522,0.3109,0.2973
flow_4502,0x10001196,03,Web,0,auto,80.6961,1476.8303,487.7981,208070.1554,456.1471,537.5137,198.6061,1166.3492,967.7432,0.003626,1.347914,0.08262,0.15863877,0.398295,51,6.7906,26.8039,3312.4633,31.822,385,187802,12.0986,5901.6466,0.3479,0.16
flow_4514,0x100011a2,03,Web,0,auto,80.2078,1486.7227,556.5942,106824.9082,326.8408,390.6621,135.7868,1315.8629,1180.076,0.002465,1.332931,0.041139,0.13737588,0.370643,24,4.8548,31.1014,2702.1533,8.1214,197,109649,24.2569,13501.2409,0.4013,0.1276
flow_4526,0x100011ae,03,Web,0,auto,86.9421,1474.1816,576.094,116217.7323,340.9072,490.1844,153.8134,1163.0875,1009.2741,0.004867,2.843836,0.126417,0.18531807,0.430486,23,8.7974,24.8403,5068.1489,27.6591,218,125588,7.8817,4540.5721,0.3073,0.1456
flow_4538,0x100011ba,03,Web,0,auto,112.9354,1458.5318,824.4359,126246.7996,355.3123,311.8651,136.9459,1249.5082,1112.5623,0.002864,2.544232,0.067844,0.0749364,0.273745,23,7.9286,29.5903,6536.6083,20.5677,303,249804,14.7318,12145.4482,0.4551,0.1461
flow_4550,0x100011c6,03,Web,0,auto,80.8548,1487.3371,470.6709,253095.4722,503.0859,482.9837,125.4408,1128.6016,1003.1608,0.003948,0.81262,0.105211,0.00802377,0.089575,25,4.3692,24.7725,2056.4359,32.4892,308,144966,9.4801,4461.9774,0.3755,0.1426
flow_4562,0x100011d2,03,Web,0,auto,93.1272,1482.9013,552.2833,167286.318,409.0065,414.0208,181.6679,1205.6357,1023.9678,0.004653,0.722182,0.072873,0.02863428,0.169217,17,5.6425,21.1545,3116.2314,13.4165,184,101620,13.7144,7574.2482,0.4778,0.3345
flow_4574,0x100011de,03,Web,0,auto,102.4749,1497.657,504.8941,208447.2961,456.5603,538.2252,184.8486,1353.986,1169.1374,0.002617,2.717244,0.094829,0.17023867,0.4126,51,4.5366,30.083,2290.5029,26.4434,278,140360,10.513,5307.9385,0.3927,0.322
flow_4586,0x100011ea,03,Web,0,auto,129.4288,1479.3966,697.3348,223641.8851,472.9079,451.8592,191.7418,1289.8855,1098.1438,0.004604,1.910189,0.072241,0.15469887,0.393318,11,8.5347,19.6209,5951.5311,11.224,155,108086,13.8097,9629.9235,0.4528,0.3565
flow_4598,0x100011f6,03,Web,0,auto,101.0173,1451.7931,512.3664,208169.2484,456.2557,546.207,148.5934,1235.1345,1086.541,0.002452,3.340231,0.079249,0.02566469,0.160202,41,4.2186,27.9683,2161.4455,33.3981,421,215706,12.6055,6458.6227,0.4035,0.3288
flow_4610,0x10001202,03,Web,0,auto,108.3724,1457.8604,534.2479,196822.6478,443.647,540.1343,171.2611,1351.5426,1180.2816,0.003861,1.585589,0.177088,0.18905154,0.434801,7,8.9072,26.8709,4758.6569,19.1059,107,57164,5.6004,2991.9572,0.4415,0.1497
flow_4622,0x1000120e,03,Web,0,auto,101.1366,1493.3688,734.949,106561.3645,326.4374,414.8078,142.978,1356.8429,1213.8649,0.004531,2.085047,0.055717,0.09421373,0.306943,39,8.9138,31.9165,6551.171,19.3524,347,255027,17.9305,13178.0234,0.3619,0.363
flow_4634,0x1000121a,03,Web,0,auto,85.0476,1459.9814,681.9325,107700.8911,328.1781,460.0117,146.3806,1357.4262,1211.0456,0.001464,0.581229,0.060599,0.06667285,0.258211,14,7.8638,23.11,5362.5822,9.0444,149,101607,16.4743,11234.2396,0.3517,0.2361
flow_4646,0x10001226,03,Web,0,auto,124.3164,1461.5871,613.4705,144817.9092,380.5495,369.6059,108.7493,1291.9615,1183.2122,0.004072,1.456333,0.110248,0.00813833,0.090213,27,4.3128,12.2225,2645.7451,24.2692,220,134963,9.065,5561.0822,0.3654,0.2941
flow_4658,0x10001232,03,Web,0,auto,113.003,1489.4505,579.5943,177427.0218,421.2209,560.4573,135.3989,1266.6127,1131.2138,0.003244,1.200998,0.114624,0.02935214,0.171325,7,8.2411,28.0532,4776.4941,10.3094,89,51583,8.6329,5003.4784,0.4036,0.1394
flow_4670,0x1000123e,03,Web,0,auto,129.7739,1490.6175,550.3826,213949.7865,462.5471,351.7941,151.232,1142.1601,990.9281,0.002155,3.470478,0.103716,0.12690466,0.356237,35,7.0985,20.3828,3906.864,18.7119,180,99068,9.6195,5294.382,0.3323,0.1709
flow_4682,0x1000124a,03,Web,0,auto,121.7748,1445.1769,831.8097,149184.3832,386.2439,383.4039,169.912,1208.2817,1038.3697,0.002083,0.893982,0.086471,0.19449201,0.441012,8,6.6587,25.4949,5538.7948,9.8026,113,93994,11.5276,9588.6903,0.4391,0.1315
flow_4694,0x10001256,03,Web,0,auto,122.4727,1457.8044,644.9939,113679.4543,337.1638,436.5909,122.9475,1194.7307,1071.7831,0.003265,3.413641,0.07154,0.04312686,0.20767,18,4.9717,15.8444,3206.7,12.9538,181,116743,13.9727,9012.2438,0.4104,0.1657
flow_4706,0x10001262,03,Web,0,auto,92.5787,1486.1331,716.2976,192466.7644,438.7103,463.7201,125.7318,1296.3875,1170.6558,0.004177,1.616966,0.089139,0.18376641,0.42868,58,5.0223,29.0459,3597.4878,29.2382,328,234945,11.2182,8035.5398,0.4309,0.1704
flow_4718,0x1000126e,03,Web,0,auto,96.3173,1449.4844,541.9358,188733.8202,434.4351,485.0764,128.6743,1163.0841,1034.4098,0.002373,0.6724,0.11411,0.14886071,0.385825,40,5.0004,21.4291,2709.8752,24.2641,212,114890,8.7372,4734.9693,0.462,0.1643
flow_4730,0x1000127a,03,Web,0,auto,104.116,1480.3774,552.6691,215883.5048,464.6327,625.9927,195.6625,1339.2012,1143.5387,0.002601,0.968991,0.077226,0.1299373,0.360468,24,5.0064,18.419,2766.8737,14.21,184,101691,12.9486,7156.277,0.389,0.3009
flow_4742,0x10001286,03,Web,0,auto,116.6994,1452.7086,542.7784,103395.7905,321.5522,454.3206,139.6102,1350.0089,1210.3987,0.001415,3.494533,0.047758,0.02636201,0.162364,17,5.0604,12.4655,2746.6812,10.0578,210,113983,20.8794,11332.8235,0.3861,0.1821
flow_4754,0x10001292,03,Web,0,auto,97.2987,1441.366,452.3488,126856.3549,356.169,520.781,123.3385,1370.0682,1246.7298,0.003211,1.791612,0.099297,0.06091966,0.246819,13,3.5762,20.3069,1617.6817,12.0918,121,54734,10.0068,4526.543,0.3564,0.1311
flow_4766,0x1000129e,03,Web,0,auto,94.1465,1495.5036,801.2104,103971.2798,322.4458,524.5891,154.0197,1252.1843,1098.1645,0.00145,2.068417,0.143181,0.00759768,0.087165,11,4.3171,31.7684,3458.8786,18.2918,127,101753,6.943,5562.7772,0.4176,0.2979
flow_4778,0x100012aa,03,Web,0,auto,124.3852,1459.4326,694.2355,220171.8904,469.2248,506.1669,101.373,1257.4173,1156.0443,0.00306,2.909381,0.152565,0.10617432,0.325844,6,8.3733,15.2583,5813.0228,10.4967,68,47208,6.4783,4497.4332,0.4515,0.1415
flow_4790,0x100012b6,03,Web,0,auto,90.3085,1484.0265,692.9761,111011.68,333.1842,450.2076,126.983,1366.626,1239.643,0.002802,0.845286,0.133218,0.03215869,0.179328,47,4.2219,31.8577,2925.6487,33.8213,253,175322,7.4805,5183.7799,0.4696,0.1359
flow_4802,0x100012c2,03,Web,0,auto,81.0065,1487.3806,611.1507,156862.6806,396.0589,415.0457,134.9603,1132.4731,997.5129,0.003838,2.002957,0.095589,0.07809915,0.279462,28,4.3542,27.9947,2661.0431,19.8996,208,127119,10.4525,6388.0231,0.4229,0.17
flow_4814,0x100012ce,03,Web,0,auto,110.3645,1465.7808,790.5074,266364.5388,516.1052,427.3261,101.4364,1393.1172,1291.6807,0.002684,1.956899,0.127748,0.13213752,0.363507,29,6.9226,20.9834,5472.3454,19.9477,156,123319,7.8205,6182.1199,0.3883,0.1914
flow_4826,0x100012da,03,Web,0,auto,97.7696,1477.6478,456.8474,103350.7706,321.4821,302.3246,150.7052,1199.8855,1049.1803,0.002773,1.349559,0.13613,0.03732205,0.193189,7,8.8081,23.232,4023.9579,11.9657,87,39745,7.2708,3321.5704,0.2915,0.3284
flow_4838,0x100012e6,03,Web,0,auto,123.9589,1480.8758,783.19,113958.4159,337.5773,462.0818,181.3771,1259.2722,1077.8951,0.002222,1.490703,0.049231,0.16601618,0.407451,40,4.3953,16.674,3442.3206,26.1963,532,416657,20.3082,15905.1671,0.3887,0.1441
flow_4850,0x100012f2,03,Web,0,auto,91.5971,1463.9634,641.3293,140140.3784,374.3533,626.0752,127.8269,1308.367,1180.5401,0.002313,1.883497,0.138829,0.1320533,0.363391,9,7.0109,12.7004,4496.2807,12.7934,92,59002,7.1912,4611.9006,0.4316,0.2826
flow_4862,0x100012fe,03,Web,0,auto,100.4415,1453.7785,806.0536,105877.4952,325.3882,443.2956,194.9044,1396.0104,1201.1061,0.002299,2.354767,0.152646,0.02736008,0.165409,10,8.4157,29.7064,6783.5093,22.087,144,116071,6.5197,5255.1838,0.4017,0.282
flow_4874,0x1000130a,03,Web,0,auto,121.9592,1455.0755,717.2645,215673.8683,464.407,447.6611,158.8285,1352.9386,1194.11,0.002961,1.815897,0.143695,0.1860554,0.431341,21,6.5007,24.5287,4662.6858,32.7588,227,162819,6.9294,4970.2332,0.2914,0.3514
flow_4886,0x10001316,03,Web,0,auto,112.2646,1441.8992,755.189,186463.1155,431.8138,469.5656,122.2527,1207.4746,1085.2218,0.001204,1.475163,0.078226,0.13736432,0.370627,19,7.9037,23.7246,5968.8031,9.9132,126,95153,12.7103,9598.6087,0.4096,0.1536
flow_4898,0x10001322,03,Web,0,auto,111.809,1441.1781,682.7798,225732.6694,475.1133,583.1995,187.7468,1251.5293,1063.7826,0.003346,1.386016,0.173494,0.09937388,0.315236,5,7.0041,25.6904,4782.258,13.4283,77,52574,5.7342,3915.1688,0.3053,0.1254
flow_4910,0x1000132e,03,Web,0,auto,126.7701,1472.2036,763.7645,230347.0566,479.9448,392.4981,146.1471,1370.9372,1224.79,0.003032,1.332939,0.057904,0.05761996,0.240042,34,7.647,31.5551,5840.5305,19.0445,328,250514,17.2228,13154.1249,0.3579,0.3306
flow_4922,0x1000133a,03,Web,0,auto,106.5726,1482.4885,645.5355,103233.0452,321.299,562.4689,145.1703,1389.2188,1244.0485,0.001114,3.092848,0.059146,0.01248677,0.111744,45,7.1058,24.127,4587.0409,17.7612,300,193660,16.8908,10903.5566,0.4473,0.341
flow_4934,0x10001346,03,Web,0,auto,85.5256,1450.165,596.5315,164606.41,405.7172,402.8903,115.2371,1184.0108,1068.7737,0.002777,0.660764,0.047025,0.14049874,0.374832,32,4.0513,15.6914,2416.7095,11.7937,250,149132,21.1978,12645.0819,0.4473,0.3602
flow_4946,0x10001352,03,Web,0,auto,107.2399,1487.3359,540.9497,210446.5065,458.7445,373.2827,117.2168,1246.1996,1128.9829,0.001123,1.303495,0.071372,0.07070699,0.265908,25,4.1686,20.8235,2255.0179,20.3868,285,154170,13.9797,7562.2587,0.289,0.3282
flow_4958,0x1000135e,03,Web,0,auto,114.3774,1473.0564,823.7292,228286.9839,477.7939,513.8374,160.518,1399.5376,1239.0196,0.003008,0.415437,0.143943,0.07572127,0.275175,23,4.3939,25.1192,3619.4221,30.4405,211,173806,6.9315,5709.6907,0.463,0.1435
flow_4970,0x1000136a,03,Web,0,auto,94.061,1456.9607,468.4568,121961.6586,349.2301,493.4137,103.8179,1242.1827,1138.3648,0.003382,1.164431,0.179317,0.06263495,0.25027,22,3.6877,13.4638,1727.5478,27.8654,155,72610,5.5624,2605.7377,0.3385,0.199
flow_4982,0x10001376,03,Web,0,auto,101.3149,1465.7934,662.6842,155125.7032,393.86,463.3314,162.8038,1190.9657,1028.1619,0.003491,1.042329,0.076482,0.01212536,0.110115,45,5.1044,25.4194,3382.6319,30.9459,404,267724,13.055,8651.3439,0.3526,0.2488
flow_4994,0x10001382,03,Web,0,auto,87.8517,1467.6133,565.4532,267226.2824,516.9393,361.2016,183.4485,1355.872,1172.4235,0.001863,1.103129,0.139752,0.19078006,0.436784,18,3.6686,27.7944,2074.4462,21.3938,153,86514,7.1516,4043.8911,0.3311,0.1717
flow_5006,0x1000138e,03,Web,0,auto,113.4311,1488.9232,469.723,123896.6991,351.9896,313.0832,115.7406,1126.1754,1010.4348,0.00468,1.480146,0.055914,0.1191436,0.345172,43,8.6079,28.9507,4043.3296,16.6329,297,139507,17.8562,8387.4321,0.3984,0.2494
flow_5018,0x1000139a,03,Web,0,auto,87.9501,1469.3826,583.5634,251618.9499,501.6163,255.5198,160.345,1351.4241,1191.079,0.001182,2.188215,0.115906,0.01044509,0.102201,26,5.94,13.0674,3466.3607,26.4295,228,133052,8.6267,5034.2168,0.3586,0.1463
flow_5030,0x100013a6,03,Web,0,auto,117.4317,1482.0859,572.1185,229112.176,478.6566,322.7311,196.6446,1380.0768,1183.4322,0.003643,1.460493,0.099218,0.13181981,0.36307,15,5.9302,27.6547,3392.7556,12.0244,121,69226,10.0628,5757.1084,0.3089,0.1501
flow_5042,0x100013b2,03,Web,0,auto,111.6542,1497.6237,578.7511,167087.9746,408.764,271.5798,162.9528,1212.6202,1049.6674,0.001479,2.321335,0.135203,0.01614211,0.127052,13,6.4782,27.9315,3749.2594,23.3849,172,99545,7.3552,4256.8088,0.3785,0.1804
flow_5054,0x100013be,03,Web,0,auto,126.1992,1497.408,745.557,136634.6256,369.6412,289.6284,105.4557,1114.5036,1009.0479,0.004891,0.940827,0.142353,0.03888905,0.197203,15,4.9472,18.761,3688.4378,28.177,197,146874,6.9915,5212.5494,0.379,0.1335
flow_5066,0x100013ca,03,Web,0,auto,93.9927,1498.2045,476.5625,244893.2193,494.8669,270.696,164.4769,1206.2147,1041.7378,0.003717,2.452947,0.080363,0.04471991,0.211471,67,5.5512,15.8981,2645.5059,27.6054,343,163460,12.4251,5921.303,0.3794,0.1749
flow_5078,0x100013d6,03,Web,0,auto,102.3352,1440.9869,650.9787,176945.2534,420.6486,553.5288,156.9471,1185.3363,1028.3892,0.001908,2.796535,0.110896,0.01405003,0.118533,30,5.0299,14.2761,3274.3838,29.1687,263,171207,9.0165,5869.5418,0.3188,0.1336
flow_5090,0x100013e2,03,Web,0,auto,88.7377,1472.8379,463.9283,174281.0389,417.4698,633.4914,164.8682,1251.8246,1086.9564,0.001785,1.824293,0.117029,0.07117993,0.266796,13,4.5637,19.9642,2117.2447,21.825,186,86290,8.5223,3953.7213,0.3097,0.227
flow_5102,0x100013ee,03,Web,0,auto,107.6988,1458.7311,713.6983,222040.3807,471.2116,284.0465,188.7707,1276.4719,1087.7012,0.003598,2.032785,0.053068,0.06067552,0.246324,21,8.4573,21.4242,6035.9889,11.1228,209,149162,18.7903,13410.5044,0.3218,0.2514
flow_5114,0x100013fa,03,Web,0,auto,103.9532,1488.4214,847.2837,130422.2448,361.1402,565.4953,161.1053,1317.9898,1156.8845,0.003002,2.557893,0.127549,0.10508478,0.324168,48,5.1281,24.8883,4344.971,33.578,263,222835,7.8325,6636.3451,0.3564,0.237
flow_5126,0x10001406,03,Web,0,auto,97.2755,1482.098,844.5309,260045.5226,509.9466,417.5604,163.7177,1375.6045,1211.8868,0.004,0.869472,0.168714,0.06126298,0.247514,19,8.2276,30.289,6948.486,18.2813,108,91209,5.9077,4989.1923,0.459,0.1704
flow_5138,0x10001412,03,Web,0,auto,83.9284,1474.7929,481.0552,135038.6387,367.476,294.3808,157.9735,1173.8473,1015.8738,0.003462,2.451973,0.106578,0.00675498,0.082189,6,4.6554,21.6471,2239.4862,6.8918,64,30787,9.2863,4467.1648,0.3953,0.2413
flow_5150,0x1000141e,03,Web,0,auto,98.7458,1466.2815,514.1148,138785.2258,372.5389,556.0188,163.9848,1194.7414,1030.7565,0.003055,1.555379,0.073478,0.01459775,0.120821,27,3.5089,12.762,1803.9576,21.403,291,149607,13.5962,6989.9855,0.3173,0.315
flow_5162,0x1000142a,03,Web,0,auto,123.8836,1467.0813,620.3637,175924.5301,419.4336,313.2665,131.0014,1236.5132,1105.5118,0.004979,1.60846,0.047026,0.03114354,0.176475,55,6.9208,22.6914,4293.386,32.9464,700,434254,21.2466,13180.6054,0.4081,0.3701
flow_5174,0x10001436,03,Web,0,auto,110.8662,1484.858,529.2785,171885.6709,414.591,488.3586,136.6494,1166.5082,1029.8587,0.001312,1.262507,0.113059,0.0207168,0.143933,24,4.0604,16.0518,2149.0946,31.404,277,146610,8.8205,4668.5153,0.2903,0.3425
flow_5186,0x10001442,03,Web,0,auto,90.2349,1469.963,491.6922,186231.9707,431.546,580.5841,141.4718,1115.0374,973.5656,0.003328,3.29944,0.17158,0.04920097,0.221813,14,8.4948,16.1966,4176.8506,18.4743,107,52611,5.7918,2847.7996,0.3912,0.2475
flow_5198,0x1000144e,03,Web,0,auto,118.6015,1443.0598,549.5499,257726.5681,507.6678,370.1578,110.3435,1304.9414,1194.5979,0.002519,2.960233,0.121018,0.20141862,0.448797,20,6.2169,13.2826,3416.4831,26.7643,221,121450,8.2573,4537.7661,0.2866,0.3147
flow_5210,0x1000145a,03,Web,0,auto,128.5695,1472.8045,779.3446,166490.1093,408.032,633.1172,142.3613,1219.4719,1077.1106,0.003909,2.143743,0.082888,0.00658804,0.081167,15,4.0902,22.3426,3187.6463,9.5825,115,89624,12.001,9352.8407,0.3477,0.3019
flow_5222,0x10001466,03,Web,0,auto,97.4678,1449.8269,806.0393,263061.9534,512.8957,368.3377,175.9371,1329.066,1153.1289,0.004111,0.68424,0.158843,0.05953384,0.243996,23,8.5453,16.443,6887.8576,29.8338,187,150729,6.2681,5052.2951,0.3163,0.1232
flow_5234,0x10001472,03,Web,0,auto,102.1878,1454.881,529.3237,234583.7712,484.3385,597.0163,103.0423,1376.3668,1273.3245,0.004159,1.294926,0.129413,0.06377172,0.252531,15,6.7494,12.678,3572.5953,11.9902,92,48697,7.673,4061.4107,0.4405,0.2917
flow_5246,0x1000147e,03,Web,0,auto,121.7147,1474.6816,660.4136,231330.379,480.9682,307.3753,194.4113,1380.6903,1186.279,0.002727,2.249359,0.13264,0.13980861,0.37391,19,7.9992,17.5575,5282.7834,29.9952,226,149253,7.5345,4975.894,0.3783,0.3505
flow_5258,0x1000148a,03,Web,0,auto,82.0118,1474.1551,551.551,250082.9615,500.083,560.7299,161.0265,1181.0114,1019.985,0.004846,0.917285,0.17036,0.04056773,0.201414,13,6.4455,18.6743,3554.9979,26.4225,155,85490,5.8662,3235.4995,0.3313,0.2331
flow_5270,0x10001496,03,Web,0,auto,122.3563,1441.1014,518.4389,241367.5507,491.2917,453.9177,140.3866,1111.2119,970.8253,0.003334,2.476487,0.05801,0.10590075,0.325424,58,4.7352,27.4154,2454.9194,33.6608,580,300694,17.2307,8933.0604,0.3099,0.1718
flow_5282,0x100014a2,03,Web,0,auto,125.3739,1456.4887,845.5216,241725.904,491.6563,514.7179,188.9041,1344.4678,1155.5637,0.003625,2.211876,0.143411,0.02280382,0.151009,31,8.3048,26.0762,7021.9059,25.1572,175,147966,6.9562,5881.647,0.3048,0.3705
flow_5294,0x100014ae,03,Web,0,auto,96.8161,1475.1289,804.1974,219775.7907,468.8025,472.0838,110.1717,1154.5997,1044.428,0.002074,2.242658,0.135067,0.0354477,0.188276,14,6.6688,31.4212,5363.0071,22.2461,164,131888,7.3721,5928.5862,0.3198,0.293
flow_5306,0x100014ba,03,Web,0,auto,120.1124,1474.6508,465.4639,103560.4178,321.808,403.8668,104.2093,1192.1862,1087.9769,0.00192,1.897603,0.117802,0.11165881,0.334154,14,6.8909,18.619,3207.4518,18.2891,155,72146,8.475,3944.7581,0.3385,0.2935
flow_5318,0x100014c6,03,Web,0,auto,104.5876,1494.8472,814.3391,166890.2146,408.522,616.198,184.8655,1136.4715,951.606,0.002118,1.218314,0.045435,0.08048414,0.283697,95,6.7966,16.2988,5534.7234,23.7254,522,425084,22.0017,17916.837,0.3325,0.1272
flow_5330,0x100014d2,03,Web,0,auto,119.4738,1451.9218,524.4274,108242.5145,329.0023,402.8702,101.3972,1258.2044,1156.8073,0.00211,3.466073,0.162067,0.08129503,0.285123,14,6.8009,19.1574,3566.5828,32.0746,197,103312,6.1419,3220.9936,0.4566,0.1893
flow_5342,0x100014de,03,Web,0,auto,83.3524,1454.7366,837.6785,118481.5257,344.2115,432.2527,127.2265,1298.6462,1171.4197,0.004067,3.308261,0.105191,0.06352521,0.252042,11,8.9572,19.1306,7503.2929,14.0945,133,111411,9.4363,7904.5556,0.4206,0.3205
flow_5354,0x100014ea,03,Web,0,auto,127.248,1445.1876,747.8679,200995.5607,448.3253,422.7782,110.1067,1351.2265,1241.1198,0.001109,2.833313,0.124625,0.02333194,0.152748,15,5.6351,28.013,4214.3175,22.2602,178,133120,7.9963,5980.1836,0.4713,0.3131
flow_5366,0x100014f6,03,Web,0,auto,121.2579,1460.7648,675.9617,161579.4572,401.9695,493.3479,152.6987,1387.566,1234.8673,0.004831,0.928722,0.165044,0.0591109,0.243127,10,6.287,26.396,4249.7805,19.5784,118,79763,6.027,4074.0287,0.3638,0.3082
flow_5378,0x10001502,03,Web,0,auto,90.3974,1486.2929,806.5925,142646.8955,377.6862,509.3519,124.9131,1119.8585,994.9454,0.003309,1.301413,0.160751,0.1907336,0.436731,10,4.6014,21.3066,3711.4696,11.142,69,55654,6.1928,4994.9932,0.3436,0.2866
flow_5390,0x1000150e,03,Web,0,auto,102.172,1468.596,831.688,228955.8584,478.4933,497.4034,105.1585,1138.3205,1033.162,0.003559,3.247456,0.046803,0.20048076,0.447751,49,7.2515,31.7902,6030.9767,19.6528,419,348477,21.3201,17731.6507,0.3208,0.3703
flow_5402,0x1000151a,03,Web,0,auto,122.0629,1470.6807,809.7285,233678.0808,483.4026,460.9777,134.0211,1324.2557,1190.2346,0.004002,2.009609,0.059221,0.03990912,0.199773,24,7.7557,27.5461,6280.0239,19.888,335,271259,16.8443,13639.3313,0.3209,0.1603
flow_5414,0x10001526,03,Web,0,auto,84.4516,1467.3088,469.5128,246365.3226,496.352,389.6919,116.936,1143.613,1026.677,0.00143,0.736885,0.106338,0.02121051,0.145638,27,8.2957,28.4857,3894.9378,28.1185,264,123951,9.3888,4408.1658,0.4276,0.1645
flow_5426,0x10001532,03,Web,0,auto,112.1596,1469.418,832.7063,120328.6108,346.8841,621.1563,147.2867,1382.9771,1235.6904,0.00172,1.207497,0.090606,0.0162027,0.12729,14,6.5724,23.4735,5472.9035,11.5569,127,105753,10.9891,9150.6171,0.2814,0.328
flow_5438,0x1000153e,03,Web,0,auto,90.5932,1484.7161,705.2011,247236.0323,497.2284,308.242,190.224,1183.492,993.2679,0.002103,1.704284,0.174728,0.01419405,0.119139,10,8.7004,27.3977,6135.5389,24.0103,137,96612,5.7059,4023.7719,0.2928,0.3336
flow_5450,0x1000154a,03,Web,0,auto,98.6157,1448.5569,671.8111,155689.4153,394.575,599.104,192.5734,1271.0512,1078.4778,0.002174,2.048845,0.163902,0.10982947,0.331405,9,4.3504,23.3239,2922.6652,8.5149,51,34262,5.9895,4023.7845,0.3136,0.1861
flow_5462,0x10001556,03,Web,0,auto,91.1742,1475.6208,795.6129,223221.8432,472.4636,433.1105,154.2968,1292.4072,1138.1104,0.002486,1.43205,0.102966,0.20365244,0.451279,41,4.1857,14.7301,3330.2198,26.2951,255,202881,9.6976,7715.5563,0.4563,0.1577
flow_5474,0x10001562,03,Web,0,auto,92.7311,1451.0527,726.5711,156574.8286,395.6954,569.5051,190.6171,1271.1308,1080.5137,0.004487,1.378669,0.049227,0.08124498,0.285035,65,7.5036,30.226,5451.8884,33.9708,690,501334,20.3116,14757.8001,0.4356,0.2766
flow_5486,0x1000156e,03,Web,0,auto,127.0636,1468.6181,558.8439,106534.7003,326.3965,445.5277,115.4997,1122.439,1006.9393,0.001602,2.020433,0.074522,0.05647389,0.237642,52,6.5608,20.9878,3666.4476,21.1758,284,158711,13.4115,7494.9157,0.3912,0.3018
flow_5498,0x1000157a,03,Web,0,auto,91.1925,1493.1403,597.9994,132997.2198,364.6878,483.1525,196.1078,1380.2427,1184.1349,0.003102,0.721773,0.060528,0.03874941,0.196849,41,8.8699,22.124,5304.2238,30.9735,511,305577,16.498,9865.7478,0.396,0.2022
flow_5510,0x10001586,03,Web,0,auto,100.5698,1449.9647,758.2134,203392.2825,450.9903,407.8451,170.2793,1203.239,1032.9597,0.003283,1.801776,0.08651,0.01053887,0.102659,19,5.1642,31.4285,3915.5993,15.1513,175,132687,11.5501,8757.4441,0.3173,0.2206
flow_5522,0x10001592,03,Web,0,auto,112.2361,1454.5697,461.679,125287.9853,353.9604,378.5609,177.1302,1314.0074,1136.8772,0.003093,0.49998,0.056454,0.1809446,0.425376,35,6.4698,13.1071,2986.972,26.8502,475,219297,17.6907,8167.4191,0.4362,0.3773
flow_5534,0x1000159e,03,Web,0,auto,114.9591,1450.9554,707.6047,165102.9221,406.3286,624.3103,138.0367,1344.207,1206.1704,0.001896,0.477786,0.146167,0.11741593,0.34266,11,8.4343,20.6878,5968.1636,11.5427,78,55193,6.7575,4781.6484,0.3937,0.1495
flow_5546,0x100015aa,03,Web,0,auto,81.9304,1448.5885,671.2417,114349.6051,338.1562,389.0304,137.3766,1246.3614,1108.9848,0.003873,1.163168,0.085875,0.0586684,0.242216,17,3.752,14.9598,2518.4751,17.3769,202,135590,11.6247,7802.9048,0.3076,0.2592
flow_5558,0x100015b6,03,Web,0,auto,113.7481,1449.9968,762.0375,202691.6761,450.2129,348.5428,177.7419,1335.2426,1157.5007,0.002998,2.102852,0.054871,0.0570061,0.23876,81,5.4755,21.0123,4172.5179,25.1415,458,349013,18.2169,13881.9651,0.4222,0.2161
flow_5570,0x100015c2,03,Web,0,auto,96.48,1453.2007,578.873,109429.6175,330.8015,473.4714,125.6131,1362.4532,1236.8401,0.001571,1.838513,0.141389,0.12956959,0.359958,6,8.7183,20.3112,5046.8176,12.4054,87,50361,7.013,4059.5878,0.3718,0.2069
flow_5582,0x100015ce,03,Web,0,auto,93.8337,1474.5856,732.6324,167629.8339,409.4262,534.8223,171.8822,1313.2489,1141.3668,0.002008,0.428051,0.067137,0.044454,0.210841,48,7.3209,14.8713,5363.5419,18.9915,282,206602,14.8487,10878.631,0.3375,0.2039
flow_5594,0x100015da,03,Web,0,auto,90.6411,1454.8513,771.8726,200740.5898,448.0408,381.3806,189.779,1105.9915,916.2126,0.00405,2.043364,0.165248,0.16431628,0.405359,17,8.2954,28.5328,6403.0235,15.2548,92,71012,6.0309,4655.0609,0.312,0.2586
flow_5606,0x100015e6,03,Web,0,auto,97.9471,1465.7218,718.7372,263572.0559,513.3927,374.2309,175.7016,1365.9779,1190.2764,0.001992,2.819673,0.173616,0.13574685,0.368438,9,7.6003,28.1587,5462.6409,17.5233,100,71873,5.7067,4101.5778,0.4217,0.3742
flow_5618,0x100015f2,03,Web,0,auto,88.0099,1488.2178,640.8627,134268.1888,366.4262,283.4339,107.7283,1254.3218,1146.5936,0.003943,1.687901,0.095806,0.00671243,0.081929,25,5.6865,12.8814,3644.2461,16.593,173,110869,10.4261,6681.6815,0.3913,0.2705
flow_5630,0x100015fe,03,Web,0,auto,97.9794,1492.6178,805.2868,197514.1069,444.4256,298.0877,151.5757,1306.6407,1155.065,0.004734,3.295042,0.149197,0.00744992,0.086313,8,5.5704,24.1067,4485.7471,17.8643,119,95829,6.6613,5364.2723,0.4464,0.1725
flow_5642,0x1000160a,03,Web,0,auto,110.1472,1470.936,827.3195,219156.748,468.1418,585.4856,165.8047,1197.9808,1032.1761,0.003646,3.403556,0.085151,0.020809,0.144253,14,3.9721,30.5953,3286.2106,15.0546,176,145608,11.6908,9672.0011,0.4229,0.2781
flow_5654,0x10001616,03,Web,0,auto,85.8766,1484.1308,728.0661,202575.5737,450.084,633.2191,139.1756,1270.0481,1130.8725,0.004622,2.66397,0.13016,0.10563511,0.325016,18,3.7245,25.273,2711.6643,13.9494,107,77903,7.6706,5584.6793,0.3769,0.3505
flow_5666,0x10001622,03,Web,0,auto,114.579,1483.7319,695.4844,103271.6348,321.359,280.1526,114.4682,1313.785,1199.3169,0.002706,2.915273,0.174952,0.07408038,0.272177,8,5.2908,19.8611,3679.635,15.1431,86,59811,5.6791,3949.7086,0.2938,0.2069
flow_5678,0x1000162e,03,Web,0,auto,83.1941,1448.6025,748.7475,111373.9751,333.7274,448.3174,113.8131,1266.7968,1152.9837,0.002945,1.363202,0.12006,0.037706,0.19418,18,6.3529,14.4676,4756.7332,30.3741,252,188684,8.2965,6212.003,0.3445,0.3335
flow_5690,0x1000163a,03,Web,0,auto,114.259,1443.7716,817.3632,110233.0561,332.0136,275.7475,108.6236,1236.2475,1127.6239,0.003203,0.869561,0.145113,0.01605226,0.126698,25,6.4868,27.3171,5302.087,33.1943,228,186358,6.8686,5614.1532,0.446,0.3272
flow_5702,0x10001646,03,Web,0,auto,81.1328,1490.7354,537.1506,137645.7273,371.0064,257.5256,181.0157,1268.9991,1087.9834,0.004239,1.771329,0.129702,0.07623593,0.276109,27,4.1388,16.6791,2223.1415,28.5189,219,117635,7.6791,4124.8074,0.3914,0.1921
flow_5714,0x10001652,03,Web,0,auto,101.8174,1451.9603,714.8719,128921.5527,359.0565,263.575,198.0575,1308.5055,1110.448,0.004101,0.557522,0.13226,0.07699777,0.277485,21,4.632,15.2203,3311.2866,32.677,247,176573,7.5588,5403.5918,0.3253,0.278
flow_5726,0x1000165e,03,Web,0,auto,88.122,1496.2919,612.7876,130524.3075,361.2815,376.2084,151.7332,1225.2015,1073.4683,0.00312,1.601867,0.114261,0.17238419,0.415192,25,5.8179,28.9631,3565.1103,29.7593,260,159324,8.7368,5353.7605,0.3509,0.3489
flow_5738,0x1000166a,03,Web,0,auto,95.7703,1460.8589,585.7237,134179.1742,366.3048,321.7588,136.2219,1252.5473,1116.3254,0.001093,0.528824,0.117126,0.02150979,0.146662,16,7.8576,17.7127,4602.3966,10.6942,91,53300,8.5093,4984.0333,0.3812,0.2563
flow_5750,0x10001676,03,Web,0,auto,99.7434,1460.8061,824.4451,218607.851,467.5552,450.5125,134.3826,1179.0797,1044.6971,0.004988,1.320985,0.158455,0.0170131,0.130434,18,5.9882,28.1827,4936.9329,28.2003,177,145926,6.2765,5174.6238,0.2909,0.1223
flow_5762,0x10001682,03,Web,0,auto,124.9929,1471.1146,543.6745,192937.8446,439.2469,286.1945,130.6507,1374.3685,1243.7178,0.004405,2.787181,0.135428,0.1246924,0.353118,17,3.7818,13.9814,2056.0807,24.5044,180,97861,7.3456,3993.6039,0.3264,0.2623
flow_5774,0x1000168e,03,Web,0,auto,129.1304,1462.8126,653.2955,105200.4918,324.3463,351.8458,151.826,1211.5765,1059.7505,0.002747,2.00206,0.155718,0.00965626,0.098266,15,5.4674,27.1267,3571.8174,24.1268,154,100607,6.3829,4169.9244,0.4783,0.2925
flow_5786,0x1000169a,03,Web,0,auto,105.9989,1499.1858,462.0438,152210.1445,390.1412,288.8675,168.7883,1198.4321,1029.6438,0.004927,0.931384,0.105226,0.19880044,0.44587,18,7.1068,13.5374,3283.6495,11.7529,111,51286,9.4445,4363.6922,0.3604,0.1942
flow_5798,0x100016a6,03,Web,0,auto,127.4125,1496.8535,738.4932,221196.2291,470.315,391.3982,132.2562,1207.1791,1074.9229,0.002522,2.249999,0.11262,0.04513377,0.212447,18,6.4756,19.0444,4782.1802,28.2409,250,184623,8.8524,6537.4358,0.4307,0.169
flow_5810,0x100016b2,03,Web,0,auto,129.0332,1488.7511,474.4553,126509.9744,355.6824,527.026,186.3594,1235.8148,1049.4553,0.003642,1.735221,0.106722,0.15558464,0.394442,26,4.643,20.9603,2202.8745,29.3871,275,130475,9.3579,4439.8803,0.4196,0.1308
flow_5822,0x100016be,03,Web,0,auto,112.8287,1496.9136,762.549,119299.5138,345.3976,478.1237,130.2306,1196.0463,1065.8156,0.003918,2.343371,0.118255,0.20249412,0.449993,8,7.2917,12.5581,5560.2913,13.5854,114,86930,8.3914,6398.7962,0.3743,0.1597
flow_5834,0x100016ca,03,Web,0,auto,100.1736,1498.2769,801.2144,211084.615,459.4395,484.6323,150.0178,1131.4841,981.4663,0.004593,3.428091,0.143864,0.03504335,0.187199,9,8.0942,18.1142,6485.1529,17.3426,120,96145,6.9194,5543.8538,0.4161,0.3653
flow_5846,0x100016d6,03,Web,0,auto,89.0187,1460.4159,577.9014,220106.3739,469.155,505.6724,126.0131,1177.0669,1051.0538,0.00213,1.606373,0.113053,0.11221369,0.334983,25,6.2937,29.4427,3637.1196,22.69,200,115580,8.8145,5093.8776,0.394,0.1478
flow_5858,0x100016e2,03,Web,0,auto,108.9251,1483.5888,594.544,258303.6928,508.2359,581.3313,162.399,1213.8151,1051.416,0.001045,0.622157,0.152744,0.16996963,0.412274,10,7.2827,23.1564,4329.9136,9.5928,62,36861,6.4632,3842.5556,0.3537,0.2005
flow_5870,0x100016ee,03,Web,0,auto,123.8014,1455.5241,831.5319,220009.8574,469.0521,300.1978,175.4201,1317.602,1142.1818,0.003495,1.631438,0.151122,0.15972595,0.399657,6,6.458,31.6141,5370.0419,8.0394,53,44071,6.5926,5481.9075,0.3786,0.2043
flow_5882,0x100016fa,03,Web,0,auto,86.8655,1444.5257,560.7797,230709.2837,480.3221,533.9354,198.4041,1397.8058,1199.4017,0.002254,1.172412,0.056523,0.07452959,0.273001,45,4.6765,20.0676,2622.4957,29.8669,528,296091,17.6784,9913.6909,0.4391,0.21
flow_5894,0x10001706,03,Web,0,auto,85.6085,1477.1436,621.4483,110062.9892,331.7574,485.8489,197.4265,1103.2749,905.8484,0.002197,2.527594,0.156064,0.08387029,0.289604,16,4.3942,30.9256,2730.7618,16.5414,105,65252,6.3477,3944.7612,0.2812,0.292
flow_5906,0x10001712,03,Web,0,auto,126.4858,1452.9214,739.3806,182971.4527,427.7516,610.8512,107.4834,1312.6089,1205.1254,0.004875,2.186523,0.082895,0.10652447,0.326381,8,5.6445,14.2944,4173.4323,6.6729,80,59150,11.9887,8864.1719,0.4622,0.2438
flow_5918,0x1000171e,03,Web,0,auto,94.6092,1457.425,639.2861,141960.6184,376.7766,504.4826,103.4666,1278.1211,1174.6545,0.001591,0.484833,0.089255,0.15420549,0.39269,20,6.4198,23.3755,4104.0703,12.3517,138,88221,11.1726,7142.4364,0.3984,0.2822
flow_5930,0x1000172a,03,Web,0,auto,116.2012,1476.0661,725.7636,153473.2297,391.7566,292.4298,196.5693,1350.2764,1153.707,0.003173,0.966925,0.174721,0.03892524,0.197295,25,5.0776,18.7131,3685.1694,31.7411,181,131363,5.7024,4138.5722,0.3618,0.3556
flow_5942,0x10001736,03,Web,0,auto,108.1435,1486.6495,727.5254,135779.0623,368.4821,561.8437,169.3814,1355.0732,1185.6918,0.004353,1.423314,0.118302,0.13001701,0.360579,10,6.8513,29.4896,4984.5021,16.474,139,101126,8.4375,6138.5144,0.4092,0.1357
flow_5954,0x10001742,03,Web,0,auto,93.7434,1450.899,628.9003,189538.6327,435.3603,313.3993,166.1578,1336.4267,1170.2689,0.00489,2.833807,0.140247,0.0148206,0.12174,17,5.7854,31.5032,3638.4169,27.1135,193,121377,7.1182,4476.6186,0.3283,0.3296
flow_5966,0x1000174e,03,Web,0,auto,82.9275,1480.6658,590.6776,239127.5328,489.0067,545.5834,135.652,1385.6241,1249.972,0.003312,1.482183,0.094549,0.11405137,0.337715,18,4.9684,16.2908,2934.729,18.8916,199,117544,10.5338,6222.0251,0.3996,0.2043
flow_5978,0x1000175a,03,Web,0,auto,88.7089,1458.1001,575.294,196686.9551,443.494,630.9744,183.402,1151.2132,967.8111,0.003365,2.477081,0.077965,0.00675884,0.082212,21,3.9875,18.92,2293.9992,21.5085,275,158205,12.7856,7355.4635,0.3475,0.2704
flow_5990,0x10001766,03,Web,0,auto,126.8998,1446.6684,638.7152,140825.4457,375.2672,250.6877,108.9303,1218.0963,1109.166,0.004109,3.392833,0.109164,0.20369816,0.451329,12,5.5868,18.5881,3568.3691,7.2358,66,42155,9.1214,5825.9183,0.3398,0.349
flow_6002,0x10001772,03,Email,0,auto,137.4361,1071.4038,315.3111,36910.8613,192.122,238.8075,111.8309,441.2105,329.3796,0.015545,6.835257,0.557582,2.07541313,1.440629,5,3.2348,6.5453,1019.9552,13.9274,24,7567,1.7232,543.3172,0.5558,0.5508
flow_6014,0x1000177e,03,Email,0,auto,82.0551,734.8957,310.4229,20934.5358,144.6877,160.5342,113.8723,360.7075,246.8351,0.021647,7.382649,0.503166,2.53748571,1.592949,6,2.9451,6.4093,914.2325,16.3233,32,9933,1.9604,608.5157,0.4285,0.6281
flow_6026,0x1000178a,03,Email,0,auto,130.3739,1161.6834,287.2325,55877.7125,236.3847,279.738,148.7117,543.7545,395.0428,0.021799,7.615944,0.931238,1.64959447,1.284365,2,4.7721,9.7181,1370.7013,8.2241,15,4308,1.8239,523.8263,0.5705,0.4555
flow_6038,0x10001796,03,Email,0,auto,102.044,815.5704,380.5073,54400.4144,233.239,173.4188,110.6892,515.8009,405.1118,0.047969,8.37783,0.455757,0.75492153,0.868862,15,2.8302,7.9823,1076.9265,28.7462,63,23971,2.1916,833.8848,0.5444,0.517
flow_6050,0x100017a2,03,Email,0,auto,102.7747,999.3468,377.2885,22682.7232,150.6078,238.1513,120.311,353.6723,233.3613,0.022101,7.446521,0.453734,0.52986006,0.727915,10,4.604,8.5008,1737.0499,27.7363,61,23014,2.1993,829.7441,0.5529,0.5403
flow_6062,0x100017ae,03,Email,0,auto,131.6286,843.7538,274.767,22689.7603,150.6312,291.748,136.9104,379.8452,242.9349,0.048159,2.672046,0.382292,1.78328883,1.335398,7,3.8727,13.8854,1064.0961,9.8436,25,6869,2.5397,697.8155,0.4096,0.6497
flow_6074,0x100017ba,03,Email,0,auto,84.8393,880.2801,402.5133,46418.4335,215.4494,250.8792,155.4674,545.1587,389.6912,0.045515,3.57121,0.285558,2.40827225,1.551861,13,3.6405,5.3866,1465.3471,20.7232,72,28980,3.4744,1398.4334,0.4007,0.418
flow_6086,0x100017c6,03,Email,0,auto,128.1448,814.4461,284.3156,12505.4194,111.8276,190.9852,128.5918,404.361,275.7693,0.025314,7.901237,0.773826,3.24331894,1.800922,3,3.0876,7.3401,877.8639,9.6351,15,4264,1.5568,442.5482,0.4078,0.4175
flow_6098,0x100017d2,03,Email,0,auto,139.8597,661.3151,394.8601,12281.0528,110.8199,227.5789,151.9263,510.2899,358.3637,0.059741,8.42799,0.777356,3.05062858,1.746605,4,3.9061,12.5438,1542.3674,17.046,21,8292,1.232,486.4492,0.4447,0.5784
flow_6110,0x100017de,03,Email,0,auto,126.5696,601.2493,315.904,21213.1063,145.6472,196.237,127.2891,451.366,324.0769,0.031151,11.154131,0.937404,0.47341876,0.688054,5,3.372,11.7678,1065.2143,27.2034,29,9161,1.066,336.76,0.5553,0.5932
flow_6122,0x100017ea,03,Email,0,auto,85.3137,869.2948,347.6706,19557.3156,139.8475,191.5971,104.4578,447.0201,342.5623,0.026437,2.741586,0.630982,1.90004169,1.37842,9,3.0863,6.4537,1073.0047,29.0619,46,15992,1.5828,550.273,0.556,0.3518
flow_6134,0x100017f6,03,Email,0,auto,89.6091,678.3062,264.5778,10190.3268,100.9471,250.2265,140.3658,403.2066,262.8409,0.045444,5.176701,0.7891,0.9471035,0.973192,3,4.2852,6.3296,1133.776,17.5807,22,5820,1.2514,331.0441,0.4708,0.4356
flow_6146,0x10001802,03,Email,0,auto,98.627,869.8839,266.0137,24233.255,155.6703,189.6296,137.148,525.5886,388.4405,0.035465,10.941383,0.896854,1.38646973,1.177484,3,2.5663,5.3209,682.6797,11.3804,15,3990,1.3181,350.6017,0.4095,0.5552
flow_6158,0x1000180e,03,Email,0,auto,98.6939,1166.4409,360.54,49708.3659,222.9537,294.6484,101.4165,512.5996,411.1831,0.029559,4.276476,0.59336,1.93670756,1.391656,2,4.6632,13.7741,1681.2684,11.236,18,6489,1.602,577.5184,0.4489,0.4928
flow_6170,0x1000181a,03,Email,0,auto,121.7588,823.186,251.262,36866.1432,192.0056,177.6216,131.9131,519.02,387.1069,0.054222,6.929287,0.270342,2.96899061,1.723076,12,4.9077,5.9994,1233.1069,19.914,73,18342,3.6658,921.0597,0.575,0.63
flow_6182,0x10001826,03,Email,0,auto,92.1355,1011.7942,226.5296,19876.052,140.9825,232.3733,141.9064,520.553,378.6466,0.012949,10.289914,0.773544,2.5035343,1.582256,4,2.3382,12.3634,529.6619,19.5718,25,5663,1.2773,289.3452,0.4149,0.5298
flow_6194,0x10001832,03,Email,0,auto,117.1317,973.9755,366.117,55792.9443,236.2053,160.1634,109.1184,486.9317,377.8133,0.012843,10.039985,0.434143,2.34747245,1.532146,16,4.7397,6.001,1735.2935,27.2133,62,22699,2.2783,834.1138,0.4432,0.4367
flow_6206,0x1000183e,03,Email,0,auto,127.2699,688.5759,404.1745,17902.2775,133.7994,267.7803,137.4576,459.9363,322.4787,0.056357,6.549118,0.572959,1.53896799,1.240551,6,4.8502,12.6415,1960.3206,27.7795,48,19400,1.7279,698.3579,0.4957,0.4348
flow_6218,0x1000184a,03,Email,0,auto,108.5181,1093.9016,271.7796,9089.0924,95.3367,224.4526,117.2257,444.1876,326.9619,0.030184,4.667179,0.860654,2.21139593,1.487076,6,3.0035,10.2147,816.2939,29.3274,34,9240,1.1593,315.0633,0.4084,0.5
flow_6230,0x10001856,03,Email,0,auto,80.3403,942.5195,233.8228,14408.3339,120.0347,167.1364,152.7959,465.0222,312.2263,0.028961,6.732621,0.594084,0.53274049,0.729891,5,3.8453,7.2825,899.1214,17.261,29,6780,1.6801,392.7923,0.5847,0.4744
flow_6242,0x10001862,03,Email,0,auto,122.2905,928.2549,256.9821,21390.3745,146.2545,277.4294,136.7401,483.3824,346.6423,0.01627,7.112759,0.871361,2.8166445,1.678286,4,2.8748,8.6124,738.7775,28.5886,32,8223,1.1193,287.6321,0.5468,0.4165
flow_6254,0x1000186e,03,Email,0,auto,119.2142,630.0817,325.8122,53192.6049,230.6352,241.6973,125.7667,488.8439,363.0773,0.05066,8.667403,0.54277,0.57994763,0.761543,6,3.8599,9.3005,1257.6117,16.9725,31,10100,1.8265,595.0813,0.5959,0.6399
flow_6266,0x1000187a,03,Email,0,auto,125.6656,950.5567,227.2769,54346.6477,233.1237,207.1822,154.5113,467.7962,313.2849,0.046652,11.352199,0.886162,1.38782686,1.178061,2,3.1281,8.111,710.9353,9.2563,15,3409,1.6205,368.2882,0.5403,0.5767
flow_6278,0x10001886,03,Email,0,auto,136.2892,1032.9293,362.0978,52567.452,229.2759,216.9845,151.4552,482.8411,331.3859,0.026615,2.694027,0.779832,1.39325183,1.180361,6,2.3071,10.0446,835.395,25.7163,32,11587,1.2443,450.5703,0.5313,0.4874
flow_6290,0x10001892,03,Email,0,auto,119.0511,677.6007,282.3572,10980.7303,104.789,281.4612,114.5156,440.9952,326.4795,0.042096,4.335599,0.733888,1.5244462,1.234685,5,2.7184,5.077,767.5613,23.1209,31,8753,1.3408,378.576,0.4199,0.5221
flow_6302,0x1000189e,03,Email,0,auto,132.6576,981.5355,237.3035,32393.4151,179.9817,185.9126,127.0995,529.5933,402.4938,0.014121,9.762802,0.495245,2.25886839,1.502953,7,4.3544,10.7268,1033.3085,12.0979,24,5695,1.9838,470.7418,0.606,0.4624
flow_6314,0x100018aa,03,Email,0,auto,138.5581,731.0678,270.0201,48290.8595,219.7518,268.5287,146.0227,460.0359,314.0132,0.033824,3.381142,0.893678,2.74266169,1.656098,4,3.3876,13.8264,914.7157,15.9708,17,4590,1.0644,287.4002,0.4894,0.6083
flow_6326,0x100018b6,03,Email,0,auto,134.3309,733.7948,385.6114,14743.9309,121.4246,208.5306,147.5933,455.2724,307.679,0.018101,11.156246,0.594501,1.65697562,1.287236,9,2.8815,13.613,1111.1325,26.5097,44,16966,1.6598,639.9919,0.3978,0.517
flow_6338,0x100018c2,03,Email,0,auto,98.3123,1077.8465,406.7986,16202.6115,127.2895,187.7427,109.3714,465.9606,356.5892,0.021403,5.901672,0.845191,0.52816325,0.726748,3,2.3539,5.1957,957.5441,15.3306,18,7322,1.1741,477.6065,0.5185,0.4297
flow_6350,0x100018ce,03,Email,0,auto,134.771,885.03,384.94,48829.1297,220.9731,232.8036,152.5669,380.935,228.3681,0.05393,10.611778,0.64282,1.87819852,1.370474,5,3.2534,9.1612,1252.3698,24.3231,37,14242,1.5212,585.5329,0.4599,0.4083
flow_6362,0x100018da,03,Email,0,auto,133.0832,811.7725,367.3761,9753.423,98.7594,166.3251,146.9575,354.1182,207.1607,0.026564,4.209877,0.694913,0.94213286,0.970635,3,2.0619,6.8667,757.475,14.0098,20,7347,1.4276,524.4188,0.5268,0.3757
flow_6374,0x100018e6,03,Email,0,auto,99.7315,1026.1952,358.8167,49970.2792,223.5403,283.5413,159.2849,424.8151,265.5302,0.05757,2.934786,0.562649,0.95546359,0.977478,2,2.7622,11.5478,991.1139,8.9788,15,5382,1.6706,599.4117,0.4061,0.6313
flow_6386,0x100018f2,03,Email,0,auto,108.1794,648.5307,339.7158,29096.3014,170.5764,182.3303,115.3525,520.9291,405.5766,0.036844,6.274081,0.79543,1.85917381,1.363515,3,3.0938,12.0653,1051.0195,13.8401,17,5775,1.2283,417.2668,0.5177,0.356
flow_6398,0x100018fe,03,Email,0,auto,128.5886,1039.9921,376.4471,20851.1311,144.3992,289.3777,132.1138,390.0589,257.9451,0.055331,10.4209,0.682928,1.2182702,1.103753,6,3.5738,7.2001,1345.3453,26.2659,38,14304,1.4467,544.5848,0.5538,0.5992
flow_6410,0x1000190a,03,Email,0,auto,80.2799,853.7625,376.2181,55165.9531,234.8743,271.3588,123.4155,515.5937,392.1782,0.052192,4.668493,0.900674,1.07801982,1.038277,2,4.0923,12.6356,1539.5982,13.5107,15,5643,1.1102,417.6685,0.4869,0.5255
flow_6422,0x10001916,03,Email,0,auto,86.3245,828.7542,315.6772,50652.2362,225.0605,292.9273,125.676,456.586,330.91,0.030829,4.88491,0.495921,2.57763744,1.605502,8,2.0054,8.1905,633.0655,27.0447,54,17046,1.9967,630.2896,0.543,0.644
flow_6434,0x10001922,03,Email,0,auto,137.7672,725.7301,323.0782,14646.4476,121.0225,187.8447,110.2258,511.5353,401.3095,0.042168,6.357397,0.274048,0.69623335,0.834406,5,3.5402,5.3126,1143.7466,11.2367,41,13246,3.6487,1178.8126,0.5922,0.5414
flow_6446,0x1000192e,03,Email,0,auto,120.3386,1102.7903,322.0368,38978.788,197.4305,189.3553,106.3111,409.8417,303.5306,0.017995,3.48704,0.651344,0.67893338,0.823974,6,2.0033,13.1865,645.135,21.6732,33,10627,1.5226,490.3282,0.4036,0.3642
flow_6458,0x1000193a,03,Email,0,auto,99.4166,899.0968,266.5438,18876.2243,137.3908,182.3327,104.7949,450.7861,345.9912,0.057618,8.231323,0.299616,1.78255892,1.335125,7,2.4025,8.3274,640.3759,12.2817,40,10661,3.2569,868.0376,0.5186,0.3805
flow_6470,0x10001946,03,Email,0,auto,92.1325,1076.483,414.7046,20777.6922,144.1447,215.906,104.2858,442.0585,337.7727,0.028142,10.002747,0.424324,2.74210636,1.655931,16,4.3357,6.5361,1798.0416,28.6482,67,27785,2.3387,969.8676,0.505,0.6455
flow_6482,0x10001952,03,Email,0,auto,120.6061,1194.7993,242.8762,46011.927,214.5039,179.5543,156.638,492.6296,335.9916,0.022278,4.087367,0.653578,0.90865566,0.953234,7,4.622,5.5778,1122.5676,29.6249,45,10929,1.519,368.9129,0.5655,0.3743
flow_6494,0x1000195e,03,Email,0,auto,96.6345,1189.7728,332.2556,21072.1543,145.1625,275.0802,150.8119,449.8126,299.0007,0.032492,11.079213,0.477876,2.77352862,1.665391,14,2.4237,5.9752,805.2831,26.1518,54,17941,2.0649,686.0333,0.5953,0.5524
flow_6506,0x1000196a,03,Email,0,auto,85.4895,827.1993,377.8685,12118.6286,110.0846,286.0124,132.5836,532.1532,399.5696,0.027152,5.049999,0.793665,2.69183299,1.640681,5,2.9806,8.5483,1126.2716,27.9077,35,13225,1.2541,473.8842,0.5947,0.6458
flow_6518,0x10001976,03,Email,0,auto,87.6847,1168.3265,414.2032,40728.7104,201.8136,256.507,111.7125,381.1122,269.3996,0.014139,3.396017,0.667695,0.59261087,0.769812,9,2.0916,13.0838,866.3411,27.9916,41,16982,1.4647,606.683,0.5937,0.3972
flow_6530,0x10001982,03,Email,0,auto,130.7005,1106.2467,241.3643,38617.4528,196.5132,256.1611,142.8003,399.3598,256.5595,0.051297,5.140875,0.376181,3.17758913,1.782579,14,3.3845,6.1264,816.9073,26.5876,70,16895,2.6328,635.4464,0.5852,0.5181
flow_6542,0x1000198e,03,Email,0,auto,122.5173,1132.8358,277.7448,38429.378,196.0341,190.4532,130.3819,451.0417,320.6598,0.059226,5.026991,0.466994,1.73846941,1.31851,5,4.9222,6.7597,1367.1146,9.216,19,5277,2.0616,572.5926,0.5253,0.5209
flow_6554,0x1000199a,03,Email,0,auto,95.225,1162.6196,366.3795,49507.4365,222.5027,205.5273,154.9454,491.4985,336.5531,0.012845,8.411154,0.272935,1.43615357,1.198396,11,4.6663,11.6913,1709.6497,9.8303,36,13189,3.6622,1341.6732,0.4373,0.5735
flow_6566,0x100019a6,03,Email,0,auto,131.6841,647.3182,232.3381,26705.0374,163.4168,171.904,111.1261,441.6121,330.486,0.055413,5.362847,0.929179,2.76170163,1.661837,4,4.4002,5.3834,1022.3401,19.83,21,4879,1.059,246.0416,0.4473,0.4326
flow_6578,0x100019b2,03,Email,0,auto,82.3896,903.7448,344.6412,41787.0472,204.4188,187.1529,159.7794,414.0158,254.2365,0.037031,11.32826,0.642107,0.91756136,0.957894,6,2.0457,7.1983,705.0359,17.1771,26,8960,1.5136,521.6253,0.5551,0.3675
flow_6590,0x100019be,03,Email,0,auto,130.1332,790.9212,266.2895,41553.2589,203.8462,201.741,101.4814,397.6621,296.1807,0.050621,8.386735,0.531537,1.51714574,1.231725,5,2.2533,7.5135,600.0184,12.1443,22,5858,1.8115,482.3656,0.4425,0.481
flow_6602,0x100019ca,03,Email,0,auto,112.5221,885.7428,304.6802,53904.0793,232.1725,255.633,145.7176,458.3899,312.6723,0.040581,11.102608,0.848691,0.64219455,0.80137,4,2.1029,10.438,640.7108,22.1319,26,7921,1.1748,357.9003,0.5785,0.4221
flow_6614,0x100019d6,03,Email,0,auto,122.1022,1136.0729,284.5062,24575.3178,156.7652,194.2032,133.4997,360.913,227.4133,0.011428,3.314408,0.411321,0.63744738,0.798403,9,3.6819,7.8812,1047.5357,26.9672,65,18492,2.4103,685.7219,0.4418,0.4885
flow_6626,0x100019e2,03,Email,0,auto,138.1923,1032.6104,257.4837,56233.6527,237.1364,190.6307,149.5137,409.4335,259.9198,0.032649,6.541392,0.574364,1.54413188,1.242631,2,3.6826,9.3924,948.2199,8.564,15,3862,1.7515,450.9592,0.4283,0.4319
flow_6638,0x100019ee,03,Email,0,auto,82.9335,1141.9511,308.5649,22053.7932,148.5052,246.8511,114.3507,436.283,321.9323,0.036323,5.667829,0.783828,0.42884433,0.654862,5,4.9964,12.5665,1541.7082,18.0502,23,7096,1.2742,393.1257,0.5856,0.4727
flow_6650,0x100019fa,03,Email,0,auto,95.2813,713.6563,293.461,11825.7611,108.7463,235.4413,144.3128,362.0937,217.7809,0.052136,5.028848,0.794252,0.6563313,0.810143,3,4.606,9.8014,1351.6741,9.3698,15,4401,1.6009,469.7018,0.5738,0.52
flow_6662,0x10001a06,03,Email,0,auto,85.8054,1146.6543,279.3278,14798.759,121.6502,223.3222,132.2161,479.4384,347.2223,0.044167,5.666555,0.691828,0.77301748,0.879214,7,2.5294,6.9449,706.5397,24.9107,36,10055,1.4452,403.6424,0.5856,0.642
flow_6674,0x10001a12,03,Email,0,auto,125.6437,666.8571,244.6018,44534.5907,211.0322,238.4301,112.2825,442.4595,330.1769,0.058122,9.597625,0.703236,2.30155544,1.517088,7,4.1927,9.294,1025.5343,28.8666,41,10028,1.4203,347.3912,0.5695,0.5461
flow_6686,0x10001a1e,03,Email,0,auto,121.806,1177.3754,374.8888,17595.1127,132.6466,212.7911,132.1821,533.4345,401.2523,0.052488,4.912406,0.446122,2.66450346,1.632331,8,2.1534,11.1498,807.2808,23.3164,52,19494,2.2302,836.0625,0.5942,0.513
flow_6698,0x10001a2a,03,Email,0,auto,123.7697,835.812,352.3073,22540.6627,150.1355,227.5872,106.2153,523.5741,417.3589,0.048716,11.736143,0.633606,2.21012624,1.486649,3,2.5963,7.1649,914.7024,10.2408,16,5636,1.5624,550.3455,0.421,0.4674
flow_6710,0x10001a36,03,Email,0,auto,131.1271,1077.4936,232.0596,36657.2482,191.4608,208.5581,111.0495,397.543,286.4936,0.014616,3.90941,0.578908,2.52113194,1.587807,6,4.4266,12.789,1027.2258,19.9569,34,7890,1.7037,395.3524,0.5303,0.488
flow_6722,0x10001a42,03,Email,0,auto,90.062,952.7889,336.3064,15057.4411,122.7088,199.0913,142.1999,542.8979,400.6981,0.050852,9.328243,0.644245,0.48719468,0.697993,5,2.7321,6.9968,918.8335,19.8897,30,10089,1.5083,507.2473,0.5167,0.6051
flow_6734,0x10001a4e,03,Email,0,auto,136.1455,1080.5851,279.7546,42391.4624,205.8919,211.7201,110.776,496.1791,385.4031,0.051679,9.604388,0.511242,2.09378689,1.446992,3,2.4353,5.4851,681.2863,11.2337,21,5874,1.8694,522.8923,0.3857,0.641
flow_6746,0x10001a5a,03,Email,0,auto,97.2288,1051.4935,370.736,14456.3958,120.2348,163.2859,151.6793,518.8303,367.151,0.012302,4.707377,0.511162,2.95799603,1.719883,2,2.8208,8.9177,1045.7907,8.8962,17,6302,1.9109,708.3916,0.3807,0.3887
flow_6758,0x10001a66,03,Email,0,auto,83.4909,807.0068,230.0599,12402.7449,111.3676,252.6954,134.3847,541.0957,406.711,0.031423,8.368921,0.858612,0.88165897,0.938967,5,4.6977,12.4277,1080.7445,25.8552,30,6901,1.1603,266.9099,0.5264,0.6036
flow_6770,0x10001a72,03,Email,0,auto,106.2387,1135.9233,395.1963,55578.2099,235.7503,285.6374,134.432,436.9455,302.5135,0.02059,9.430149,0.73558,1.18431579,1.088263,12,4.0141,6.9699,1586.356,29.8425,40,15807,1.3404,529.6803,0.5801,0.5393
flow_6782,0x10001a7e,03,Email,0,auto,88.1705,980.0957,396.52,18108.3309,134.5672,217.065,110.1198,394.7798,284.66,0.033316,10.817416,0.813859,1.78479674,1.335963,4,3.2284,8.4472,1280.1377,20.1825,24,9516,1.1892,471.4987,0.5148,0.367
flow_6794,0x10001a8a,03,Email,0,auto,97.27,780.1995,243.9911,28490.3631,168.7909,180.3925,140.8211,385.9349,245.1139,0.056766,2.59041,0.321352,0.52326288,0.723369,18,4.4504,8.5445,1085.8544,20.7004,64,15615,3.0917,754.3326,0.5003,0.4125
flow_6806,0x10001a96,03,Email,0,auto,105.8996,751.6913,398.9135,28428.3062,168.607,264.5678,111.6467,458.4418,346.7951,0.020894,7.082892,0.324001,1.50528152,1.226899,9,2.6428,11.303,1054.2491,17.449,53,21142,3.0374,1211.6485,0.6027,0.5545
flow_6818,0x10001aa2,03,Email,0,auto,105.6036,1190.578,260.8837,56401.4612,237.4899,216.393,121.0497,371.5874,250.5377,0.013058,3.121976,0.802895,2.84099202,1.685524,5,3.164,7.3413,825.4251,24.0965,30,7826,1.245,324.7772,0.4811,0.4626
flow_6830,0x10001aae,03,Email,0,auto,139.918,1113.3454,414.6458,17983.4427,134.1024,257.3939,147.4837,398.5345,251.0509,0.041536,3.874839,0.91307,3.02932588,1.740496,2,4.9281,5.6597,2043.4342,11.4403,15,6219,1.3112,543.6031,0.5693,0.5013
flow_6842,0x10001aba,03,Email,0,auto,118.2194,625.6304,238.2043,13277.2409,115.2269,205.7117,151.6325,527.6681,376.0356,0.027916,5.434006,0.584422,0.89607369,0.946612,10,4.6433,5.1962,1106.0606,28.588,48,11433,1.679,399.9232,0.441,0.5361
flow_6854,0x10001ac6,03,Email,0,auto,116.0694,717.9781,238.2355,32533.4522,180.3703,187.7982,111.6323,449.8709,338.2387,0.029313,5.03692,0.747931,1.28130386,1.131947,7,4.6588,5.4438,1109.8915,19.5786,26,6194,1.328,316.3651,0.5738,0.3922
flow_6866,0x10001ad2,03,Email,0,auto,111.9826,1058.2117,240.0107,34618.8465,186.0614,170.1579,115.072,503.5121,388.4401,0.019171,11.99956,0.558233,0.98882186,0.994395,9,2.3675,8.3982,568.2339,17.2445,30,7200,1.7397,417.5244,0.5637,0.3506
flow_6878,0x10001ade,03,Email,0,auto,127.8513,604.712,290.9985,37276.3159,193.0708,254.9967,114.6001,430.5343,315.9342,0.046771,11.533229,0.476584,0.51396145,0.716911,9,3.7184,7.6432,1082.0372,21.843,45,13094,2.0602,599.4608,0.5226,0.3964
flow_6890,0x10001aea,03,Email,0,auto,101.6386,1168.1132,284.5939,12892.5499,113.5454,207.0942,108.885,545.9008,437.0159,0.056245,9.842836,0.761009,0.49593915,0.704229,5,2.2587,12.5731,642.8213,16.4556,21,5976,1.2762,363.1583,0.6032,0.5561
flow_6902,0x10001af6,03,Email,0,auto,81.8922,971.8411,391.4407,9505.0145,97.4937,261.6856,156.6903,523.8635,367.1732,0.023889,8.755204,0.421748,2.51875319,1.587058,8,2.9481,12.0632,1154.0229,19.6352,46,18006,2.3427,917.0247,0.4167,0.565
flow_6914,0x10001b02,03,Email,0,auto,80.5653,834.0556,280.2606,23248.9477,152.4761,228.0772,138.3411,533.6781,395.337,0.038363,10.895908,0.938276,0.42578549,0.652522,2,2.2098,6.7087,619.3152,9.2566,15,4203,1.6205,454.0547,0.4149,0.5179
flow_6926,0x10001b0e,03,Email,0,auto,105.8156,710.249,344.9882,17631.6549,132.7842,222.2448,151.4121,507.5326,356.1205,0.015342,9.650714,0.698204,2.23992125,1.496637,2,2.3243,11.2458,801.8501,8.7577,15,5174,1.7128,590.7971,0.3966,0.3834
flow_6938,0x10001b1a,03,Email,0,auto,126.6942,766.3112,323.5991,16513.3669,128.5043,254.6677,138.6505,459.8122,321.1617,0.017215,3.91612,0.505738,2.30783105,1.519155,5,4.8912,13.3533,1582.8023,14.4235,28,9060,1.9413,628.1409,0.458,0.4558
flow_6950,0x10001b26,03,Email,0,auto,139.0574,646.9754,275.9968,31439.6864,177.3124,208.697,117.7285,411.4482,293.7197,0.020753,8.357495,0.693774,2.10608167,1.451235,4,4.9907,7.2145,1377.4045,10.9182,15,4139,1.3738,379.0907,0.5271,0.3762
flow_6962,0x10001b32,03,Email,0,auto,84.4655,1078.2278,299.7468,16756.7669,129.4479,274.0181,114.5969,476.7426,362.1456,0.019713,7.807724,0.530366,2.68067572,1.637277,5,4.9483,5.0212,1483.2448,16.7748,31,9292,1.848,553.9263,0.4014,0.5214
flow_6974,0x10001b3e,03,Email,0,auto,112.4695,892.0161,234.5234,20229.1228,142.2291,255.8436,158.3045,470.5404,312.2359,0.011865,6.941833,0.385627,1.25798264,1.121598,11,3.0626,13.1477,718.2546,28.6003,74,17354,2.5874,606.7771,0.3924,0.6173
flow_6986,0x10001b4a,03,Email,0,auto,135.2107,1127.5185,324.064,43631.4186,208.8814,193.4603,135.433,442.7438,307.3108,0.051512,11.061496,0.788278,0.8642973,0.929676,2,3.3845,6.4828,1096.7928,8.449,15,4860,1.7754,575.2166,0.5681,0.5948
flow_6998,0x10001b56,03,Email,0,auto,117.3879,601.5059,232.6042,25933.9197,161.0401,171.6053,148.8743,471.484,322.6097,0.01211,7.612091,0.505897,0.41970326,0.647845,15,4.8216,11.1144,1121.53,27.0026,53,12328,1.9628,456.5489,0.523,0.5363
flow_7010,0x10001b62,03,Email,0,auto,132.1112,825.7544,380.5051,14949.1874,122.2669,167.9028,103.0118,435.7173,332.7056,0.059642,11.400272,0.765217,0.41880828,0.647154,7,3.2351,10.5217,1230.9823,29.9335,39,14839,1.3029,495.732,0.4689,0.5314
flow_7022,0x10001b6e,03,Email,0,auto,132.7063,1105.2648,383.4938,54934.267,234.3806,218.002,121.367,514.3869,393.0199,0.033238,11.439326,0.261294,1.52927186,1.236637,5,3.2208,12.8756,1235.1437,9.851,37,14189,3.7559,1440.3543,0.4918,0.5857
flow_7034,0x10001b7a,03,Email,0,auto,81.9014,609.6808,248.7939,10733.397,103.6021,225.0515,127.7073,549.0655,421.3582,0.056211,3.863785,0.897365,2.60168001,1.612972,5,4.8045,6.7347,1195.3327,23.912,26,6468,1.0873,270.4922,0.3948,0.5824
flow_7046,0x10001b86,03,Email,0,auto,121.2939,621.4244,411.4524,14174.3161,119.0559,265.9967,158.6088,430.2449,271.6361,0.039974,10.626938,0.405331,2.00781415,1.416974,18,3.7544,13.1587,1544.7405,27.9601,68,27978,2.432,1000.6385,0.619,0.5172
flow_7058,0x10001b92,03,Email,0,auto,98.9021,684.5653,389.1673,12278.9796,110.8106,210.4162,157.5931,383.1303,225.5372,0.042294,5.899482,0.705806,1.21857972,1.103893,5,2.6552,13.8844,1033.3118,28.072,39,15177,1.3893,540.6462,0.5385,0.4841
flow_7070,0x10001b9e,03,Email,0,auto,117.8156,891.505,373.8511,25607.9161,160.0247,270.9208,122.4031,538.8957,416.4926,0.015318,3.28236,0.911706,2.57403502,1.60438,4,3.0747,6.5721,1149.4745,24.8635,27,10093,1.0859,405.9367,0.5451,0.6468
flow_7082,0x10001baa,03,Email,0,auto,81.2152,834.1541,405.7768,24860.3058,157.6715,234.5252,159.0384,365.7322,206.6938,0.02982,3.055985,0.324218,1.10312576,1.050298,22,2.0936,10.1546,849.5223,24.0406,74,30027,3.0781,1249.0101,0.5101,0.5608
flow_7094,0x10001bb6,03,Email,0,auto,128.7978,611.3684,339.454,29847.4207,172.7641,191.7057,127.7381,398.0918,270.3537,0.052276,2.881321,0.790554,0.77491563,0.880293,4,4.6929,8.6275,1593.0067,24.9333,31,10523,1.2433,422.0465,0.4044,0.5954
flow_7106,0x10001bc2,03,Email,0,auto,132.6223,731.6897,228.8057,22542.6218,150.142,182.8141,107.642,358.4976,250.8556,0.053266,6.722262,0.463013,2.86394482,1.692319,9,4.0967,6.531,937.3503,14.1439,30,6864,2.1211,485.2986,0.5919,0.5821
flow_7118,0x10001bce,03,Email,0,auto,96.9733,719.9372,345.4447,8592.8604,92.6977,177.0225,147.0017,509.9583,362.9566,0.044647,4.868363,0.560607,0.59002852,0.768133,7,4.6115,11.8884,1593.0252,21.4081,38,13126,1.775,613.1331,0.4439,0.3716
flow_7130,0x10001bda,03,Email,0,auto,123.2979,1020.5529,234.6592,10033.302,100.1664,231.0298,136.3294,527.2683,390.9389,0.021264,6.607499,0.467537,3.17813778,1.782733,9,2.1992,11.2465,516.0697,22.6104,48,11263,2.1229,498.1345,0.4697,0.5406
flow_7142,0x10001be6,03,Email,0,auto,80.947,1005.4232,263.153,29681.132,172.2821,200.8279,110.4251,515.3483,404.9232,0.031419,8.98339,0.519759,0.43449223,0.65916,10,2.2094,13.2829,581.4108,28.4737,54,14210,1.8965,499.0576,0.5698,0.5595
flow_7154,0x10001bf2,03,Email,0,auto,120.624,895.6425,235.9541,13649.7915,116.8323,247.2684,110.6079,497.1426,386.5347,0.050848,5.479689,0.840503,0.78978648,0.888699,5,2.3188,13.0837,547.1273,26.7812,31,7314,1.1575,273.1017,0.476,0.3506
flow_7166,0x10001bfe,03,Email,0,auto,105.2935,972.0769,318.3018,27914.7897,167.0772,221.9119,102.8456,436.7868,333.9411,0.058096,9.834483,0.736534,0.5569522,0.746292,3,2.1491,6.0831,684.0516,17.256,23,7320,1.3329,424.2009,0.4712,0.571
flow_7178,0x10001c0a,03,Email,0,auto,114.0936,894.6872,259.0897,42789.6821,206.8567,294.5973,152.9441,528.5875,375.6434,0.024861,4.4781,0.840085,0.67877072,0.823875,3,4.83,12.9702,1251.4027,11.0297,15,3886,1.36,352.3205,0.4601,0.511
flow_7190,0x10001c16,03,Email,0,auto,134.5559,1136.0546,293.1901,25608.6857,160.0271,193.1868,141.6858,542.7812,401.0954,0.016576,8.313686,0.589796,0.40363652,0.635324,4,2.8005,13.8907,821.0905,15.7227,26,7622,1.6537,484.7758,0.5705,0.4285
flow_7202,0x10001c22,03,Email,0,auto,84.2526,741.2349,342.046,36902.6365,192.1006,171.5742,156.2889,392.8017,236.5128,0.046712,3.5748,0.817756,1.28743792,1.134653,8,4.9681,12.1597,1699.3108,26.0385,31,10603,1.1905,407.2052,0.5938,0.4379
flow_7214,0x10001c2e,03,Email,0,auto,129.0983,908.68,395.6725,53772.4442,231.8889,296.7759,130.8569,472.1767,341.3198,0.040285,10.556192,0.524938,1.6238773,1.274314,9,4.7944,8.7619,1897.0089,22.7017,43,17013,1.8941,749.4164,0.5205,0.5234
flow_7226,0x10001c3a,03,Email,0,auto,82.2522,1047.8303,228.4316,9481.1784,97.3713,244.0874,125.5334,512.788,387.2546,0.039578,3.544738,0.629909,2.39015638,1.546013,6,4.8357,10.53,1104.6218,22.9944,36,8223,1.5656,357.6092,0.4428,0.356
flow_7238,0x10001c46,03,Email,0,auto,139.833,623.5387,221.0096,27351.8982,165.3841,288.7951,139.7932,380.354,240.5608,0.030848,6.238627,0.87311,1.18470876,1.088443,3,4.5424,9.9474,1003.9188,13.116,15,3315,1.1436,252.7456,0.3963,0.5714
flow_7250,0x10001c52,03,Email,0,auto,139.4497,980.9848,367.2161,21031.2251,145.0215,288.1669,106.6668,417.0917,310.4249,0.057212,7.451743,0.751816,1.50776919,1.227913,3,2.6339,6.632,967.1981,8.0959,15,5508,1.8528,680.3447,0.486,0.5806
flow_7262,0x10001c5e,03,Email,0,auto,127.1032,984.8865,243.724,12664.3459,112.536,263.7946,132.5194,412.8949,280.3756,0.020971,11.090991,0.3848,2.9379106,1.714033,14,3.7673,11.1016,918.1833,23.2995,60,14623,2.5752,627.6108,0.4648,0.5516
flow_7274,0x10001c6a,03,Email,0,auto,84.109,868.5795,277.1355,38837.789,197.0731,295.2843,112.9927,388.0526,275.0599,0.015953,11.002149,0.682143,1.50958644,1.228652,5,4.7901,11.4366,1327.509,19.9568,29,8036,1.4531,402.6692,0.5509,0.3733
flow_7286,0x10001c76,03,Email,0,auto,114.268,999.0975,399.8202,19646.7771,140.167,188.7779,144.3524,462.2717,317.9192,0.042926,11.744092,0.913206,0.81004378,0.900024,4,4.5236,7.1493,1808.6183,18.4137,20,7996,1.0861,434.2417,0.3973,0.5781
flow_7298,0x10001c82,03,Email,0,auto,84.769,895.6741,279.1639,28331.2902,168.319,215.1411,124.8999,424.9582,300.0583,0.048916,6.199756,0.56546,2.29973635,1.516488,10,4.3864,10.8824,1224.5356,22.2442,39,10887,1.7533,489.4316,0.5037,0.5232
flow_7310,0x10001c8e,03,Email,0,auto,92.0638,740.748,387.8505,38736.4009,196.8157,259.4313,110.0634,533.7586,423.6952,0.054466,5.745541,0.724814,2.72979549,1.652209,6,2.4859,6.9057,964.1395,24.804,34,13186,1.3707,531.6072,0.4433,0.4029
flow_7322,0x10001c9a,03,Email,0,auto,99.3805,621.3814,295.4759,55061.5538,234.652,219.6544,124.4032,544.8682,420.465,0.04086,3.375023,0.913577,1.97941412,1.406917,4,2.8719,13.8501,848.5856,22.9385,25,7386,1.0899,321.9911,0.5694,0.3963
flow_7334,0x10001ca6,03,Email,0,auto,122.1319,744.0631,387.9212,30272.3042,173.9894,171.0701,125.5379,513.156,387.6181,0.047138,8.294619,0.435748,2.86422478,1.692402,4,3.6497,8.1123,1415.7841,9.2141,21,8146,2.2791,884.0828,0.5737,0.5395
flow_7346,0x10001cb2,03,Email,0,auto,92.9023,944.5485,306.3851,38429.336,196.034,257.5511,153.1592,400.7318,247.5726,0.025352,8.488672,0.357762,1.99376186,1.412006,16,3.894,9.6145,1193.0681,19.5111,54,16544,2.7677,847.9261,0.4453,0.462
flow_7358,0x10001cbe,03,Email,0,auto,87.0201,702.3137,379.4245,25845.9865,160.7669,210.8462,104.0075,501.4521,397.4447,0.023029,11.082858,0.282199,0.75872035,0.871046,14,4.0367,9.7309,1531.6065,21.0902,74,28077,3.5087,1331.2787,0.4922,0.4599
flow_7370,0x10001cca,03,Email,0,auto,124.5708,644.2702,323.2872,22834.895,151.1122,271.482,108.2519,404.2093,295.9574,0.047616,3.462269,0.818006,2.6246477,1.620076,2,2.6217,9.979,847.5652,14.9649,18,5819,1.2028,388.8441,0.4178,0.463
flow_7382,0x10001cd6,03,Email,0,auto,115.0862,628.4914,252.5543,12807.1576,113.1687,210.8667,134.7039,359.4568,224.7529,0.015908,7.859125,0.43632,1.43751903,1.198966,8,2.2855,9.6871,577.2055,20.1708,46,11617,2.2805,575.9318,0.5156,0.4822
flow_7394,0x10001ce2,03,Email,0,auto,128.1323,1004.8817,250.0661,40337.7968,200.8427,213.0632,158.1933,438.0265,279.8333,0.017603,9.801218,0.798442,1.25233245,1.119077,5,4.0119,8.3061,1003.2445,25.7552,32,8002,1.2425,310.6951,0.4316,0.3887
flow_7406,0x10001cee,03,Email,0,auto,121.8899,750.138,351.1564,24188.3551,155.5261,226.0489,159.9925,507.2502,347.2578,0.030699,5.814347,0.826631,1.02164992,1.010767,3,3.601,7.7354,1264.5044,13.5028,16,5618,1.1849,416.0625,0.4536,0.5876
flow_7418,0x10001cfa,03,Email,0,auto,127.338,958.3783,258.8925,22179.0465,148.9263,281.502,151.4424,527.9637,376.5212,0.046476,4.921119,0.470975,2.76667167,1.663331,7,4.6648,7.5867,1207.6944,13.5141,28,7248,2.0719,536.327,0.5361,0.3854
flow_7430,0x10001d06,03,Email,0,auto,114.2148,625.6395,243.0557,13756.3548,117.2875,178.4023,125.6445,472.9796,347.3351,0.032034,10.648854,0.63795,2.44101332,1.562374,9,4.9945,8.5402,1213.95,22.2432,34,8263,1.5286,371.4841,0.4941,0.6298
flow_7442,0x10001d12,03,Email,0,auto,96.4137,1037.1826,248.7732,53277.7268,230.8197,207.5994,115.4317,543.1393,427.7076,0.017896,10.143086,0.406539,2.22511794,1.491683,10,4.1091,8.504,1022.2264,19.6589,48,11941,2.4416,607.4092,0.4719,0.505
flow_7454,0x10001d1e,03,Email,0,auto,135.9837,1106.3151,266.9828,36241.7554,190.3727,279.9465,109.7699,489.7873,380.0174,0.044737,9.588036,0.401353,2.5104896,1.584452,5,2.0737,11.4478,553.6367,9.2648,23,6140,2.4825,662.7218,0.4771,0.4445
flow_7466,0x10001d2a,03,Email,0,auto,108.7745,833.2226,373.0653,15241.3289,123.4558,176.3744,144.526,456.0227,311.4967,0.039958,8.356431,0.761159,2.86815287,1.693562,3,3.906,13.669,1457.2045,9.2485,15,5595,1.6219,604.9612,0.5518,0.562
flow_7478,0x10001d36,03,Email,0,auto,112.7452,913.8714,294.1488,38351.8155,195.8362,295.4512,118.2122,423.115,304.9028,0.022249,5.461762,0.344469,0.79693474,0.892712,12,4.24,9.2367,1247.1879,29.4133,85,25002,2.8898,850.023,0.6015,0.4656
flow_7490,0x10001d42,03,Email,0,auto,121.0982,886.4841,239.1926,26898.4512,164.0075,190.395,159.9018,481.3804,321.4786,0.024419,9.974691,0.339266,1.72134171,1.311999,6,4.9464,8.577,1183.1435,8.5138,25,5979,2.9364,702.2724,0.416,0.4487
flow_7502,0x10001d4e,03,Email,0,auto,103.9653,774.0996,272.6153,15348.9283,123.8908,222.9272,111.5121,385.3918,273.8797,0.010877,5.762548,0.271474,0.76116213,0.872446,19,3.2102,11.4675,875.1545,18.1831,66,17992,3.6297,989.4884,0.4392,0.3518
flow_7514,0x10001d5a,03,Email,0,auto,114.9893,712.3989,354.864,33451.6776,182.898,289.6361,111.5127,436.1224,324.6097,0.01515,5.450914,0.730501,0.67854423,0.823738,7,3.0871,12.1644,1095.4953,26.2849,35,12420,1.3316,472.515,0.5751,0.3784
flow_7526,0x10001d66,03,Email,0,auto,92.2941,669.9,298.7716,53599.4615,231.5156,177.3128,137.6198,392.8848,255.265,0.020991,8.522427,0.881744,1.85739542,1.362863,4,4.7369,7.4951,1415.2457,28.1093,31,9261,1.1028,329.4639,0.3956,0.5569
flow_7538,0x10001d72,03,Email,0,auto,103.6356,1051.1215,341.7812,27673.7936,166.3544,176.9022,126.6279,355.3762,228.7482,0.030412,5.371038,0.766548,2.82924209,1.682035,7,4.1597,7.886,1421.7061,28.7171,37,12645,1.2884,440.3299,0.4949,0.5436
flow_7550,0x10001d7e,03,Email,0,auto,100.27,613.1051,378.8439,52922.0325,230.0479,170.5505,148.5211,381.236,232.7149,0.022184,3.554598,0.652567,1.13798916,1.066766,7,2.6662,11.9583,1010.0598,27.1047,41,15532,1.5127,573.0378,0.5855,0.4256
flow_7562,0x10001d8a,03,Email,0,auto,105.2193,878.7392,261.0301,8659.2459,93.0551,189.7577,140.1381,434.5135,294.3753,0.018384,10.169676,0.460358,1.56785203,1.252139,5,2.9299,10.1603,764.7967,10.7007,23,6003,2.1494,560.9938,0.4519,0.4915
flow_7574,0x10001d96,03,Email,0,auto,119.1693,858.3522,416.7328,50142.9716,223.9263,266.7025,104.4616,425.1151,320.6535,0.020453,7.354839,0.426284,0.85662321,0.925539,5,3.5631,10.2766,1484.8408,12.9275,30,12501,2.3206,967.0081,0.4262,0.6203
flow_7586,0x10001da2,03,Email,0,auto,93.3294,766.3962,370.3306,23582.8546,153.5671,255.9895,140.0321,470.0298,329.9977,0.040523,2.523076,0.927181,0.63840417,0.799002,3,2.3896,9.2977,884.9397,18.7458,20,7406,1.0669,395.0752,0.3821,0.3754
flow_7598,0x10001dae,03,Email,0,auto,82.3776,1084.2081,254.6099,38335.2648,195.7939,297.4744,116.0115,373.5068,257.4953,0.016983,4.241915,0.351085,2.47259762,1.57245,12,2.6932,11.6893,685.707,16.5277,47,11966,2.8437,723.9963,0.4136,0.432
flow_7610,0x10001dba,03,Email,0,auto,100.2678,852.0779,391.0751,8696.807,93.2567,175.906,110.0987,537.5331,427.4344,0.037764,4.531248,0.642261,1.44539982,1.202248,5,4.8716,5.7956,1905.1752,18.2494,28,10950,1.5343,600.0182,0.485,0.4585
flow_7622,0x10001dc6,03,Email,0,auto,117.2963,651.0573,370.639,13451.4974,115.9806,222.1003,133.2747,403.7878,270.5131,0.043952,3.025721,0.286746,2.1762884,1.475225,9,2.7986,13.0973,1037.2611,19.0286,66,24462,3.4685,1285.537,0.4071,0.421
flow_7634,0x10001dd2,03,Email,0,auto,138.1289,1139.6015,345.2222,36736.1659,191.6668,217.3347,122.5209,503.0439,380.523,0.053356,11.825487,0.665324,2.33762696,1.52893,5,4.4222,8.0187,1526.6378,22.2541,33,11392,1.4829,511.9053,0.4569,0.3543
flow_7646,0x10001dde,03,Email,0,auto,100.3168,783.8782,319.6198,54655.0117,233.7841,265.0364,107.2727,438.5953,331.3226,0.043313,8.028337,0.565754,3.22066963,1.794622,11,3.515,8.9382,1123.4619,28.3685,50,15980,1.7625,563.3013,0.5217,0.3583
flow_7658,0x10001dea,03,Email,0,auto,80.4904,686.7525,283.7781,16698.7643,129.2237,198.4398,113.0892,365.4627,252.3735,0.013992,11.784273,0.35237,0.58710073,0.766225,6,4.8513,10.7142,1376.6793,10.8359,30,8513,2.7686,785.6322,0.6122,0.4049
flow_7670,0x10001df6,03,Email,0,auto,95.0546,1182.4498,329.7456,35529.9089,188.4938,168.1886,152.1957,382.5814,230.3857,0.020844,5.336039,0.784642,1.56429185,1.250717,2,3.7503,5.2677,1236.6562,11.8059,15,4946,1.2706,418.9429,0.4195,0.6082
flow_7682,0x10001e02,03,Email,0,auto,113.3722,948.2654,245.4379,21247.487,145.7652,195.4904,117.6258,441.036,323.4102,0.014083,4.541842,0.519774,1.98205719,1.407856,6,4.2969,11.7903,1054.6231,20.1601,38,9326,1.8849,462.5975,0.4031,0.373
flow_7694,0x10001e0e,03,Email,0,auto,104.9863,1051.7482,312.1626,23535.1427,153.4117,220.6773,127.1542,418.7213,291.567,0.01767,6.459026,0.569634,1.91506228,1.383858,6,2.6393,13.818,823.8781,26.711,46,14359,1.7221,537.5688,0.4138,0.6118
flow_7706,0x10001e1a,03,Email,0,auto,92.2948,1193.5114,333.462,36106.625,190.0174,249.3061,104.232,373.1466,268.9146,0.056229,8.536024,0.875975,2.29978088,1.516503,7,2.8316,8.6454,944.2388,29.9399,34,11337,1.1356,378.659,0.4985,0.469
flow_7718,0x10001e26,03,Email,0,auto,82.0867,624.7225,274.7028,18735.5817,136.878,263.918,112.8209,525.6712,412.8503,0.056772,5.136345,0.371707,1.25498436,1.120261,3,2.0576,13.7695,565.2183,9.5173,25,6867,2.6268,721.5264,0.4142,0.462
flow_7730,0x10001e32,03,Email,0,auto,82.6526,1016.823,379.3817,18237.0621,135.0447,243.4317,145.533,372.3394,226.8064,0.038109,3.760014,0.888002,0.59220176,0.769546,2,3.0201,13.8108,1145.783,9.697,15,5690,1.5469,586.779,0.5911,0.4557
flow_7742,0x10001e3e,03,Email,0,auto,96.8494,630.4179,363.213,19486.9616,139.5957,292.5018,142.0456,368.9489,226.9033,0.01252,11.348316,0.383256,2.28074605,1.510214,12,3.5711,11.7889,1297.065,22.7805,59,21429,2.5899,940.6709,0.4963,0.5341
flow_7754,0x10001e4a,03,Email,0,auto,84.2777,791.8339,374.191,33152.9713,182.0796,175.4711,123.4034,519.8484,396.4451,0.030733,2.567555,0.607178,0.64563145,0.803512,6,3.5672,11.885,1334.8036,25.3457,41,15341,1.6176,605.2694,0.4311,0.5619
flow_7766,0x10001e56,03,Email,0,auto,134.3612,1021.9317,359.1926,44458.377,210.8516,168.9773,158.1534,522.2375,364.0841,0.035691,9.972212,0.738487,2.70372372,1.6443,3,2.9103,7.524,1045.3504,14.4326,19,6824,1.3165,472.8183,0.4621,0.3804
flow_7778,0x10001e62,03,Email,0,auto,138.4227,742.0396,376.555,20847.1043,144.3853,268.8678,110.8586,491.3961,380.5376,0.039387,5.816407,0.806352,2.44786432,1.564565,4,4.7441,10.6499,1786.4188,25.8238,32,12049,1.2392,466.5846,0.5028,0.3676
flow_7790,0x10001e6e,03,Email,0,auto,111.2918,896.5398,278.5387,21572.3127,146.8752,187.4762,147.9297,541.9085,393.9788,0.030114,7.774464,0.426433,0.45769946,0.676535,15,3.7907,10.9695,1055.8429,29.5158,69,19219,2.3377,651.143,0.461,0.402
flow_7802,0x10001e7a,03,Email,0,auto,85.4197,780.1686,369.5565,50338.4159,224.3622,191.3413,140.9879,494.8897,353.9018,0.020064,6.770051,0.705431,2.86703909,1.693233,6,2.5655,9.79,948.1051,28.3498,40,14782,1.4109,521.4142,0.5322,0.6175
flow_7814,0x10001e86,03,Email,0,auto,89.6406,1035.1083,348.9428,14066.8274,118.6037,288.7181,104.7938,501.8704,397.0766,0.039397,5.876366,0.392664,2.4290573,1.558543,19,3.2904,12.2565,1148.1567,28.6647,73,25472,2.5467,888.6193,0.4931,0.3769
flow_7826,0x10001e92,03,Email,0,auto,90.6148,675.8604,400.4144,39382.0504,198.4491,280.768,106.8216,444.1219,337.3003,0.052931,7.756766,0.580554,3.12613949,1.768089,7,2.3765,6.7791,951.5652,19.2335,33,13213,1.7158,686.9781,0.5909,0.3941
flow_7838,0x10001e9e,03,Email,0,auto,97.4869,999.5203,324.1728,30878.1214,175.7217,262.1083,102.8093,379.3978,276.5885,0.034847,6.781904,0.565016,0.71872498,0.847776,14,3.6584,12.4676,1185.9485,25.9377,45,14587,1.7349,562.3858,0.5337,0.6447
flow_7850,0x10001eaa,03,Email,0,auto,135.6056,756.3283,297.0296,38112.0709,195.2231,244.8329,102.7109,449.7643,347.0534,0.018284,11.100339,0.899179,1.86267727,1.364799,6,4.7051,6.1544,1397.5443,29.4336,32,9504,1.0872,322.8957,0.5705,0.4651
flow_7862,0x10001eb6,03,Email,0,auto,109.4277,713.1384,335.6065,22417.6576,149.7253,178.8547,143.5019,525.339,381.8371,0.029835,10.215101,0.812431,2.26436912,1.504782,4,4.7546,6.9475,1595.6783,19.5656,24,8054,1.2266,411.6404,0.5296,0.6419
flow_7874,0x10001ec2,03,Email,0,auto,95.1731,1175.3394,414.3366,13119.4521,114.5402,231.9469,126.69,421.0973,294.4073,0.02188,10.380567,0.785684,1.41976548,1.191539,5,4.4654,6.7016,1850.1605,17.3459,22,9115,1.2683,525.4847,0.395,0.4114
flow_7886,0x10001ece,03,Email,0,auto,113.0899,810.3072,295.4023,8575.6468,92.6048,173.1557,104.8642,357.3626,252.4985,0.011216,8.672808,0.788992,1.17895103,1.085795,3,3.4771,13.2811,1027.1464,18.8779,23,6794,1.2184,359.8921,0.6064,0.41
flow_7898,0x10001eda,03,Email,0,auto,107.4296,967.0903,367.7116,31654.1502,177.9161,254.189,101.3917,397.977,296.5853,0.025481,9.187328,0.459805,1.44343828,1.201432,11,3.2848,9.6808,1207.8615,23.6005,51,18753,2.161,794.6033,0.5081,0.4701
flow_7910,0x10001ee6,03,Email,0,auto,116.5745,782.2682,338.6131,8489.6504,92.1393,275.0448,116.2632,432.1088,315.8456,0.024509,5.854564,0.778873,0.45846283,0.677099,3,3.1353,9.2036,1061.6686,17.8943,22,7449,1.2294,416.2772,0.4403,0.3684
flow_7922,0x10001ef2,03,Email,0,auto,124.9938,619.23,311.5465,26236.018,161.9754,202.4687,156.4803,430.2613,273.781,0.022932,6.699397,0.496185,1.79129579,1.338393,2,4.6101,7.6101,1436.2482,8.21,16,4984,1.9489,607.0673,0.5161,0.4225
flow_7934,0x10001efe,03,Email,0,auto,116.4757,728.4236,352.8852,13656.4364,116.8608,209.2776,123.8552,364.7738,240.9186,0.051604,3.266204,0.572181,0.79479407,0.891512,7,3.8852,8.2572,1371.0373,21.1586,36,12703,1.7014,600.3696,0.4047,0.5777
flow_7946,0x10001f0a,03,Email,0,auto,133.6484,965.0381,382.62,21103.9829,145.2721,293.9408,154.3217,397.5713,243.2496,0.043627,3.222196,0.534469,1.67690248,1.294953,9,2.9561,6.5384,1131.0769,19.6397,36,13774,1.833,701.3328,0.6079,0.6207
flow_7958,0x10001f16,03,Email,0,auto,104.8345,672.2857,257.9705,43114.6067,207.6406,199.4748,147.1026,429.8623,282.7597,0.056365,7.381694,0.402405,0.46936741,0.685104,11,4.0724,10.3663,1050.5499,22.1811,55,14188,2.4796,639.6442,0.4819,0.468
flow_7970,0x10001f22,03,Email,0,auto,87.4233,1197.4372,378.428,30369.8424,174.2695,247.6569,113.1784,493.5614,380.383,0.053267,2.578361,0.352325,3.15654671,1.776667,13,2.1453,11.9547,811.8426,29.1996,82,31031,2.8083,1062.7203,0.4114,0.5566
flow_7982,0x10001f2e,03,Email,0,auto,113.0383,1169.9326,243.092,8351.2941,91.3854,180.6618,126.3566,418.2649,291.9083,0.0145,10.95022,0.824555,0.94973879,0.974545,9,2.2322,10.274,542.6222,29.8465,36,8751,1.2062,293.2,0.619,0.4833
flow_7994,0x10001f3a,03,Email,0,auto,132.9612,1126.1751,337.443,49090.4123,221.5636,166.9708,114.2464,362.8814,248.635,0.026091,11.888347,0.839276,0.41702127,0.645772,2,3.4711,10.9047,1171.2884,8.3543,15,5061,1.7955,605.7989,0.4442,0.6105
flow_8006,0x10001f46,03,ICMP,48,auto,96.0,96.0,96.0,0.3665,0.6054,96.0,96.0,96.0,0.0,0.975723,1.024277,1.0,0.00014734,0.012139,14,1.0,2.0,96.0,29.4624,29,2784,0.9843,94.4935,0.5,0.5
flow_8018,0x10001f52,03,ICMP,48,auto,104.0,104.0,104.0,0.3043,0.5516,104.0,104.0,104.0,0.0,0.486665,0.513335,0.5,4.446e-05,0.006667,33,1.0,2.0,104.0,33.2827,66,6864,1.983,206.233,0.5,0.5
flow_8030,0x10001f5e,03,ICMP,48,auto,96.0,96.0,96.0,0.0256,0.16,96.0,96.0,96.0,0.0,0.979394,1.020606,1.0,0.00010615,0.010303,8,1.0,2.0,96.0,17.357,17,1632,0.9794,94.0252,0.5,0.5
flow_8042,0x10001f6a,03,ICMP,48,auto,112.0,112.0,112.0,0.3942,0.6278,112.0,112.0,112.0,0.0,0.978337,1.021663,1.0,0.00011732,0.010831,5,1.0,2.0,112.0,10.0603,10,1120,0.994,111.3286,0.5,0.5
flow_8054,0x10001f76,03,ICMP,48,auto,112.0,112.0,112.0,0.0608,0.2465,112.0,112.0,112.0,0.0,0.491465,0.508535,0.5,1.821e-05,0.004267,34,1.0,2.0,112.0,34.1675,68,7616,1.9902,222.9017,0.5,0.5
flow_8066,0x10001f82,03,ICMP,48,auto,112.0,112.0,112.0,0.0307,0.1753,112.0,112.0,112.0,0.0,0.475633,0.524367,0.5,0.00014844,0.012184,12,1.0,2.0,112.0,12.4315,24,2688,1.9306,216.2258,0.5,0.5
flow_8078,0x10001f8e,03,ICMP,48,auto,104.0,104.0,104.0,0.3393,0.5825,104.0,104.0,104.0,0.0,0.491802,0.508198,0.5,1.68e-05,0.004099,23,1.0,2.0,104.0,23.7434,47,4888,1.9795,205.8675,0.5,0.5
flow_8090,0x10001f9a,03,ICMP,48,auto,104.0,104.0,104.0,0.3715,0.6095,104.0,104.0,104.0,0.0,0.987218,1.012782,1.0,4.085e-05,0.006391,15,1.0,2.0,104.0,31.8927,31,3224,0.972,101.0891,0.5,0.5
flow_8102,0x10001fa6,03,ICMP,48,auto,112.0,112.0,112.0,0.0216,0.1469,112.0,112.0,112.0,0.0,0.487746,0.512254,0.5,3.754e-05,0.006127,19,1.0,2.0,112.0,19.3277,38,4256,1.9661,220.2023,0.5,0.5
flow_8114,0x10001fb2,03,ICMP,48,auto,96.0,96.0,96.0,0.0303,0.174,96.0,96.0,96.0,0.0,0.478598,0.521402,0.5,0.00011451,0.010701,30,1.0,2.0,96.0,30.3094,60,5760,1.9796,190.0401,0.5,0.5
flow_8126,0x10001fbe,03,ICMP,48,auto,104.0,104.0,104.0,0.0658,0.2565,104.0,104.0,104.0,0.0,0.982746,1.017254,1.0,7.442e-05,0.008627,6,1.0,2.0,104.0,13.5551,13,1352,0.959,99.7411,0.5,0.5
flow_8138,0x10001fca,03,ICMP,48,auto,104.0,104.0,104.0,0.506,0.7113,104.0,104.0,104.0,0.0,0.980954,1.019046,1.0,9.068e-05,0.009523,19,1.0,2.0,104.0,38.8836,38,3952,0.9773,101.6366,0.5,0.5
flow_8150,0x10001fd6,03,ICMP,48,auto,112.0,112.0,112.0,0.102,0.3194,112.0,112.0,112.0,0.0,0.990281,1.009719,1.0,2.362e-05,0.00486,17,1.0,2.0,112.0,35.5798,35,3920,0.9837,110.175,0.5,0.5
flow_8162,0x10001fe2,03,ICMP,48,auto,112.0,112.0,112.0,0.371,0.6091,112.0,112.0,112.0,0.0,0.489678,0.510322,0.5,2.664e-05,0.005161,32,1.0,2.0,112.0,32.7973,65,7280,1.9819,221.9697,0.5,0.5
flow_8174,0x10001fee,03,ICMP,48,auto,112.0,112.0,112.0,0.1401,0.3744,112.0,112.0,112.0,0.0,0.477313,0.522687,0.5,0.00012867,0.011343,21,1.0,2.0,112.0,21.9397,43,4816,1.9599,219.5108,0.5,0.5
flow_8186,0x10001ffa,03,ICMP,48,auto,112.0,112.0,112.0,0.5234,0.7235,112.0,112.0,112.0,0.0,0.482911,0.517089,0.5,7.301e-05,0.008545,26,1.0,2.0,112.0,26.1443,52,5824,1.989,222.764,0.5,0.5
flow_8198,0x10002006,03,ICMP,48,auto,96.0,96.0,96.0,0.0288,0.1696,96.0,96.0,96.0,0.0,0.979025,1.020975,1.0,0.00010998,0.010487,11,1.0,2.0,96.0,23.8661,23,2208,0.9637,92.5163,0.5,0.5
flow_8210,0x10002012,03,ICMP,48,auto,104.0,104.0,104.0,0.0776,0.2786,104.0,104.0,104.0,0.0,0.978027,1.021973,1.0,0.0001207,0.010986,11,1.0,2.0,104.0,23.4293,23,2392,0.9817,102.0946,0.5,0.5
flow_8222,0x1000201e,03,ICMP,48,auto,104.0,104.0,104.0,0.5339,0.7307,104.0,104.0,104.0,0.0,0.481258,0.518742,0.5,8.782e-05,0.009371,25,1.0,2.0,104.0,25.5431,51,5304,1.9966,207.6488,0.5,0.5
flow_8234,0x1000202a,03,ICMP,48,auto,96.0,96.0,96.0,0.2015,0.4489,96.0,96.0,96.0,0.0,0.482441,0.517559,0.5,7.708e-05,0.008779,28,1.0,2.0,96.0,28.9244,57,5472,1.9707,189.1826,0.5,0.5
flow_8246,0x10002036,03,ICMP,48,auto,96.0,96.0,96.0,0.3562,0.5968,96.0,96.0,96.0,0.0,0.478989,0.521011,0.5,0.00011037,0.010506,32,1.0,2.0,96.0,32.1189,64,6144,1.9926,191.2893,0.5,0.5
flow_8258,0x10002042,03,ICMP,48,auto,96.0,96.0,96.0,0.1991,0.4463,96.0,96.0,96.0,0.0,0.477872,0.522128,0.5,0.00012241,0.011064,31,1.0,2.0,96.0,31.4186,62,5952,1.9734,189.4421,0.5,0.5
flow_8270,0x1000204e,03,ICMP,48,auto,104.0,104.0,104.0,0.0222,0.1489,104.0,104.0,104.0,0.0,0.983636,1.016364,1.0,6.694e-05,0.008182,14,1.0,2.0,104.0,28.7035,28,2912,0.9755,101.4511,0.5,0.5
flow_8282,0x1000205a,03,ICMP,48,auto,96.0,96.0,96.0,0.1025,0.3202,96.0,96.0,96.0,0.0,0.493014,0.506986,0.5,1.22e-05,0.003493,20,1.0,2.0,96.0,20.6822,41,3936,1.9824,190.309,0.5,0.5
flow_8294,0x10002066,03,ICMP,48,auto,96.0,96.0,96.0,0.0739,0.2719,96.0,96.0,96.0,0.0,0.991903,1.008097,1.0,1.639e-05,0.004049,5,1.0,2.0,96.0,11.2018,11,1056,0.982,94.2707,0.5,0.5
flow_8306,0x10002072,03,ICMP,48,auto,96.0,96.0,96.0,0.4502,0.671,96.0,96.0,96.0,0.0,0.489067,0.510933,0.5,2.988e-05,0.005467,18,1.0,2.0,96.0,18.0705,36,3456,1.9922,191.2505,0.5,0.5
flow_8318,0x1000207e,03,ICMP,48,auto,96.0,96.0,96.0,0.3527,0.5939,96.0,96.0,96.0,0.0,0.990093,1.009907,1.0,2.454e-05,0.004953,13,1.0,2.0,96.0,27.7581,27,2592,0.9727,93.3782,0.5,0.5
flow_8330,0x1000208a,03,ICMP,48,auto,96.0,96.0,96.0,0.1496,0.3868,96.0,96.0,96.0,0.0,0.487332,0.512668,0.5,4.012e-05,0.006334,16,1.0,2.0,96.0,16.6212,33,3168,1.9854,190.5994,0.5,0.5
flow_8342,0x10002096,03,ICMP,48,auto,112.0,112.0,112.0,0.1439,0.3793,112.0,112.0,112.0,0.0,0.99272,1.00728,1.0,1.325e-05,0.00364,12,1.0,2.0,112.0,24.8819,24,2688,0.9646,108.0304,0.5,0.5
flow_8354,0x100020a2,03,ICMP,48,auto,104.0,104.0,104.0,0.6253,0.7908,104.0,104.0,104.0,0.0,0.477792,0.522208,0.5,0.0001233,0.011104,11,1.0,2.0,104.0,11.225,22,2288,1.9599,203.8301,0.5,0.5
flow_8366,0x100020ae,03,ICMP,48,auto,96.0,96.0,96.0,0.3869,0.622,96.0,96.0,96.0,0.0,0.495331,0.504669,0.5,5.45e-06,0.002334,13,1.0,2.0,96.0,13.3901,26,2496,1.9417,186.4063,0.5,0.5
flow_8378,0x100020ba,03,ICMP,48,auto,104.0,104.0,104.0,0.2535,0.5035,104.0,104.0,104.0,0.0,0.976579,1.023421,1.0,0.00013714,0.011711,9,1.0,2.0,104.0,19.979,19,1976,0.951,98.9037,0.5,0.5
flow_8390,0x100020c6,03,ICMP,48,auto,112.0,112.0,112.0,0.0425,0.2063,112.0,112.0,112.0,0.0,0.4907,0.5093,0.5,2.162e-05,0.00465,39,1.0,2.0,112.0,39.0005,78,8736,2.0,223.9971,0.5,0.5
flow_8402,0x100020d2,03,ICMP,48,auto,112.0,112.0,112.0,0.0405,0.2012,112.0,112.0,112.0,0.0,0.988755,1.011245,1.0,3.161e-05,0.005622,9,1.0,2.0,112.0,19.0223,19,2128,0.9988,111.8687,0.5,0.5
flow_8414,0x100020de,03,ICMP,48,auto,112.0,112.0,112.0,0.5737,0.7574,112.0,112.0,112.0,0.0,0.490967,0.509033,0.5,2.04e-05,0.004516,21,1.0,2.0,112.0,21.504,43,4816,1.9996,223.9587,0.5,0.5
flow_8426,0x100020ea,03,ICMP,48,auto,96.0,96.0,96.0,0.0277,0.1664,96.0,96.0,96.0,0.0,0.494548,0.505452,0.5,7.43e-06,0.002726,29,1.0,2.0,96.0,29.7459,59,5664,1.9835,190.4129,0.5,0.5
flow_8438,0x100020f6,03,ICMP,48,auto,96.0,96.0,96.0,0.4315,0.6569,96.0,96.0,96.0,0.0,0.993004,1.006996,1.0,1.223e-05,0.003498,5,1.0,2.0,96.0,10.6012,10,960,0.9433,90.556,0.5,0.5
flow_8450,0x10002102,03,ICMP,48,auto,112.0,112.0,112.0,0.0237,0.154,112.0,112.0,112.0,0.0,0.480952,0.519048,0.5,9.07e-05,0.009524,13,1.0,2.0,112.0,13.647,27,3024,1.9785,221.5871,0.5,0.5
flow_8462,0x1000210e,03,ICMP,48,auto,96.0,96.0,96.0,0.0114,0.1069,96.0,96.0,96.0,0.0,0.480305,0.519695,0.5,9.697e-05,0.009847,10,1.0,2.0,96.0,10.0458,20,1920,1.9909,191.1254,0.5,0.5
flow_8474,0x1000211a,03,ICMP,48,auto,104.0,104.0,104.0,0.0123,0.111,104.0,104.0,104.0,0.0,0.978207,1.021793,1.0,0.00011873,0.010896,19,1.0,2.0,104.0,39.1643,39,4056,0.9958,103.5636,0.5,0.5
flow_8486,0x10002126,03,ICMP,48,auto,104.0,104.0,104.0,0.1834,0.4283,104.0,104.0,104.0,0.0,0.482555,0.517445,0.5,7.608e-05,0.008722,31,1.0,2.0,104.0,31.2399,62,6448,1.9846,206.4026,0.5,0.5
flow_8498,0x10002132,03,ICMP,48,auto,96.0,96.0,96.0,0.0395,0.1988,96.0,96.0,96.0,0.0,0.481245,0.518755,0.5,8.793e-05,0.009377,23,1.0,2.0,96.0,23.4589,46,4416,1.9609,188.244,0.5,0.5
flow_8510,0x1000213e,03,ICMP,48,auto,104.0,104.0,104.0,0.1026,0.3203,104.0,104.0,104.0,0.0,0.993303,1.006697,1.0,1.121e-05,0.003348,8,1.0,2.0,104.0,17.7453,17,1768,0.958,99.6318,0.5,0.5
flow_8522,0x1000214a,03,ICMP,48,auto,96.0,96.0,96.0,0.0915,0.3025,96.0,96.0,96.0,0.0,0.486278,0.513722,0.5,4.707e-05,0.006861,25,1.0,2.0,96.0,25.8449,51,4896,1.9733,189.4374,0.5,0.5
flow_8534,0x10002156,03,ICMP,48,auto,104.0,104.0,104.0,0.4956,0.704,104.0,104.0,104.0,0.0,0.494608,0.505392,0.5,7.27e-06,0.002696,32,1.0,2.0,104.0,32.781,65,6760,1.9829,206.2173,0.5,0.5
flow_8546,0x10002162,03,ICMP,48,auto,112.0,112.0,112.0,0.1394,0.3734,112.0,112.0,112.0,0.0,0.483833,0.516167,0.5,6.534e-05,0.008084,31,1.0,2.0,112.0,31.5278,63,7056,1.9982,223.8026,0.5,0.5
flow_8558,0x1000216e,03,ICMP,48,auto,96.0,96.0,96.0,0.0663,0.2574,96.0,96.0,96.0,0.0,0.489385,0.510615,0.5,2.817e-05,0.005308,28,1.0,2.0,96.0,28.1633,56,5376,1.9884,190.887,0.5,0.5
flow_8570,0x1000217a,03,ICMP,48,auto,104.0,104.0,104.0,0.4297,0.6555,104.0,104.0,104.0,0.0,0.987104,1.012896,1.0,4.158e-05,0.006448,18,1.0,2.0,104.0,37.0297,37,3848,0.9992,103.9165,0.5,0.5
flow_8582,0x10002186,03,ICMP,48,auto,112.0,112.0,112.0,0.0939,0.3064,112.0,112.0,112.0,0.0,0.494611,0.505389,0.5,7.26e-06,0.002694,39,1.0,2.0,112.0,39.0541,78,8736,1.9972,223.6895,0.5,0.5
flow_8594,0x10002192,03,ICMP,48,auto,104.0,104.0,104.0,0.0139,0.118,104.0,104.0,104.0,0.0,0.979217,1.020783,1.0,0.00010799,0.010392,7,1.0,2.0,104.0,14.3613,14,1456,0.9748,101.3832,0.5,0.5
flow_8606,0x1000219e,03,ICMP,48,auto,96.0,96.0,96.0,0.1586,0.3982,96.0,96.0,96.0,0.0,0.491165,0.508835,0.5,1.951e-05,0.004417,27,1.0,2.0,96.0,27.0286,54,5184,1.9979,191.7969,0.5,0.5
flow_8618,0x100021aa,03,ICMP,48,auto,104.0,104.0,104.0,0.4265,0.6531,104.0,104.0,104.0,0.0,0.993779,1.006221,1.0,9.68e-06,0.003111,18,1.0,2.0,104.0,37.5013,37,3848,0.9866,102.6098,0.5,0.5
flow_8630,0x100021b6,03,ICMP,48,auto,112.0,112.0,112.0,0.572,0.7563,112.0,112.0,112.0,0.0,0.988456,1.011544,1.0,3.332e-05,0.005772,6,1.0,2.0,112.0,12.6526,12,1344,0.9484,106.2235,0.5,0.5
flow_8642,0x100021c2,03,ICMP,48,auto,96.0,96.0,96.0,0.5105,0.7145,96.0,96.0,96.0,0.0,0.493587,0.506413,0.5,1.028e-05,0.003207,31,1.0,2.0,96.0,31.9544,63,6048,1.9716,189.2697,0.5,0.5
flow_8654,0x100021ce,03,ICMP,48,auto,96.0,96.0,96.0,0.0134,0.1159,96.0,96.0,96.0,0.0,0.478287,0.521713,0.5,0.00011787,0.010857,27,1.0,2.0,96.0,27.5199,55,5280,1.9986,191.8611,0.5,0.5
flow_8666,0x100021da,03,ICMP,48,auto,112.0,112.0,112.0,0.4738,0.6883,112.0,112.0,112.0,0.0,0.47866,0.52134,0.5,0.00011385,0.01067,24,1.0,2.0,112.0,24.5144,49,5488,1.9988,223.8688,0.5,0.5
flow_8678,0x100021e6,03,ICMP,48,auto,112.0,112.0,112.0,0.4078,0.6386,112.0,112.0,112.0,0.0,0.985016,1.014984,1.0,5.613e-05,0.007492,17,1.0,2.0,112.0,34.1074,34,3808,0.9968,111.6472,0.5,0.5
flow_8690,0x100021f2,03,ICMP,48,auto,96.0,96.0,96.0,0.1297,0.3602,96.0,96.0,96.0,0.0,0.992375,1.007625,1.0,1.454e-05,0.003813,12,1.0,2.0,96.0,24.9159,24,2304,0.9632,92.4709,0.5,0.5
flow_8702,0x100021fe,03,ICMP,48,auto,96.0,96.0,96.0,0.0312,0.1766,96.0,96.0,96.0,0.0,0.485734,0.514266,0.5,5.088e-05,0.007133,39,1.0,2.0,96.0,39.9849,79,7584,1.9757,189.6717,0.5,0.5
flow_8714,0x1000220a,03,ICMP,48,auto,112.0,112.0,112.0,0.3333,0.5774,112.0,112.0,112.0,0.0,0.491165,0.508835,0.5,1.951e-05,0.004417,26,1.0,2.0,112.0,26.7798,53,5936,1.9791,221.6595,0.5,0.5
flow_8726,0x10002216,03,ICMP,48,auto,112.0,112.0,112.0,0.1215,0.3486,112.0,112.0,112.0,0.0,0.982871,1.017129,1.0,7.335e-05,0.008565,14,1.0,2.0,112.0,29.097,29,3248,0.9967,111.6268,0.5,0.5
flow_8738,0x10002222,03,ICMP,48,auto,104.0,104.0,104.0,0.059,0.2429,104.0,104.0,104.0,0.0,0.982531,1.017469,1.0,7.629e-05,0.008735,10,1.0,2.0,104.0,20.3543,20,2080,0.9826,102.1899,0.5,0.5
flow_8750,0x1000222e,03,ICMP,48,auto,96.0,96.0,96.0,0.2863,0.5351,96.0,96.0,96.0,0.0,0.988889,1.011111,1.0,3.087e-05,0.005556,14,1.0,2.0,96.0,29.8362,29,2784,0.972,93.3096,0.5,0.5
flow_8762,0x1000223a,03,ICMP,48,auto,96.0,96.0,96.0,0.2365,0.4863,96.0,96.0,96.0,0.0,0.99059,1.00941,1.0,2.214e-05,0.004705,7,1.0,2.0,96.0,15.4365,15,1440,0.9717,93.2856,0.5,0.5
flow_8774,0x10002246,03,ICMP,48,auto,112.0,112.0,112.0,0.26,0.5099,112.0,112.0,112.0,0.0,0.982714,1.017286,1.0,7.47e-05,0.008643,8,1.0,2.0,112.0,17.1207,17,1904,0.993,111.2104,0.5,0.5
flow_8786,0x10002252,03,ICMP,48,auto,96.0,96.0,96.0,0.0272,0.165,96.0,96.0,96.0,0.0,0.99539,1.00461,1.0,5.31e-06,0.002305,13,1.0,2.0,96.0,26.3011,26,2496,0.9886,94.901,0.5,0.5
flow_8798,0x1000225e,03,ICMP,48,auto,104.0,104.0,104.0,0.1431,0.3783,104.0,104.0,104.0,0.0,0.993375,1.006625,1.0,1.097e-05,0.003313,10,1.0,2.0,104.0,20.5503,20,2080,0.9732,101.2151,0.5,0.5
flow_8810,0x1000226a,03,ICMP,48,auto,96.0,96.0,96.0,0.0782,0.2796,96.0,96.0,96.0,0.0,0.494145,0.505855,0.5,8.57e-06,0.002927,28,1.0,2.0,96.0,28.1013,56,5376,1.9928,191.3082,0.5,0.5
flow_8822,0x10002276,03,ICMP,48,auto,112.0,112.0,112.0,0.1243,0.3526,112.0,112.0,112.0,0.0,0.976607,1.023393,1.0,0.00013681,0.011697,7,1.0,2.0,112.0,15.0254,15,1680,0.9983,111.8107,0.5,0.5
flow_8834,0x10002282,03,ICMP,48,auto,96.0,96.0,96.0,0.0687,0.2621,96.0,96.0,96.0,0.0,0.490256,0.509744,0.5,2.373e-05,0.004872,23,1.0,2.0,96.0,23.0708,46,4416,1.9939,191.4105,0.5,0.5
flow_8846,0x1000228e,03,ICMP,48,auto,112.0,112.0,112.0,0.3702,0.6084,112.0,112.0,112.0,0.0,0.479096,0.520904,0.5,0.00010925,0.010452,26,1.0,2.0,112.0,26.6126,53,5936,1.9915,223.0524,0.5,0.5
flow_8858,0x1000229a,03,ICMP,48,auto,96.0,96.0,96.0,0.0213,0.146,96.0,96.0,96.0,0.0,0.47674,0.52326,0.5,0.00013526,0.01163,25,1.0,2.0,96.0,25.9546,51,4896,1.965,188.6368,0.5,0.5
flow_8870,0x100022a6,03,ICMP,48,auto,112.0,112.0,112.0,0.3406,0.5836,112.0,112.0,112.0,0.0,0.481644,0.518356,0.5,8.423e-05,0.009178,16,1.0,2.0,112.0,16.1152,32,3584,1.9857,222.3984,0.5,0.5
flow_8882,0x100022b2,03,ICMP,48,auto,96.0,96.0,96.0,0.3996,0.6322,96.0,96.0,96.0,0.0,0.492909,0.507091,0.5,1.257e-05,0.003545,27,1.0,2.0,96.0,27.2638,54,5184,1.9806,190.1422,0.5,0.5
flow_8894,0x100022be,03,ICMP,48,auto,96.0,96.0,96.0,0.2178,0.4667,96.0,96.0,96.0,0.0,0.493404,0.506596,0.5,1.088e-05,0.003298,35,1.0,2.0,96.0,35.2998,70,6720,1.983,190.3693,0.5,0.5
flow_8906,0x100022ca,03,ICMP,48,auto,104.0,104.0,104.0,0.4837,0.6955,104.0,104.0,104.0,0.0,0.989194,1.010806,1.0,2.919e-05,0.005403,13,1.0,2.0,104.0,26.4745,26,2704,0.9821,102.1359,0.5,0.5
flow_8918,0x100022d6,03,ICMP,48,auto,96.0,96.0,96.0,0.5794,0.7612,96.0,96.0,96.0,0.0,0.99106,1.00894,1.0,1.998e-05,0.00447,11,1.0,2.0,96.0,23.7185,23,2208,0.9697,93.0918,0.5,0.5
flow_8930,0x100022e2,03,ICMP,48,auto,104.0,104.0,104.0,0.2918,0.5402,104.0,104.0,104.0,0.0,0.987789,1.012211,1.0,3.728e-05,0.006106,7,1.0,2.0,104.0,15.5581,15,1560,0.9641,100.2694,0.5,0.5
flow_8942,0x100022ee,03,ICMP,48,auto,112.0,112.0,112.0,0.1506,0.3881,112.0,112.0,112.0,0.0,0.487248,0.512752,0.5,4.065e-05,0.006376,27,1.0,2.0,112.0,27.9393,55,6160,1.9686,220.478,0.5,0.5
flow_8954,0x100022fa,03,ICMP,48,auto,112.0,112.0,112.0,0.0508,0.2254,112.0,112.0,112.0,0.0,0.493027,0.506973,0.5,1.215e-05,0.003486,18,1.0,2.0,112.0,18.863,37,4144,1.9615,219.6894,0.5,0.5
flow_8966,0x10002306,03,ICMP,48,auto,104.0,104.0,104.0,0.0592,0.2433,104.0,104.0,104.0,0.0,0.483482,0.516518,0.5,6.821e-05,0.008259,27,1.0,2.0,104.0,27.4951,54,5616,1.964,204.2548,0.5,0.5
flow_8978,0x10002312,03,ICMP,48,auto,96.0,96.0,96.0,0.1184,0.3441,96.0,96.0,96.0,0.0,0.493114,0.506886,0.5,1.186e-05,0.003443,39,1.0,2.0,96.0,39.1109,78,7488,1.9943,191.4556,0.5,0.5
flow_8990,0x1000231e,03,ICMP,48,auto,96.0,96.0,96.0,0.5628,0.7502,96.0,96.0,96.0,0.0,0.485945,0.514055,0.5,4.938e-05,0.007027,18,1.0,2.0,96.0,18.9387,37,3552,1.9537,187.5529,0.5,0.5
flow_9002,0x1000232a,03,ICMP,48,auto,96.0,96.0,96.0,0.0447,0.2115,96.0,96.0,96.0,0.0,0.982779,1.017221,1.0,7.414e-05,0.008611,13,1.0,2.0,96.0,27.9354,27,2592,0.9665,92.7856,0.5,0.5
flow_9014,0x10002336,03,ICMP,48,auto,96.0,96.0,96.0,0.5632,0.7505,96.0,96.0,96.0,0.0,0.986627,1.013373,1.0,4.471e-05,0.006686,6,1.0,2.0,96.0,12.4151,12,1152,0.9666,92.79,0.5,0.5
flow_9026,0x10002342,03,ICMP,48,auto,112.0,112.0,112.0,0.6365,0.7978,112.0,112.0,112.0,0.0,0.987938,1.012062,1.0,3.638e-05,0.006031,18,1.0,2.0,112.0,36.626,36,4032,0.9829,110.0858,0.5,0.5
flow_9038,0x1000234e,03,ICMP,48,auto,96.0,96.0,96.0,0.1325,0.364,96.0,96.0,96.0,0.0,0.986604,1.013396,1.0,4.487e-05,0.006698,5,1.0,2.0,96.0,11.9152,11,1056,0.9232,88.6261,0.5,0.5
flow_9050,0x1000235a,03,ICMP,48,auto,112.0,112.0,112.0,0.0978,0.3127,112.0,112.0,112.0,0.0,0.47907,0.52093,0.5,0.00010952,0.010465,20,1.0,2.0,112.0,20.0585,40,4480,1.9942,223.3464,0.5,0.5
flow_9062,0x10002366,03,ICMP,48,auto,112.0,112.0,112.0,0.0336,0.1833,112.0,112.0,112.0,0.0,0.985124,1.014876,1.0,5.532e-05,0.007438,17,1.0,2.0,112.0,35.7072,35,3920,0.9802,109.7817,0.5,0.5
flow_9074,0x10002372,03,ICMP,48,auto,96.0,96.0,96.0,0.0885,0.2975,96.0,96.0,96.0,0.0,0.989972,1.010028,1.0,2.514e-05,0.005014,7,1.0,2.0,96.0,14.8472,14,1344,0.9429,90.5221,0.5,0.5
flow_9086,0x1000237e,03,ICMP,48,auto,104.0,104.0,104.0,0.6231,0.7894,104.0,104.0,104.0,0.0,0.478914,0.521086,0.5,0.00011115,0.010543,19,1.0,2.0,104.0,19.4335,38,3952,1.9554,203.3602,0.5,0.5
flow_9098,0x1000238a,03,ICMP,48,auto,96.0,96.0,96.0,0.1903,0.4363,96.0,96.0,96.0,0.0,0.479881,0.520119,0.5,0.0001012,0.01006,18,1.0,2.0,96.0,18.1846,36,3456,1.9797,190.0512,0.5,0.5
flow_9110,0x10002396,03,ICMP,48,auto,96.0,96.0,96.0,0.1599,0.3999,96.0,96.0,96.0,0.0,0.493454,0.506546,0.5,1.071e-05,0.003273,11,1.0,2.0,96.0,11.116,22,2112,1.9791,189.9959,0.5,0.5
flow_9122,0x100023a2,03,ICMP,48,auto,96.0,96.0,96.0,0.0238,0.1544,96.0,96.0,96.0,0.0,0.987938,1.012062,1.0,3.638e-05,0.006031,13,1.0,2.0,96.0,26.4188,26,2496,0.9841,94.4781,0.5,0.5
flow_9134,0x100023ae,03,ICMP,48,auto,104.0,104.0,104.0,0.4371,0.6612,104.0,104.0,104.0,0.0,0.48823,0.51177,0.5,3.463e-05,0.005885,11,1.0,2.0,104.0,11.5021,23,2392,1.9996,207.9617,0.5,0.5
flow_9146,0x100023ba,03,ICMP,48,auto,104.0,104.0,104.0,0.0143,0.1194,104.0,104.0,104.0,0.0,0.982539,1.017461,1.0,7.622e-05,0.008731,10,1.0,2.0,104.0,21.7319,21,2184,0.9663,100.4975,0.5,0.5
flow_9158,0x100023c6,03,ICMP,48,auto,96.0,96.0,96.0,0.0579,0.2407,96.0,96.0,96.0,0.0,0.493539,0.506461,0.5,1.044e-05,0.003231,34,1.0,2.0,96.0,34.0078,68,6528,1.9995,191.956,0.5,0.5
flow_9170,0x100023d2,03,ICMP,48,auto,112.0,112.0,112.0,0.5689,0.7543,112.0,112.0,112.0,0.0,0.977493,1.022507,1.0,0.00012664,0.011254,15,1.0,2.0,112.0,31.552,31,3472,0.9825,110.0406,0.5,0.5
flow_9182,0x100023de,03,ICMP,48,auto,112.0,112.0,112.0,0.036,0.1897,112.0,112.0,112.0,0.0,0.975761,1.024239,1.0,0.00014688,0.01212,13,1.0,2.0,112.0,27.5975,27,3024,0.9783,109.5751,0.5,0.5
flow_9194,0x100023ea,03,ICMP,48,auto,96.0,96.0,96.0,0.1439,0.3793,96.0,96.0,96.0,0.0,0.495652,0.504348,0.5,4.73e-06,0.002174,10,1.0,2.0,96.0,10.6224,21,2016,1.977,189.7879,0.5,0.5
flow_9206,0x100023f6,03,ICMP,48,auto,112.0,112.0,112.0,0.4778,0.6912,112.0,112.0,112.0,0.0,0.476212,0.523788,0.5,0.00014147,0.011894,12,1.0,2.0,112.0,12.8017,25,2800,1.9529,218.7204,0.5,0.5
flow_9218,0x10002402,03,ICMP,48,auto,96.0,96.0,96.0,0.1346,0.3669,96.0,96.0,96.0,0.0,0.489223,0.510777,0.5,2.903e-05,0.005388,35,1.0,2.0,96.0,35.7485,71,6816,1.9861,190.6656,0.5,0.5
flow_9230,0x1000240e,03,ICMP,48,auto,104.0,104.0,104.0,0.4501,0.6709,104.0,104.0,104.0,0.0,0.988289,1.011711,1.0,3.429e-05,0.005855,8,1.0,2.0,104.0,16.8791,16,1664,0.9479,98.5837,0.5,0.5
flow_9242,0x1000241a,03,ICMP,48,auto,104.0,104.0,104.0,0.612,0.7823,104.0,104.0,104.0,0.0,0.481692,0.518308,0.5,8.379e-05,0.009154,28,1.0,2.0,104.0,28.068,56,5824,1.9952,207.4962,0.5,0.5
flow_9254,0x10002426,03,ICMP,48,auto,96.0,96.0,96.0,0.1175,0.3428,96.0,96.0,96.0,0.0,0.49312,0.50688,0.5,1.183e-05,0.00344,34,1.0,2.0,96.0,34.4404,68,6528,1.9744,189.545,0.5,0.5
flow_9266,0x10002432,03,ICMP,48,auto,112.0,112.0,112.0,0.0334,0.1829,112.0,112.0,112.0,0.0,0.979539,1.020461,1.0,0.00010466,0.01023,7,1.0,2.0,112.0,15.2141,15,1680,0.9859,110.4239,0.5,0.5
flow_9278,0x1000243e,03,ICMP,48,auto,104.0,104.0,104.0,0.0795,0.282,104.0,104.0,104.0,0.0,0.990735,1.009265,1.0,2.146e-05,0.004632,12,1.0,2.0,104.0,24.783,24,2496,0.9684,100.7141,0.5,0.5
flow_9290,0x1000244a,03,ICMP,48,auto,112.0,112.0,112.0,0.0309,0.1756,112.0,112.0,112.0,0.0,0.482265,0.517735,0.5,7.864e-05,0.008868,23,1.0,2.0,112.0,23.5205,47,5264,1.9983,223.8047,0.5,0.5
flow_9302,0x10002456,03,ICMP,48,auto,104.0,104.0,104.0,0.3389,0.5822,104.0,104.0,104.0,0.0,0.992563,1.007437,1.0,1.383e-05,0.003719,17,1.0,2.0,104.0,34.4696,34,3536,0.9864,102.5832,0.5,0.5
flow_9314,0x10002462,03,ICMP,48,auto,112.0,112.0,112.0,0.0117,0.1082,112.0,112.0,112.0,0.0,0.993379,1.006621,1.0,1.096e-05,0.00331,10,1.0,2.0,112.0,21.5247,21,2352,0.9756,109.2699,0.5,0.5
flow_9326,0x1000246e,03,ICMP,48,auto,96.0,96.0,96.0,0.1143,0.3381,96.0,96.0,96.0,0.0,0.478823,0.521177,0.5,0.00011212,0.010589,37,1.0,2.0,96.0,37.0526,74,7104,1.9972,191.7276,0.5,0.5
flow_9338,0x1000247a,03,ICMP,48,auto,112.0,112.0,112.0,0.3117,0.5583,112.0,112.0,112.0,0.0,0.98328,1.01672,1.0,6.989e-05,0.00836,15,1.0,2.0,112.0,30.6069,30,3360,0.9802,109.7793,0.5,0.5
flow_9350,0x10002486,03,ICMP,48,auto,96.0,96.0,96.0,0.3801,0.6165,96.0,96.0,96.0,0.0,0.986481,1.013519,1.0,4.569e-05,0.006759,11,1.0,2.0,96.0,22.8465,22,2112,0.9629,92.4431,0.5,0.5
flow_9362,0x10002492,03,ICMP,48,auto,96.0,96.0,96.0,0.1623,0.4029,96.0,96.0,96.0,0.0,0.494797,0.505203,0.5,6.77e-06,0.002602,10,1.0,2.0,96.0,10.8774,21,2016,1.9306,185.3393,0.5,0.5
flow_9374,0x1000249e,03,ICMP,48,auto,96.0,96.0,96.0,0.0281,0.1676,96.0,96.0,96.0,0.0,0.492946,0.507054,0.5,1.244e-05,0.003527,15,1.0,2.0,96.0,15.6911,31,2976,1.9756,189.6619,0.5,0.5
flow_9386,0x100024aa,03,ICMP,48,auto,104.0,104.0,104.0,0.4492,0.6702,104.0,104.0,104.0,0.0,0.994603,1.005397,1.0,7.28e-06,0.002698,13,1.0,2.0,104.0,26.9973,26,2704,0.9631,100.158,0.5,0.5
flow_9398,0x100024b6,03,ICMP,48,auto,112.0,112.0,112.0,0.0774,0.2782,112.0,112.0,112.0,0.0,0.494174,0.505826,0.5,8.48e-06,0.002913,13,1.0,2.0,112.0,13.4418,26,2912,1.9343,216.6376,0.5,0.5
flow_9410,0x100024c2,03,ICMP,48,auto,104.0,104.0,104.0,0.4099,0.6402,104.0,104.0,104.0,0.0,0.976019,1.023981,1.0,0.00014377,0.01199,15,1.0,2.0,104.0,31.8521,31,3224,0.9732,101.2178,0.5,0.5
flow_9422,0x100024ce,03,ICMP,48,auto,96.0,96.0,96.0,0.1799,0.4241,96.0,96.0,96.0,0.0,0.994041,1.005959,1.0,8.88e-06,0.00298,19,1.0,2.0,96.0,39.4029,39,3744,0.9898,95.0185,0.5,0.5
flow_9434,0x100024da,03,ICMP,48,auto,104.0,104.0,104.0,0.0325,0.1804,104.0,104.0,104.0,0.0,0.495585,0.504415,0.5,4.87e-06,0.002207,30,1.0,2.0,104.0,30.4725,60,6240,1.969,204.7747,0.5,0.5
flow_9446,0x100024e6,03,ICMP,48,auto,112.0,112.0,112.0,0.3221,0.5675,112.0,112.0,112.0,0.0,0.483688,0.516312,0.5,6.652e-05,0.008156,31,1.0,2.0,112.0,31.43,62,6944,1.9726,220.9357,0.5,0.5
flow_9458,0x100024f2,03,ICMP,48,auto,96.0,96.0,96.0,0.0683,0.2614,96.0,96.0,96.0,0.0,0.475976,0.524024,0.5,0.00014428,0.012012,28,1.0,2.0,96.0,28.0597,56,5376,1.9957,191.5912,0.5,0.5
flow_9470,0x100024fe,03,ICMP,48,auto,104.0,104.0,104.0,0.1252,0.3538,104.0,104.0,104.0,0.0,0.490934,0.509066,0.5,2.055e-05,0.004533,21,1.0,2.0,104.0,21.9827,43,4472,1.9561,203.4323,0.5,0.5
flow_9482,0x1000250a,03,ICMP,48,auto,112.0,112.0,112.0,0.308,0.555,112.0,112.0,112.0,0.0,0.987519,1.012481,1.0,3.895e-05,0.006241,5,1.0,2.0,112.0,11.5207,11,1232,0.9548,106.9379,0.5,0.5
flow_9494,0x10002516,03,ICMP,48,auto,96.0,96.0,96.0,0.1916,0.4377,96.0,96.0,96.0,0.0,0.977683,1.022317,1.0,0.00012452,0.011159,17,1.0,2.0,96.0,34.2848,34,3264,0.9917,95.2024,0.5,0.5
flow_9506,0x10002522,03,ICMP,48,auto,96.0,96.0,96.0,0.36,0.6,96.0,96.0,96.0,0.0,0.979584,1.020416,1.0,0.0001042,0.010208,11,1.0,2.0,96.0,23.3295,23,2208,0.9859,94.6443,0.5,0.5
flow_9518,0x1000252e,03,ICMP,48,auto,112.0,112.0,112.0,0.129,0.3591,112.0,112.0,112.0,0.0,0.98494,1.01506,1.0,5.67e-05,0.00753,16,1.0,2.0,112.0,32.2537,32,3584,0.9921,111.1192,0.5,0.5
flow_9530,0x1000253a,03,ICMP,48,auto,112.0,112.0,112.0,0.4338,0.6587,112.0,112.0,112.0,0.0,0.983974,1.016026,1.0,6.421e-05,0.008013,16,1.0,2.0,112.0,32.9902,32,3584,0.97,108.6383,0.5,0.5
flow_9542,0x10002546,03,ICMP,48,auto,96.0,96.0,96.0,0.4104,0.6406,96.0,96.0,96.0,0.0,0.478442,0.521558,0.5,0.00011619,0.010779,10,1.0,2.0,96.0,10.4134,20,1920,1.9206,184.3772,0.5,0.5
flow_9554,0x10002552,03,ICMP,48,auto,104.0,104.0,104.0,0.1416,0.3763,104.0,104.0,104.0,0.0,0.978284,1.021716,1.0,0.0001179,0.010858,14,1.0,2.0,104.0,29.3221,29,3016,0.989,102.8575,0.5,0.5
flow_9566,0x1000255e,03,ICMP,48,auto,112.0,112.0,112.0,0.2846,0.5335,112.0,112.0,112.0,0.0,0.988907,1.011093,1.0,3.076e-05,0.005546,19,1.0,2.0,112.0,38.5022,38,4256,0.987,110.5392,0.5,0.5
flow_9578,0x1000256a,03,ICMP,48,auto,96.0,96.0,96.0,0.0861,0.2935,96.0,96.0,96.0,0.0,0.491554,0.508446,0.5,1.783e-05,0.004223,30,1.0,2.0,96.0,30.8009,61,5856,1.9805,190.1242,0.5,0.5
flow_9590,0x10002576,03,ICMP,48,auto,96.0,96.0,96.0,0.0383,0.1958,96.0,96.0,96.0,0.0,0.476369,0.523631,0.5,0.00013961,0.011816,18,1.0,2.0,96.0,18.6851,37,3552,1.9802,190.0976,0.5,0.5
flow_9602,0x10002582,03,ICMP,48,auto,104.0,104.0,104.0,0.1639,0.4049,104.0,104.0,104.0,0.0,0.491673,0.508327,0.5,1.733e-05,0.004163,15,1.0,2.0,104.0,15.8276,31,3224,1.9586,203.695,0.5,0.5
flow_9614,0x1000258e,03,ICMP,48,auto,112.0,112.0,112.0,0.1715,0.4141,112.0,112.0,112.0,0.0,0.479116,0.520884,0.5,0.00010903,0.010442,27,1.0,2.0,112.0,27.0413,54,6048,1.9969,223.6576,0.5,0.5
flow_9626,0x1000259a,03,ICMP,48,auto,112.0,112.0,112.0,0.0383,0.1958,112.0,112.0,112.0,0.0,0.482566,0.517434,0.5,7.598e-05,0.008717,26,1.0,2.0,112.0,26.5246,53,5936,1.9981,223.792,0.5,0.5
flow_9638,0x100025a6,03,ICMP,48,auto,96.0,96.0,96.0,0.5874,0.7664,96.0,96.0,96.0,0.0,0.994319,1.005681,1.0,8.07e-06,0.002841,8,1.0,2.0,96.0,17.475,17,1632,0.9728,93.3908,0.5,0.5
flow_9650,0x100025b2,03,ICMP,48,auto,112.0,112.0,112.0,0.488,0.6986,112.0,112.0,112.0,0.0,0.477061,0.522939,0.5,0.00013155,0.011469,16,1.0,2.0,112.0,16.6199,33,3696,1.9856,222.3842,0.5,0.5
flow_9662,0x100025be,03,ICMP,48,auto,112.0,112.0,112.0,0.3054,0.5526,112.0,112.0,112.0,0.0,0.483261,0.516739,0.5,7.005e-05,0.00837,29,1.0,2.0,112.0,29.5702,59,6608,1.9953,223.4681,0.5,0.5
flow_9674,0x100025ca,03,ICMP,48,auto,112.0,112.0,112.0,0.086,0.2933,112.0,112.0,112.0,0.0,0.475892,0.524108,0.5,0.0001453,0.012054,25,1.0,2.0,112.0,25.4033,50,5600,1.9682,220.4436,0.5,0.5
flow_9686,0x100025d6,03,ICMP,48,auto,96.0,96.0,96.0,0.6102,0.7812,96.0,96.0,96.0,0.0,0.475861,0.524139,0.5,0.00014568,0.01207,14,1.0,2.0,96.0,14.5209,29,2784,1.9971,191.7233,0.5,0.5
flow_9698,0x100025e2,03,ICMP,48,auto,104.0,104.0,104.0,0.0617,0.2483,104.0,104.0,104.0,0.0,0.495356,0.504644,0.5,5.39e-06,0.002322,29,1.0,2.0,104.0,29.0647,58,6032,1.9956,207.5373,0.5,0.5
flow_9710,0x100025ee,03,ICMP,48,auto,96.0,96.0,96.0,0.5686,0.754,96.0,96.0,96.0,0.0,0.97864,1.02136,1.0,0.00011406,0.01068,5,1.0,2.0,96.0,11.2406,11,1056,0.9786,93.9448,0.5,0.5
flow_9722,0x100025fa,03,ICMP,48,auto,104.0,104.0,104.0,0.6004,0.7749,104.0,104.0,104.0,0.0,0.484755,0.515245,0.5,5.81e-05,0.007623,29,1.0,2.0,104.0,29.6037,59,6136,1.993,207.2713,0.5,0.5
flow_9734,0x10002606,03,ICMP,48,auto,104.0,104.0,104.0,0.0142,0.1194,104.0,104.0,104.0,0.0,0.979573,1.020427,1.0,0.00010431,0.010213,15,1.0,2.0,104.0,31.0907,31,3224,0.9971,103.6966,0.5,0.5
flow_9746,0x10002612,03,ICMP,48,auto,112.0,112.0,112.0,0.1704,0.4128,112.0,112.0,112.0,0.0,0.49247,0.50753,0.5,1.417e-05,0.003765,34,1.0,2.0,112.0,34.9685,69,7728,1.9732,220.999,0.5,0.5
flow_9758,0x1000261e,03,ICMP,48,auto,96.0,96.0,96.0,0.1731,0.4161,96.0,96.0,96.0,0.0,0.989421,1.010579,1.0,2.798e-05,0.00529,14,1.0,2.0,96.0,28.7291,28,2688,0.9746,93.5637,0.5,0.5
flow_9770,0x1000262a,03,ICMP,48,auto,96.0,96.0,96.0,0.058,0.2408,96.0,96.0,96.0,0.0,0.49195,0.50805,0.5,1.62e-05,0.004025,19,1.0,2.0,96.0,19.1344,38,3648,1.9859,190.6511,0.5,0.5
flow_9782,0x10002636,03,ICMP,48,auto,112.0,112.0,112.0,0.2223,0.4715,112.0,112.0,112.0,0.0,0.988966,1.011034,1.0,3.044e-05,0.005517,14,1.0,2.0,112.0,28.9556,28,3136,0.967,108.3038,0.5,0.5
flow_9794,0x10002642,03,ICMP,48,auto,104.0,104.0,104.0,0.2111,0.4595,104.0,104.0,104.0,0.0,0.481396,0.518604,0.5,8.653e-05,0.009302,22,1.0,2.0,104.0,22.4051,44,4576,1.9638,204.2396,0.5,0.5
flow_9806,0x1000264e,03,ICMP,48,auto,104.0,104.0,104.0,0.144,0.3795,104.0,104.0,104.0,0.0,0.989888,1.010112,1.0,2.556e-05,0.005056,11,1.0,2.0,104.0,23.4,23,2392,0.9829,102.2222,0.5,0.5
flow_9818,0x1000265a,03,ICMP,48,auto,96.0,96.0,96.0,0.4141,0.6435,96.0,96.0,96.0,0.0,0.981218,1.018782,1.0,8.819e-05,0.009391,18,1.0,2.0,96.0,36.1002,36,3456,0.9972,95.7335,0.5,0.5
flow_9830,0x10002666,03,ICMP,48,auto,112.0,112.0,112.0,0.4825,0.6946,112.0,112.0,112.0,0.0,0.49296,0.50704,0.5,1.239e-05,0.00352,36,1.0,2.0,112.0,36.3634,72,8064,1.98,221.7612,0.5,0.5
flow_9842,0x10002672,03,ICMP,48,auto,104.0,104.0,104.0,0.3056,0.5528,104.0,104.0,104.0,0.0,0.976128,1.023872,1.0,0.00014247,0.011936,18,1.0,2.0,104.0,36.4154,36,3744,0.9886,102.8137,0.5,0.5
flow_9854,0x1000267e,03,ICMP,48,auto,112.0,112.0,112.0,0.1985,0.4455,112.0,112.0,112.0,0.0,0.993092,1.006908,1.0,1.193e-05,0.003454,13,1.0,2.0,112.0,26.7758,26,2912,0.971,108.755,0.5,0.5
flow_9866,0x1000268a,03,ICMP,48,auto,112.0,112.0,112.0,0.2547,0.5047,112.0,112.0,112.0,0.0,0.478788,0.521212,0.5,0.00011249,0.010606,18,1.0,2.0,112.0,18.7027,37,4144,1.9783,221.5718,0.5,0.5
flow_9878,0x10002696,03,ICMP,48,auto,112.0,112.0,112.0,0.0737,0.2715,112.0,112.0,112.0,0.0,0.483182,0.516818,0.5,7.071e-05,0.008409,21,1.0,2.0,112.0,21.5149,43,4816,1.9986,223.8447,0.5,0.5
flow_9890,0x100026a2,03,ICMP,48,auto,112.0,112.0,112.0,0.0279,0.1671,112.0,112.0,112.0,0.0,0.977784,1.022216,1.0,0.00012339,0.011108,13,1.0,2.0,112.0,26.4062,26,2912,0.9846,110.2771,0.5,0.5
flow_9902,0x100026ae,03,ICMP,48,auto,96.0,96.0,96.0,0.0836,0.2892,96.0,96.0,96.0,0.0,0.980288,1.019712,1.0,9.714e-05,0.009856,5,1.0,2.0,96.0,11.7113,11,1056,0.9393,90.1692,0.5,0.5
flow_9914,0x100026ba,03,ICMP,48,auto,104.0,104.0,104.0,0.1491,0.3861,104.0,104.0,104.0,0.0,0.492953,0.507047,0.5,1.242e-05,0.003524,17,1.0,2.0,104.0,17.404,34,3536,1.9536,203.1716,0.5,0.5
flow_9926,0x100026c6,03,ICMP,48,auto,96.0,96.0,96.0,0.4016,0.6337,96.0,96.0,96.0,0.0,0.479343,0.520657,0.5,0.00010668,0.010329,12,1.0,2.0,96.0,12.4452,24,2304,1.9285,185.1322,0.5,0.5
flow_9938,0x100026d2,03,ICMP,48,auto,104.0,104.0,104.0,0.067,0.2589,104.0,104.0,104.0,0.0,0.994196,1.005804,1.0,8.42e-06,0.002902,13,1.0,2.0,104.0,27.2518,27,2808,0.9908,103.039,0.5,0.5
flow_9950,0x100026de,03,ICMP,48,auto,104.0,104.0,104.0,0.0438,0.2092,104.0,104.0,104.0,0.0,0.978149,1.021851,1.0,0.00011937,0.010926,10,1.0,2.0,104.0,20.3824,20,2080,0.9812,102.049,0.5,0.5
flow_9962,0x100026ea,03,ICMP,48,auto,96.0,96.0,96.0,0.0309,0.1756,96.0,96.0,96.0,0.0,0.49319,0.50681,0.5,1.16e-05,0.003405,36,1.0,2.0,96.0,36.5024,73,7008,1.9999,191.9874,0.5,0.5
flow_9974,0x100026f6,03,ICMP,48,auto,96.0,96.0,96.0,0.0247,0.157,96.0,96.0,96.0,0.0,0.977098,1.022902,1.0,0.00013113,0.011451,8,1.0,2.0,96.0,17.8243,17,1632,0.9538,91.5604,0.5,0.5
flow_9986,0x10002702,03,ICMP,48,auto,96.0,96.0,96.0,0.1675,0.4093,96.0,96.0,96.0,0.0,0.98952,1.01048,1.0,2.746e-05,0.00524,14,1.0,2.0,96.0,29.0864,29,2784,0.997,95.7147,0.5,0.5
flow_9998,0x1000270e,03,ICMP,48,auto,112.0,112.0,112.0,0.2446,0.4946,112.0,112.0,112.0,0.0,0.475982,0.524018,0.5,0.00014421,0.012009,37,1.0,2.0,112.0,37.9429,75,8400,1.9767,221.3855,0.5,0.5
