flow_id,spi,scenario_id,traffic_type,dscp_label,label_source,pkt_len_min,pkt_len_max,pkt_len_mean,pkt_len_var,pkt_len_std,pkt_len_median,pkt_len_q25,pkt_len_q75,pkt_len_iqr,iat_min,iat_max,iat_mean,iat_var,iat_std,burst_count,burst_len_mean,burst_len_max,burst_bytes_mean,flow_duration_s,total_packets,total_bytes,packet_rate_pps,byte_rate_bps,forward_packet_ratio,forward_byte_ratio
flow_0004,0x10000004,05,VoIP,46,auto,85.3059,120.4781,99.1309,38.6177,6.2143,99.8421,94.7809,103.4809,8.7,0.013954,0.028849,0.019912,8.88e-06,0.002979,152,3.2256,9.267,319.7552,24.1585,1213,120245,50.21,4977.3282,0.484,0.4664
flow_0016,0x10000010,05,VoIP,46,auto,140.663,215.0238,174.7096,209.9661,14.4902,175.8334,164.5664,184.8527,20.2863,0.021144,0.045673,0.030956,2.407e-05,0.004906,97,2.71,8.7301,473.4606,24.7942,800,139767,32.2656,5637.088,0.519,0.5032
flow_0028,0x1000001c,05,VoIP,46,auto,143.481,223.2945,172.0593,114.2073,10.6868,172.8087,164.5785,179.54,14.9615,0.023599,0.04406,0.031783,1.675e-05,0.004092,78,2.1205,6.0089,364.8438,33.8305,1064,183071,31.4509,5411.4236,0.4775,0.4777
flow_0040,0x10000028,05,VoIP,46,auto,179.7921,225.1717,203.4602,140.6432,11.8593,202.2835,195.1586,211.7617,16.603,0.021459,0.04446,0.030659,2.116e-05,0.0046,96,2.8647,8.6688,582.8492,43.8832,1431,291151,32.6093,6634.6864,0.515,0.5089
flow_0052,0x10000034,05,VoIP,46,auto,117.2641,192.4214,154.4614,383.7901,19.5906,154.904,140.748,168.1748,27.4268,0.021931,0.041227,0.029649,1.489e-05,0.003859,99,2.0895,6.7324,322.7479,19.7525,666,102871,33.7172,5207.9941,0.4711,0.4578
flow_0064,0x10000040,05,VoIP,46,auto,169.9289,216.9146,194.4609,108.8962,10.4353,193.3101,187.1562,201.7657,14.6095,0.025108,0.036737,0.02976,5.41e-06,0.002326,29,2.9646,8.0406,576.4987,12.4013,416,80895,33.5449,6523.1209,0.4979,0.4939
flow_0076,0x1000004c,05,VoIP,46,auto,116.6295,202.8966,152.8618,252.6539,15.8951,152.6214,141.7353,163.9884,22.2531,0.008865,0.035281,0.019432,2.791e-05,0.005283,80,3.6015,5.3376,550.5349,11.5555,594,90799,51.404,7857.6275,0.4732,0.4532
flow_0088,0x10000058,05,VoIP,46,auto,133.548,196.6178,162.6031,372.4473,19.2989,160.4739,149.0939,176.1123,27.0185,0.009473,0.037314,0.020609,3.1e-05,0.005568,154,2.5628,7.9714,416.7238,43.6525,2118,344393,48.5196,7889.43,0.5227,0.5177
flow_0100,0x10000064,05,VoIP,46,auto,176.6363,224.9693,193.7913,49.6918,7.0492,194.9163,188.8568,198.7258,9.8689,0.02173,0.044606,0.03088,2.093e-05,0.004575,157,2.3322,9.7802,451.9548,41.1035,1331,257936,32.3817,6275.2881,0.4793,0.4672
flow_0112,0x10000070,05,VoIP,46,auto,174.3319,221.0848,195.1583,151.1702,12.2951,194.6517,186.5517,203.7649,17.2132,0.021286,0.042422,0.02974,1.787e-05,0.004227,103,2.5656,8.9762,500.6963,33.085,1112,217016,33.6104,6559.3554,0.5276,0.5365
flow_0124,0x1000007c,05,VoIP,46,auto,77.4538,113.4249,90.0965,27.1734,5.2128,90.957,86.4475,93.7455,7.2979,0.020768,0.048741,0.031957,3.13e-05,0.005595,98,2.8074,6.6043,252.9362,41.526,1299,117035,31.2816,2818.358,0.5028,0.5053
flow_0136,0x10000088,05,VoIP,46,auto,87.941,117.0376,98.6747,63.2119,7.9506,98.5805,93.1093,104.2401,11.1308,0.011843,0.03313,0.020358,1.813e-05,0.004257,95,4.9341,7.3744,486.8745,19.9843,981,96799,49.0884,4843.741,0.4779,0.4599
flow_0148,0x10000094,05,VoIP,46,auto,76.4851,108.2162,86.6789,28.6874,5.3561,86.9133,82.9296,90.4281,7.4985,0.019725,0.043618,0.029282,2.283e-05,0.004779,87,2.4094,6.6008,208.8451,35.695,1219,105661,34.1504,2960.1035,0.4921,0.4936
flow_0160,0x100000a0,05,VoIP,46,auto,80.7864,116.7547,92.4353,45.2604,6.7276,91.4373,87.726,97.1446,9.4186,0.02277,0.041472,0.030251,1.399e-05,0.00374,123,2.7101,7.6382,250.5095,26.0233,860,79494,33.0473,3054.7275,0.474,0.4913
flow_0172,0x100000ac,05,VoIP,46,auto,114.8734,186.699,146.6397,369.0983,19.2119,146.7852,133.1914,160.0881,26.8967,0.015067,0.029794,0.020958,8.67e-06,0.002945,63,2.2662,7.0343,332.3154,18.9295,903,132415,47.7034,6995.1813,0.5266,0.5446
flow_0184,0x100000b8,05,VoIP,46,auto,87.678,126.7936,101.8836,21.5958,4.6471,101.7703,98.6306,105.1366,6.506,0.01495,0.03173,0.021662,1.126e-05,0.003356,180,3.9458,7.5702,402.0114,35.9014,1657,168821,46.1543,4702.3579,0.4856,0.471
flow_0196,0x100000c4,05,VoIP,46,auto,179.3736,237.0799,203.9505,52.253,7.2286,204.462,198.8905,209.0106,10.1201,0.009673,0.0341,0.019444,2.387e-05,0.004885,154,2.4711,5.059,503.9773,27.1615,1396,284714,51.3963,10482.2607,0.4849,0.5014
flow_0208,0x100000d0,05,VoIP,46,auto,161.9774,218.0255,183.8663,88.6303,9.4144,183.3918,177.2763,190.4564,13.1801,0.024417,0.036612,0.029295,5.95e-06,0.002439,92,4.5292,5.2841,832.7627,34.6906,1184,217697,34.1302,6275.38,0.5166,0.5117
flow_0220,0x100000dc,05,VoIP,46,auto,107.0258,172.8092,141.0201,449.468,21.2007,140.5353,126.1796,155.8605,29.6809,0.013241,0.031733,0.020638,1.368e-05,0.003698,138,4.2124,5.5089,594.0303,18.8001,910,128328,48.404,6825.9237,0.4751,0.4676
flow_0232,0x100000e8,05,VoIP,46,auto,185.2976,229.8596,202.384,114.6216,10.7061,202.3437,194.8897,209.8783,14.9886,0.022518,0.045142,0.031568,2.047e-05,0.004525,30,4.1512,8.7915,840.1306,12.778,404,81763,31.6167,6398.71,0.4935,0.5077
flow_0244,0x100000f4,05,VoIP,46,auto,132.6339,208.3035,163.0329,183.7396,13.5551,162.2332,153.5443,172.5214,18.9771,0.012472,0.034722,0.021372,1.98e-05,0.00445,83,2.8345,5.2667,462.1145,19.9153,931,151783,46.7481,7621.4417,0.5143,0.5011
flow_0256,0x10000100,05,VoIP,46,auto,79.9626,109.8596,92.0826,29.8878,5.467,92.0176,88.2558,95.9095,7.6538,0.013819,0.0313,0.020812,1.222e-05,0.003496,182,4.1187,5.4072,379.2638,37.7588,1814,167037,48.0418,4423.7901,0.4982,0.4793
flow_0268,0x1000010c,05,VoIP,46,auto,95.0753,126.1803,107.6297,43.0533,6.5615,107.3253,103.0366,112.2227,9.1861,0.011617,0.031004,0.019372,1.503e-05,0.003877,74,3.1365,9.1078,337.5834,19.593,1011,108813,51.6,5553.6557,0.4965,0.5067
flow_0280,0x10000118,05,VoIP,46,auto,76.5658,108.6291,90.0621,33.61,5.7974,91.0368,86.0039,94.1203,8.1164,0.015427,0.028616,0.020703,6.96e-06,0.002638,240,4.9277,8.4226,443.7977,33.1225,1599,144009,48.2754,4347.7737,0.4809,0.4615
flow_0292,0x10000124,05,VoIP,46,auto,135.2647,212.2873,163.2799,263.3209,16.2272,162.8381,151.9209,174.639,22.718,0.023312,0.040227,0.030078,1.144e-05,0.003383,38,2.471,8.8915,403.4703,14.6727,487,79517,33.191,5419.3999,0.5179,0.5277
flow_0304,0x10000130,05,VoIP,46,auto,87.8797,123.1604,99.3969,21.6318,4.651,101.8236,96.1412,102.6526,6.5114,0.026304,0.03941,0.031546,6.87e-06,0.002621,181,3.4677,5.3767,344.6775,38.3908,1216,120866,31.6742,3148.3028,0.5107,0.5223
flow_0316,0x1000013c,05,VoIP,46,auto,76.7867,108.0681,87.7701,29.7727,5.4564,84.6264,83.9506,91.5896,7.639,0.023367,0.044381,0.031772,1.766e-05,0.004203,49,2.1956,9.6606,192.7122,23.3595,735,64511,31.4648,2761.6646,0.5001,0.5002
flow_0328,0x10000148,05,VoIP,46,auto,166.0236,218.0476,188.6008,151.3023,12.3005,188.5833,179.9904,197.2111,17.2207,0.024761,0.040092,0.030893,9.4e-06,0.003066,55,3.895,5.9393,734.6009,21.4605,694,130888,32.3385,6099.0224,0.5215,0.5036
flow_0340,0x10000154,05,VoIP,46,auto,95.0583,127.0385,105.917,49.1888,7.0135,105.3532,101.0076,110.8265,9.8189,0.019827,0.043635,0.02935,2.267e-05,0.004762,79,2.1613,7.5307,228.921,30.2543,1030,109094,34.0447,3605.9008,0.5074,0.4996
flow_0352,0x10000160,05,VoIP,46,auto,134.3565,205.547,164.338,414.2027,20.352,165.0644,150.0916,178.5844,28.4928,0.012838,0.033961,0.021287,1.785e-05,0.004225,256,2.7869,5.4628,457.9893,44.6817,2098,344781,46.9543,7716.3757,0.5032,0.5078
flow_0364,0x1000016c,05,VoIP,46,auto,109.3765,175.4383,143.865,455.1298,21.3338,145.299,128.9314,158.7987,29.8673,0.025868,0.03882,0.031049,6.71e-06,0.00259,50,3.7193,9.9943,535.0755,15.7551,507,72939,32.1801,4629.5578,0.4716,0.4516
flow_0376,0x10000178,05,VoIP,46,auto,109.0584,188.4316,147.3091,292.0437,17.0893,146.3216,135.3466,159.2716,23.925,0.014457,0.027981,0.019866,7.32e-06,0.002705,159,2.3998,8.7336,353.51,41.7392,2101,309496,50.3363,7414.9873,0.4951,0.4757
flow_0388,0x10000184,05,VoIP,46,auto,91.441,122.7795,104.7957,28.4245,5.3315,105.0445,101.0637,108.5278,7.4641,0.025371,0.038565,0.030648,6.96e-06,0.002639,123,3.4201,5.9922,358.4102,40.3377,1316,137911,32.6246,3418.9118,0.4926,0.4859
flow_0400,0x10000190,05,VoIP,46,auto,92.6307,128.4634,106.431,16.326,4.0406,106.4535,103.6026,109.2594,5.6568,0.022818,0.039176,0.029361,1.07e-05,0.003272,34,4.2315,9.7439,450.368,13.7872,469,49916,34.0169,3620.4465,0.5287,0.5445
flow_0412,0x1000019c,05,VoIP,46,auto,167.1338,211.3717,184.0822,40.3627,6.3532,183.9239,179.635,188.5294,8.8944,0.024955,0.040979,0.031365,1.027e-05,0.003205,53,3.5178,7.4916,647.5569,25.0181,797,146713,31.8569,5864.2735,0.5035,0.491
flow_0424,0x100001a8,05,VoIP,46,auto,71.4235,108.3284,86.2902,26.3908,5.1372,87.0513,82.6942,89.8862,7.1921,0.019625,0.045284,0.029888,2.634e-05,0.005132,61,4.1172,9.3599,355.2752,18.7814,628,54190,33.4373,2885.2958,0.5095,0.5196
flow_0436,0x100001b4,05,VoIP,46,auto,95.6041,122.5961,105.9969,30.5139,5.5239,104.5975,102.1301,109.8636,7.7335,0.008784,0.035408,0.019434,2.835e-05,0.005325,84,3.0582,5.5906,324.1599,16.5001,849,89991,51.4543,5453.978,0.5267,0.5242
flow_0448,0x100001c0,05,VoIP,46,auto,92.3718,122.3349,106.3521,62.5369,7.908,105.9807,100.8165,111.8877,11.0712,0.020693,0.045937,0.030791,2.549e-05,0.005049,57,3.0864,5.3031,328.2417,20.2801,658,69979,32.4456,3450.6269,0.4705,0.4543
flow_0460,0x100001cc,05,VoIP,46,auto,177.5994,231.2441,199.9981,171.2424,13.086,200.5232,190.838,209.1583,18.3203,0.023566,0.042052,0.03096,1.367e-05,0.003697,75,4.373,7.1006,874.5925,29.999,968,193598,32.2677,6453.4727,0.5005,0.4939
flow_0472,0x100001d8,05,VoIP,46,auto,136.9425,220.3818,173.478,173.2349,13.1619,172.1738,164.2647,182.6913,18.4266,0.02348,0.039796,0.030006,1.065e-05,0.003263,30,2.7683,7.8595,480.2477,8.3791,279,48400,33.2972,5776.2916,0.4737,0.4646
flow_0484,0x100001e4,05,VoIP,46,auto,74.329,107.6247,85.5261,49.384,7.0274,85.3554,80.6069,90.4453,9.8383,0.021645,0.044958,0.03097,2.174e-05,0.004662,91,2.2576,5.7913,193.0848,35.3717,1142,97670,32.2857,2761.249,0.478,0.4953
flow_0496,0x100001f0,05,VoIP,46,auto,82.4438,120.0179,95.4597,37.871,6.1539,94.443,91.152,99.7675,8.6155,0.016078,0.029436,0.021421,7.14e-06,0.002672,145,3.7173,5.1921,354.8518,32.1656,1501,143285,46.6647,4454.6019,0.5244,0.5425
flow_0508,0x100001fc,05,VoIP,46,auto,94.2884,123.3366,107.1733,16.0826,4.0103,104.8365,104.3661,109.9805,5.6144,0.023563,0.044274,0.031848,1.716e-05,0.004142,108,4.7449,6.6358,508.5306,21.7987,684,73306,31.3779,3362.8537,0.5123,0.5201
flow_0520,0x10000208,05,VoIP,46,auto,139.296,211.9081,168.0563,191.01,13.8206,167.867,158.3818,177.7307,19.3489,0.021595,0.045053,0.030978,2.201e-05,0.004692,67,3.7341,6.5878,627.5419,24.8608,802,134781,32.2596,5421.43,0.4852,0.5047
flow_0532,0x10000214,05,VoIP,46,auto,105.798,175.145,143.7575,197.9448,14.0693,143.6113,133.909,153.606,19.697,0.023729,0.040499,0.030437,1.125e-05,0.003354,128,4.6932,6.3903,674.6814,43.2267,1420,204135,32.8501,4722.4309,0.4716,0.4826
flow_0544,0x10000220,05,VoIP,46,auto,130.5965,195.5789,163.6911,429.3385,20.7205,163.6985,149.1868,178.1955,29.0087,0.021502,0.044534,0.030715,2.122e-05,0.004606,88,4.266,7.5478,698.3008,22.5008,732,119821,32.5321,5325.1824,0.472,0.468
flow_0556,0x1000022c,05,VoIP,46,auto,94.1917,125.4444,105.1898,51.6166,7.1845,104.9961,100.1607,110.2189,10.0583,0.018499,0.045617,0.029347,2.941e-05,0.005424,62,4.703,7.4231,494.7103,13.9452,475,49965,34.0618,3582.9408,0.4924,0.4945
flow_0568,0x10000238,05,VoIP,46,auto,75.2609,112.3146,89.9223,24.2329,4.9227,92.1602,86.4764,93.3681,6.8918,0.015545,0.0313,0.021847,9.93e-06,0.003151,104,2.0224,6.5707,181.858,17.5116,801,72027,45.7411,4113.1041,0.5285,0.5221
flow_0580,0x10000244,05,VoIP,46,auto,91.0961,119.7139,104.6745,16.8674,4.107,103.5017,101.7996,107.5494,5.7498,0.010587,0.032041,0.019168,1.841e-05,0.004291,37,3.4789,8.6398,364.1507,9.4662,493,51604,52.08,5451.3905,0.515,0.5153
flow_0592,0x10000250,05,VoIP,46,auto,185.1123,228.4635,202.5596,48.4139,6.958,201.9975,197.689,207.4302,9.7412,0.022231,0.041425,0.029908,1.474e-05,0.003839,62,4.7044,8.9195,952.9237,14.4765,484,98038,33.4336,6772.2283,0.4907,0.5086
flow_0604,0x1000025c,05,VoIP,46,auto,178.15,231.0385,199.9187,49.1723,7.0123,201.316,195.0101,204.8273,9.8172,0.016193,0.028372,0.021064,5.93e-06,0.002436,94,3.0819,5.5871,616.12,20.4171,969,193721,47.4602,9488.1646,0.4824,0.4634
flow_0616,0x10000268,05,VoIP,46,auto,144.8759,216.4975,173.0159,432.6455,20.8001,172.8295,158.4558,187.576,29.1202,0.019474,0.046514,0.03029,2.925e-05,0.005408,32,4.5506,5.754,787.3178,12.1829,402,69552,32.9969,5708.9631,0.5129,0.5117
flow_0628,0x10000274,05,VoIP,46,auto,91.5203,122.0924,104.2981,49.2463,7.0176,104.5066,99.3858,109.2104,9.8246,0.011111,0.032165,0.019533,1.773e-05,0.004211,178,2.8964,8.5544,302.0902,43.0878,2205,229977,51.1745,5337.3989,0.487,0.4887
flow_0640,0x10000280,05,VoIP,46,auto,74.105,101.3956,86.2939,18.3527,4.284,85.4467,83.2951,89.2927,5.9976,0.014614,0.031012,0.021173,1.076e-05,0.00328,113,4.2295,8.9236,364.9825,35.1025,1657,142988,47.2046,4073.4403,0.512,0.501
flow_0652,0x1000028c,05,VoIP,46,auto,113.5403,178.1047,147.6634,180.6585,13.4409,148.6193,138.2548,157.0721,18.8173,0.015684,0.027002,0.020211,5.12e-06,0.002264,123,4.194,6.1217,619.3024,30.479,1508,222676,49.4766,7305.8718,0.5221,0.5297
flow_0664,0x10000298,05,VoIP,46,auto,74.2206,111.1726,87.768,19.5465,4.4211,87.7648,84.6732,90.8628,6.1896,0.024775,0.037445,0.029843,6.42e-06,0.002534,130,3.8228,9.7948,335.5167,44.4839,1490,130774,33.4953,2939.8053,0.5199,0.5325
flow_0676,0x100002a4,05,VoIP,46,auto,81.0648,116.409,93.5032,27.789,5.2715,94.2615,89.8131,97.1933,7.3801,0.011619,0.031169,0.019439,1.529e-05,0.00391,103,2.3232,9.7673,217.2312,21.8783,1125,105191,51.4209,4808.0156,0.5244,0.5374
flow_0688,0x100002b0,05,VoIP,46,auto,95.2611,132.5774,108.282,27.4626,5.2405,107.2557,104.6136,111.9503,7.3367,0.012219,0.034961,0.021316,2.069e-05,0.004548,27,3.1748,9.19,343.7704,8.6725,406,43962,46.8145,5069.1091,0.5027,0.5053
flow_0700,0x100002bc,05,VoIP,46,auto,78.9823,110.8246,89.2899,40.6807,6.3781,91.0734,84.8252,93.7547,8.9294,0.022794,0.045107,0.031719,1.991e-05,0.004462,26,4.6883,7.1683,418.6186,8.7088,274,24465,31.4624,2809.2217,0.5277,0.5338
flow_0712,0x100002c8,05,VoIP,46,auto,163.6366,212.4074,183.3346,169.6969,13.0268,182.5184,174.2159,192.4534,18.2375,0.024516,0.041459,0.031293,1.148e-05,0.003389,35,2.5439,7.8066,466.3787,13.2632,423,77550,31.8927,5846.9954,0.5288,0.5309
flow_0724,0x100002d4,05,VoIP,46,auto,87.9184,119.0417,99.0816,28.5319,5.3415,98.9291,95.3425,102.8207,7.4781,0.020205,0.042986,0.029317,2.076e-05,0.004556,90,4.685,6.1489,464.1955,36.3915,1241,122960,34.1014,3378.8142,0.5013,0.5153
flow_0736,0x100002e0,05,VoIP,46,auto,92.4004,121.0412,103.4783,59.9639,7.7436,102.9605,98.0578,108.8989,10.8411,0.012155,0.032377,0.020244,1.636e-05,0.004044,95,2.6655,6.7259,275.8252,16.5196,816,84438,49.3957,5111.3685,0.5239,0.5212
flow_0748,0x100002ec,05,VoIP,46,auto,87.5998,122.3654,99.794,48.4337,6.9594,99.8219,94.9224,104.6656,9.7432,0.024803,0.04124,0.031378,1.081e-05,0.003287,71,4.4651,7.3156,445.5871,26.5202,845,84325,31.8625,3179.6509,0.4842,0.4838
flow_0760,0x100002f8,05,VoIP,46,auto,179.797,230.1205,202.4846,156.8413,12.5236,202.0589,193.718,211.2511,17.5331,0.025104,0.040257,0.031165,9.18e-06,0.00303,145,2.2317,8.4645,451.8782,32.0877,1029,208356,32.0683,6493.3222,0.5201,0.5064
flow_0772,0x10000304,05,VoIP,46,auto,123.3347,191.2756,159.042,407.4744,20.186,159.0813,144.9118,173.1722,28.2604,0.009962,0.034525,0.019787,2.413e-05,0.004913,109,3.9152,6.9656,622.6839,15.0377,759,120712,50.4731,8027.281,0.4755,0.4557
flow_0784,0x10000310,05,VoIP,46,auto,123.3955,207.5356,153.8205,111.0361,10.5374,154.1283,146.4443,161.1966,14.7523,0.012976,0.03237,0.020733,1.504e-05,0.003879,251,3.8956,6.6119,599.2189,31.6332,1525,234576,48.2089,7415.5048,0.5164,0.5039
flow_0796,0x1000031c,05,VoIP,46,auto,74.3752,105.2823,88.2048,35.4728,5.9559,88.4114,84.0356,92.3739,8.3383,0.024248,0.041782,0.031261,1.23e-05,0.003507,79,4.1618,6.4792,367.0923,17.3687,555,48953,31.954,2818.4589,0.5011,0.4944
flow_0808,0x10000328,05,VoIP,46,auto,132.6365,219.1506,170.0294,213.5438,14.6131,170.2345,159.8002,180.2586,20.4584,0.015366,0.030881,0.021572,9.63e-06,0.003103,159,3.2266,8.8614,548.6222,22.3611,1036,176150,46.3305,7877.5345,0.4818,0.4835
flow_0820,0x10000334,05,VoIP,46,auto,176.3167,228.875,195.9943,94.1549,9.7033,195.7904,189.202,202.7867,13.5847,0.022418,0.039651,0.029311,1.188e-05,0.003447,101,3.7635,5.7192,737.6187,22.6908,774,151699,34.1108,6685.4887,0.4834,0.4859
flow_0832,0x10000340,05,VoIP,46,auto,79.6951,113.1466,90.7855,18.6748,4.3214,89.7961,87.7604,93.8105,6.05,0.01348,0.033925,0.021658,1.672e-05,0.004089,36,3.52,9.2726,319.5691,9.7237,448,40671,46.0728,4182.6492,0.5109,0.4911
flow_0844,0x1000034c,05,VoIP,46,auto,166.2669,221.6863,186.995,72.7216,8.5277,186.2232,181.0257,192.9644,11.9388,0.024406,0.036962,0.029428,6.31e-06,0.002511,67,2.8893,5.7292,540.291,25.1415,854,159693,33.9678,6351.7714,0.5084,0.5005
flow_0856,0x10000358,05,VoIP,46,auto,182.8885,232.0444,203.5632,170.0136,13.0389,202.3681,194.436,212.6905,18.2545,0.012121,0.030522,0.019481,1.354e-05,0.00368,248,4.0439,5.7619,823.1859,40.6497,2086,424632,51.3165,10446.1404,0.4803,0.4964
flow_0868,0x10000364,05,VoIP,46,auto,139.9522,221.2918,179.586,127.5642,11.2944,178.8556,171.6799,187.4921,15.8122,0.012299,0.036262,0.021884,2.297e-05,0.004793,123,4.9338,5.3656,886.0331,31.0955,1420,255012,45.6658,8200.9279,0.479,0.4922
flow_0880,0x10000370,05,VoIP,46,auto,85.1476,119.5968,97.92,43.8263,6.6201,95.5521,93.2859,102.5541,9.2682,0.023381,0.041797,0.030747,1.357e-05,0.003683,93,2.539,8.6737,248.6229,31.5701,1026,100465,32.4991,3182.2811,0.4974,0.4995
flow_0892,0x1000037c,05,VoIP,46,auto,169.1041,213.3506,186.357,78.9816,8.8872,185.5614,180.1359,192.578,12.442,0.021642,0.040599,0.029225,1.437e-05,0.003791,43,2.3486,5.9882,437.6854,14.4476,494,92060,34.1925,6371.9851,0.5182,0.5076
flow_0904,0x10000388,05,VoIP,46,auto,120.6561,188.1154,151.2218,320.843,17.9121,151.3817,138.6833,163.7603,25.0769,0.019174,0.047658,0.030568,3.245e-05,0.005697,63,3.9743,7.5909,600.9985,25.4742,833,125967,32.6998,4944.8882,0.4725,0.4788
flow_0916,0x10000394,05,VoIP,46,auto,124.9707,199.8024,156.8132,176.6836,13.2922,157.1766,147.5086,166.1177,18.6091,0.012636,0.033464,0.020967,1.735e-05,0.004166,164,3.0094,6.7577,471.909,32.4978,1549,242903,47.6648,7474.446,0.5271,0.5229
flow_0928,0x100003a0,05,VoIP,46,auto,93.4789,125.7504,107.3243,46.5855,6.8254,106.93,102.5465,112.102,9.5555,0.020233,0.042587,0.029174,1.999e-05,0.004471,209,4.8434,7.2295,519.8128,37.8963,1298,139306,34.2513,3675.9753,0.5243,0.5358
flow_0940,0x100003ac,05,VoIP,46,auto,176.4677,220.2843,194.2833,107.6245,10.3742,194.5533,187.0213,201.5452,14.5239,0.014319,0.033073,0.021821,1.407e-05,0.003751,96,2.8707,9.3252,557.7281,29.6397,1358,263836,45.8169,8901.4312,0.5275,0.5414
flow_0952,0x100003b8,05,VoIP,46,auto,187.1489,238.1096,208.7185,67.6551,8.2253,207.8569,202.9608,214.4762,11.5154,0.024652,0.039058,0.030415,8.3e-06,0.002881,149,3.1145,5.1748,650.053,44.5449,1464,305563,32.8657,6859.6631,0.4807,0.4931
flow_0964,0x100003c4,05,VoIP,46,auto,136.3622,222.8037,171.483,176.5182,13.286,171.4976,162.1828,180.7832,18.6004,0.015874,0.028765,0.021031,6.65e-06,0.002578,206,2.2799,8.8285,390.9679,38.1848,1815,311241,47.5319,8150.9031,0.5123,0.5276
flow_0976,0x100003d0,05,VoIP,46,auto,133.7447,215.6016,165.8408,260.8205,16.1499,165.6061,154.5358,177.1457,22.6099,0.015133,0.028421,0.020448,7.06e-06,0.002658,268,2.6509,7.2998,439.6211,38.5911,1887,312941,48.8973,8109.1503,0.4817,0.4833
flow_0988,0x100003dc,05,VoIP,46,auto,162.8106,206.9821,181.9578,119.3848,10.9263,182.5035,174.3094,189.6062,15.2969,0.01299,0.029273,0.019503,1.06e-05,0.003257,151,2.413,7.9879,439.062,24.2982,1245,226537,51.2384,9323.2026,0.5146,0.522
flow_1000,0x100003e8,05,VoIP,46,auto,135.6831,223.1133,174.2027,325.3835,18.0384,173.2558,161.5759,186.8296,25.2537,0.015576,0.029443,0.021123,7.69e-06,0.002773,100,3.7634,9.4255,655.596,25.2508,1195,208172,47.3253,8244.1858,0.4984,0.4856
flow_1012,0x100003f4,05,VoIP,46,auto,75.5996,108.6989,87.4534,50.7254,7.1222,88.8447,82.4679,92.4389,9.9711,0.023214,0.042689,0.031004,1.517e-05,0.003895,145,4.2503,8.76,371.701,39.8058,1283,112202,32.2315,2818.7352,0.4844,0.4892
flow_1024,0x10000400,05,VoIP,46,auto,80.4733,115.8389,91.8514,53.6165,7.3223,90.447,86.7258,96.977,10.2513,0.024576,0.039988,0.030741,9.5e-06,0.003082,44,2.3716,7.3489,217.8347,15.9601,519,47670,32.5186,2986.8204,0.4853,0.4995
flow_1036,0x1000040c,05,VoIP,46,auto,103.885,187.7365,142.4293,442.0458,21.0249,143.754,127.7119,157.1468,29.4348,0.023523,0.043374,0.031463,1.576e-05,0.00397,93,2.0086,6.2545,286.0803,27.4291,871,124055,31.7545,4522.7433,0.5271,0.5181
flow_1048,0x10000418,05,VoIP,46,auto,176.2728,228.0063,196.6379,118.306,10.8769,195.8607,189.0241,204.2517,15.2276,0.01239,0.030265,0.01954,1.278e-05,0.003575,162,3.0665,5.2557,602.9948,33.6983,1724,339003,51.1599,10059.9552,0.5172,0.517
flow_1060,0x10000424,05,VoIP,46,auto,157.6446,201.3639,180.0555,119.7703,10.944,179.2986,172.3947,187.7163,15.3215,0.022908,0.044609,0.031588,1.884e-05,0.00434,111,2.4992,8.1784,449.9978,33.3511,1055,189958,31.6332,5695.7075,0.4998,0.4829
flow_1072,0x10000430,05,VoIP,46,auto,129.3409,198.1041,158.953,300.4931,17.3347,159.0033,146.8187,171.0873,24.2686,0.019441,0.044478,0.029456,2.507e-05,0.005007,96,4.5243,7.653,719.144,40.1704,1363,216652,33.9305,5393.3269,0.5173,0.5344
flow_1084,0x1000043c,05,VoIP,46,auto,93.6494,124.904,105.1953,47.697,6.9063,104.2408,100.3609,110.0297,9.6688,0.023506,0.040714,0.030389,1.184e-05,0.003442,29,3.0207,6.4253,317.7677,9.5987,315,33136,32.817,3452.1398,0.4862,0.4921
flow_1096,0x10000448,05,VoIP,46,auto,96.6847,123.0082,107.4147,27.6358,5.257,107.5122,103.7349,111.0946,7.3598,0.011136,0.036002,0.021083,2.473e-05,0.004973,119,3.1346,8.9113,336.7047,21.3027,1010,108488,47.4117,5092.6777,0.4829,0.5008
flow_1108,0x10000454,05,VoIP,46,auto,122.0508,201.2315,154.4847,312.96,17.6907,153.2728,142.1012,166.8681,24.7669,0.014467,0.031087,0.021115,1.105e-05,0.003324,125,2.8842,8.9234,445.5662,38.9123,1842,284560,47.3372,7312.8529,0.5188,0.5184
flow_1120,0x10000460,05,VoIP,46,auto,96.5109,134.0295,109.9453,16.1792,4.0223,109.1236,107.1297,112.761,5.6313,0.015281,0.029922,0.021138,8.57e-06,0.002928,144,2.8243,8.4447,310.5163,36.2147,1713,188336,47.3012,5200.5414,0.4779,0.4908
flow_1132,0x1000046c,05,VoIP,46,auto,166.8631,218.1303,183.7797,101.2858,10.0641,182.8354,176.7348,190.8245,14.0897,0.023482,0.043258,0.031393,1.564e-05,0.003955,116,2.1737,5.8247,399.4841,31.6212,1007,185066,31.8457,5852.5839,0.5284,0.5333
flow_1144,0x10000478,05,VoIP,46,auto,95.5875,126.4778,105.9661,38.3742,6.1947,106.9562,101.6298,110.3023,8.6726,0.015433,0.031628,0.021911,1.049e-05,0.003239,50,3.5429,6.3223,375.4269,13.0467,595,63049,45.6054,4832.5639,0.4883,0.4745
flow_1156,0x10000484,05,VoIP,46,auto,169.9922,217.7351,186.1498,40.5069,6.3645,186.6018,181.6947,190.605,8.9103,0.009579,0.033286,0.019062,2.248e-05,0.004742,93,3.3257,8.7445,619.0706,18.1963,954,177586,52.4282,9759.4463,0.4998,0.4966
flow_1168,0x10000490,05,VoIP,46,auto,119.5589,187.3441,153.9336,151.8107,12.3211,153.3465,145.3088,162.5584,17.2496,0.015196,0.028772,0.020626,7.37e-06,0.002715,150,3.0881,7.001,475.3577,22.372,1084,166864,48.4534,7458.6051,0.4767,0.4591
flow_1180,0x1000049c,05,VoIP,46,auto,123.0735,199.4882,152.151,158.2398,12.5793,151.3063,143.3455,160.9566,17.6111,0.025388,0.041848,0.031972,1.084e-05,0.003292,106,4.3347,5.8136,659.5224,22.8525,714,108635,31.2439,4753.7513,0.526,0.5456
flow_1192,0x100004a8,05,VoIP,46,auto,75.7512,104.6733,89.6165,42.4379,6.5144,89.8609,85.0564,94.1766,9.1202,0.021234,0.046301,0.031261,2.513e-05,0.005013,91,2.7614,9.9642,247.4637,35.8919,1148,102879,31.9849,2866.3571,0.4981,0.4948
flow_1204,0x100004b4,05,VoIP,46,auto,128.0933,201.5183,167.4799,161.4294,12.7055,167.7609,158.5861,176.3738,17.7877,0.022763,0.041504,0.03026,1.405e-05,0.003748,101,3.0322,6.9893,507.8351,35.9104,1186,198631,33.0266,5531.2933,0.4945,0.4796
flow_1216,0x100004c0,05,VoIP,46,auto,126.6735,206.3207,158.4073,210.9589,14.5244,157.7361,148.2402,168.5744,20.3342,0.020067,0.043627,0.029491,2.22e-05,0.004712,24,2.4312,6.9149,385.1218,10.8462,367,58135,33.8367,5359.934,0.4843,0.4759
flow_1228,0x100004cc,05,VoIP,46,auto,125.0724,193.9991,162.4803,252.2141,15.8813,163.2335,151.3634,173.5972,22.2338,0.013854,0.029934,0.020286,1.034e-05,0.003216,44,3.9047,9.2153,634.4304,13.0738,644,104637,49.2589,8003.5714,0.5244,0.5416
flow_1240,0x100004d8,05,VoIP,46,auto,178.6509,222.5922,197.6194,89.6121,9.4664,196.2535,190.9929,204.2459,13.2529,0.009368,0.034824,0.01955,2.592e-05,0.005091,66,4.1341,5.167,816.9747,16.4271,840,166000,51.1351,10105.2793,0.5229,0.5344
flow_1252,0x100004e4,05,VoIP,46,auto,171.4444,218.7935,190.6567,156.4677,12.5087,190.7948,181.9006,199.4128,17.5122,0.014294,0.032367,0.021523,1.306e-05,0.003615,130,4.7096,5.4669,897.9183,35.9897,1672,318778,46.4578,8857.4816,0.5043,0.5207
flow_1264,0x100004f0,05,VoIP,46,auto,70.9142,104.7549,85.0005,18.3632,4.2852,83.988,82.0008,88.0001,5.9993,0.014252,0.02992,0.020519,9.82e-06,0.003134,127,3.8085,9.0513,323.7248,28.2145,1375,116875,48.7338,4142.373,0.4948,0.5103
flow_1276,0x100004fc,05,VoIP,46,auto,108.7877,186.5743,144.2594,404.3127,20.1075,143.4842,130.1841,158.3347,28.1505,0.012921,0.034465,0.021539,1.857e-05,0.004309,137,2.7982,6.547,403.6736,36.9598,1715,247404,46.4017,6693.8593,0.524,0.5132
flow_1288,0x10000508,05,VoIP,46,auto,184.495,232.4931,205.9696,150.7575,12.2783,206.8757,197.3748,214.5644,17.1897,0.011935,0.035696,0.021439,2.258e-05,0.004752,120,4.1411,5.9994,852.9457,16.4556,767,157978,46.6103,9600.2645,0.5298,0.5101
flow_1300,0x10000514,05,VoIP,46,auto,83.0811,119.8324,97.1042,22.6278,4.7569,95.4158,93.7744,100.434,6.6596,0.010973,0.035708,0.020867,2.447e-05,0.004947,64,3.6777,8.6254,357.1212,17.8459,855,83024,47.9102,4652.2788,0.5264,0.5406
flow_1312,0x10000520,05,VoIP,46,auto,74.6292,107.7217,86.5917,46.9763,6.8539,87.272,81.7939,91.3894,9.5955,0.019955,0.045046,0.029991,2.518e-05,0.005018,115,3.83,6.2083,331.6476,21.1074,703,60873,33.3058,2883.963,0.4775,0.4678
flow_1324,0x1000052c,05,VoIP,46,auto,176.4115,216.0879,194.625,71.7785,8.4722,195.1005,188.6945,200.5556,11.8611,0.014223,0.028333,0.019867,7.96e-06,0.002822,110,4.4904,7.3605,873.949,28.1575,1417,275783,50.3241,9794.2978,0.5127,0.526
flow_1336,0x10000538,05,VoIP,46,auto,109.0533,186.4165,140.8319,248.9346,15.7777,140.0024,129.7876,151.8763,22.0887,0.01583,0.027128,0.020349,5.11e-06,0.00226,53,3.0376,6.6238,427.7899,16.3682,804,113228,49.1197,6917.5731,0.4792,0.4987
flow_1348,0x10000544,05,VoIP,46,auto,87.1323,116.2968,100.7663,23.077,4.8039,101.0028,97.4036,104.129,6.7254,0.012473,0.029261,0.019188,1.127e-05,0.003358,94,2.947,5.8433,296.9612,25.837,1346,135631,52.0959,5249.497,0.4705,0.4553
flow_1360,0x10000550,05,VoIP,46,auto,164.0356,216.9108,187.1614,153.6343,12.3949,189.6806,178.4849,195.8378,17.3529,0.025248,0.039258,0.030852,7.85e-06,0.002802,44,3.8809,9.4503,726.3489,19.0167,616,115291,32.3926,6062.6303,0.4931,0.4933
flow_1372,0x1000055c,05,VoIP,46,auto,143.5722,221.2067,176.0376,237.1814,15.4007,175.9647,165.2571,186.8181,21.561,0.008034,0.035943,0.019198,3.116e-05,0.005582,116,2.8724,6.39,505.6548,31.0834,1619,285004,52.0856,9169.004,0.4901,0.4794
flow_1384,0x10000568,05,VoIP,46,auto,132.1213,201.2827,164.7699,195.0041,13.9644,162.9977,154.9948,174.545,19.5501,0.010198,0.035144,0.020176,2.489e-05,0.004989,102,4.2731,5.4033,704.0733,28.9826,1436,236609,49.547,8163.8297,0.4913,0.4998
flow_1396,0x10000574,05,VoIP,46,auto,90.1884,124.2872,103.2801,33.0783,5.7514,103.7013,99.2541,107.306,8.0519,0.009003,0.034486,0.019196,2.598e-05,0.005097,116,3.1273,9.9394,322.9878,23.4125,1219,125898,52.0662,5377.385,0.5178,0.5016
flow_1408,0x10000580,05,VoIP,46,auto,145.6544,204.0694,172.001,203.6751,14.2715,172.9571,162.011,181.991,19.9801,0.010057,0.032485,0.019028,2.012e-05,0.004486,168,2.6974,7.6403,463.9576,44.0989,2317,398526,52.541,9037.0889,0.4803,0.4708
flow_1420,0x1000058c,05,VoIP,46,auto,169.8053,221.8171,192.7183,150.4546,12.266,192.8481,184.1321,201.3045,17.1724,0.010679,0.034333,0.02014,2.238e-05,0.004731,38,4.8451,9.4018,933.7434,11.4689,569,109656,49.6123,9561.1362,0.5231,0.5235
flow_1432,0x10000598,05,VoIP,46,auto,169.2936,221.9958,190.5983,169.9705,13.0373,189.7705,181.4722,199.7244,18.2522,0.0111,0.03482,0.020588,2.251e-05,0.004744,77,3.6182,8.8435,689.6142,17.6969,859,163723,48.5396,9251.5143,0.5164,0.5078
flow_1444,0x100005a4,05,VoIP,46,auto,180.6943,237.1163,203.013,95.3049,9.7624,203.2364,196.1793,209.8467,13.6674,0.021955,0.043294,0.030491,1.821e-05,0.004268,125,4.1969,6.2348,852.0268,39.8031,1305,264932,32.7864,6656.0662,0.4838,0.4873
flow_1456,0x100005b0,05,VoIP,46,auto,137.2735,211.2187,173.5961,255.5055,15.9845,173.9714,162.4069,184.7853,22.3784,0.014185,0.033235,0.021805,1.452e-05,0.00381,220,4.7106,8.4313,817.7452,37.2297,1707,296328,45.8505,7959.4523,0.4792,0.4888
flow_1468,0x100005bc,05,VoIP,46,auto,82.106,115.8027,93.3583,59.7583,7.7303,91.9649,87.947,98.7695,10.8225,0.011443,0.032735,0.01996,1.813e-05,0.004258,59,2.3562,9.7598,219.9739,17.1404,858,80101,50.0573,4673.2377,0.5188,0.5273
flow_1480,0x100005c8,05,VoIP,46,auto,75.8427,104.6644,89.4268,59.2429,7.6969,89.5652,84.0389,94.8146,10.7757,0.011024,0.033987,0.020209,2.109e-05,0.004593,137,2.9391,8.3155,262.83,30.8717,1527,136554,49.4628,4423.2772,0.4784,0.4794
flow_1492,0x100005d4,05,VoIP,46,auto,181.1792,227.2248,203.1425,95.1633,9.7552,203.7181,196.3139,209.9711,13.6572,0.022248,0.045253,0.03145,2.117e-05,0.004601,157,4.2454,9.352,862.4138,40.045,1273,258600,31.7892,6457.7361,0.48,0.4616
flow_1504,0x100005e0,05,VoIP,46,auto,92.9948,124.3193,105.7199,34.6071,5.8828,106.6201,101.602,109.8379,8.2359,0.026103,0.037068,0.030489,4.81e-06,0.002193,109,2.574,5.0869,272.1261,31.8323,1044,110371,32.7969,3467.2675,0.5253,0.5276
flow_1516,0x100005ec,05,VoIP,46,auto,172.0351,218.1141,193.7175,44.8861,6.6997,193.7543,189.0277,198.4073,9.3796,0.020336,0.042105,0.029043,1.896e-05,0.004354,61,3.8459,5.8393,745.0264,21.8068,750,145288,34.393,6662.5162,0.5104,0.4979
flow_1528,0x100005f8,05,VoIP,46,auto,136.5136,224.3881,173.7999,405.2199,20.1301,173.9017,159.7089,187.891,28.1821,0.022106,0.043506,0.030666,1.832e-05,0.00428,146,3.0814,9.5633,535.5441,34.9074,1138,197784,32.6006,5665.9681,0.5014,0.4834
flow_1540,0x10000604,05,VoIP,46,auto,114.5317,200.3518,151.5555,335.3129,18.3116,152.7878,138.7374,164.3736,25.6362,0.013615,0.030992,0.020566,1.208e-05,0.003475,239,2.4232,5.6313,367.2511,34.6602,1685,255371,48.6149,7367.8534,0.514,0.5176
flow_1552,0x10000610,05,VoIP,46,auto,87.0358,119.8061,97.6209,23.3425,4.8314,98.3741,94.239,101.0029,6.764,0.023581,0.043536,0.031563,1.593e-05,0.003991,55,2.3809,6.5378,232.4212,19.6285,621,60622,31.6376,3088.4606,0.5002,0.4904
flow_1564,0x1000061c,05,VoIP,46,auto,106.0474,182.0419,144.4871,141.0149,11.875,143.2093,136.1746,152.7996,16.625,0.023054,0.03869,0.029309,9.78e-06,0.003127,64,3.3014,8.4259,477.0108,16.7895,572,82646,34.069,4922.4927,0.4919,0.4943
flow_1576,0x10000628,05,VoIP,46,auto,81.404,108.4101,92.5092,46.3942,6.8113,93.1005,87.7412,97.2771,9.5359,0.021319,0.044459,0.030575,2.142e-05,0.004628,147,2.5754,6.0409,238.2485,33.6263,1099,101667,32.6828,3023.4377,0.526,0.5066
flow_1588,0x10000634,05,VoIP,46,auto,82.0829,112.0198,92.0903,27.5047,5.2445,91.1784,88.4192,95.7615,7.3423,0.012738,0.028481,0.019035,9.91e-06,0.003149,130,4.1508,9.9564,382.2466,25.405,1334,122848,52.5094,4835.5897,0.4717,0.4675
flow_1600,0x10000640,05,VoIP,46,auto,83.4953,114.5871,96.0253,49.2557,7.0182,96.0051,91.1125,100.9381,9.8255,0.013839,0.030561,0.020528,1.119e-05,0.003345,33,4.5664,6.2062,438.4943,9.141,445,42731,48.682,4674.6731,0.4916,0.4859
flow_1612,0x1000064c,05,VoIP,46,auto,78.1255,114.6871,90.9268,26.567,5.1543,88.4615,87.3188,94.5348,7.216,0.014364,0.030083,0.020652,9.88e-06,0.003144,96,2.0145,8.19,183.1703,22.0142,1065,96837,48.3779,4398.8427,0.4731,0.4819
flow_1624,0x10000658,05,VoIP,46,auto,76.4771,103.9584,87.8949,17.2894,4.158,89.4322,84.9842,90.8055,5.8213,0.011916,0.033045,0.020367,1.786e-05,0.004226,140,4.2522,8.6188,373.7442,17.4315,855,75150,49.0492,4311.1655,0.5284,0.5092
flow_1636,0x10000664,05,VoIP,46,auto,90.9185,119.1484,104.0529,60.8746,7.8022,102.8233,98.5914,109.5145,10.9231,0.01348,0.029023,0.019697,9.66e-06,0.003109,126,2.8939,8.966,301.1146,21.8539,1109,115394,50.7462,5280.2545,0.5088,0.4941
flow_1648,0x10000670,05,VoIP,46,auto,112.8402,173.5143,141.5858,353.0131,18.7886,140.1641,128.4338,154.7379,26.3041,0.023099,0.038521,0.029268,9.51e-06,0.003084,177,2.911,8.4214,412.1539,40.5704,1386,196237,34.1628,4836.9451,0.4736,0.4915
flow_1660,0x1000067c,05,VoIP,46,auto,158.3934,210.1312,183.2758,38.6597,6.2177,184.3573,178.9235,187.6282,8.7048,0.013434,0.034229,0.021752,1.73e-05,0.004159,120,4.204,7.4726,770.4945,34.1199,1568,287376,45.9556,8422.5439,0.52,0.5211
flow_1672,0x10000688,05,VoIP,46,auto,121.6373,196.1588,158.1282,271.7953,16.4862,156.8182,146.5878,169.6685,23.0807,0.011728,0.03168,0.019709,1.592e-05,0.00399,95,2.8112,6.0408,444.5373,21.1791,1074,169829,50.7105,8018.7247,0.479,0.4913
flow_1684,0x10000694,05,VoIP,46,auto,85.2385,118.4822,100.0032,41.8339,6.4679,100.136,95.4757,104.5308,9.0551,0.025505,0.038115,0.030549,6.36e-06,0.002522,45,3.4847,8.198,348.4826,9.8426,322,32201,32.715,3271.5977,0.5042,0.5127
flow_1696,0x100006a0,05,VoIP,46,auto,187.0699,229.2829,206.9426,65.1046,8.0687,208.2018,201.2944,212.5907,11.2962,0.023215,0.038885,0.029483,9.82e-06,0.003134,65,3.5661,6.9835,737.9728,13.3849,453,93744,33.8441,7003.7163,0.4728,0.4586
flow_1708,0x100006ac,05,VoIP,46,auto,90.1551,122.0667,104.1372,25.3833,5.0382,103.1339,100.6105,107.664,7.0535,0.015858,0.029518,0.021322,7.46e-06,0.002732,127,4.2996,5.7177,447.7445,23.8151,1116,116217,46.861,4879.9647,0.5167,0.5232
flow_1720,0x100006b8,05,VoIP,46,auto,95.8708,127.2963,109.4113,25.2241,5.0224,108.9824,105.8957,112.927,7.0313,0.022047,0.044498,0.031027,2.016e-05,0.00449,90,3.0498,8.1703,333.6786,27.4949,886,96938,32.2242,3525.6725,0.5149,0.5274
flow_1732,0x100006c4,05,VoIP,46,auto,140.7472,221.5247,170.5428,464.1939,21.5452,171.9089,155.4612,185.6245,30.1632,0.023697,0.041847,0.030957,1.318e-05,0.00363,66,2.5914,8.447,441.9446,21.1011,681,116139,32.2733,5503.9403,0.4799,0.4601
flow_1744,0x100006d0,05,VoIP,46,auto,94.899,124.151,107.3626,49.5006,7.0357,107.6731,102.4377,112.2876,9.8499,0.014254,0.033367,0.021899,1.461e-05,0.003823,167,4.5264,5.9152,485.9658,38.4195,1754,188314,45.654,4901.5272,0.508,0.4925
flow_1756,0x100006dc,05,VoIP,46,auto,104.5431,192.7427,140.106,363.0865,19.0548,141.0413,126.7676,153.4444,26.6768,0.022503,0.042119,0.03035,1.539e-05,0.003923,73,3.4789,6.2477,487.4208,33.1762,1093,153135,32.9453,4615.8136,0.4917,0.5086
flow_1768,0x100006e8,05,VoIP,46,auto,125.9391,206.3097,165.1584,145.0617,12.0442,164.6149,156.7275,173.5893,16.8618,0.010406,0.035616,0.02049,2.542e-05,0.005042,156,4.9144,6.346,811.6486,39.8274,1943,320902,48.7855,8057.3213,0.4844,0.476
flow_1780,0x100006f4,05,VoIP,46,auto,138.878,216.1215,168.0262,342.4184,18.5045,167.1329,155.073,180.9794,25.9064,0.012071,0.034456,0.021025,2.004e-05,0.004477,327,3.4914,9.0654,586.6534,44.8125,2131,358063,47.5537,7990.2531,0.47,0.4718
flow_1792,0x10000700,05,VoIP,46,auto,140.8945,214.6976,179.1315,460.0351,21.4484,179.7234,164.1176,194.1454,30.0278,0.022249,0.040288,0.029465,1.302e-05,0.003608,75,3.3358,7.8657,597.5496,33.3152,1130,202418,33.9185,6075.8457,0.488,0.5018
flow_1804,0x1000070c,05,VoIP,46,auto,173.5167,221.6802,198.2472,97.0217,9.85,198.449,191.3522,205.1421,13.7899,0.022345,0.043614,0.030852,1.809e-05,0.004254,152,2.4715,5.6462,489.9733,42.5151,1378,273184,32.412,6425.5696,0.5193,0.5336
flow_1816,0x10000718,05,VoIP,46,auto,165.7723,208.6378,185.7136,141.3647,11.8897,186.9289,177.3908,194.0364,16.6456,0.014083,0.027767,0.019556,7.49e-06,0.002737,82,2.6289,8.4843,488.2198,19.0098,972,180513,51.1314,9495.7651,0.4958,0.4837
flow_1828,0x10000724,05,VoIP,46,auto,135.6396,201.252,166.9376,379.2544,19.4745,168.4201,153.3055,180.5697,27.2642,0.020091,0.045303,0.030176,2.543e-05,0.005042,97,3.8318,5.5388,639.6743,31.5172,1044,174282,33.1248,5529.741,0.4775,0.4866
flow_1840,0x10000730,05,VoIP,46,auto,81.3103,119.062,94.2657,27.8055,5.2731,93.7742,90.5746,97.9569,7.3823,0.014156,0.027804,0.019615,7.45e-06,0.00273,95,3.4546,8.9996,325.6496,27.6882,1411,133008,50.9603,4803.7775,0.4984,0.5124
flow_1852,0x1000073c,05,VoIP,46,auto,86.2026,116.5645,98.5425,18.0561,4.2492,98.4563,95.5681,101.517,5.9489,0.011289,0.030639,0.019029,1.498e-05,0.00387,97,4.9623,9.29,488.9963,21.7142,1141,112437,52.5462,5178.0327,0.5285,0.5465
flow_1864,0x10000748,05,VoIP,46,auto,156.7443,213.4192,181.072,123.2386,11.1013,180.5246,173.3011,188.8429,15.5418,0.023162,0.039968,0.029885,1.13e-05,0.003361,48,4.6284,8.4082,838.0763,17.5099,585,105927,33.4096,6049.5407,0.4933,0.5121
flow_1876,0x10000754,05,VoIP,46,auto,182.1771,221.3164,201.1194,37.9474,6.1601,199.9501,196.8073,205.4315,8.6242,0.015065,0.029859,0.020982,8.75e-06,0.002959,159,2.4622,6.4381,495.1891,40.0503,1908,383735,47.6401,9581.32,0.5284,0.5247
flow_1888,0x10000760,05,VoIP,46,auto,172.1882,216.8444,194.7142,77.5395,8.8057,194.7161,188.5502,200.8781,12.3279,0.010735,0.03161,0.019085,1.743e-05,0.004175,241,3.2057,6.0494,624.1926,40.4121,2117,412209,52.3854,10200.1488,0.4786,0.4939
flow_1900,0x1000076c,05,VoIP,46,auto,116.826,204.3475,153.0178,234.2447,15.3051,152.223,142.3042,163.7313,21.4271,0.023887,0.044128,0.031983,1.639e-05,0.004048,70,2.3716,9.7152,362.8911,15.6037,487,74519,31.2106,4775.738,0.5268,0.5271
flow_1912,0x10000778,05,VoIP,46,auto,178.3448,230.2258,198.4739,69.5302,8.3385,200.5868,192.637,204.3109,11.6739,0.012602,0.033402,0.020922,1.731e-05,0.00416,111,2.3706,7.3471,470.5092,23.2944,1113,220901,47.7796,9482.9885,0.5277,0.5122
flow_1924,0x10000784,05,VoIP,46,auto,90.1722,122.1752,102.5105,16.0768,4.0096,101.899,99.7038,105.3172,5.6134,0.012274,0.034111,0.021008,1.907e-05,0.004367,128,3.4109,8.3924,349.6577,29.2383,1391,142592,47.5746,4876.8974,0.5179,0.5067
flow_1936,0x10000790,05,VoIP,46,auto,139.5728,204.3181,173.3617,362.6665,19.0438,171.6305,160.031,186.6923,26.6613,0.011935,0.035576,0.021391,2.236e-05,0.004728,197,4.669,5.7378,809.4299,26.2163,1225,212368,46.7267,8100.6167,0.5198,0.5273
flow_1948,0x1000079c,05,VoIP,46,auto,109.1433,199.4013,146.0708,111.669,10.5674,147.8538,138.6737,153.468,14.7943,0.022175,0.045144,0.031363,2.11e-05,0.004594,100,4.3072,6.4985,629.1564,31.9841,1019,148846,31.8596,4653.7561,0.5295,0.5434
flow_1960,0x100007a8,05,VoIP,46,auto,83.2596,121.3568,96.4008,29.9103,5.469,96.1154,92.5725,100.2291,7.6566,0.021351,0.042594,0.029848,1.805e-05,0.004249,62,2.7804,7.7047,268.0328,14.02,469,45211,33.4521,3224.7409,0.5207,0.5218
flow_1972,0x100007b4,05,VoIP,46,auto,118.0848,197.0165,145.8399,168.9549,12.9983,144.7899,136.7411,154.9387,18.1976,0.01899,0.044041,0.029011,2.51e-05,0.00501,133,2.0219,8.9279,294.8803,35.3227,1217,177487,34.4537,5024.7266,0.476,0.4744
flow_1984,0x100007c0,05,VoIP,46,auto,136.7099,208.4493,168.3503,289.1115,17.0033,169.2376,156.448,180.2526,23.8046,0.021712,0.041597,0.029666,1.582e-05,0.003977,120,2.85,6.087,479.7936,32.8904,1108,186532,33.6876,5671.3135,0.4918,0.4815
flow_1996,0x100007cc,05,VoIP,46,auto,115.1739,181.9152,149.988,101.8627,10.0927,152.0532,142.9231,157.0529,14.1298,0.01484,0.02784,0.02004,6.76e-06,0.0026,136,2.3657,6.149,354.8235,32.2692,1610,241480,49.8928,7483.3007,0.4919,0.5115
flow_2008,0x100007d8,05,Video,34,auto,177.0714,1473.4469,1031.6501,173155.5567,416.1196,1234.4678,683.8269,1463.4469,779.62,0.000463,0.109264,0.005421,0.00035565,0.018859,531,16.5681,36.3174,17092.4526,58.2799,10751,11091270,184.4718,190310.3193,0.7945,0.9378
flow_2020,0x100007e4,05,Video,34,auto,128.2657,1496.083,1291.7214,86473.9553,294.0645,1390.9703,872.3089,1480.0,607.6911,0.000965,0.142519,0.012306,0.0012795,0.03577,122,12.1041,46.885,15635.1574,36.6302,2976,3844162,81.2444,104945.1678,0.8505,0.8666
flow_2032,0x100007f0,05,Video,34,auto,156.5447,1480.349,1178.9933,202304.2627,449.7825,1117.1958,782.0999,1470.349,688.2491,0.000888,0.145777,0.007508,0.00027874,0.016696,174,11.8352,68.9764,13953.6705,28.8094,3837,4523797,133.1857,157025.0468,0.7253,0.9145
flow_2044,0x100007fc,05,Video,34,auto,147.144,1497.0738,1285.9708,185640.2586,430.8599,1298.841,891.881,1480.0,588.119,0.000109,0.077468,0.007927,0.00084154,0.029009,152,29.0585,66.8688,37368.401,39.1857,4943,6356553,126.1429,162216.0891,0.8912,0.9539
flow_2056,0x10000808,05,Video,34,auto,173.9793,1489.8962,995.83,120604.5072,347.2816,1183.4369,687.8191,1479.8962,792.0771,0.000523,0.109253,0.008653,0.00025078,0.015836,178,23.3633,84.1448,23265.8415,49.5455,5725,5701126,115.5504,115068.5269,0.8316,0.9424
flow_2068,0x10000814,05,Video,34,auto,166.0745,1498.6928,1253.0056,138003.3517,371.488,1226.9522,753.5796,1480.0,726.4204,0.00021,0.141066,0.009447,0.00102172,0.031964,236,10.2036,40.7874,12785.2079,49.159,5203,6519388,105.8401,132618.27,0.7489,0.8635
flow_2080,0x10000820,05,Video,34,auto,221.4769,1465.9292,1075.0109,174654.2368,417.9165,1082.3525,765.1309,1455.9292,690.7984,0.000213,0.09852,0.005007,0.00117137,0.034225,110,15.6408,67.6733,16814.0214,17.0521,3405,3660412,199.6826,214660.9981,0.754,0.8957
flow_2092,0x1000082c,05,Video,34,auto,227.084,1462.3451,980.3042,102542.3694,320.2224,1265.4708,667.1541,1452.3451,785.191,0.00048,0.105757,0.005423,0.00053474,0.023124,392,18.0881,49.981,17731.8537,46.9744,8661,8490414,184.3771,180745.6433,0.7879,0.8566
flow_2104,0x10000838,05,Video,34,auto,252.4394,1460.8307,1260.7397,123213.7117,351.0181,1407.9433,705.0547,1450.8307,745.776,0.000848,0.11851,0.011928,0.00096984,0.031142,105,13.6071,82.2075,17155.0666,21.1483,1773,2235291,83.8363,105695.7689,0.8004,0.921
flow_2116,0x10000844,05,Video,34,auto,198.0582,1491.9821,1080.1176,83673.3399,289.2634,1158.9427,691.8144,1480.0,788.1856,0.000523,0.146791,0.01264,0.00028539,0.016894,153,25.9782,86.9666,28059.5238,59.7387,4726,5104635,79.1111,85449.3161,0.8794,0.9086
flow_2128,0x10000850,05,Video,34,auto,214.2104,1463.2466,1103.0141,164569.7608,405.672,1229.4283,817.0684,1453.2466,636.1782,0.000801,0.087401,0.005401,0.00108905,0.033001,592,10.4003,76.9726,11471.6392,58.2549,10786,11897110,185.1517,204224.9843,0.8401,0.8644
flow_2140,0x1000085c,05,Video,34,auto,257.988,1491.1968,1308.3541,95448.77,308.9478,1185.4911,838.705,1480.0,641.295,0.000228,0.058549,0.010178,0.00010377,0.010187,95,29.344,72.2058,38392.3322,20.579,2021,2644183,98.207,128489.5173,0.731,0.929
flow_2152,0x10000868,05,Video,34,auto,178.8895,1468.0002,981.2178,193977.8553,440.4292,1113.9487,864.6693,1458.0002,593.3308,0.0009,0.130398,0.010387,0.00103183,0.032122,190,23.2001,35.2664,22764.3683,40.2862,3878,3805162,96.2614,94453.3426,0.7955,0.9615
flow_2164,0x10000874,05,Video,34,auto,213.4628,1489.6487,1206.1228,113377.8245,336.7162,1173.3614,797.6852,1479.6487,681.9634,0.000699,0.094235,0.014509,0.00046467,0.021556,192,19.168,62.1509,23118.9611,56.7649,3912,4718352,68.9159,83120.9724,0.8657,0.9438
flow_2176,0x10000880,05,Video,34,auto,125.8425,1499.5772,1096.8618,163791.8341,404.712,1378.9186,670.7136,1480.0,809.2864,0.000304,0.084736,0.010279,0.00127367,0.035689,131,21.2341,38.3444,23290.9013,30.9527,3011,3302650,97.2775,106699.8943,0.8758,0.866
flow_2188,0x1000088c,05,Video,34,auto,158.8342,1471.0922,1174.6372,70350.3146,265.2363,1270.9169,892.1723,1461.0922,568.9199,0.000572,0.078731,0.006563,0.00099929,0.031611,186,25.2318,64.7437,29638.2308,31.799,4844,5689942,152.3319,178934.7338,0.905,0.8652
flow_2200,0x10000898,05,Video,34,auto,210.2414,1464.8741,1310.581,128321.6343,358.2201,1401.8066,799.4736,1454.8741,655.4005,0.00028,0.106019,0.011071,0.00107917,0.032851,215,19.1102,77.3873,25045.5116,41.4846,3747,4910746,90.3226,118375.0289,0.7281,0.9038
flow_2212,0x100008a4,05,Video,34,auto,231.7734,1481.6554,938.8927,114393.224,338.2207,1374.6812,758.0451,1471.6554,713.6103,0.000742,0.101,0.009232,0.00097218,0.03118,402,11.0902,58.5049,10412.5127,58.4205,6328,5941313,108.3182,101699.1692,0.7516,0.8781
flow_2224,0x100008b0,05,Video,34,auto,167.0383,1481.9091,1195.7586,77574.4146,278.5218,1133.8531,898.6802,1471.9091,573.2289,0.000295,0.122413,0.007987,0.0002141,0.014632,99,16.5679,47.539,19811.2446,17.58,2201,2631864,125.199,149707.775,0.8154,0.8643
flow_2236,0x100008bc,05,Video,34,auto,250.0483,1460.4896,1254.7885,74441.7846,272.8402,1373.1252,666.8935,1450.4896,783.5961,0.000566,0.116833,0.012636,0.00043159,0.020775,39,12.8728,86.7871,16152.6628,16.7406,1324,1661339,79.0894,99240.3772,0.7383,0.8724
flow_2248,0x100008c8,05,Video,34,auto,129.8114,1470.4124,1129.599,78751.6554,280.6273,1075.0277,859.2864,1460.4124,601.126,0.000985,0.109353,0.01005,0.00113854,0.033742,274,23.9674,65.2255,27073.5216,50.2069,4995,5642346,99.4883,112381.8581,0.8553,0.8636
flow_2260,0x100008d4,05,Video,34,auto,141.6005,1464.1745,1200.922,144604.0749,380.2684,1394.1515,880.0683,1454.1745,574.1062,0.00034,0.067816,0.013487,0.00082822,0.028779,124,20.0887,65.1628,24124.9515,57.5721,4268,5125535,74.1332,89028.1746,0.7211,0.8693
flow_2272,0x100008e0,05,Video,34,auto,188.5451,1485.8982,1294.5173,109230.0202,330.4997,1246.2016,682.5343,1475.8982,793.3639,0.000625,0.092739,0.008884,0.00017601,0.013267,238,22.6119,38.2446,29271.5058,49.6018,5583,7227289,112.5564,145706.1601,0.862,0.9745
flow_2284,0x100008ec,05,Video,34,auto,233.4831,1460.8184,1273.5035,108197.608,328.934,1122.8074,873.0895,1450.8184,577.7289,0.000453,0.103928,0.011143,0.00059346,0.024361,89,23.718,57.6247,30204.8979,23.9766,2151,2739306,89.7126,114249.3626,0.857,0.946
flow_2296,0x100008f8,05,Video,34,auto,235.5361,1479.9995,1333.7067,137682.7487,371.0563,1193.0165,829.5515,1469.9995,640.448,0.000492,0.063401,0.011365,0.00027548,0.016598,91,16.2781,69.8168,21710.151,31.3094,2754,3673028,87.9609,117314.0548,0.7855,0.8691
flow_2308,0x10000904,05,Video,34,auto,200.924,1462.4312,1069.6108,70777.421,266.0403,1154.0581,731.7078,1452.4312,720.7234,0.000196,0.113534,0.009899,0.00044716,0.021146,188,11.267,40.6774,12051.3211,46.9824,4746,5076373,101.0166,108048.4865,0.9089,0.8746
flow_2320,0x10000910,05,Video,34,auto,210.0842,1471.8243,956.6624,195226.1891,441.8441,1419.5601,740.1106,1461.8243,721.7137,0.00025,0.088819,0.011171,0.00069983,0.026454,301,21.5035,67.9549,20571.623,59.071,5287,5057873,89.5024,85623.5905,0.7535,0.9196
flow_2332,0x1000091c,05,Video,34,auto,143.1073,1468.2927,1009.862,137440.1889,370.7293,1247.3161,692.1576,1458.2927,766.1351,0.000919,0.106619,0.011178,0.00012611,0.01123,174,20.2327,58.4442,20432.2756,40.34,3608,3643582,89.4397,90321.7438,0.9101,0.8599
flow_2344,0x10000928,05,Video,34,auto,223.3187,1471.0515,941.1142,105051.489,324.1165,1135.0193,874.002,1461.0515,587.0495,0.000467,0.135859,0.011822,0.00058633,0.024214,109,27.0354,82.1073,25443.4134,21.3807,1808,1701534,84.5622,79582.629,0.7686,0.8754
flow_2356,0x10000934,05,Video,34,auto,178.1107,1473.3485,906.1308,123963.5582,352.0846,1421.3909,752.067,1463.3485,711.2815,0.000564,0.095601,0.006292,0.0002733,0.016532,305,17.973,56.2161,16285.9278,53.3753,8483,7686707,158.9312,144012.4709,0.8294,0.8829
flow_2368,0x10000940,05,Video,34,auto,151.1488,1477.1106,1346.4388,110399.1185,332.2636,1230.5537,705.9493,1467.1106,761.1613,0.000649,0.125744,0.010876,0.00029291,0.017115,236,11.5955,81.3293,15612.6066,43.3151,3982,5361519,91.931,123779.4557,0.9009,0.8676
flow_2380,0x1000094c,05,Video,34,auto,186.9665,1494.5708,1135.5617,121323.0995,348.3147,1259.0224,675.6556,1480.0,804.3444,0.000998,0.054865,0.008204,0.00053965,0.02323,131,26.9447,60.368,30597.3764,26.9827,3289,3734862,121.8931,138417.0736,0.7782,0.9196
flow_2392,0x10000958,05,Video,34,auto,259.1451,1473.1813,1218.449,76320.7155,276.262,1204.1026,712.1669,1463.1813,751.0143,0.000964,0.051417,0.005826,0.0013372,0.036568,155,26.9547,68.6108,32842.9356,18.6258,3197,3895381,171.644,209139.4003,0.8331,0.9278
flow_2404,0x10000964,05,Video,34,auto,215.8494,1477.4908,967.214,96021.3654,309.8731,1080.2219,804.5516,1467.4908,662.9392,0.0005,0.13477,0.011499,0.00054565,0.023359,117,21.5466,73.7117,20840.1354,32.1209,2793,2701428,86.9527,84101.8357,0.8754,0.8553
flow_2416,0x10000970,05,Video,34,auto,254.3305,1477.291,918.0908,106689.3516,326.6334,1108.377,854.0802,1467.291,613.2108,0.000638,0.057907,0.008755,0.00076834,0.027719,180,22.1488,50.4521,20334.5975,49.6194,5667,5202820,114.2093,104854.4836,0.8648,0.9411
flow_2428,0x1000097c,05,Video,34,auto,123.2134,1488.8567,1128.9246,157834.0911,397.2834,1246.0472,797.8375,1478.8567,681.0192,0.000173,0.101055,0.013939,0.00122188,0.034955,93,15.31,42.692,17283.8501,41.8712,3003,3390160,71.72,80966.4247,0.8394,0.9108
flow_2440,0x10000988,05,Video,34,auto,215.335,1480.8725,922.2408,108156.1603,328.871,1343.5383,677.2454,1470.8725,793.6271,0.000418,0.114737,0.012389,0.00038793,0.019696,46,28.2745,40.157,26075.8785,15.7519,1271,1172168,80.6888,74414.5266,0.7706,0.8518
flow_2452,0x10000994,05,Video,34,auto,188.6865,1490.6565,1040.8478,138426.354,372.0569,1362.3417,675.9687,1480.0,804.0313,0.000658,0.137895,0.012688,0.00061135,0.024725,136,16.7205,63.0671,17403.4475,46.0794,3631,3779318,78.7988,82017.5098,0.8873,0.9794
flow_2464,0x100009a0,05,Video,34,auto,165.5839,1471.4618,1043.1999,80805.0905,284.2624,1410.618,849.518,1461.4618,611.9438,0.000168,0.103597,0.01476,0.00015196,0.012327,101,11.8651,81.4088,12377.7146,41.4945,2811,2932435,67.744,70670.5216,0.8179,0.8979
flow_2476,0x100009ac,05,Video,34,auto,193.2164,1496.7587,962.4722,157148.3829,396.4195,1322.6342,684.9646,1480.0,795.0354,0.000973,0.090525,0.006298,0.00107043,0.032717,132,20.1523,51.5233,19396.0729,18.4601,2930,2820043,158.7204,152763.9111,0.8423,0.851
flow_2488,0x100009b8,05,Video,34,auto,258.5574,1484.4423,1189.3171,163660.7563,404.5501,1296.4342,851.3604,1474.4423,623.0819,0.000402,0.107648,0.007687,0.00051956,0.022794,112,22.0601,53.4635,26236.4235,29.9829,3900,4638336,130.0743,154699.5755,0.8216,0.9515
flow_2500,0x100009c4,05,Video,34,auto,211.0939,1492.3555,1238.8603,181097.291,425.5553,1366.8918,844.7856,1480.0,635.2144,0.000687,0.10657,0.011758,0.00040994,0.020247,197,14.4364,60.1751,17884.6283,58.2454,4953,6136074,85.0368,105348.6409,0.8029,0.9109
flow_2512,0x100009d0,05,Video,34,auto,254.6663,1476.8555,950.8026,161707.6277,402.1289,1323.8299,729.7937,1466.8555,737.0618,0.000914,0.062783,0.003725,0.00100606,0.031718,446,21.5405,78.0942,20480.7232,52.6957,14144,13448152,268.4088,255203.8063,0.7279,0.9145
flow_2524,0x100009dc,05,Video,34,auto,150.6099,1481.4783,1001.3687,137353.5019,370.6123,1168.2868,787.5882,1471.4783,683.8901,0.000939,0.098473,0.006148,0.00051232,0.022634,235,27.1312,72.4956,27168.3837,36.0649,5866,5874028,162.6514,162873.9857,0.7261,0.8653
flow_2536,0x100009e8,05,Video,34,auto,208.481,1470.1564,1232.4728,109889.093,331.4952,1399.6282,690.4279,1460.1564,769.7285,0.000656,0.115685,0.009328,0.00069936,0.026446,147,26.2816,88.7598,32391.4085,42.4264,4548,5605286,107.1974,132117.8877,0.9079,0.9176
flow_2548,0x100009f4,05,Video,34,auto,248.6438,1481.1533,1244.7022,107993.8222,328.6241,1424.9504,696.0,1471.1533,775.1533,0.000251,0.135833,0.014972,0.00024137,0.015536,70,24.9608,43.6202,31068.7681,34.505,2304,2867793,66.773,83112.4645,0.7444,0.9081
flow_2560,0x10000a00,05,Video,34,auto,183.1935,1477.5969,908.3243,109629.7303,331.1038,1135.748,672.4169,1467.5969,795.1799,0.000271,0.12868,0.009556,0.00025606,0.016002,188,13.7934,69.7981,12528.858,50.8845,5324,4835918,104.6292,95037.2004,0.8627,0.8803
flow_2572,0x10000a0c,05,Video,34,auto,178.865,1475.7889,1332.8812,89686.3168,299.4767,1194.8546,842.5376,1465.7889,623.2513,0.00053,0.078333,0.00876,0.00075585,0.027493,70,15.5043,89.8552,20665.3289,19.8109,2261,3013644,114.1291,152120.4723,0.722,0.9647
flow_2584,0x10000a18,05,Video,34,auto,177.7482,1462.9655,926.2416,198854.7729,445.9314,1212.4765,870.592,1452.9655,582.3735,0.000478,0.139343,0.014421,0.00048055,0.021922,38,15.3723,76.4017,14238.4562,13.6647,947,877150,69.3025,64190.7878,0.8873,0.9306
flow_2596,0x10000a24,05,Video,34,auto,163.6596,1465.0721,934.6725,109267.6522,330.5566,1225.8451,739.5045,1455.0721,715.5676,0.000293,0.125797,0.008719,0.00110202,0.033197,215,16.3064,86.5075,15241.1652,50.0778,5743,5367823,114.6815,107189.6218,0.7928,0.8565
flow_2608,0x10000a30,05,Video,34,auto,210.6146,1493.1753,1056.177,159294.5422,399.1172,1294.0336,738.2616,1480.0,741.7384,0.000619,0.065458,0.003159,0.00074976,0.027382,966,15.7419,55.4593,16626.2578,55.5037,17569,18555974,316.5377,334319.8539,0.8566,0.8606
flow_2620,0x10000a3c,05,Video,34,auto,218.6215,1463.468,1150.283,168009.2327,409.8893,1275.7528,855.1617,1453.468,598.3063,0.000782,0.099772,0.007127,0.0003186,0.017849,128,26.0132,85.8157,29922.4868,20.611,2892,3326618,140.3136,161400.3027,0.8721,0.9434
flow_2632,0x10000a48,05,Video,34,auto,128.604,1487.7676,1316.5789,112736.2108,335.7621,1225.8242,871.6424,1477.7676,606.1252,0.00087,0.101966,0.005454,0.00038149,0.019532,172,27.7743,83.8064,36567.1183,32.1672,5897,7763865,183.3234,241359.7382,0.7624,0.9597
flow_2644,0x10000a54,05,Video,34,auto,237.3964,1494.8122,1251.0756,110468.092,332.3674,1299.6376,828.9808,1480.0,651.0192,0.000346,0.068363,0.00776,0.00093101,0.030512,314,11.1354,80.7984,13931.2714,53.2272,6859,8581127,128.8628,161217.0462,0.8798,0.9543
flow_2656,0x10000a60,05,Video,34,auto,124.2853,1469.5474,1038.8785,106976.7284,327.073,1051.1116,820.3563,1459.5474,639.1911,0.000747,0.127078,0.004494,0.00018605,0.01364,152,15.9498,51.9467,16569.8795,20.8334,4635,4815201,222.4798,231129.4477,0.7445,0.8794
flow_2668,0x10000a6c,05,Video,34,auto,157.0554,1499.4378,1310.2565,80312.5684,283.3947,1315.6447,726.3541,1480.0,753.6459,0.000158,0.142354,0.014525,0.00075563,0.027489,53,10.2697,47.028,13455.9495,26.1032,1797,2354531,68.842,90200.7317,0.7757,0.9394
flow_2680,0x10000a78,05,Video,34,auto,165.8372,1471.4638,904.2366,98073.8133,313.1674,1151.0929,786.1518,1461.4638,675.312,0.000592,0.057275,0.007821,0.00140426,0.037474,404,26.7446,57.3009,24183.4409,50.8553,6502,5879346,127.853,115609.3229,0.7323,0.9771
flow_2692,0x10000a84,05,Video,34,auto,126.2495,1492.8713,1067.5649,116198.4923,340.879,1317.4302,688.7173,1480.0,791.2827,0.000326,0.059834,0.012856,0.0004356,0.020871,190,17.6267,44.9134,18817.6314,56.415,4388,4684474,77.7807,83035.9175,0.8213,0.8916
flow_2704,0x10000a90,05,Video,34,auto,253.5882,1460.3273,1316.2508,76390.2061,276.3878,1222.1624,702.2557,1450.3273,748.0715,0.00073,0.147789,0.014567,0.00068637,0.026199,93,14.811,47.6165,19495.0434,44.3041,3041,4002718,68.6393,90346.5349,0.8082,0.9646
flow_2716,0x10000a9c,05,Video,34,auto,205.7629,1486.0326,1051.6255,157750.1459,397.1777,1412.2875,729.0538,1476.0326,746.9788,0.000985,0.104032,0.006431,0.00034102,0.018467,332,15.8692,67.2518,16688.4808,58.4433,9087,9556121,155.484,163510.9748,0.7511,0.9083
flow_2728,0x10000aa8,05,Video,34,auto,226.351,1469.8074,1093.7632,198669.0746,445.7231,1366.0375,847.6078,1459.8074,612.1996,0.00078,0.090945,0.007006,0.00086275,0.029373,79,15.8893,42.3019,17379.1524,16.54,2361,2582375,142.7446,156128.7867,0.7285,0.8925
flow_2740,0x10000ab4,05,Video,34,auto,175.3552,1469.1221,947.7378,73730.6584,271.5339,1399.5163,824.019,1459.1221,635.103,0.000541,0.127204,0.010664,0.00053343,0.023096,48,21.0101,51.8685,19912.0218,14.5148,1361,1289871,93.7665,88866.0543,0.7631,0.962
flow_2752,0x10000ac0,05,Video,34,auto,160.3578,1469.542,955.2927,92812.2194,304.651,1076.3309,818.1847,1459.542,641.3572,0.000727,0.067801,0.009148,0.00017704,0.013306,116,25.2184,67.1276,24090.9369,35.7545,3908,3733283,109.3009,104414.3089,0.837,0.8583
flow_2764,0x10000acc,05,Video,34,auto,196.2328,1499.3692,1173.7556,67114.5826,259.0648,1054.7139,681.5834,1480.0,798.4166,0.000755,0.149923,0.007692,0.00121661,0.03488,341,23.8899,70.2732,28040.9342,44.634,5802,6810129,129.9907,152577.2386,0.8973,0.9208
flow_2776,0x10000ad8,05,Video,34,auto,162.5746,1470.369,1323.5917,134223.1961,366.3648,1200.2828,895.75,1460.369,564.619,0.000947,0.11899,0.007409,0.00123044,0.035078,159,16.4782,55.2322,21810.4161,37.2113,5022,6647077,134.9591,178630.7832,0.7614,0.8832
flow_2788,0x10000ae4,05,Video,34,auto,161.5146,1490.811,1052.0424,81284.7287,285.1048,1219.8641,733.6355,1480.0,746.3645,0.000516,0.061189,0.007284,0.00011007,0.010491,182,20.9221,43.0559,22010.9687,37.7125,5177,5446423,137.2755,144419.5985,0.8433,0.9037
flow_2800,0x10000af0,05,Video,34,auto,153.0525,1473.0187,1172.2194,90204.5939,300.3408,1071.1688,709.0637,1463.0187,753.9549,0.000524,0.099141,0.013197,0.00072936,0.027007,290,13.2243,82.6029,15501.7957,59.8542,4535,5316014,75.7674,88815.9863,0.827,0.9794
flow_2812,0x10000afc,05,Video,34,auto,216.7745,1477.804,1304.3534,84753.5048,291.1246,1098.3657,715.0644,1467.804,752.7396,0.00054,0.052026,0.011551,0.00047796,0.021862,45,13.0073,78.5105,16966.0525,12.2041,1056,1377397,86.5285,112863.7597,0.9103,0.9703
flow_2824,0x10000b08,05,Video,34,auto,129.7987,1482.8606,1167.7551,199906.6309,447.1092,1371.4785,725.8863,1472.8606,746.9744,0.000189,0.079767,0.004146,0.00057138,0.023904,481,25.6687,64.7322,29974.8104,56.0694,13523,15791552,241.1832,281642.8979,0.7536,0.8696
flow_2836,0x10000b14,05,Video,34,auto,201.4972,1473.7313,1148.1897,80362.1086,283.4821,1275.7284,752.6933,1463.7313,711.038,0.000171,0.102787,0.008732,0.00108262,0.032903,124,22.2093,71.834,25500.4505,20.334,2328,2672985,114.4883,131454.2463,0.8412,0.9701
flow_2848,0x10000b20,05,Video,34,auto,151.5327,1490.5817,1040.9197,163416.74,404.2484,1328.2235,739.9206,1480.0,740.0794,0.000899,0.116151,0.008609,0.00062073,0.024914,150,16.0865,59.4186,16744.8016,40.4399,4697,4889199,116.1475,120900.2405,0.8573,0.9025
flow_2860,0x10000b2c,05,Video,34,auto,150.6227,1499.7116,1326.3348,110054.1867,331.7442,1249.1957,780.973,1480.0,699.027,0.000438,0.12452,0.005902,0.00026734,0.01635,221,11.7675,76.7613,15607.7072,45.637,7732,10255220,169.4238,224712.6404,0.759,0.9164
flow_2872,0x10000b38,05,Video,34,auto,171.9788,1495.4205,1177.2485,136136.9081,368.9674,1236.8522,823.5522,1480.0,656.4478,0.000413,0.146931,0.00481,0.00016924,0.013009,434,21.5742,69.8268,25398.1391,57.7497,12006,14134045,207.8973,244746.763,0.8059,0.8875
flow_2884,0x10000b44,05,Video,34,auto,126.0908,1499.1944,1126.5497,77093.7814,277.6577,1282.4913,710.2157,1480.0,769.7843,0.000962,0.050413,0.01383,0.00036335,0.019062,185,14.0324,83.628,15808.252,51.9415,3755,4230194,72.2929,81441.4959,0.7809,0.9259
flow_2896,0x10000b50,05,Video,34,auto,134.2005,1488.3928,1330.7976,194522.084,441.0466,1108.4512,699.2642,1478.3928,779.1286,0.000497,0.11882,0.007369,0.00050188,0.022403,251,15.2204,57.6157,20255.3338,34.5702,4691,6242771,135.695,180582.5055,0.8239,0.97
flow_2908,0x10000b5c,05,Video,34,auto,189.9142,1477.0752,1156.9592,186037.0937,431.3202,1239.9515,872.0511,1467.0752,595.024,0.000573,0.082504,0.005043,0.00078347,0.02799,268,15.2347,72.4324,17625.9245,22.2014,4402,5092934,198.2758,229397.0242,0.7756,0.9447
flow_2920,0x10000b68,05,Video,34,auto,230.6616,1470.8092,1218.3013,125249.8681,353.9066,1306.3202,672.3497,1460.8092,788.4595,0.000454,0.121412,0.008158,0.00069962,0.02645,200,18.307,74.3934,22303.4334,37.0664,4543,5534742,122.5637,149319.5151,0.7332,0.959
flow_2932,0x10000b74,05,Video,34,auto,145.336,1492.0795,994.4758,185085.8797,430.2161,1340.5224,715.6741,1480.0,764.3259,0.000656,0.128665,0.011649,0.00052127,0.022831,44,16.7693,63.3882,16676.6613,14.1483,1214,1207293,85.8056,85331.5638,0.7928,0.9723
flow_2944,0x10000b80,05,Video,34,auto,235.4193,1485.9472,1002.1209,168084.1909,409.9807,1412.4817,752.3906,1475.9472,723.5566,0.000739,0.137201,0.009624,0.00011089,0.010531,42,12.9804,81.3154,13007.9767,12.9594,1346,1348854,103.8629,104083.1739,0.8284,0.8981
flow_2956,0x10000b8c,05,Video,34,auto,254.9515,1476.6812,953.2174,143464.5702,378.7672,1072.6955,821.2295,1466.6812,645.4518,0.000776,0.063204,0.009716,0.00089329,0.029888,129,22.1605,49.2098,21123.8165,25.1854,2592,2470739,102.9169,98102.1965,0.8232,0.9075
flow_2968,0x10000b98,05,Video,34,auto,124.9766,1470.695,1086.2447,135940.5404,368.7012,1366.8514,782.0673,1460.695,678.6276,0.000461,0.132524,0.00619,0.0008847,0.029744,90,18.4432,67.3149,20033.7913,13.1388,2122,2305011,161.5062,175435.2067,0.7917,0.9023
flow_2980,0x10000ba4,05,Video,34,auto,133.8415,1490.9975,1011.1823,121219.8613,348.1664,1211.9451,878.567,1480.0,601.433,0.000519,0.126256,0.012008,0.00013617,0.011669,142,11.7039,85.3325,11834.7703,44.1125,3673,3714072,83.2644,84195.4922,0.803,0.8689
flow_2992,0x10000bb0,05,Video,34,auto,159.2887,1473.3494,1280.4999,89641.8171,299.4024,1103.7803,832.0097,1463.3494,631.3397,0.0007,0.084838,0.013094,0.00126425,0.035556,148,14.2421,84.2944,18236.9598,36.5126,2788,3570033,76.3573,97775.4451,0.8898,0.8863
flow_3004,0x10000bbc,05,Video,34,auto,149.4667,1489.2729,911.5284,89794.9798,299.6581,1393.5668,749.2095,1479.2729,730.0635,0.000445,0.095407,0.005418,0.00043854,0.020941,295,15.9897,78.9864,14575.0439,33.6014,6202,5653298,184.5754,168245.7293,0.8526,0.9383
flow_3016,0x10000bc8,05,Video,34,auto,240.5868,1490.4466,1042.7168,83707.1066,289.3218,1388.0322,766.6004,1480.0,713.3996,0.000275,0.101271,0.006736,0.00010283,0.010141,306,15.5293,86.1024,16192.6782,51.7907,7688,8016406,148.4435,154784.5579,0.7938,0.8712
flow_3028,0x10000bd4,05,Video,34,auto,155.2662,1475.8077,1177.2205,101857.7913,319.1517,1157.5997,892.2528,1465.8077,573.5549,0.000724,0.138984,0.014961,0.00017146,0.013094,186,25.6887,53.0254,30241.2233,58.6003,3916,4609995,66.8257,78668.5195,0.8443,0.9167
flow_3040,0x10000be0,05,Video,34,auto,212.9037,1489.7694,1204.3153,81224.7869,284.9996,1212.9657,799.9944,1479.7694,679.775,0.00095,0.064019,0.009224,0.00035386,0.018811,207,21.9236,42.0109,26402.8813,58.7824,6372,7673896,108.3998,130547.5285,0.8328,0.8614
flow_3052,0x10000bec,05,Video,34,auto,143.7893,1483.8135,1123.7395,101314.0502,318.2987,1190.6698,799.546,1473.8135,674.2676,0.000414,0.123384,0.013583,0.00105841,0.032533,128,28.1612,43.8693,31645.8028,38.2859,2818,3166697,73.604,82711.7499,0.881,0.8776
flow_3064,0x10000bf8,05,Video,34,auto,163.6054,1468.029,1026.3579,190115.2988,436.0221,1269.8631,880.6081,1458.029,577.4209,0.000485,0.091362,0.013684,0.00032927,0.018146,73,13.4755,77.484,13830.6562,35.3713,2584,2652108,73.0536,74979.109,0.7655,0.9461
flow_3076,0x10000c04,05,Video,34,auto,189.1771,1466.1876,1145.6843,76911.9896,277.3301,1305.6924,856.9969,1456.1876,599.1907,0.000227,0.112147,0.012792,0.0009056,0.030093,117,24.188,69.5841,27711.8416,45.5212,3558,4076344,78.1615,89548.3474,0.8655,0.9608
flow_3088,0x10000c10,05,Video,34,auto,149.7635,1494.3439,1081.2258,77830.4292,278.9811,1264.0059,847.392,1480.0,632.608,0.000767,0.120959,0.00366,0.00015161,0.012313,384,15.6407,38.3969,16911.0904,31.3053,8552,9246643,273.1802,295369.4742,0.8227,0.9301
flow_3100,0x10000c1c,05,Video,34,auto,145.5582,1497.0227,1033.7064,190979.3448,437.0118,1186.8921,857.7283,1480.0,622.2717,0.000268,0.056267,0.006445,0.00028578,0.016905,169,20.1069,57.4032,20784.6084,31.9373,4955,5122015,155.1479,160377.3253,0.7609,0.9389
flow_3112,0x10000c28,05,Video,34,auto,121.9669,1462.7813,1146.1321,126706.3546,355.9584,1164.8,765.1391,1452.7813,687.6423,0.000408,0.143395,0.014044,0.0008657,0.029423,76,14.6601,47.787,16802.3944,19.8227,1411,1617192,71.181,81582.8228,0.7342,0.8903
flow_3124,0x10000c34,05,Video,34,auto,207.5908,1467.7811,1330.9804,106050.1029,325.6533,1331.4585,784.8021,1457.7811,672.9789,0.000483,0.081803,0.008254,0.00070156,0.026487,229,28.6974,35.4808,38195.6567,48.5337,5880,7826164,121.153,161252.2047,0.8739,0.8705
flow_3136,0x10000c40,05,Video,34,auto,239.6429,1462.9765,988.957,102938.2754,320.84,1094.4113,773.8223,1452.9765,679.1542,0.000154,0.08051,0.005029,0.00033728,0.018365,137,22.7635,71.6004,22512.1686,19.8651,3950,3906380,198.8414,196645.5682,0.8552,0.8634
flow_3148,0x10000c4c,05,Video,34,auto,151.92,1472.8958,1191.2258,109246.6645,330.5248,1111.9233,801.649,1462.8958,661.2468,0.000839,0.148675,0.009082,0.00013555,0.011643,90,29.9164,60.5403,35637.2121,28.4284,3130,3728536,110.101,131155.156,0.9041,0.9517
flow_3160,0x10000c58,05,Video,34,auto,169.2292,1492.1597,1153.3842,138987.0615,372.8097,1165.4773,738.9368,1480.0,741.0632,0.000393,0.051681,0.003488,0.00030273,0.017399,451,13.5456,68.2992,15623.2682,51.5119,14766,17030871,286.6522,330620.1347,0.8084,0.8666
flow_3172,0x10000c64,05,Video,34,auto,245.7644,1487.6844,900.179,64166.9417,253.3119,1196.2664,750.4047,1477.6844,727.2797,0.000864,0.058927,0.013686,0.00031955,0.017876,38,25.2529,40.1968,22732.1116,15.7154,1148,1033405,73.0495,65757.6224,0.9186,0.8605
flow_3184,0x10000c70,05,Video,34,auto,129.3328,1461.0911,907.0919,128020.304,357.7993,1119.8652,750.5303,1451.0911,700.5609,0.000904,0.054323,0.008524,0.00059972,0.024489,237,28.5304,85.4601,25879.668,35.723,4190,3800714,117.2914,106394.0578,0.748,0.8653
flow_3196,0x10000c7c,05,Video,34,auto,166.8244,1479.2489,1015.7984,91887.2146,303.129,1394.3958,716.677,1469.2489,752.5719,0.000768,0.12771,0.007494,0.00057304,0.023938,295,13.2618,79.9365,13471.3631,46.6406,6223,6321313,133.4246,135532.5149,0.8949,0.9687
flow_3208,0x10000c88,05,Video,34,auto,233.2832,1468.3155,1060.3382,100511.6226,317.0357,1239.6061,843.7601,1458.3155,614.5554,0.000787,0.100681,0.011357,0.00026348,0.016232,206,15.7236,76.8628,16672.3516,59.3955,5229,5544508,88.037,93349.0332,0.7259,0.9442
flow_3220,0x10000c94,05,Video,34,auto,205.1909,1479.9227,1071.7048,106515.681,326.3674,1181.9928,854.4755,1469.9227,615.4472,0.000975,0.053009,0.007613,0.00064678,0.025432,88,24.3341,55.7052,26078.9828,22.5553,2962,3174389,131.3214,140737.7741,0.738,0.9168
flow_3232,0x10000ca0,05,Video,34,auto,191.8114,1464.4227,1314.8165,72736.0184,269.6962,1258.346,852.7504,1454.4227,601.6723,0.000195,0.05768,0.014797,0.00114654,0.033861,71,27.3161,70.4867,35915.6549,21.8526,1476,1940669,67.5434,88807.1156,0.9084,0.9045
flow_3244,0x10000cac,05,Video,34,auto,158.4856,1489.4075,1257.5092,163598.3166,404.4729,1081.5198,664.4733,1479.4075,814.9342,0.000644,0.067079,0.013575,0.00140006,0.037417,153,26.4345,40.6738,33241.6765,32.2171,2373,2984069,73.6566,92623.8353,0.787,0.9232
flow_3256,0x10000cb8,05,Video,34,auto,141.5093,1468.2702,1332.963,81795.677,285.9994,1302.1203,853.7459,1458.2702,604.5243,0.000599,0.070058,0.006946,0.00055111,0.023476,110,15.4711,79.6775,20622.4067,26.2082,3773,5029269,143.9627,191896.9872,0.827,0.9339
flow_3268,0x10000cc4,05,Video,34,auto,202.3581,1468.8744,1206.6476,120755.9723,347.4996,1296.5811,651.0253,1458.8744,807.8491,0.000686,0.069445,0.006934,0.00069383,0.026341,206,27.9704,51.2828,33750.4067,27.9387,4029,4861582,144.2084,174008.6663,0.8964,0.9649
flow_3280,0x10000cd0,05,Video,34,auto,215.9591,1495.1054,1217.5802,174327.4126,417.5253,1149.7437,836.724,1480.0,643.276,0.000978,0.091251,0.010652,0.00065155,0.025525,68,13.7024,75.99,16683.8251,23.2728,2184,2659195,93.8435,114261.9223,0.9056,0.9568
flow_3292,0x10000cdc,05,Video,34,auto,152.1105,1491.2329,1050.8409,141788.3907,376.548,1322.9615,748.6606,1480.0,731.3394,0.000248,0.14159,0.012068,0.00116461,0.034126,130,25.9167,78.1242,27234.3329,37.8276,3134,3293335,82.8495,87061.5898,0.8565,0.9031
flow_3304,0x10000ce8,05,Video,34,auto,157.7013,1499.6379,1179.778,180652.6011,425.0325,1296.081,881.4803,1480.0,598.5197,0.000718,0.122085,0.013177,0.00011056,0.010515,68,26.0184,55.1889,30695.9611,29.8465,2265,2672197,75.8884,89531.4596,0.7646,0.8776
flow_3316,0x10000cf4,05,Video,34,auto,205.3185,1476.8273,1148.5899,127340.1487,356.8475,1083.9897,773.4952,1466.8273,693.3322,0.000864,0.051869,0.005702,0.00108306,0.03291,480,10.197,35.7524,11712.202,47.3633,8306,9540187,175.368,201425.8555,0.8132,0.9558
flow_3328,0x10000d00,05,Video,34,auto,242.039,1496.6814,1059.859,168824.5074,410.8826,1110.3884,810.1066,1480.0,669.8934,0.00025,0.10788,0.013598,0.00050472,0.022466,109,17.5827,50.6243,18635.1408,47.9123,3523,3733883,73.5301,77931.5803,0.8571,0.8825
flow_3340,0x10000d0c,05,Video,34,auto,232.3852,1497.6238,1072.4154,75675.4293,275.0917,1363.8881,859.7595,1480.0,620.2405,0.000687,0.120227,0.011578,0.00041994,0.020493,265,15.2765,57.2034,16382.7524,54.5967,4715,5056438,86.3606,92614.4145,0.8823,0.9662
flow_3352,0x10000d18,05,Video,34,auto,227.0542,1464.4392,1000.3014,109088.3841,330.2853,1200.8296,855.0579,1454.4392,599.3812,0.000999,0.109935,0.006173,0.00073015,0.027021,147,20.7024,52.7265,20708.6626,18.7667,3040,3040916,161.9887,162037.4736,0.8233,0.9206
flow_3364,0x10000d24,05,Video,34,auto,141.3468,1468.9632,911.7479,116486.6647,341.3014,1233.285,886.4249,1458.9632,572.5383,0.000781,0.147876,0.011737,0.00127658,0.035729,110,17.8261,62.0477,16252.9259,23.9138,2037,1857230,85.181,77663.5795,0.8849,0.9204
flow_3376,0x10000d30,05,Video,34,auto,222.5349,1489.1847,1305.7274,83437.1357,288.8549,1264.0652,873.3748,1479.1847,605.8099,0.000145,0.071396,0.01058,0.00133286,0.036508,129,22.4545,57.0799,29319.4511,22.6246,2138,2791645,94.4991,123390.0178,0.7685,0.9446
flow_3388,0x10000d3c,05,Video,34,auto,196.4732,1484.3588,1290.0311,140017.766,374.1895,1226.0902,835.6044,1474.3588,638.7544,0.000791,0.113856,0.005691,0.00088371,0.029727,145,26.1988,57.1508,33797.3294,21.0113,3692,4762794,175.7146,226677.2363,0.9056,0.8563
flow_3400,0x10000d48,05,Video,34,auto,202.7007,1479.5482,1200.7777,80051.8882,282.9344,1317.9308,740.6468,1469.5482,728.9013,0.000926,0.053013,0.014328,0.00073171,0.02705,118,20.2158,88.7025,24274.669,55.3618,3863,4638604,69.7774,83787.1067,0.8698,0.9794
flow_3412,0x10000d54,05,Video,34,auto,138.0612,1480.1309,1159.3196,167892.5403,409.7469,1187.2064,875.7189,1470.1309,594.4119,0.000845,0.106559,0.007218,0.00022643,0.015047,152,26.4957,89.6005,30716.9457,36.8062,5099,5911370,138.5363,160607.8713,0.8583,0.9253
flow_3424,0x10000d60,05,Video,34,auto,154.3739,1486.2256,987.3055,111091.6624,333.3042,1299.3348,692.7609,1476.2256,783.4647,0.000275,0.109028,0.011975,0.00016093,0.012686,134,15.2363,56.2024,15042.8529,45.897,3832,3783354,83.4914,82431.474,0.7275,0.8501
flow_3436,0x10000d6c,05,Video,34,auto,233.0003,1465.1806,1243.1216,118095.7172,343.6506,1190.6954,736.5871,1455.1806,718.5935,0.000336,0.096113,0.014682,0.00106683,0.032662,103,12.4397,87.5697,15464.004,47.8057,3256,4047603,68.109,84667.7662,0.8839,0.9155
flow_3448,0x10000d78,05,Video,34,auto,241.3351,1472.5149,1294.293,166540.9645,408.0943,1194.5912,885.7935,1462.5149,576.7214,0.000571,0.093768,0.006303,0.00078603,0.028036,168,26.4353,71.7793,34215.0429,21.0469,3338,4320349,158.5982,205272.438,0.9062,0.9386
flow_3460,0x10000d84,05,Video,34,auto,154.4997,1475.783,919.8367,162817.8602,403.507,1070.3083,745.1895,1465.783,720.5935,0.000225,0.120946,0.008469,0.0005205,0.022815,98,17.5607,63.6642,16152.9445,22.9038,2704,2487238,118.0591,108595.0921,0.8104,0.9742
flow_3472,0x10000d90,05,Video,34,auto,130.2062,1493.3813,910.8419,76388.8527,276.3853,1201.2728,814.1706,1480.0,665.8294,0.000879,0.105927,0.008767,0.0005059,0.022492,177,29.5683,48.3545,26932.0283,36.3651,4147,3777261,114.0378,103870.3901,0.7511,0.914
flow_3484,0x10000d9c,05,Video,34,auto,169.9098,1476.7963,1176.3674,101841.099,319.1255,1332.2213,681.5429,1466.7963,785.2534,0.000174,0.133956,0.011623,0.00059763,0.024446,111,12.4743,43.5338,14674.416,38.3932,3303,3885541,86.031,101204.0026,0.8957,0.9107
flow_3496,0x10000da8,05,Video,34,auto,254.1706,1469.3352,1225.0224,151182.1698,388.8215,1375.7384,868.9143,1459.3352,590.4209,0.0003,0.141029,0.003968,0.00012252,0.011069,339,16.9198,58.3666,20727.0849,37.6152,9479,11611986,251.9993,308704.786,0.78,0.9722
flow_3508,0x10000db4,05,Video,34,auto,131.9181,1464.2037,1020.5154,121302.3112,348.2848,1408.1705,878.7685,1454.2037,575.4352,0.000604,0.084308,0.007781,0.00064265,0.025351,327,18.5421,84.8795,18922.4831,53.1294,6828,6968079,128.5163,131152.8985,0.7892,0.9164
flow_3520,0x10000dc0,05,Video,34,auto,223.7328,1479.8837,1103.5264,103951.9914,322.4159,1186.0854,738.8297,1469.8837,731.054,0.000612,0.102599,0.009953,0.00111394,0.033376,110,13.5959,75.9573,15003.4654,26.7185,2684,2961864,100.4547,110854.4166,0.8766,0.881
flow_3532,0x10000dcc,05,Video,34,auto,210.3839,1493.83,1081.1277,123812.6843,351.8703,1266.2643,706.5393,1480.0,773.4607,0.000674,0.053185,0.012305,0.00052412,0.022894,52,24.8847,52.6439,26903.5345,17.3222,1407,1521146,81.2251,87814.7155,0.9091,0.9604
flow_3544,0x10000dd8,05,Video,34,auto,167.4876,1481.2781,977.3472,188430.9762,434.0864,1221.3614,703.1365,1471.2781,768.1417,0.000339,0.132706,0.011651,0.00030839,0.017561,195,22.6458,54.8553,22132.8034,55.5767,4770,4661946,85.8273,83883.0869,0.8467,0.9446
flow_3556,0x10000de4,05,Video,34,auto,153.8237,1477.1555,1009.3102,88099.3956,296.8154,1229.0351,723.5357,1467.1555,743.6197,0.000149,0.093865,0.012802,0.00046824,0.021639,72,12.7059,78.6044,12824.2243,16.7624,1309,1321187,78.0915,78818.5941,0.8059,0.8501
flow_3568,0x10000df0,05,Video,34,auto,136.2197,1494.5191,1051.4369,179478.2159,423.6487,1059.4561,867.147,1480.0,612.853,0.000674,0.055754,0.003481,0.00077028,0.027754,897,27.0274,89.0721,28417.64,52.2343,15005,15776811,287.2631,302039.0213,0.8544,0.9709
flow_3580,0x10000dfc,05,Video,34,auto,183.8356,1472.0473,1247.8199,69128.9921,262.9239,1184.5691,847.4962,1462.0473,614.551,0.000269,0.117711,0.006984,0.00015566,0.012476,427,20.3506,48.2281,25393.8533,58.4387,8367,10440509,143.1756,178657.3882,0.9047,0.967
flow_3592,0x10000e08,05,Video,34,auto,130.3681,1486.8842,1320.0854,148801.2856,385.7477,1109.9862,767.3363,1476.8842,709.5479,0.000601,0.147026,0.006008,0.0007407,0.027216,101,13.6577,36.2108,18029.3739,14.6478,2438,3218368,166.4411,219716.3931,0.8756,0.9485
flow_3604,0x10000e14,05,Video,34,auto,155.4036,1461.0159,1048.0914,128772.6071,358.849,1317.185,815.2485,1451.0159,635.7674,0.000408,0.128404,0.008542,0.00139134,0.037301,355,10.8762,89.2486,11399.299,51.6532,6047,6337808,117.0693,122699.3475,0.7917,0.9369
flow_3616,0x10000e20,05,Video,34,auto,150.7986,1462.6922,1333.4012,200383.3542,447.642,1178.1752,772.4764,1452.6922,680.2158,0.000963,0.133763,0.013155,0.00051898,0.022781,131,14.1279,45.0576,18838.1531,47.5894,3617,4822912,76.0043,101344.1973,0.8933,0.8813
flow_3628,0x10000e2c,05,Video,34,auto,145.0696,1461.1094,1066.203,85587.1966,292.5529,1099.2545,690.6426,1451.1094,760.4669,0.000805,0.134175,0.010518,0.00018145,0.01347,223,21.5285,38.3578,22953.7861,46.7272,4442,4736073,95.0624,101355.7914,0.9085,0.851
flow_3640,0x10000e38,05,Video,34,auto,252.9081,1465.3421,1189.3804,193135.933,439.4723,1073.0538,658.8627,1455.3421,796.4793,0.000495,0.146153,0.006353,0.0001148,0.010714,154,22.9287,36.7733,27270.9383,29.1304,4585,5453309,157.3957,187203.4064,0.7664,0.9319
flow_3652,0x10000e44,05,Video,34,auto,198.6828,1476.3283,935.4521,113190.8706,336.4385,1308.654,827.2918,1466.3283,639.0365,0.000446,0.053682,0.006251,0.00061291,0.024757,183,28.9085,41.1678,27042.5214,32.7286,5235,4897091,159.9517,149627.1117,0.8055,0.9724
flow_3664,0x10000e50,05,Video,34,auto,205.4032,1474.4138,1081.8782,68510.9855,261.746,1233.9721,786.9716,1464.4138,677.4422,0.000509,0.099756,0.013171,0.00100358,0.031679,182,17.1984,84.699,18606.5848,50.0451,3799,4110055,75.9115,82127.0361,0.872,0.9726
flow_3676,0x10000e5c,05,Video,34,auto,233.1047,1489.8149,1322.5169,199777.2743,446.9645,1324.8082,698.0888,1479.8149,781.7261,0.000351,0.133232,0.014546,0.0001762,0.013274,126,20.4769,77.3752,27081.0627,36.7316,2525,3339355,68.7419,90912.289,0.7747,0.9151
flow_3688,0x10000e68,05,Video,34,auto,153.1413,1492.3939,981.0669,137303.172,370.5444,1260.1275,830.2195,1480.0,649.7805,0.000705,0.111188,0.00441,0.00036074,0.018993,362,27.1574,80.7123,26643.2357,28.7336,6515,6391650,226.7383,222445.4473,0.7492,0.9474
flow_3700,0x10000e74,05,Video,34,auto,236.847,1498.2219,1195.684,88085.264,296.7916,1353.0707,868.7696,1480.0,611.2304,0.000428,0.125219,0.008743,0.00041199,0.020297,286,12.1293,37.3164,14502.8548,57.6005,6587,7875970,114.3567,136734.4648,0.8863,0.8904
flow_3712,0x10000e80,05,Video,34,auto,213.4066,1476.1264,1071.8155,114528.7034,338.4209,1302.4579,753.6698,1466.1264,712.4565,0.000197,0.148587,0.008028,0.00068468,0.026166,261,25.117,89.8614,26920.7792,51.6939,6439,6901420,124.5602,133505.562,0.8233,0.9441
flow_3724,0x10000e8c,05,Video,34,auto,124.9363,1478.3195,1182.6817,171979.2181,414.7038,1416.4325,730.5712,1468.3195,737.7483,0.000341,0.059644,0.012901,0.00053652,0.023163,80,28.9504,60.4106,34239.0715,33.4549,2593,3066693,77.5074,91666.5325,0.8746,0.8777
flow_3736,0x10000e98,05,Video,34,auto,136.5891,1465.0654,904.6293,171737.064,414.4117,1082.9128,800.8468,1455.0654,654.2186,0.000206,0.137104,0.014155,0.00016556,0.012867,76,21.6053,74.41,19544.7515,25.3227,1788,1617477,70.6087,63874.7023,0.7568,0.9636
flow_3748,0x10000ea4,05,Video,34,auto,121.8078,1486.6083,1179.3048,89354.0413,298.9215,1416.4544,752.2634,1476.6083,724.3449,0.000526,0.060437,0.011456,0.00022526,0.015009,104,22.65,56.7513,26711.2184,31.5127,2750,3243088,87.2663,102913.6094,0.7518,0.9358
flow_3760,0x10000eb0,05,Video,34,auto,170.3207,1465.1376,1111.6436,64962.3233,254.8771,1387.6184,653.8301,1455.1376,801.3076,0.000469,0.128294,0.013938,0.00015257,0.012352,30,19.4079,60.9194,21574.6723,13.1894,946,1051614,71.7244,79731.9561,0.7572,0.8804
flow_3772,0x10000ebc,05,Video,34,auto,124.0247,1473.1549,1207.6381,199386.7234,446.5274,1136.0718,704.0169,1463.1549,759.138,0.000833,0.149349,0.008183,0.00067796,0.026038,299,25.7234,69.6979,31064.5543,51.0252,6235,7529623,122.1946,147566.894,0.8182,0.9325
flow_3784,0x10000ec8,05,Video,34,auto,175.1644,1465.7533,1068.6569,118073.3062,343.618,1160.7298,804.4961,1455.7533,651.2571,0.000468,0.079204,0.012059,0.00109161,0.03304,60,10.7638,82.1599,11502.7795,19.2003,1592,1701301,82.9153,88607.9363,0.8154,0.9292
flow_3796,0x10000ed4,05,Video,34,auto,134.242,1484.7068,1246.2133,102792.8931,320.6133,1269.8288,894.8077,1474.7068,579.8991,0.000193,0.054435,0.009199,0.00058202,0.024125,189,26.2086,89.6824,32661.4788,56.2868,6119,7625579,108.7111,135477.1621,0.7394,0.9495
flow_3808,0x10000ee0,05,Video,34,auto,149.7885,1467.0775,1061.6082,104679.5645,323.5422,1352.2434,759.3342,1457.0775,697.7432,0.000448,0.126285,0.013477,0.0004144,0.020357,101,12.7732,47.7896,13560.13,23.8617,1770,1879046,74.1775,78747.3776,0.8401,0.8553
flow_3820,0x10000eec,05,Video,34,auto,215.5734,1497.393,904.2134,72397.6612,269.0681,1434.0788,672.4353,1480.0,807.5647,0.000937,0.069777,0.01381,0.00045086,0.021234,167,25.353,46.5774,22924.5578,58.6715,4248,3841098,72.4032,65467.897,0.7466,0.8803
flow_3832,0x10000ef8,05,Video,34,auto,182.3253,1496.369,1267.5309,180724.32,425.1168,1081.6976,756.7734,1480.0,723.2266,0.000337,0.098898,0.008445,0.00050058,0.022374,193,28.5987,75.4398,36249.7258,46.7127,5531,7010713,118.4046,150081.4186,0.8709,0.8876
flow_3844,0x10000f04,05,Video,34,auto,176.7611,1498.8127,1026.417,112267.7388,335.0638,1070.7894,764.0674,1480.0,715.9326,0.00018,0.051599,0.014049,0.00025249,0.01589,100,23.4266,70.2427,24045.5111,42.9213,3055,3135704,71.1767,73057.0264,0.8834,0.9609
flow_3856,0x10000f10,05,Video,34,auto,244.0253,1486.5016,1029.4975,67854.073,260.4881,1217.4611,711.2778,1476.5016,765.2238,0.00017,0.09729,0.011761,0.00029489,0.017172,108,16.2911,51.8403,16771.6824,25.5379,2171,2235039,85.011,87518.6351,0.8084,0.925
flow_3868,0x10000f1c,05,Video,34,auto,142.4316,1460.8497,1030.8717,79756.5842,282.4121,1246.8077,830.3047,1450.8497,620.545,0.00062,0.073972,0.013608,0.00075472,0.027472,185,24.0618,76.1152,24804.5805,53.9403,3963,4085344,73.47,75738.1838,0.729,0.9346
flow_3880,0x10000f28,05,Video,34,auto,216.7745,1469.2007,1216.6707,146984.5165,383.3856,1411.0414,731.4472,1459.2007,727.7535,0.00022,0.076501,0.004933,0.00013671,0.011692,89,16.5033,86.1904,20079.0916,14.8749,3015,3668262,202.6899,246606.8509,0.7952,0.9202
flow_3892,0x10000f34,05,Video,34,auto,156.1839,1465.9664,1242.9181,178180.6936,422.1146,1392.9182,887.7946,1455.9664,568.1718,0.000375,0.139501,0.010544,0.00080932,0.028449,91,25.6965,88.784,31938.6193,28.7309,2724,3385708,94.8109,117842.1286,0.7264,0.8826
flow_3904,0x10000f40,05,Video,34,auto,139.7942,1466.8597,945.4992,94921.5764,308.0935,1312.7214,721.4602,1456.8597,735.3994,0.000735,0.071164,0.013052,0.00035666,0.018886,67,22.5256,71.5306,21297.9231,17.4883,1339,1266023,76.5653,72392.4117,0.8441,0.9049
flow_3916,0x10000f4c,05,Video,34,auto,124.9646,1464.3652,1323.7119,103933.1151,322.3866,1164.4632,671.2438,1454.3652,783.1214,0.000898,0.075468,0.003034,0.00089121,0.029853,402,13.3397,55.3656,17657.8594,33.4697,11030,14600541,329.5521,436231.9498,0.8179,0.9338
flow_3928,0x10000f58,05,Video,34,auto,133.4556,1480.806,1032.3257,79855.4139,282.587,1081.3628,742.692,1470.806,728.114,0.000647,0.132446,0.009185,0.00097472,0.031221,81,11.0324,50.2452,11389.0553,23.1744,2522,2603525,108.8272,112345.0711,0.8087,0.9744
flow_3940,0x10000f64,05,Video,34,auto,233.2189,1498.6244,1031.8586,65803.122,256.5212,1337.3934,656.6084,1480.0,823.3916,0.000981,0.081397,0.00884,0.0006462,0.02542,154,19.2581,41.6408,19871.6495,46.4804,5258,5425512,113.123,116726.9238,0.7446,0.9006
flow_3952,0x10000f70,05,Video,34,auto,158.7748,1485.9491,1173.2801,151447.7339,389.1629,1058.3847,741.8384,1475.9491,734.1106,0.000153,0.136143,0.003616,0.00093564,0.030588,575,28.8563,55.1591,33856.5703,52.6818,14570,17094691,276.566,324489.4287,0.7805,0.8648
flow_3964,0x10000f7c,05,Video,34,auto,208.5709,1496.8808,1169.4394,134029.4952,366.1004,1321.3217,821.3854,1480.0,658.6146,0.000978,0.125833,0.003532,0.00045142,0.021247,254,19.2353,88.8063,22494.554,21.1903,5999,7015467,283.1015,331070.0057,0.9103,0.86
flow_3976,0x10000f88,05,Video,34,auto,146.201,1486.5117,1209.1701,73885.1297,271.8182,1268.2915,817.4961,1476.5117,659.0155,0.000809,0.138183,0.006504,0.00109265,0.033055,129,19.6834,52.1124,23800.5616,28.4051,4367,5280445,153.7402,185897.9962,0.8446,0.9649
flow_3988,0x10000f94,05,Video,34,auto,181.052,1461.1272,1146.771,99134.3166,314.856,1296.3611,882.3021,1451.1272,568.8251,0.000948,0.145502,0.004535,0.00048851,0.022102,257,13.8432,79.2654,15874.9619,35.553,7839,8989537,220.4876,252848.7718,0.9151,0.8931
flow_4000,0x10000fa0,05,Web,0,auto,88.3246,1440.5715,701.686,224242.2926,473.5423,342.9157,132.519,1369.9145,1237.3955,0.004866,2.156588,0.095893,0.20036267,0.447619,10,6.3895,16.933,4483.4066,7.6896,80,56134,10.4036,7299.9484,0.4646,0.2567
flow_4012,0x10000fac,05,Web,0,auto,88.7417,1483.246,465.0388,137597.8512,370.9418,622.9332,136.8202,1200.2107,1063.3905,0.001499,1.177374,0.087538,0.03483242,0.186634,11,6.5829,12.9888,3061.2947,13.2218,151,70220,11.4206,5310.9386,0.4662,0.3304
flow_4024,0x10000fb8,05,Web,0,auto,122.2213,1476.5606,521.5531,228433.261,477.9469,288.5085,142.3879,1326.3238,1183.9359,0.00459,1.290182,0.124468,0.15544452,0.394265,49,4.0207,15.7825,2097.0325,31.1027,249,129866,8.0057,4175.3894,0.2825,0.3524
flow_4036,0x10000fc4,05,Web,0,auto,126.1423,1493.8321,595.7906,220872.8022,469.9711,624.6048,106.0629,1233.806,1127.7431,0.002488,3.012376,0.120921,0.2067021,0.454645,8,6.5428,16.3897,3898.1143,7.6386,63,37534,8.2476,4913.7184,0.4737,0.3004
flow_4048,0x10000fd0,05,Web,0,auto,105.1393,1480.356,601.5145,174385.455,417.5948,488.3915,100.2979,1164.171,1063.8731,0.001738,3.107443,0.165939,0.02236982,0.149565,18,6.5151,20.2052,3918.9193,26.2435,158,95039,6.0205,3621.4305,0.3737,0.2994
flow_4060,0x10000fdc,05,Web,0,auto,117.1211,1448.1134,672.4237,244801.137,494.7738,625.6938,193.1525,1345.1349,1151.9824,0.002109,2.359563,0.139396,0.15514146,0.39388,23,5.2786,22.5247,3549.4299,31.7024,227,152640,7.1603,4814.7768,0.4644,0.2568
flow_4072,0x10000fe8,05,Web,0,auto,127.0849,1465.8703,769.3537,214449.7345,463.0872,518.426,103.2283,1317.5642,1214.3359,0.004111,0.632365,0.167125,0.06537688,0.255689,14,7.8968,12.4468,6075.4644,28.3728,169,130020,5.9564,4582.5545,0.4087,0.2026
flow_4084,0x10000ff4,05,Web,0,auto,99.3672,1459.6297,659.0307,265839.5921,515.5963,629.2329,193.3981,1280.9455,1087.5474,0.00494,1.533874,0.067846,0.17471004,0.417983,51,4.822,19.3981,3177.8621,29.7447,438,288655,14.7253,9704.4087,0.3665,0.337
flow_4096,0x10001000,05,Web,0,auto,90.0802,1466.726,519.0356,184192.8469,429.1769,456.4409,126.1236,1245.8703,1119.7467,0.003415,1.747738,0.071302,0.19055367,0.436525,59,6.1218,19.5631,3177.4312,29.2735,410,212804,14.0058,7269.5109,0.4793,0.3076
flow_4108,0x1000100c,05,Web,0,auto,90.8204,1452.4736,772.9104,182000.816,426.6155,352.6344,115.7738,1337.45,1221.6762,0.001816,1.92248,0.066607,0.05001017,0.22363,24,6.6715,23.3842,5156.4554,8.433,126,97386,14.9413,11548.2086,0.318,0.1713
flow_4120,0x10001018,05,Web,0,auto,111.6684,1453.3313,619.8159,161470.3528,401.8337,486.0869,138.8686,1127.8587,988.9901,0.001173,1.661523,0.161895,0.11951542,0.34571,6,7.1098,28.7781,4406.7442,14.8659,91,56403,6.1214,3794.1234,0.4448,0.2818
flow_4132,0x10001024,05,Web,0,auto,119.3793,1447.9999,562.3536,189209.6908,434.9824,325.1853,185.5217,1184.785,999.2633,0.002319,2.6418,0.056223,0.10628659,0.326016,10,5.684,27.2775,3196.4347,6.7938,120,67482,17.6632,9932.9129,0.2903,0.3565
flow_4144,0x10001030,05,Web,0,auto,122.4809,1448.6901,647.4151,223548.7269,472.8094,266.7609,143.1828,1383.5044,1240.3216,0.004121,0.830989,0.108497,0.0645935,0.254153,11,4.4937,31.7677,2909.3069,9.4936,87,56325,9.164,5932.9247,0.3809,0.16
flow_4156,0x1000103c,05,Web,0,auto,114.843,1481.883,508.6787,239686.4663,489.5778,596.211,113.5223,1319.5854,1206.0631,0.001942,1.116599,0.057683,0.11333809,0.336657,55,4.9213,15.7848,2503.3377,32.32,560,284860,17.3267,8813.7312,0.3135,0.1733
flow_4168,0x10001048,05,Web,0,auto,83.9707,1458.9755,594.1873,197428.4812,444.3292,306.7921,188.8655,1362.8668,1174.0012,0.003119,1.70462,0.137796,0.02520975,0.158776,21,8.5756,21.6091,5095.4988,22.3556,162,96258,7.2465,4305.759,0.3812,0.3183
flow_4180,0x10001054,05,Web,0,auto,89.1299,1496.6775,636.814,122789.1706,350.4129,550.2243,108.5289,1319.4888,1210.9599,0.003794,2.37621,0.155896,0.1517283,0.389523,12,5.7976,24.2697,3692.0041,18.7828,120,76417,6.3888,4068.4617,0.3845,0.1971
flow_4192,0x10001060,05,Web,0,auto,129.097,1448.7843,728.1597,180228.8343,424.5337,550.5476,121.1523,1108.9273,987.775,0.001453,1.967116,0.177141,0.0096182,0.098072,19,3.8979,24.479,2838.3249,23.0313,130,94660,5.6445,4110.0662,0.355,0.3132
flow_4204,0x1000106c,05,Web,0,auto,120.7701,1445.8663,663.6666,146194.2277,382.3535,255.043,153.8118,1334.6398,1180.828,0.003455,0.54561,0.130678,0.12163541,0.348763,7,5.142,26.9913,3412.5949,8.0905,61,40483,7.5397,5003.7852,0.3536,0.1741
flow_4216,0x10001078,05,Web,0,auto,114.6508,1496.9349,839.6548,124347.0821,352.6288,600.4312,105.235,1235.0646,1129.8296,0.002879,0.6613,0.084238,0.13790584,0.371357,13,8.7975,13.0555,7386.8935,12.2102,144,120910,11.7935,9902.4079,0.283,0.1891
flow_4228,0x10001084,05,Web,0,auto,122.7937,1447.4948,741.5925,173074.4939,416.0222,253.9851,148.9388,1353.7378,1204.799,0.004831,1.847061,0.102971,0.04459083,0.211165,17,3.9377,24.9597,2920.1654,16.979,164,121621,9.659,7163.0065,0.3514,0.2918
flow_4240,0x10001090,05,Web,0,auto,129.508,1447.8086,482.1739,226717.0057,476.1481,569.3865,167.4018,1239.6605,1072.2587,0.004432,2.453988,0.160984,0.04347285,0.208501,9,7.2815,14.6752,3510.9427,15.8946,98,47253,6.1656,2972.8897,0.3118,0.3366
flow_4252,0x1000109c,05,Web,0,auto,90.1168,1486.4567,846.9196,213648.747,462.2215,540.3851,119.6177,1220.8725,1101.2548,0.001332,0.65507,0.102556,0.03102016,0.176125,18,5.8603,14.5264,4963.239,24.7224,241,204107,9.7483,8255.9637,0.3213,0.239
flow_4264,0x100010a8,05,Web,0,auto,113.9137,1489.579,705.1585,156993.0353,396.2235,331.0702,153.9724,1109.8642,955.8918,0.003094,0.935828,0.130292,0.05604664,0.236742,20,6.2434,25.1557,4402.5564,28.0167,215,151609,7.674,5411.3723,0.3244,0.36
flow_4276,0x100010b4,05,Web,0,auto,121.4196,1495.0359,632.7964,106398.7605,326.1882,601.6678,104.3553,1234.7824,1130.4271,0.002327,1.518845,0.129532,0.15997461,0.399968,23,7.7414,24.9245,4898.7414,26.8812,207,130988,7.7005,4872.845,0.3782,0.2069
flow_4288,0x100010c0,05,Web,0,auto,111.2361,1466.2261,500.1811,120905.3903,347.7145,260.4058,126.1446,1296.6009,1170.4562,0.002125,1.576772,0.122409,0.10159524,0.31874,30,7.5094,18.9042,3756.045,30.9631,252,126045,8.1387,4070.8142,0.4221,0.3622
flow_4300,0x100010cc,05,Web,0,auto,93.8307,1457.0775,759.3027,202414.6319,449.9051,605.0515,136.621,1251.5478,1114.9268,0.001577,3.043558,0.126603,0.17685009,0.420535,30,6.5983,30.9899,5010.1088,24.3324,192,145786,7.8907,5991.4409,0.3136,0.2053
flow_4312,0x100010d8,05,Web,0,auto,111.445,1490.6912,673.9505,254730.9303,504.7088,372.5127,150.8911,1263.5051,1112.614,0.001701,1.948315,0.13135,0.01435561,0.119815,19,5.5414,19.6279,3734.5988,24.609,187,126028,7.5988,5121.2159,0.4512,0.3705
flow_4324,0x100010e4,05,Web,0,auto,128.6076,1492.5601,664.1962,250000.3221,500.0003,465.2411,155.0269,1352.7319,1197.705,0.002548,2.630496,0.152464,0.17218902,0.414957,20,7.8017,13.8471,5181.8863,24.1643,158,104943,6.5386,4342.8981,0.4099,0.304
flow_4336,0x100010f0,05,Web,0,auto,110.5939,1479.3819,712.0866,210879.0719,459.2157,448.8711,112.3811,1386.543,1274.1619,0.001066,0.451404,0.171377,0.07110086,0.266647,20,5.8702,26.1075,4180.0815,29.7091,173,123190,5.8231,4146.5461,0.3818,0.3542
flow_4348,0x100010fc,05,Web,0,auto,124.1628,1484.6207,555.7899,150372.2795,387.7786,504.5722,196.7901,1221.9263,1025.1362,0.004339,2.625324,0.138882,0.02937528,0.171392,5,6.8493,21.5523,3806.7636,6.8634,49,27233,7.1393,3967.8622,0.3569,0.195
flow_4360,0x10001108,05,Web,0,auto,108.4666,1462.9798,627.6352,238293.3277,488.153,394.4023,153.9336,1140.6899,986.7563,0.00417,1.918573,0.085647,0.05938276,0.243686,15,4.7405,19.1727,2975.2807,12.9568,151,94772,11.6541,7314.4423,0.2973,0.1981
flow_4372,0x10001114,05,Web,0,auto,112.09,1498.7879,631.7244,140873.4515,375.3311,498.8802,168.3781,1187.9846,1019.6065,0.002596,3.312263,0.113732,0.19997641,0.447187,28,7.8937,29.1757,4986.6531,20.7571,182,114973,8.7681,5538.9841,0.2861,0.1807
flow_4384,0x10001120,05,Web,0,auto,109.6744,1476.5012,605.4969,164902.6376,406.0821,401.6159,194.9153,1279.4158,1084.5005,0.001636,2.788198,0.137206,0.1017487,0.318981,9,7.9899,15.344,4837.8541,13.6586,99,59944,7.2482,4388.7237,0.3895,0.1743
flow_4396,0x1000112c,05,Web,0,auto,97.3008,1462.8168,660.4487,193402.5114,439.7755,531.061,161.059,1168.0793,1007.0203,0.002448,3.070021,0.139959,0.06469969,0.254361,7,4.8723,30.0825,3217.9342,12.893,92,60761,7.1357,4712.7275,0.368,0.2922
flow_4408,0x10001138,05,Web,0,auto,129.6345,1490.3205,514.307,152405.5697,390.3916,375.7608,173.087,1179.7493,1006.6624,0.002118,2.682123,0.148579,0.12588933,0.354809,11,6.7508,29.1485,3471.9841,20.3868,137,70460,6.72,3456.1648,0.4214,0.2794
flow_4420,0x10001144,05,Web,0,auto,121.1083,1470.5395,780.2348,206949.1779,454.9167,481.4287,142.6701,1295.7158,1153.0458,0.004897,0.765241,0.063621,0.10868513,0.329674,57,5.6782,31.2077,4430.3023,34.5525,543,423667,15.7152,12261.5532,0.3358,0.2055
flow_4432,0x10001150,05,Web,0,auto,112.9752,1447.4638,808.124,155609.2829,394.4734,328.1464,112.9425,1369.7405,1256.798,0.001254,2.596868,0.042857,0.1672504,0.408963,102,3.8418,12.7842,3104.6226,32.4018,756,610941,23.3321,18855.1822,0.4716,0.2867
flow_4444,0x1000115c,05,Web,0,auto,93.5766,1455.9227,505.1371,247382.8571,497.376,323.6727,102.1897,1333.2813,1231.0916,0.002806,1.497888,0.114625,0.08336153,0.288724,11,8.1354,19.3071,4109.4776,17.1617,149,75265,8.6821,4385.6417,0.3244,0.2465
flow_4456,0x10001168,05,Web,0,auto,91.5436,1460.9111,759.1928,112053.6695,334.7442,452.6543,101.7529,1309.5965,1207.8436,0.004853,1.506225,0.16922,0.16781069,0.409647,13,5.3157,30.3105,4035.6603,16.0996,95,72123,5.9008,4479.8126,0.3651,0.2496
flow_4468,0x10001174,05,Web,0,auto,106.8959,1484.5452,813.414,133229.7299,365.0065,399.0534,102.2204,1390.1853,1287.9649,0.00427,0.637306,0.161663,0.1195849,0.34581,15,4.8613,17.8338,3954.2325,31.0191,191,155362,6.1575,5008.592,0.3476,0.3008
flow_4480,0x10001180,05,Web,0,auto,117.0569,1445.7011,674.2328,207969.2646,456.0365,267.4771,141.9829,1242.2878,1100.3049,0.003224,0.523061,0.165091,0.16174485,0.402175,19,7.8345,28.0247,5282.2804,30.7447,186,125407,6.0498,4078.9781,0.4726,0.3322
flow_4492,0x1000118c,05,Web,0,auto,94.8477,1445.2407,684.1614,185838.3386,431.0897,354.4614,112.8762,1288.5644,1175.6882,0.003961,0.98616,0.144426,0.10700777,0.32712,35,8.8133,25.1911,6029.7145,28.4611,197,134779,6.9217,4735.5565,0.3318,0.3481
flow_4504,0x10001198,05,Web,0,auto,88.986,1467.9149,621.6434,244620.1155,494.5909,412.0361,116.2598,1309.6243,1193.3644,0.003562,1.398269,0.14385,0.10338037,0.321528,10,7.1425,24.0036,4440.0763,10.4825,72,44758,6.8686,4269.774,0.287,0.1865
flow_4516,0x100011a4,05,Web,0,auto,118.6143,1478.4633,502.2638,135229.5855,367.7358,603.4691,132.4278,1222.7743,1090.3465,0.002331,2.123592,0.049249,0.06068439,0.246342,33,4.6698,19.7621,2345.4494,20.4934,416,208941,20.2992,10195.5117,0.3854,0.3305
flow_4528,0x100011b0,05,Web,0,auto,88.9044,1457.3391,748.2784,118804.7808,344.6807,539.0583,145.8441,1351.147,1205.3029,0.003572,3.444421,0.159992,0.04466532,0.211342,9,4.3368,20.3433,3245.1054,19.9659,124,92786,6.2106,4647.2338,0.3953,0.2113
flow_4540,0x100011bc,05,Web,0,auto,129.3064,1447.6461,788.9784,144949.2458,380.722,442.1939,188.6907,1226.1112,1037.4205,0.003706,3.140009,0.067837,0.04217252,0.205359,41,5.9323,26.2932,4680.4411,23.6222,348,274564,14.7319,11623.1442,0.4536,0.218
flow_4552,0x100011c8,05,Web,0,auto,100.3661,1475.3558,510.9536,189901.487,435.7769,484.362,158.7049,1153.4918,994.7869,0.00256,1.807443,0.131971,0.18929412,0.435079,4,8.2228,19.7768,4201.4684,8.3786,63,32190,7.5192,3841.9394,0.3919,0.1885
flow_4564,0x100011d4,05,Web,0,auto,127.2081,1498.5813,772.308,165601.111,406.9412,430.3408,151.6333,1330.6323,1178.999,0.003922,1.262366,0.103618,0.11174699,0.334286,13,8.0332,30.5882,6204.1393,8.1745,78,60240,9.5419,7369.2619,0.3158,0.3584
flow_4576,0x100011e0,05,Web,0,auto,115.8385,1462.7399,685.5078,225519.8025,474.8893,429.3176,112.922,1383.0055,1270.0835,0.003587,1.016934,0.135586,0.05777391,0.240362,18,4.9362,26.8113,3383.7898,28.982,213,146013,7.3494,5038.0563,0.3901,0.2949
flow_4588,0x100011ec,05,Web,0,auto,123.404,1491.034,601.4399,268989.0329,518.6415,589.3992,107.1049,1201.3195,1094.2146,0.003601,0.537418,0.080463,0.08295104,0.288012,32,3.6941,27.8483,2221.8055,33.7834,419,252003,12.4025,7459.3651,0.3095,0.3597
flow_4600,0x100011f8,05,Web,0,auto,87.0177,1492.8642,612.869,179266.7338,423.399,579.7333,198.4996,1108.0015,909.5019,0.002392,1.305062,0.104451,0.02042884,0.142929,13,7.9149,31.2214,4850.7889,15.236,145,88866,9.5169,5832.6152,0.3319,0.3734
flow_4612,0x10001204,05,Web,0,auto,110.6386,1473.4594,713.1615,212608.403,461.0948,334.6576,168.7972,1182.8082,1014.0111,0.001111,2.938608,0.145227,0.13105042,0.362009,9,5.0945,17.9604,3633.183,16.8959,116,82726,6.8656,4896.2295,0.3532,0.3081
flow_4624,0x10001210,05,Web,0,auto,122.9388,1487.1406,664.5015,200614.3385,447.8999,640.5791,196.7237,1398.4416,1201.7179,0.001066,2.372247,0.14431,0.0148495,0.121859,17,5.6154,20.8241,3731.4699,16.5339,114,75753,6.8949,4581.6868,0.3157,0.249
flow_4636,0x1000121c,05,Web,0,auto,80.6345,1484.8375,662.2269,216498.963,465.2945,460.9478,132.9678,1110.5371,977.5693,0.002281,2.433563,0.04136,0.18134433,0.425845,76,8.3509,15.6142,5530.1853,17.5802,425,281446,24.1749,16009.2701,0.2917,0.1404
flow_4648,0x10001228,05,Web,0,auto,113.6625,1453.9215,784.1088,267064.3508,516.7827,415.1696,188.013,1323.2628,1135.2498,0.002264,0.420975,0.137757,0.19579184,0.442484,5,4.6384,22.8304,3637.0112,9.9319,72,56455,7.2494,5684.2239,0.3905,0.1774
flow_4660,0x10001234,05,Web,0,auto,108.2615,1442.7831,635.8699,220067.029,469.113,566.8056,161.1782,1349.6177,1188.4394,0.002381,0.672248,0.112255,0.20299446,0.450549,21,6.8323,31.0803,4344.4389,31.8248,283,179951,8.8924,5654.4241,0.3919,0.2333
flow_4672,0x10001240,05,Web,0,auto,123.2395,1482.4258,803.4563,181464.5787,425.9866,573.7505,123.6815,1183.8698,1060.1884,0.002975,1.922596,0.046087,0.08990295,0.299838,20,5.2276,28.7554,4200.1334,6.4522,139,111680,21.5431,17308.8734,0.3192,0.2216
flow_4684,0x1000124c,05,Web,0,auto,126.6961,1463.3707,678.2015,111901.4165,334.5167,329.3559,186.9909,1230.9173,1043.9264,0.002537,1.214968,0.17433,0.11031332,0.332134,8,6.6637,30.61,4519.3283,20.3188,116,78671,5.709,3871.8312,0.3119,0.2267
flow_4696,0x10001258,05,Web,0,auto,104.7445,1482.9154,489.5455,167615.4672,409.4087,319.3734,164.74,1385.5977,1220.8577,0.001932,1.611264,0.077943,0.05119805,0.22627,20,6.5904,22.0225,3226.2939,19.3167,247,120917,12.7869,6259.7133,0.2861,0.131
flow_4708,0x10001264,05,Web,0,auto,105.4809,1454.6223,513.6686,126053.5074,355.0401,519.9749,174.8809,1150.1457,975.2647,0.004952,3.234289,0.074004,0.04034839,0.200869,32,5.7603,28.7564,2958.9066,34.1778,461,236801,13.4883,6928.5071,0.4642,0.3488
flow_4720,0x10001270,05,Web,0,auto,81.6666,1453.0293,546.0324,193262.744,439.6166,259.5266,127.2537,1169.9392,1042.6855,0.004345,1.500314,0.140912,0.15013395,0.387471,31,7.5642,28.9805,4130.3229,26.5309,188,102654,7.0861,3869.2284,0.355,0.3508
flow_4732,0x1000127c,05,Web,0,auto,121.1032,1489.4873,499.109,159589.9612,399.4871,479.149,181.7728,1190.0344,1008.2616,0.004855,0.532285,0.120061,0.10509431,0.324183,34,5.9971,15.8497,2993.1837,22.6939,189,94331,8.3282,4156.6605,0.3888,0.2151
flow_4744,0x10001288,05,Web,0,auto,105.3767,1465.9556,620.124,243546.754,493.5046,276.2228,173.5731,1345.3995,1171.8264,0.002538,2.547461,0.122166,0.03252344,0.180343,30,7.9531,13.1184,4931.9098,20.8453,170,105421,8.1553,5057.2912,0.3383,0.2265
flow_4756,0x10001294,05,Web,0,auto,97.8353,1498.5218,579.5679,148823.0518,385.7759,546.0846,194.1428,1293.5604,1099.4175,0.004078,1.107009,0.066231,0.20415195,0.451832,63,7.9228,17.6421,4591.7732,34.0005,513,297318,15.088,8744.5256,0.2908,0.3004
flow_4768,0x100012a0,05,Web,0,auto,102.9644,1491.0641,723.3537,229519.0097,479.0814,280.4719,120.7303,1279.9736,1159.2433,0.004298,2.790561,0.105548,0.15025321,0.387625,29,4.3229,24.1164,3126.9632,31.7068,300,217006,9.4617,6844.1371,0.3428,0.213
flow_4780,0x100012ac,05,Web,0,auto,105.8683,1462.3801,486.2959,114241.8157,337.9968,453.2982,192.9655,1231.2657,1038.3002,0.003087,2.906754,0.116308,0.01066251,0.103259,27,8.558,31.5955,4161.6998,16.9067,145,70512,8.5765,4170.6494,0.3247,0.2616
flow_4792,0x100012b8,05,Web,0,auto,90.4865,1458.7898,725.2068,110126.8179,331.8536,594.4495,196.2969,1365.494,1169.1971,0.002694,2.034184,0.111971,0.0921895,0.303627,21,5.21,14.2194,3778.3072,30.7899,274,198706,8.899,6453.6037,0.3912,0.13
flow_4804,0x100012c4,05,Web,0,auto,112.358,1484.3049,770.736,243308.441,493.2631,289.0805,131.5558,1251.8975,1120.3417,0.00234,1.084425,0.168039,0.13696541,0.370088,10,6.9785,21.3283,5378.551,12.475,74,57034,5.9319,4571.8746,0.3415,0.3371
flow_4816,0x100012d0,05,Web,0,auto,112.3577,1471.9101,674.1122,111245.8346,333.5354,589.3273,130.8168,1132.2838,1001.467,0.002445,0.650478,0.043789,0.04927492,0.22198,35,5.6313,28.1585,3796.155,20.4287,466,314136,22.8111,15377.2079,0.4047,0.2408
flow_4828,0x100012dc,05,Web,0,auto,82.981,1470.8979,460.9856,165879.7976,407.2834,262.9304,148.1541,1211.4587,1063.3046,0.003038,2.044199,0.151123,0.18677273,0.432172,6,5.5672,15.2812,2566.4039,13.1696,87,40105,6.6061,3045.2628,0.4004,0.2219
flow_4840,0x100012e8,05,Web,0,auto,97.682,1493.0745,649.3441,183816.2405,428.738,385.1239,197.8823,1247.5551,1049.6728,0.001142,3.183074,0.098268,0.09092721,0.301541,26,4.0173,17.7194,2608.6381,13.7068,139,90258,10.1409,6584.8949,0.4466,0.3778
flow_4852,0x100012f4,05,Web,0,auto,96.8347,1490.856,637.6332,103471.1569,321.6693,615.5737,169.6758,1306.013,1136.3373,0.004506,3.380749,0.147304,0.08740261,0.295639,6,6.2588,22.5157,3990.7985,11.1736,75,47822,6.7122,4279.8945,0.4108,0.3173
flow_4864,0x10001300,05,Web,0,auto,98.7834,1498.7337,650.1207,212906.2506,461.4177,626.5446,192.4496,1364.1664,1171.7168,0.004632,2.294485,0.161431,0.14132624,0.375934,16,6.4587,12.0491,4198.9562,34.7596,215,139775,6.1853,4021.1877,0.4787,0.2589
flow_4876,0x1000130c,05,Web,0,auto,98.8989,1476.1573,694.5453,129480.8064,359.8344,324.7463,170.9784,1169.9478,998.9694,0.003507,3.378152,0.077926,0.16753556,0.409311,26,4.9746,30.5137,3455.0647,21.2288,272,188916,12.8128,8899.0451,0.4222,0.3045
flow_4888,0x10001318,05,Web,0,auto,125.3292,1476.027,727.7444,151282.853,388.951,325.1655,194.7003,1281.0008,1086.3005,0.002914,3.495492,0.077081,0.11921657,0.345278,18,5.5857,27.0864,4064.9956,12.5338,162,117894,12.9251,9406.0994,0.3735,0.21
flow_4900,0x10001324,05,Web,0,auto,88.2175,1462.8881,560.0895,244693.9462,494.6655,460.6182,193.4728,1197.5966,1004.1239,0.001515,3.043323,0.129504,0.11473732,0.338729,10,3.8198,17.4611,2139.4422,10.4869,80,44807,7.6286,4272.6619,0.4146,0.33
flow_4912,0x10001330,05,Web,0,auto,119.9705,1479.5387,500.1957,130182.0025,360.8074,261.9969,103.0216,1366.213,1263.1914,0.004919,3.279638,0.089681,0.01206635,0.109847,41,4.5701,21.1859,2285.9439,28.159,313,156561,11.1155,5559.8984,0.2961,0.1264
flow_4924,0x1000133c,05,Web,0,auto,100.3894,1485.4084,485.5799,211090.5036,459.4459,448.7767,141.7072,1290.0249,1148.3178,0.00107,2.046997,0.119442,0.01545239,0.124308,9,8.5715,24.1926,4162.134,9.3957,78,37875,8.3016,4031.0854,0.3918,0.3732
flow_4936,0x10001348,05,Web,0,auto,101.6209,1485.883,721.1133,169670.8825,411.9113,629.7489,158.6942,1208.0026,1049.3083,0.0025,0.467631,0.134023,0.12930259,0.359587,7,7.2265,13.0905,5211.1316,12.4675,93,67063,7.4594,5379.0098,0.3331,0.38
flow_4948,0x10001354,05,Web,0,auto,127.1947,1459.5422,704.8057,235164.4727,484.9376,503.6222,188.8713,1299.1946,1110.3233,0.001988,2.269738,0.118205,0.04414778,0.210114,5,7.8578,12.5703,5538.1962,8.3555,70,49336,8.3777,5904.595,0.4251,0.2905
flow_4960,0x10001360,05,Web,0,auto,89.3881,1462.0707,580.2205,153217.1333,391.4296,360.3615,150.0536,1325.2519,1175.1983,0.00484,0.764245,0.162786,0.04448375,0.210912,21,4.2547,28.3079,2468.657,21.0418,129,74848,6.1307,3557.1101,0.3828,0.1828
flow_4972,0x1000136c,05,Web,0,auto,99.9899,1470.476,603.9785,107323.9325,327.6033,442.6443,130.089,1277.2884,1147.1994,0.002676,1.654513,0.159824,0.12778226,0.357466,16,8.3403,24.6306,5037.3594,28.9616,181,109320,6.2497,3774.6521,0.2858,0.2507
flow_4984,0x10001378,05,Web,0,auto,108.4292,1453.0846,532.3522,224631.5007,473.9531,582.7938,126.1703,1288.824,1162.6537,0.003065,2.247658,0.160931,0.09280735,0.304643,20,3.8476,15.1816,2048.279,30.9112,192,102211,6.2113,3306.6011,0.4092,0.2186
flow_4996,0x10001384,05,Web,0,auto,122.9147,1458.5384,819.659,110487.2776,332.3963,492.6105,198.4281,1276.605,1078.1769,0.001459,0.678346,0.120153,0.1233176,0.351166,23,5.1758,14.0259,4242.3691,29.2067,243,199177,8.32,6819.5658,0.4115,0.2645
flow_5008,0x10001390,05,Web,0,auto,97.2336,1452.5231,509.4364,146974.4841,383.3725,452.2065,198.4752,1158.6777,960.2026,0.001195,1.240143,0.125408,0.19186043,0.438019,16,6.8996,31.2679,3514.9043,25.6033,204,103925,7.9677,4059.0515,0.3975,0.2963
flow_5020,0x1000139c,05,Web,0,auto,99.2698,1494.514,598.1129,244964.8069,494.9392,483.6075,181.7279,1277.3557,1095.6278,0.004116,1.072075,0.05321,0.09661679,0.310832,27,4.8275,24.8167,2887.3609,13.4976,253,151322,18.7441,11211.0319,0.4251,0.251
flow_5032,0x100013a8,05,Web,0,auto,107.0759,1451.4339,763.4852,243297.499,493.252,548.9443,193.893,1143.1254,949.2324,0.001872,2.608367,0.05918,0.07323524,0.27062,63,5.7088,28.2149,4358.5529,25.8275,436,332879,16.8812,12888.5409,0.3525,0.2996
flow_5044,0x100013b4,05,Web,0,auto,111.789,1497.6265,740.1992,226684.8664,476.1143,614.7698,132.3492,1269.6453,1137.2961,0.004885,2.113952,0.058288,0.19196806,0.438142,38,6.9677,19.0501,5157.5181,16.2325,278,205775,17.1261,12676.7205,0.3623,0.1761
flow_5056,0x100013c0,05,Web,0,auto,88.4749,1474.0084,541.0597,196157.765,442.897,442.8545,157.0051,1194.3978,1037.3927,0.003108,1.997675,0.064035,0.00836976,0.091486,54,6.4199,12.3583,3473.5378,25.1161,392,212095,15.6075,8444.5766,0.3335,0.1305
flow_5068,0x100013cc,05,Web,0,auto,115.7701,1473.5798,486.0399,237406.9041,487.2442,480.511,161.214,1273.4138,1112.1997,0.004657,2.094321,0.147132,0.07905935,0.281175,16,8.9544,23.9169,4352.191,29.2019,198,96235,6.7804,3295.505,0.352,0.3554
flow_5080,0x100013d8,05,Web,0,auto,88.7159,1489.8192,713.2966,127519.4406,357.0986,596.2091,182.9354,1290.6433,1107.7079,0.002996,2.349932,0.133794,0.01508421,0.122818,9,7.7517,13.5392,5529.2353,17.6283,131,93441,7.4312,5300.6336,0.4515,0.1363
flow_5092,0x100013e4,05,Web,0,auto,94.1979,1492.925,486.7754,257388.1233,507.3343,252.0023,191.7337,1139.1787,947.445,0.001094,1.232919,0.087111,0.12697742,0.356339,43,4.8824,17.6048,2376.6324,32.049,367,178646,11.4512,5574.1471,0.4552,0.134
flow_5104,0x100013f0,05,Web,0,auto,115.1759,1440.7167,579.6374,155919.1324,394.866,438.7843,165.4817,1397.313,1231.8313,0.001708,2.4808,0.065415,0.04196148,0.204845,80,3.6095,19.207,2092.1811,29.6097,452,261996,15.2653,8848.3117,0.3679,0.2271
flow_5116,0x100013fc,05,Web,0,auto,116.6691,1487.4547,477.0445,154077.8746,392.5275,494.535,177.5935,1341.7423,1164.1488,0.004486,2.492278,0.059748,0.03493828,0.186918,36,3.5315,21.9186,1684.6744,23.5998,394,187955,16.695,7964.2545,0.4757,0.1354
flow_5128,0x10001408,05,Web,0,auto,104.6861,1471.437,563.0094,178078.9252,421.994,315.1017,137.1004,1383.3039,1246.2035,0.00174,0.825088,0.044208,0.12532862,0.354018,79,5.7218,15.8392,3221.417,23.9629,542,305151,22.6183,12734.3331,0.4197,0.1558
flow_5140,0x10001414,05,Web,0,auto,111.4479,1442.2635,799.7262,197896.0267,444.8551,467.9305,184.8451,1212.9877,1028.1427,0.001394,1.195454,0.167755,0.14223419,0.377139,9,8.2929,28.0004,6632.0812,20.215,120,95967,5.9362,4747.306,0.4792,0.3694
flow_5152,0x10001420,05,Web,0,auto,101.2172,1482.7117,592.6117,204904.1374,452.6634,643.486,104.2916,1109.7942,1005.5025,0.003408,3.352331,0.108659,0.0647252,0.254411,13,3.5242,22.49,2088.4534,12.5552,115,68150,9.1595,5428.015,0.4432,0.323
flow_5164,0x1000142c,05,Web,0,auto,116.9374,1481.5083,556.862,268711.3713,518.3738,383.4536,188.0725,1153.9261,965.8536,0.002508,0.471526,0.054088,0.06231557,0.249631,50,6.6576,12.2582,3707.3744,29.8913,552,307387,18.4669,10283.5,0.4464,0.2049
flow_5176,0x10001438,05,Web,0,auto,117.554,1487.8445,506.0002,145186.2403,381.0331,509.5409,170.6845,1120.5528,949.8683,0.002706,1.888014,0.135515,0.04464342,0.21129,17,8.5021,13.8964,4302.0839,16.4311,121,61226,7.3641,3726.2291,0.3779,0.1572
flow_5188,0x10001444,05,Web,0,auto,112.3063,1476.8618,582.5037,217754.3175,466.6415,322.2086,109.6615,1362.0957,1252.4342,0.003075,3.147188,0.04497,0.1195911,0.345819,33,4.6431,12.8018,2704.6117,9.6694,215,125238,22.235,12951.9642,0.4776,0.2891
flow_5200,0x10001450,05,Web,0,auto,127.2138,1481.4975,657.809,159661.2026,399.5763,385.6002,113.4763,1310.8862,1197.4099,0.003157,0.640379,0.0973,0.13454293,0.366801,8,6.0188,13.385,3959.2265,10.2131,104,68412,10.183,6698.4572,0.468,0.1683
flow_5212,0x1000145c,05,Web,0,auto,101.9089,1498.7915,615.7739,203245.7009,450.8278,309.4954,141.946,1304.4278,1162.4817,0.001484,2.182216,0.173698,0.03779448,0.194408,12,8.0959,15.0434,4985.2348,23.4596,135,83129,5.7546,3543.4905,0.423,0.2639
flow_5224,0x10001468,05,Web,0,auto,112.4751,1444.0919,722.6295,171635.6121,414.2893,479.3916,179.4214,1150.6799,971.2585,0.002431,0.557334,0.120067,0.01375238,0.117271,9,4.122,18.924,2978.6988,13.3114,110,79489,8.2636,5971.482,0.4303,0.3203
flow_5236,0x10001474,05,Web,0,auto,100.3045,1463.2388,718.4542,171737.2866,414.412,350.288,174.824,1308.25,1133.426,0.002636,3.11524,0.059696,0.0741521,0.272309,45,6.3933,13.8905,4593.2589,30.6426,513,368567,16.7414,12027.9399,0.2869,0.2941
flow_5248,0x10001480,05,Web,0,auto,107.9091,1479.4341,580.4067,104176.3281,322.7636,501.3162,113.7933,1261.0201,1147.2268,0.004636,1.916733,0.062387,0.0778727,0.279057,11,6.398,19.6968,3713.468,8.894,142,82417,15.9658,9266.5827,0.3896,0.171
flow_5260,0x1000148c,05,Web,0,auto,113.8352,1455.5889,594.8629,113437.8391,336.8053,600.1169,117.3468,1233.5434,1116.1967,0.002445,1.031207,0.15871,0.03116548,0.176537,7,5.7938,23.3495,3446.5102,15.1642,95,56511,6.2648,3726.6115,0.4343,0.2118
flow_5272,0x10001498,05,Web,0,auto,85.1464,1452.9185,456.6769,136411.3568,369.3391,410.8706,136.958,1114.3526,977.3946,0.003315,1.258977,0.048042,0.05431251,0.23305,51,4.6241,15.6725,2111.7013,32.9242,685,312823,20.8054,9501.3136,0.4115,0.3518
flow_5284,0x100014a4,05,Web,0,auto,93.368,1483.5189,801.1401,258247.4074,508.1805,610.4193,102.7076,1282.4934,1179.7858,0.003873,1.075001,0.083029,0.12288388,0.350548,58,7.6022,20.5147,6090.3972,33.0976,398,318853,12.025,9633.7263,0.3422,0.1965
flow_5296,0x100014b0,05,Web,0,auto,129.0468,1461.1147,506.4574,220114.0488,469.1631,550.3314,142.0631,1157.1421,1015.079,0.001312,2.385759,0.067815,0.01253923,0.111979,33,6.4176,27.1222,3250.2233,24.4742,360,182324,14.7094,7449.6439,0.3514,0.2545
flow_5308,0x100014bc,05,Web,0,auto,114.2187,1495.6184,783.6873,139177.5554,373.0651,387.8473,197.5563,1239.2079,1041.6515,0.004434,0.49681,0.044558,0.02079067,0.14419,24,4.2884,28.4199,3360.7272,13.9027,312,244510,22.4417,17587.2089,0.4183,0.2421
flow_5320,0x100014c8,05,Web,0,auto,83.5685,1463.4964,491.2547,262232.9225,512.0868,362.496,149.6858,1170.965,1021.2792,0.003249,0.739638,0.137788,0.02196062,0.148191,23,8.4939,13.6917,4172.6788,33.6531,244,119866,7.2505,3561.8142,0.3416,0.2641
flow_5332,0x100014d4,05,Web,0,auto,84.7336,1483.552,452.4731,175911.72,419.4183,513.9926,138.8581,1228.0303,1089.1722,0.00276,1.317343,0.098896,0.14391557,0.379362,29,5.1709,20.1107,2339.6948,30.2453,305,138004,10.0842,4562.826,0.4207,0.2432
flow_5344,0x100014e0,05,Web,0,auto,107.5083,1482.0464,803.9578,127369.3083,356.8884,448.6738,140.4641,1148.0388,1007.5746,0.002648,3.12189,0.055919,0.02281771,0.151055,63,4.4537,30.476,3580.5918,24.6046,440,353741,17.8829,14377.044,0.368,0.1757
flow_5356,0x100014ec,05,Web,0,auto,98.0488,1479.1687,761.7267,168649.2378,410.6693,584.3948,164.0613,1357.7201,1193.6588,0.004795,2.387572,0.139695,0.01284815,0.11335,15,6.0983,20.1201,4645.2175,29.0382,207,157677,7.1285,5429.9858,0.4198,0.1751
flow_5368,0x100014f8,05,Web,0,auto,128.7456,1457.4608,833.7384,223334.9081,472.5832,427.3187,184.2267,1386.6558,1202.4291,0.004759,1.799216,0.167319,0.11856572,0.344334,9,5.6965,24.8963,4749.4057,8.2616,49,40853,5.9311,4944.9554,0.4588,0.1297
flow_5380,0x10001504,05,Web,0,auto,115.042,1481.8014,484.5422,149953.654,387.2385,391.2551,164.708,1262.9795,1098.2715,0.004749,0.841734,0.122999,0.01718216,0.131081,29,5.0383,17.677,2441.2679,30.9159,251,121620,8.1188,3933.8922,0.3037,0.1743
flow_5392,0x10001510,05,Web,0,auto,104.7002,1457.9891,734.5398,103538.091,321.7734,478.2042,111.1582,1235.8565,1124.6983,0.003017,1.664152,0.047093,0.0837688,0.289428,31,3.9988,15.2616,2937.3052,13.2691,281,206405,21.1771,15555.3564,0.4031,0.3783
flow_5404,0x1000151c,05,Web,0,auto,82.6997,1483.0911,555.1954,121320.9609,348.3116,582.1003,190.1779,1138.0007,947.8228,0.004805,1.854935,0.056737,0.0485757,0.220399,52,7.7945,14.3495,4327.4751,21.9314,386,214305,17.6003,9771.5994,0.4569,0.2285
flow_5416,0x10001528,05,Web,0,auto,101.9823,1469.8325,666.3145,109631.16,331.106,541.7781,196.8274,1156.5207,959.6933,0.004469,1.034374,0.047409,0.12820773,0.358061,51,3.9844,12.1334,2654.8956,30.9662,653,435103,21.0875,14050.9169,0.4574,0.187
flow_5428,0x10001534,05,Web,0,auto,99.7054,1440.0635,846.0686,196792.3577,443.6128,501.7819,193.6097,1170.2786,976.6689,0.003816,1.826021,0.108306,0.13961409,0.37365,9,6.1845,22.3283,5232.5356,13.7986,127,107450,9.2038,7786.9947,0.3583,0.1398
flow_5440,0x10001540,05,Web,0,auto,90.7043,1458.9984,495.0397,186424.2974,431.7688,296.0246,143.9059,1299.7484,1155.8425,0.004879,1.988678,0.071875,0.11426445,0.33803,27,6.9895,13.1683,3460.1019,14.8922,207,102473,13.8999,6880.979,0.3578,0.2156
flow_5452,0x1000154c,05,Web,0,auto,107.9483,1466.7327,505.1529,253556.8475,503.5443,610.7603,195.8564,1154.0369,958.1805,0.001076,2.702624,0.077903,0.09928937,0.315102,26,6.2283,12.2057,3146.2499,21.4793,275,138917,12.803,6467.478,0.3335,0.3597
flow_5464,0x10001558,05,Web,0,auto,90.0703,1476.7992,616.0878,266688.7381,516.4191,279.8323,139.2009,1223.8719,1084.671,0.002871,1.337729,0.079609,0.04622501,0.215,21,8.4081,22.1024,5180.1153,10.6758,134,82555,12.5517,7732.8865,0.4363,0.2091
flow_5476,0x10001564,05,Web,0,auto,102.5083,1454.7282,615.6927,250943.3921,500.9425,587.1387,109.7699,1154.8614,1045.0915,0.001147,1.688983,0.155974,0.08832484,0.297195,9,4.0145,19.6798,2471.7103,12.8335,82,50486,6.3895,3933.9283,0.3549,0.1895
flow_5488,0x10001570,05,Web,0,auto,98.1827,1487.9031,458.0398,190308.2534,436.2433,358.2784,155.4289,1198.9227,1043.4938,0.003881,2.369854,0.140657,0.12039885,0.346985,14,5.9371,27.1234,2719.4391,27.6862,196,89775,7.0793,3242.5864,0.3243,0.3701
flow_5500,0x1000157c,05,Web,0,auto,110.685,1458.1198,800.2587,259632.7088,509.5417,367.2523,141.6129,1251.7321,1110.1192,0.002731,2.210351,0.166449,0.17976845,0.423991,4,4.2056,18.5223,3365.6042,8.9943,54,43213,6.0038,4804.4929,0.3595,0.3563
flow_5512,0x10001588,05,Web,0,auto,83.4025,1463.6236,549.3713,193362.7443,439.7303,633.6977,177.9436,1373.8635,1195.9198,0.00297,0.556915,0.074275,0.06840571,0.261545,24,8.2938,12.2584,4556.3627,16.4213,221,121411,13.4582,7393.5294,0.3223,0.3717
flow_5524,0x10001594,05,Web,0,auto,115.9278,1468.2079,755.7773,264221.1142,514.0244,310.8547,134.6756,1161.9378,1027.2622,0.003343,2.775356,0.069972,0.14310169,0.378288,9,8.1617,30.3574,6168.4108,7.1328,101,76333,14.1599,10701.6319,0.3511,0.1479
flow_5536,0x100015a0,05,Web,0,auto,89.7312,1494.9466,458.3435,120205.3571,346.7064,405.1417,168.3496,1379.0292,1210.6796,0.003148,2.825534,0.077786,0.11386177,0.337434,13,5.4717,26.5415,2507.9011,13.3371,171,78376,12.8214,5876.5413,0.3573,0.2703
flow_5548,0x100015ac,05,Web,0,auto,107.7586,1486.1997,476.973,236181.3709,485.9849,567.7012,174.1641,1143.2421,969.0779,0.001854,1.079845,0.135781,0.03549739,0.188408,7,5.4624,21.6124,2605.4384,9.8248,72,34342,7.3284,3495.4417,0.4261,0.1803
flow_5560,0x100015b8,05,Web,0,auto,129.6872,1455.7828,703.0297,184249.3163,429.2427,276.9263,134.5648,1138.2358,1003.6709,0.001968,3.063129,0.086321,0.00890036,0.094342,27,6.4869,19.0646,4560.5077,31.7154,367,258011,11.5717,8135.1902,0.4426,0.1457
flow_5572,0x100015c4,05,Web,0,auto,107.0302,1487.0712,676.9964,122259.8246,349.6567,338.6551,132.4136,1168.2706,1035.857,0.004599,1.005352,0.053509,0.15501335,0.393717,37,7.234,15.0073,4897.4068,10.0879,188,127275,18.6362,12616.6084,0.3594,0.2045
flow_5584,0x100015d0,05,Web,0,auto,109.3629,1470.1216,537.1234,116708.4762,341.6262,383.4747,151.4383,1309.0904,1157.6521,0.00359,2.035992,0.089751,0.03226592,0.179627,23,6.9752,14.0062,3746.5421,27.5534,306,164359,11.1057,5965.1137,0.439,0.2735
flow_5596,0x100015dc,05,Web,0,auto,94.4454,1484.5145,800.3972,209958.3405,458.2121,294.5262,142.0176,1220.0627,1078.0452,0.001999,1.451868,0.138125,0.05044663,0.224603,6,5.6321,20.5176,4507.9443,11.8203,85,68033,7.191,5755.6031,0.2968,0.3248
flow_5608,0x100015e8,05,Web,0,auto,115.8681,1445.356,611.0383,163309.9708,404.1163,435.7812,103.4124,1275.5853,1172.1729,0.001772,3.227817,0.128468,0.15304182,0.391206,18,4.9198,19.9246,3006.1808,20.2625,157,95933,7.7483,4734.5101,0.4642,0.3605
flow_5620,0x100015f4,05,Web,0,auto,103.5473,1456.4467,495.4983,127008.1582,356.382,574.9405,168.21,1390.3147,1222.1046,0.002326,3.228689,0.052282,0.16425203,0.40528,21,7.9189,30.7051,3923.7857,7.4546,142,70360,19.0485,9438.4194,0.3982,0.3437
flow_5632,0x10001600,05,Web,0,auto,80.3121,1479.5232,738.643,186853.4495,432.2655,492.9194,118.6005,1175.8293,1057.2288,0.003162,1.294039,0.071493,0.13848049,0.37213,56,8.1135,22.6647,5993.0082,23.8647,333,245968,13.9536,10306.7574,0.4303,0.2625
flow_5644,0x1000160c,05,Web,0,auto,87.9414,1472.4112,570.8075,157354.6559,396.6795,381.9626,126.155,1178.073,1051.918,0.00133,0.467328,0.096652,0.01335208,0.115551,23,6.237,24.6145,3560.1076,16.0243,165,94183,10.2968,5877.5042,0.3578,0.2392
flow_5656,0x10001618,05,Web,0,auto,124.262,1479.6689,690.0549,109886.5684,331.4914,531.3722,167.31,1336.1434,1168.8334,0.004035,1.695999,0.056494,0.03135916,0.177085,18,5.3902,14.4523,3719.5405,14.2035,251,173203,17.6717,12194.3892,0.4726,0.3127
flow_5668,0x10001624,05,Web,0,auto,89.6825,1490.2876,471.9099,154745.5962,393.3772,381.5748,103.4598,1203.1615,1099.7017,0.001826,2.373209,0.080895,0.18136065,0.425865,54,7.7849,30.5894,3673.7646,27.257,336,158561,12.3271,5817.2659,0.2896,0.2254
flow_5680,0x10001630,05,Web,0,auto,110.0791,1453.3364,548.763,109056.8846,330.2376,573.9029,109.4588,1283.889,1174.4302,0.00112,2.232522,0.072032,0.1086554,0.329629,28,7.5991,30.9302,4170.1295,28.2515,392,215115,13.8754,7614.2882,0.4662,0.1931
flow_5692,0x1000163c,05,Web,0,auto,115.1028,1459.6161,803.4126,211062.4143,459.4153,335.5955,114.2132,1352.8438,1238.6307,0.00114,3.092462,0.053021,0.16553456,0.406859,20,8.9964,17.6211,7227.8002,13.3911,252,202459,18.8185,15118.9623,0.4493,0.3247
flow_5704,0x10001648,05,Web,0,auto,103.5099,1483.2193,476.5936,140887.793,375.3502,420.1783,133.2354,1109.9625,976.7271,0.002977,1.222259,0.102603,0.16340842,0.404238,9,5.5384,18.1197,2639.5482,9.405,91,43370,9.6757,4611.3618,0.3587,0.1512
flow_5716,0x10001654,05,Web,0,auto,110.0362,1454.7017,770.6459,118254.8174,343.882,334.6123,114.3826,1282.4321,1168.0495,0.001145,3.366659,0.127421,0.17417993,0.417349,10,7.646,28.8824,5892.3771,9.5625,75,57798,7.8431,6044.2264,0.3338,0.308
flow_5728,0x10001660,05,Web,0,auto,84.2338,1472.5453,661.1264,174501.9228,417.7343,437.9807,102.1191,1306.0159,1203.8968,0.003402,2.098474,0.140028,0.08337653,0.28875,16,5.6761,22.3666,3752.5981,18.3755,131,86607,7.129,4713.1719,0.3549,0.2345
flow_5740,0x1000166c,05,Web,0,auto,95.7472,1485.6313,731.9673,118327.6963,343.9879,508.9802,183.255,1121.3128,938.0578,0.003179,0.450811,0.079497,0.01054929,0.10271,41,8.9654,29.6668,6562.3644,34.0547,428,313282,12.568,9199.366,0.3606,0.2548
flow_5752,0x10001678,05,Web,0,auto,113.8775,1489.1869,493.3974,266700.9347,516.431,282.2728,178.4009,1120.6055,942.2046,0.001833,0.889024,0.063692,0.15977944,0.399724,28,4.7237,15.8022,2330.6663,25.2283,396,195385,15.6967,7744.69,0.313,0.3369
flow_5764,0x10001684,05,Web,0,auto,97.6768,1490.9235,620.1161,134745.1817,367.0765,594.8297,192.7168,1210.7849,1018.068,0.004512,1.919926,0.142556,0.03395989,0.184282,7,5.7145,12.0058,3543.6469,10.6331,74,45888,6.9594,4315.5986,0.2891,0.2831
flow_5776,0x10001690,05,Web,0,auto,84.995,1449.5773,494.3498,128617.0446,358.6322,344.1025,143.1179,1199.4137,1056.2958,0.001125,2.955223,0.155531,0.04879228,0.22089,15,5.5885,25.4708,2762.653,32.0726,206,101836,6.4229,3175.171,0.4518,0.3242
flow_5788,0x1000169c,05,Web,0,auto,114.9499,1461.0694,486.6686,111353.1269,333.6962,301.0086,177.3174,1113.4229,936.1054,0.004086,0.412638,0.050664,0.16413937,0.405141,57,4.7403,12.9489,2306.9438,29.9413,590,287134,19.7053,9589.9114,0.3573,0.324
flow_5800,0x100016a8,05,Web,0,auto,104.0054,1441.9115,707.4184,165127.162,406.3584,294.2419,101.3351,1284.0565,1182.7215,0.003378,2.786198,0.05711,0.01138399,0.106696,87,4.1618,30.7913,2944.1263,30.3199,530,374931,17.4803,12365.847,0.3046,0.2395
flow_5812,0x100016b4,05,Web,0,auto,118.9973,1451.4807,777.5601,103408.7408,321.5723,639.9835,126.2522,1188.4458,1062.1936,0.00231,3.32358,0.132443,0.03664673,0.191433,9,3.943,27.8795,3065.9116,15.1205,114,88641,7.5394,5862.3074,0.4296,0.2103
flow_5824,0x100016c0,05,Web,0,auto,93.4315,1446.5328,467.7404,110994.283,333.158,420.5062,142.8707,1249.3032,1106.4325,0.003468,1.254064,0.11399,0.20027832,0.447525,17,8.3418,16.4304,3901.8,24.79,217,101499,8.7535,4094.3533,0.3229,0.1754
flow_5836,0x100016cc,05,Web,0,auto,95.2504,1484.3411,510.7357,259170.5865,509.088,528.9436,169.9798,1174.007,1004.0271,0.0031,1.662056,0.161511,0.10768864,0.328159,14,7.9391,13.3156,4054.7668,14.1126,87,44434,6.1647,3148.5441,0.3724,0.2886
flow_5848,0x100016d8,05,Web,0,auto,105.031,1448.0746,464.5454,206116.1271,454.0001,415.9458,167.5632,1293.7622,1126.199,0.002542,1.564124,0.107537,0.06468069,0.254324,22,8.0632,28.7225,3745.7292,12.2805,114,52958,9.283,4312.3648,0.4269,0.2217
flow_5860,0x100016e4,05,Web,0,auto,118.3159,1451.1899,708.7367,161665.4426,402.0764,434.9701,133.2841,1296.9451,1163.661,0.001101,1.566514,0.147602,0.2050579,0.452833,8,5.6297,22.9378,3989.9676,9.9243,67,47485,6.7511,4784.7197,0.3769,0.3356
flow_5872,0x100016f0,05,Web,0,auto,92.9519,1456.799,523.952,105228.2159,324.389,629.1832,141.3177,1144.6393,1003.3216,0.002787,2.143854,0.145182,0.07398956,0.27201,25,8.2428,29.14,4318.8517,24.9051,171,89595,6.8661,3597.4582,0.2962,0.2166
flow_5884,0x100016fc,05,Web,0,auto,102.4032,1453.0152,814.4249,198210.2334,445.2081,418.3762,170.4701,1373.7243,1203.2541,0.001159,2.532088,0.089611,0.09641855,0.310513,44,7.1676,15.6004,5837.4962,23.2248,259,210936,11.1519,9082.3457,0.4423,0.1722
flow_5896,0x10001708,05,Web,0,auto,127.438,1489.2453,687.3437,116851.7275,341.8358,486.5155,104.2204,1124.5529,1020.3324,0.003781,0.868331,0.05174,0.06174762,0.248491,56,6.2942,15.3972,4326.247,34.5562,667,458458,19.3019,13267.0161,0.3279,0.3299
flow_5908,0x10001714,05,Web,0,auto,95.3138,1469.0665,716.1939,150623.6586,388.1026,367.2974,144.3905,1234.161,1089.7705,0.00431,0.723953,0.052512,0.07491117,0.273699,57,4.6794,29.1981,3351.3259,22.9925,437,312976,19.0062,13612.0615,0.322,0.2884
flow_5920,0x10001720,05,Web,0,auto,112.8179,1473.7904,648.7523,178466.5402,422.453,370.4529,106.4647,1273.7681,1167.3033,0.004495,3.491723,0.053358,0.02559415,0.159982,49,8.2843,19.1985,5374.4871,26.4365,495,321132,18.7241,12147.3017,0.3952,0.3561
flow_5932,0x1000172c,05,Web,0,auto,107.2042,1492.3295,561.1588,140474.2442,374.7989,629.5095,127.6799,1126.6861,999.0062,0.002616,2.61795,0.178892,0.04621519,0.214977,4,6.543,16.5304,3671.652,6.3769,35,19640,5.4886,3079.8689,0.406,0.168
flow_5944,0x10001738,05,Web,0,auto,116.3374,1491.5768,461.0141,111150.9444,333.3931,296.64,165.5412,1373.3894,1207.8481,0.001808,3.094259,0.069694,0.11269003,0.335693,13,6.3393,23.6205,2922.5074,7.5082,107,49328,14.251,6569.846,0.3447,0.2376
flow_5956,0x10001744,05,Web,0,auto,106.4971,1465.5381,709.6331,112137.222,334.869,618.8282,101.5566,1115.6585,1014.1019,0.004399,2.490688,0.101054,0.02772233,0.1665,19,4.3462,28.6606,3084.2133,21.8946,216,153280,9.8654,7000.7999,0.2947,0.3321
flow_5968,0x10001750,05,Web,0,auto,94.8564,1453.9018,704.7128,194411.0673,440.9207,473.4619,170.3841,1262.2258,1091.8418,0.001141,1.255114,0.164307,0.11345159,0.336826,17,5.8876,28.1338,4149.052,26.4577,161,113458,6.0852,4288.2811,0.4667,0.1559
flow_5980,0x1000175c,05,Web,0,auto,112.6459,1463.4616,699.9027,153916.0789,392.3214,623.1382,183.032,1103.3052,920.2733,0.002494,1.966753,0.143171,0.09573526,0.309411,19,7.0298,25.76,4920.1668,32.9231,229,160277,6.9556,4868.2234,0.4619,0.2515
flow_5992,0x10001768,05,Web,0,auto,113.3362,1445.3327,577.2314,121395.9461,348.4192,549.8522,172.9723,1318.741,1145.7687,0.001872,2.273124,0.053649,0.02196032,0.14819,65,7.0509,13.4972,4069.9733,33.9482,632,364810,18.6166,10746.0857,0.3205,0.3575
flow_6004,0x10001774,05,Email,0,auto,106.9243,726.3385,240.2196,8437.0013,91.8532,189.8119,132.3047,530.2938,397.9891,0.030772,8.588122,0.573819,0.38833914,0.623169,6,2.9496,7.7517,708.5622,17.4071,30,7206,1.7234,413.9682,0.4166,0.5251
flow_6016,0x10001780,05,Email,0,auto,85.5323,651.4767,354.6427,57526.5721,239.847,268.5216,127.633,525.1407,397.5077,0.034288,7.89332,0.483847,2.01742988,1.420363,6,3.1876,9.4339,1130.4537,20.536,42,14894,2.0452,725.2635,0.4216,0.5816
flow_6028,0x1000178c,05,Email,0,auto,112.7395,996.3708,282.0425,33283.5838,182.4379,184.0505,136.3731,500.5789,364.2058,0.045397,3.250086,0.442679,3.05635752,1.748244,9,2.8109,10.8775,792.8041,14.2123,32,9025,2.2516,635.0136,0.6165,0.5928
flow_6040,0x10001798,05,Email,0,auto,127.7075,1162.8841,394.6623,41691.901,204.1859,204.4564,116.5729,414.7246,298.1517,0.041147,9.512438,0.557803,1.34853935,1.161266,9,4.9082,7.4964,1937.0847,20.96,37,14602,1.7653,696.6609,0.6151,0.3815
flow_6052,0x100017a4,05,Email,0,auto,130.6427,1070.2376,363.3569,48223.9361,219.5995,161.0324,130.9924,507.803,376.8106,0.025436,4.193922,0.347732,1.73260124,1.316283,12,4.7253,11.5977,1716.9627,19.3067,55,19984,2.8487,1035.0787,0.509,0.5838
flow_6064,0x100017b0,05,Email,0,auto,104.0179,981.4886,381.9938,56905.117,238.5479,170.6866,143.4607,504.5159,361.0552,0.049789,4.977025,0.350028,1.11797056,1.057341,7,4.9831,12.8195,1903.5294,17.1385,48,18335,2.8007,1069.8132,0.4398,0.4796
flow_6076,0x100017bc,05,Email,0,auto,98.2061,1051.2956,329.1579,30344.7568,174.1975,269.5805,139.8197,397.269,257.4492,0.016787,2.646134,0.759514,1.62332158,1.274096,6,2.5785,10.7832,848.7212,15.975,21,6912,1.3146,432.6767,0.4162,0.5145
flow_6088,0x100017c8,05,Email,0,auto,114.5516,897.986,414.0644,46894.5994,216.5516,256.3769,134.0539,378.9408,244.8869,0.010467,9.75663,0.372138,1.62500627,1.274757,9,3.5576,12.1388,1473.0736,21.3821,57,23601,2.6658,1103.7749,0.4735,0.3767
flow_6100,0x100017d4,05,Email,0,auto,93.5119,812.8078,243.6165,43370.2292,208.2552,183.0277,114.784,369.9022,255.1183,0.056783,8.838514,0.726756,3.10320669,1.761592,4,2.5392,9.4883,618.5865,17.4732,24,5846,1.3735,334.57,0.545,0.4079
flow_6112,0x100017e0,05,Email,0,auto,131.8704,1179.6269,279.9973,22326.0889,149.4192,191.0111,129.4805,479.3924,349.9118,0.051987,5.131864,0.851869,1.9046778,1.380101,8,2.9878,5.1682,836.565,27.6255,32,8959,1.1583,324.3016,0.495,0.463
flow_6124,0x100017ec,05,Email,0,auto,112.3735,866.9446,253.5842,24051.7714,155.0863,220.6385,144.5004,362.6017,218.1013,0.022554,7.916423,0.402831,1.29474786,1.13787,12,2.9396,10.3145,745.4443,18.8541,46,11664,2.4398,618.645,0.5647,0.492
flow_6136,0x100017f8,05,Email,0,auto,114.1476,806.363,240.9486,48995.9882,221.3504,246.2819,153.7385,473.3724,319.6338,0.031569,7.034085,0.661867,0.4964257,0.704575,3,4.9961,9.8828,1203.8077,14.0337,21,5059,1.4964,360.4884,0.5358,0.5816
flow_6148,0x10001804,05,Email,0,auto,91.9651,1020.7479,280.9717,50499.6889,224.7214,183.366,148.4156,366.3868,217.9712,0.031732,8.534294,0.591073,0.93384921,0.966359,3,3.1547,9.9125,886.3865,13.3896,22,6181,1.6431,461.6254,0.6063,0.4004
flow_6160,0x10001810,05,Email,0,auto,137.9677,1114.4235,296.0203,16256.89,127.5025,208.9109,149.537,460.0959,310.5588,0.022026,8.204512,0.483925,1.77527097,1.332393,5,3.4966,9.8603,1035.0716,15.7998,32,9472,2.0253,599.5011,0.3895,0.6323
flow_6172,0x1000181c,05,Email,0,auto,80.9285,743.9591,418.7457,14959.0719,122.3073,264.6787,105.1765,365.4348,260.2582,0.027266,7.894415,0.712618,0.87810116,0.937071,3,2.4005,5.0003,1005.2113,16.8077,23,9631,1.3684,573.0106,0.4901,0.6391
flow_6184,0x10001828,05,Email,0,auto,105.1962,803.8672,411.5894,16770.074,129.4993,207.6361,106.3167,547.3538,441.0371,0.050814,4.436859,0.389645,1.14133294,1.068332,9,3.262,7.9451,1342.6035,17.4221,44,18109,2.5255,1039.4286,0.4295,0.4309
flow_6196,0x10001834,05,Email,0,auto,113.9613,806.9238,264.0926,38498.058,196.2092,168.7623,151.7046,533.0194,381.3148,0.036402,3.227737,0.484492,0.45858414,0.677188,4,2.0815,7.2656,549.7106,13.0978,27,7130,2.0614,544.3652,0.5253,0.5967
flow_6208,0x10001840,05,Email,0,auto,93.4758,1071.6301,354.8114,45396.4098,213.0643,161.9515,142.0731,352.2371,210.164,0.028641,2.511209,0.792371,0.79181098,0.889838,7,2.0431,13.4667,724.9114,20.9932,26,9225,1.2385,439.4272,0.6005,0.423
flow_6220,0x1000184c,05,Email,0,auto,85.0014,976.4189,221.7492,27477.1414,165.7623,243.9701,114.6349,376.1559,261.521,0.023671,10.410185,0.608872,0.93815842,0.968586,6,3.8849,6.5972,861.4762,26.6592,43,9535,1.6129,357.6623,0.5023,0.4467
flow_6232,0x10001858,05,Email,0,auto,131.5689,668.42,240.9666,8142.4999,90.2358,247.8226,128.2701,508.1057,379.8356,0.052142,4.929681,0.486745,0.71524608,0.845722,4,3.2653,10.8843,786.8234,14.4631,29,6988,2.0051,483.1609,0.5109,0.6092
flow_6244,0x10001864,05,Email,0,auto,80.8578,1181.5394,282.0235,11011.2076,104.9343,207.516,143.381,376.3907,233.0097,0.026563,5.095753,0.259531,0.62286465,0.789218,21,4.6768,6.0226,1318.9752,18.9454,72,20305,3.8004,1071.7626,0.407,0.4456
flow_6256,0x10001870,05,Email,0,auto,124.4805,754.9284,376.723,40611.2034,201.5222,250.6981,144.2914,511.1636,366.8723,0.037052,3.544153,0.625734,2.20496005,1.484911,3,3.4379,7.6495,1295.1443,15.79,25,9418,1.5833,596.4521,0.5991,0.4949
flow_6268,0x1000187c,05,Email,0,auto,93.1613,951.6552,378.6364,13336.375,115.4832,214.4052,131.698,454.0221,322.324,0.040841,7.038455,0.610616,0.78008751,0.883226,2,3.2619,7.7516,1235.0562,8.6107,15,5679,1.742,659.5248,0.5978,0.4588
flow_6280,0x10001888,05,Email,0,auto,118.4889,1189.9439,395.7666,22257.3313,149.1889,205.8929,135.8258,354.5869,218.7611,0.044523,3.332679,0.275708,0.82284884,0.90711,8,4.1082,5.5715,1625.9051,13.6254,49,19392,3.5962,1423.2218,0.4746,0.5483
flow_6292,0x10001894,05,Email,0,auto,89.3068,945.2979,223.2778,34699.779,186.2788,189.5721,101.6687,549.2447,447.576,0.013566,5.259449,0.517469,1.35426741,1.16373,4,2.7657,6.5581,617.511,16.0065,30,6698,1.8742,418.4539,0.5114,0.4878
flow_6304,0x100018a0,05,Email,0,auto,112.6504,761.0992,280.89,43571.7645,208.7385,209.0127,123.1228,538.2242,415.1014,0.052929,3.998623,0.343664,0.85950648,0.927096,15,3.3552,5.0753,942.4547,23.1071,67,18819,2.8995,814.4263,0.4857,0.433
flow_6316,0x100018ac,05,Email,0,auto,104.815,954.5612,394.0021,30248.0202,173.9196,277.5031,109.3549,407.9476,298.5927,0.05177,5.882612,0.385443,2.64653987,1.626819,3,3.1148,7.4566,1227.2279,8.4656,21,8274,2.4806,977.3624,0.612,0.5214
flow_6328,0x100018b8,05,Email,0,auto,90.7615,737.1989,399.0884,21501.1318,146.6326,224.3518,148.4143,520.6521,372.2378,0.026692,3.809905,0.326442,2.79989478,1.673289,13,3.2134,11.421,1282.4212,20.0848,61,24344,3.0371,1212.0627,0.4436,0.5494
flow_6340,0x100018c4,05,Email,0,auto,125.961,1042.3903,232.4017,9739.8436,98.6906,278.8714,142.0285,450.6854,308.6569,0.025828,4.746079,0.263411,2.69656771,1.642123,25,3.8469,5.9546,894.0326,23.9318,90,20916,3.7607,873.9838,0.4374,0.6215
flow_6352,0x100018d0,05,Email,0,auto,101.6578,1076.9315,364.0752,8519.0537,92.2987,251.7388,102.3071,514.6664,412.3593,0.010301,3.18187,0.560431,0.48707932,0.697911,7,2.056,9.313,748.5406,24.4705,43,15655,1.7572,639.7502,0.4386,0.534
flow_6364,0x100018dc,05,Email,0,auto,98.3727,600.1661,338.8066,27456.2885,165.6994,224.7492,134.9189,424.2206,289.3017,0.055758,10.94036,0.637454,0.96186008,0.980745,3,4.1833,9.5435,1417.3214,12.5563,19,6437,1.5132,512.6524,0.6066,0.44
flow_6376,0x100018e8,05,Email,0,auto,106.5624,617.0142,253.1775,34393.0875,185.4537,217.1271,103.6842,528.1572,424.4729,0.043856,10.855479,0.661127,2.16878747,1.47268,9,2.6303,5.5856,665.9218,21.7185,32,8101,1.4734,373.0007,0.5135,0.4725
flow_6388,0x100018f4,05,Email,0,auto,87.0086,734.9965,272.8394,47213.3472,217.2863,225.3606,120.3733,412.3693,291.996,0.03578,3.484414,0.893038,1.18062249,1.086565,3,2.7093,10.4357,739.2145,15.8006,17,4638,1.0759,293.5338,0.5679,0.5701
flow_6400,0x10001900,05,Email,0,auto,102.8874,896.1991,330.7824,13733.9174,117.1918,226.4311,111.168,423.3531,312.1852,0.039468,5.922749,0.255567,2.0100162,1.41775,20,2.2516,8.4764,744.7737,19.0656,74,24477,3.8813,1283.8307,0.6055,0.4599
flow_6412,0x1000190c,05,Email,0,auto,112.8729,1094.2606,398.4213,13726.763,117.1613,283.5152,137.4552,390.1434,252.6882,0.010642,5.999383,0.549256,0.82430571,0.907913,3,4.7899,13.4842,1908.3876,8.1082,15,5976,1.85,737.0305,0.4975,0.6208
flow_6424,0x10001918,05,Email,0,auto,85.8932,623.9187,262.6402,50210.6825,224.0774,193.111,148.9441,368.8629,219.9188,0.019284,6.485247,0.688063,1.38083479,1.175089,5,2.9391,11.1082,771.9215,12.5753,18,4727,1.4314,375.895,0.3938,0.6481
flow_6436,0x10001924,05,Email,0,auto,110.7491,757.977,334.1967,33064.2888,181.8359,225.3751,107.5413,428.8196,321.2783,0.018334,9.785572,0.736653,2.24760938,1.499203,2,2.722,12.2643,909.6699,13.5642,18,6015,1.327,443.4469,0.4357,0.4296
flow_6448,0x10001930,05,Email,0,auto,126.7812,747.2777,335.1933,53262.9939,230.7878,265.6043,101.8166,434.1961,332.3795,0.02698,10.901695,0.55552,0.53929792,0.734369,5,3.7402,6.2003,1253.7055,22.5744,40,13407,1.7719,593.9029,0.5869,0.4305
flow_6460,0x1000193c,05,Email,0,auto,103.8866,984.0874,220.5367,19912.4862,141.1116,255.334,135.4506,438.562,303.1114,0.018073,6.627478,0.73502,1.66390913,1.289926,3,3.2294,5.7536,712.206,13.1779,17,3749,1.29,284.4909,0.4079,0.4085
flow_6472,0x10001948,05,Email,0,auto,138.2907,1130.7657,287.8485,11790.8389,108.5856,184.0217,151.114,400.7566,249.6426,0.025391,5.963602,0.632736,2.23432389,1.494765,4,3.3132,6.0318,953.7071,13.2773,20,5756,1.5063,433.5219,0.5168,0.3936
flow_6484,0x10001954,05,Email,0,auto,103.4429,956.6547,336.7996,12855.6419,113.3827,275.512,154.2702,452.6894,298.4193,0.033829,7.819689,0.85442,0.58669708,0.765962,3,4.9927,8.2845,1681.5311,11.2834,15,5051,1.3294,447.6478,0.5304,0.602
flow_6496,0x10001960,05,Email,0,auto,114.7235,842.3678,288.8314,36615.566,191.3519,298.7462,111.0345,445.1732,334.1387,0.019775,2.546491,0.368786,0.54264821,0.736647,7,4.6746,13.1727,1350.1628,13.8382,37,10686,2.6738,772.2106,0.4281,0.3747
flow_6508,0x1000196c,05,Email,0,auto,90.1502,824.2011,240.0212,16853.2899,129.8202,299.2735,133.8431,486.7826,352.9394,0.047772,4.068161,0.874401,3.13391012,1.770285,5,4.6962,10.2643,1127.1816,21.0746,24,5760,1.1388,273.315,0.6064,0.5069
flow_6520,0x10001978,05,Email,0,auto,83.9887,709.3771,297.3646,50857.0006,225.515,285.6465,123.5578,394.8338,271.276,0.026152,7.394933,0.471033,0.47434695,0.688729,10,4.5095,6.2104,1340.9534,28.0596,59,17544,2.1027,625.24,0.5301,0.4877
flow_6532,0x10001984,05,Email,0,auto,111.8084,1107.3609,367.9759,24765.4908,157.3706,193.0929,103.8558,513.9432,410.0875,0.058669,7.994723,0.887473,1.42874571,1.195302,4,4.1276,9.4851,1518.8699,12.7399,15,5519,1.1774,433.2053,0.5927,0.4086
flow_6544,0x10001990,05,Email,0,auto,131.3518,904.1594,289.3588,30370.3897,174.271,268.628,109.7786,369.1506,259.372,0.012908,3.468804,0.945352,2.0952647,1.447503,4,3.0773,6.7053,890.4524,22.689,24,6944,1.0578,306.0509,0.3914,0.5339
flow_6556,0x1000199c,05,Email,0,auto,113.9629,1075.5034,336.1022,12429.7453,111.4888,179.9099,105.1549,389.4302,284.2753,0.012086,6.600744,0.389589,1.82481482,1.350857,18,2.2356,10.4102,751.4019,29.326,75,25207,2.5575,859.5446,0.4534,0.4556
flow_6568,0x100019a8,05,Email,0,auto,138.7628,1145.59,232.2651,27039.8613,164.438,253.4787,148.0904,513.8118,365.7213,0.011645,9.440935,0.256928,2.81834214,1.678792,21,4.6376,10.0079,1077.1546,26.4974,103,23923,3.8872,902.8445,0.5885,0.5123
flow_6580,0x100019b4,05,Email,0,auto,131.8687,788.2972,365.9042,34482.2609,185.694,171.8898,159.9275,421.7938,261.8662,0.036109,5.503665,0.593865,2.44363078,1.563212,9,4.5023,9.6418,1647.3958,27.5492,46,16831,1.6697,610.9425,0.5017,0.4544
flow_6592,0x100019c0,05,Email,0,auto,100.2909,891.2148,348.7597,34727.0535,186.352,199.9908,157.6004,361.1073,203.5068,0.03963,8.321394,0.482759,2.30841928,1.519348,7,3.9818,10.1893,1388.6802,13.9583,28,9765,2.006,699.5858,0.5576,0.5015
flow_6604,0x100019cc,05,Email,0,auto,127.124,683.4679,282.1146,15444.0179,124.274,286.0939,131.7661,384.5843,252.8181,0.019931,5.039743,0.745547,1.55279422,1.246112,6,3.415,10.1633,963.4321,25.7139,34,9591,1.3222,372.9883,0.5799,0.5623
flow_6616,0x100019d8,05,Email,0,auto,92.4547,827.8252,340.9616,8541.7078,92.4214,281.1121,140.2686,481.0874,340.8188,0.047465,5.75756,0.753329,0.79909602,0.893922,2,2.5996,12.652,886.3772,13.1433,17,5796,1.2934,440.9864,0.4978,0.3728
flow_6628,0x100019e4,05,Email,0,auto,92.1706,908.3571,256.3759,10330.2338,101.6378,162.8087,114.3504,449.5933,335.2429,0.049209,3.797834,0.769442,0.55178291,0.742821,3,2.9977,8.2162,768.5394,14.7383,19,4871,1.2892,330.4986,0.6045,0.4808
flow_6640,0x100019f0,05,Email,0,auto,97.2261,969.8738,342.2917,43129.8724,207.6773,257.2609,151.7418,354.7055,202.9637,0.032674,3.421679,0.384048,1.79806765,1.34092,16,2.1083,7.5853,721.6433,26.3856,68,23275,2.5772,882.1096,0.4282,0.4852
flow_6652,0x100019fc,05,Email,0,auto,127.3237,653.4144,390.6381,31227.2924,176.7125,187.4378,103.4784,424.5863,321.1079,0.039634,10.948297,0.920926,1.01966477,1.009785,2,4.0722,7.7883,1590.7384,9.0875,15,5859,1.6506,644.7317,0.5987,0.6274
flow_6664,0x10001a08,05,Email,0,auto,138.8259,1024.5835,312.2527,13224.5394,114.998,282.6843,121.568,412.4804,290.9123,0.01083,10.974273,0.565307,1.97478357,1.40527,4,2.5371,12.8217,792.2075,16.71,29,9055,1.7355,541.8926,0.5302,0.5938
flow_6676,0x10001a14,05,Email,0,auto,117.4174,1144.7111,359.7977,30669.3821,175.1268,200.8732,142.1915,486.3864,344.1949,0.052821,6.72296,0.335,0.58613548,0.765595,22,3.6766,8.8771,1322.8374,25.7678,76,27344,2.9494,1061.1696,0.4537,0.5968
flow_6688,0x10001a20,05,Email,0,auto,115.2732,890.9131,380.1155,21266.3248,145.8298,257.4463,103.508,405.5776,302.0696,0.0573,6.666424,0.700778,0.59209369,0.769476,3,2.5563,8.7866,971.6936,8.6154,15,5701,1.7411,661.7191,0.4713,0.5275
flow_6700,0x10001a2c,05,Email,0,auto,130.7035,882.3425,403.6394,52167.1935,228.4014,250.2478,114.7736,506.43,391.6564,0.053981,5.577375,0.343818,1.29935902,1.139894,11,4.979,12.3448,2009.7296,20.6244,59,23814,2.8607,1154.6494,0.6123,0.4048
flow_6712,0x10001a38,05,Email,0,auto,122.5358,642.204,368.6493,51877.3718,227.766,250.3171,118.289,496.5299,378.241,0.02594,3.217252,0.414352,2.23041714,1.493458,5,4.4076,6.5718,1624.841,16.1148,38,14008,2.3581,869.262,0.5769,0.642
flow_6724,0x10001a44,05,Email,0,auto,135.3102,881.8946,406.8187,15223.7424,123.3845,281.0884,134.9476,363.6066,228.659,0.053892,2.754072,0.495079,1.86174578,1.364458,15,2.7912,11.9152,1135.5149,25.039,50,20340,1.9969,812.3337,0.5184,0.5178
flow_6736,0x10001a50,05,Email,0,auto,123.5082,1091.5895,290.6572,43998.0174,209.757,269.6675,110.0844,478.3279,368.2435,0.058469,5.363248,0.582267,0.93279393,0.965813,12,4.7025,10.0287,1366.8166,23.6014,40,11626,1.6948,492.5975,0.4733,0.4256
flow_6748,0x10001a5c,05,Email,0,auto,123.7367,698.2372,370.5764,33505.0269,183.0438,279.4349,128.1159,472.4823,344.3663,0.031468,7.673102,0.528308,2.17018435,1.473155,9,4.8317,8.0439,1790.5016,20.3597,38,14081,1.8664,691.6126,0.5395,0.48
flow_6760,0x10001a68,05,Email,0,auto,110.6388,708.1485,404.3293,13835.8686,117.626,260.9641,141.8106,475.5363,333.7257,0.015014,7.641238,0.723595,3.10169487,1.761163,7,4.6527,10.72,1881.2228,21.5587,29,11725,1.3452,543.8646,0.6165,0.5333
flow_6772,0x10001a74,05,Email,0,auto,82.5058,687.5987,271.4912,22900.8824,151.3304,280.7223,145.7009,439.7602,294.0592,0.040823,10.179871,0.775659,2.20606729,1.485284,2,4.6846,5.339,1271.8242,10.168,15,4072,1.4752,400.471,0.4492,0.6267
flow_6784,0x10001a80,05,Email,0,auto,104.2817,907.4718,382.9118,26608.3388,163.1206,291.9401,126.8461,512.8423,385.9963,0.031377,8.009374,0.462383,3.04143677,1.743972,9,3.7178,11.0536,1423.5931,17.6436,38,14550,2.1538,824.6627,0.5598,0.3823
flow_6796,0x10001a8c,05,Email,0,auto,113.645,902.6264,390.0037,28286.5066,168.1859,234.3718,141.0289,468.4285,327.3995,0.056115,11.179478,0.836084,2.99541229,1.730726,4,2.8309,12.0143,1104.0645,10.4555,15,5850,1.4346,559.512,0.5709,0.4524
flow_6808,0x10001a98,05,Email,0,auto,99.7299,904.6623,274.6479,54329.6742,233.0873,177.6102,147.3828,470.632,323.2492,0.01209,3.694707,0.53435,2.12460313,1.457602,15,4.0173,8.6174,1103.3538,27.4951,51,14007,1.8549,509.4364,0.5963,0.5204
flow_6820,0x10001aa4,05,Email,0,auto,83.1561,979.4859,350.0124,28701.4031,169.4149,242.1376,151.2621,408.4475,257.1854,0.017529,10.120327,0.48586,0.59991407,0.774541,9,4.4959,9.3349,1573.6124,25.092,51,17850,2.0325,711.3811,0.5098,0.5109
flow_6832,0x10001ab0,05,Email,0,auto,135.0905,1012.4449,360.4812,41688.991,204.1788,270.5966,159.7117,366.9151,207.2034,0.015359,11.721779,0.578939,2.83771425,1.684552,5,3.6016,13.4407,1298.3082,19.9037,34,12256,1.7082,615.7636,0.4071,0.3758
flow_6844,0x10001abc,05,Email,0,auto,103.7723,794.3,372.3624,8247.5397,90.816,221.0304,117.3803,539.2315,421.8511,0.03517,10.028048,0.782284,2.6268191,1.620746,2,3.2947,6.7057,1226.8251,10.5778,15,5585,1.4181,527.9944,0.4896,0.5891
flow_6856,0x10001ac8,05,Email,0,auto,113.8667,971.3621,243.8838,19768.7523,140.6014,161.0212,117.342,442.1135,324.7715,0.012052,5.573149,0.43357,2.78541236,1.668955,5,4.6077,9.6818,1123.7479,9.8921,22,5365,2.224,542.352,0.4434,0.56
flow_6868,0x10001ad4,05,Email,0,auto,129.7859,1094.5259,355.9096,18173.4659,134.809,203.2874,141.6419,354.3216,212.6798,0.059846,2.963152,0.581675,2.58832861,1.608828,7,3.0768,6.8981,1095.0514,20.9727,36,12812,1.7165,610.8891,0.5646,0.5587
flow_6880,0x10001ae0,05,Email,0,auto,128.1352,1015.5262,354.7384,37994.768,194.9225,259.6923,109.7647,528.5742,418.8096,0.019912,8.515823,0.599858,0.74392915,0.862513,10,4.4569,8.6176,1581.0497,28.0346,46,16317,1.6408,582.0299,0.6025,0.3588
flow_6892,0x10001aec,05,Email,0,auto,100.9418,715.1403,289.1845,43902.2423,209.5286,166.0619,154.3173,528.9939,374.6766,0.01536,6.192576,0.804977,3.14281958,1.7728,8,2.9165,8.2636,843.4099,25.9531,32,9253,1.233,356.5275,0.4449,0.498
flow_6904,0x10001af8,05,Email,0,auto,109.2857,811.8978,358.9109,24892.2864,157.7729,161.1582,113.1269,467.4105,354.2836,0.046112,7.53029,0.321763,1.95468467,1.3981,13,3.1209,11.1566,1120.1293,16.9062,52,18663,3.0758,1103.9161,0.5162,0.4392
flow_6916,0x10001b04,05,Email,0,auto,86.7782,928.5052,364.5617,35081.8663,187.3015,288.1058,121.9756,385.3404,263.3648,0.017383,2.85909,0.636431,0.99865392,0.999327,5,3.6113,8.827,1316.5238,17.6384,27,9843,1.5307,558.0432,0.566,0.4711
flow_6928,0x10001b10,05,Email,0,auto,135.0508,900.7685,304.1436,30363.4763,174.2512,283.1656,115.0105,439.552,324.5415,0.018183,11.194304,0.942256,1.06121431,1.030153,4,3.0588,13.1271,930.3012,22.6612,24,7299,1.0591,322.0925,0.4994,0.603
flow_6940,0x10001b1c,05,Email,0,auto,128.4265,726.3542,418.4594,39456.8662,198.6375,238.4305,110.7216,507.1454,396.4238,0.039501,4.637062,0.334477,3.2064225,1.790649,11,2.947,7.3563,1233.2137,20.6987,61,25526,2.947,1233.2167,0.4627,0.3994
flow_6952,0x10001b28,05,Email,0,auto,122.5771,976.2291,409.4402,54982.1464,234.4827,244.138,116.8018,529.4677,412.6659,0.018747,8.213831,0.374897,1.34128246,1.158137,4,2.5084,10.4069,1027.0407,11.3864,30,12283,2.6347,1078.7415,0.4505,0.6276
flow_6964,0x10001b34,05,Email,0,auto,139.6259,674.6454,271.516,17449.9646,132.0983,217.5759,144.5663,537.5337,392.9674,0.037234,7.948422,0.528219,1.74315695,1.320287,3,4.784,12.0023,1298.9433,8.9095,16,4344,1.7958,487.5684,0.4728,0.5864
flow_6976,0x10001b40,05,Email,0,auto,125.2263,1029.2566,285.9792,51725.6346,227.4327,274.0962,115.9495,441.3107,325.3611,0.023081,4.819486,0.888208,1.81154651,1.345937,4,3.1551,8.1357,902.2882,11.1325,15,4289,1.3474,385.2693,0.6081,0.5942
flow_6988,0x10001b4c,05,Email,0,auto,138.4711,1038.9582,415.0678,26408.7705,162.5078,248.5156,129.5832,520.0758,390.4925,0.025658,3.885143,0.610695,1.09261373,1.045282,8,2.2505,11.4211,934.1293,26.0795,42,17432,1.6105,668.4179,0.4179,0.4737
flow_7000,0x10001b58,05,Email,0,auto,129.6508,816.2643,310.4866,16501.0745,128.4565,203.3018,149.1968,483.0825,333.8856,0.057059,2.771312,0.774508,2.91790482,1.708188,6,3.8977,5.9637,1210.1766,20.3739,26,8072,1.2761,396.193,0.4017,0.6414
flow_7012,0x10001b64,05,Email,0,auto,92.5801,891.7436,275.0612,20487.768,143.1355,171.1408,107.5205,401.915,294.3946,0.043951,5.865346,0.605169,0.43397704,0.658769,7,4.3448,5.1242,1195.0805,23.9119,39,10727,1.631,448.6055,0.5435,0.5625
flow_7024,0x10001b70,05,Email,0,auto,126.3162,1171.6332,262.8828,31711.1924,178.0764,286.325,140.0381,358.3837,218.3456,0.030386,5.522402,0.88332,1.57932857,1.256713,3,3.9476,8.412,1037.7583,12.1892,15,3943,1.2306,323.4828,0.415,0.4731
flow_7036,0x10001b7c,05,Email,0,auto,98.9727,1156.7647,366.3371,18953.6383,137.6722,242.6511,156.0669,499.3006,343.2337,0.043285,10.465932,0.425937,3.25224399,1.803398,2,3.4967,13.6425,1280.9591,8.2751,19,6960,2.296,841.0728,0.41,0.6176
flow_7048,0x10001b88,05,Email,0,auto,86.8702,703.5695,306.166,36891.2736,192.071,263.5427,135.9028,464.849,328.9462,0.031542,6.784427,0.436912,2.22109354,1.490333,3,2.9918,9.2946,915.9856,9.2249,21,6429,2.2764,696.9153,0.5045,0.4332
flow_7060,0x10001b94,05,Email,0,auto,84.6424,1195.1205,374.6631,24368.5119,156.1042,270.2359,116.412,391.763,275.3511,0.013587,9.493963,0.75521,0.57533645,0.758509,3,2.7707,9.4066,1038.0861,15.2843,20,7493,1.3085,490.2416,0.3956,0.4381
flow_7072,0x10001ba0,05,Email,0,auto,88.3469,853.6452,231.2105,10656.7238,103.2314,248.3483,149.4468,355.4194,205.9726,0.03047,5.947709,0.471552,0.67623693,0.822336,11,3.9458,5.3728,912.3107,27.6718,58,13410,2.096,484.6093,0.5486,0.3735
flow_7084,0x10001bac,05,Email,0,auto,123.5169,1134.8581,293.5171,34496.0735,185.7312,173.9253,137.5871,463.4193,325.8323,0.045036,7.829606,0.791449,0.53642401,0.73241,8,3.9334,7.1188,1154.5183,29.5154,37,10860,1.2536,367.9432,0.5215,0.5344
flow_7096,0x10001bb8,05,Email,0,auto,93.4851,809.2884,295.2285,15616.7824,124.9671,218.8294,137.7102,408.7098,270.9997,0.055644,10.514761,0.894818,0.72010172,0.848588,7,3.0397,8.6333,897.3918,28.0969,31,9152,1.1033,325.7302,0.517,0.3729
flow_7108,0x10001bc4,05,Email,0,auto,139.6689,954.1726,303.8704,27386.1675,165.4877,228.0782,144.0206,351.0908,207.0702,0.051284,7.126541,0.608152,2.58611517,1.60814,2,2.1797,8.6449,662.339,8.65,15,4558,1.7341,526.9345,0.5999,0.6214
flow_7120,0x10001bd0,05,Email,0,auto,131.3279,945.7051,399.4503,53474.9497,231.2465,273.1957,107.4429,451.4839,344.041,0.056536,7.974554,0.320266,1.7982124,1.340974,17,4.5682,5.1693,1824.7869,28.4542,88,35151,3.0927,1235.3527,0.5307,0.6442
flow_7132,0x10001bdc,05,Email,0,auto,92.5179,812.8399,276.5646,54721.4235,233.9261,166.7105,145.5523,392.2743,246.722,0.028467,9.076526,0.853292,0.40370765,0.63538,3,3.5002,13.7323,968.0291,10.562,15,4148,1.4202,392.7278,0.5118,0.5205
flow_7144,0x10001be8,05,Email,0,auto,97.1858,966.3322,237.9778,33439.8746,182.8657,273.7053,128.7435,379.1613,250.4178,0.027667,4.050305,0.869873,1.62893421,1.276297,5,4.9151,13.6871,1169.6912,24.0104,27,6425,1.1245,267.5922,0.4953,0.3787
flow_7156,0x10001bf4,05,Email,0,auto,87.4794,799.3859,301.2809,45302.5753,212.844,213.9413,133.4929,525.9181,392.4252,0.050271,5.501965,0.386473,2.4881392,1.577384,7,2.5938,8.9028,781.4753,15.3328,39,11749,2.5436,766.2648,0.4604,0.4039
flow_7168,0x10001c00,05,Email,0,auto,138.2794,627.3503,265.7514,21880.7065,147.9213,262.1074,150.386,379.0953,228.7093,0.042076,5.301193,0.886142,1.71444856,1.30937,4,4.8921,12.8462,1300.0798,13.2357,15,3986,1.1333,301.1548,0.4772,0.4037
flow_7180,0x10001c0c,05,Email,0,auto,125.173,1185.9947,268.2318,22589.4877,150.298,207.9632,117.0366,531.3855,414.349,0.01565,11.75196,0.312984,2.38691192,1.544963,6,3.393,5.7139,910.1096,8.9128,28,7510,3.1416,842.6088,0.4096,0.54
flow_7192,0x10001c18,05,Email,0,auto,122.6885,1027.4552,232.6152,40521.025,201.2983,209.4309,139.0113,456.7079,317.6967,0.029689,11.820787,0.813053,1.24166719,1.114301,7,2.4424,6.578,568.1437,27.5355,33,7676,1.1985,278.7675,0.4994,0.4193
flow_7204,0x10001c24,05,Email,0,auto,122.3724,833.5335,233.4546,40025.3904,200.0635,285.7539,115.4882,405.9133,290.4251,0.020053,10.783552,0.28644,0.78878814,0.888137,14,4.1415,5.7272,966.8637,21.0301,73,17042,3.4712,810.3626,0.4403,0.3925
flow_7216,0x10001c30,05,Email,0,auto,100.6202,1105.0639,257.6614,25980.4722,161.1846,185.6046,151.3478,441.7353,290.3875,0.04281,8.724011,0.625058,2.4618285,1.569022,4,4.8771,11.8743,1256.6431,15.1197,24,6183,1.5873,408.9366,0.5537,0.3969
flow_7228,0x10001c3c,05,Email,0,auto,97.2304,920.5553,387.2486,12675.5008,112.5855,211.4052,131.8683,460.5333,328.665,0.05793,11.536537,0.52443,2.47806425,1.574187,3,2.553,5.3005,988.6541,9.3973,17,6583,1.809,700.5206,0.6003,0.6398
flow_7240,0x10001c48,05,Email,0,auto,85.7083,1150.222,267.9709,10563.0778,102.7768,232.0683,125.1054,406.3582,281.2528,0.054957,2.792272,0.836089,0.52660847,0.725678,7,2.6714,8.3259,715.8611,26.0504,31,8307,1.19,318.8818,0.4948,0.4069
flow_7252,0x10001c54,05,Email,0,auto,127.0433,767.2278,396.9534,16562.73,128.6963,214.5668,112.2609,489.7338,377.4729,0.020547,5.443803,0.782587,1.65382887,1.286013,3,3.1341,11.0443,1244.078,17.213,21,8336,1.22,484.2849,0.5568,0.6218
flow_7264,0x10001c60,05,Email,0,auto,138.1531,606.1636,277.333,43070.1202,207.5334,233.1709,114.4013,546.8653,432.4639,0.044538,6.641364,0.858811,2.56662492,1.602069,3,2.8066,6.1016,778.3539,18.7697,21,5823,1.1188,310.2339,0.4344,0.6026
flow_7276,0x10001c6c,05,Email,0,auto,114.3305,1050.9531,336.4041,10647.1282,103.1849,242.3511,147.1554,509.1865,362.0312,0.019262,8.52056,0.383085,0.51584797,0.718226,4,2.2041,5.087,741.4668,9.5544,24,8073,2.5119,844.9523,0.4988,0.6119
flow_7288,0x10001c78,05,Email,0,auto,117.3787,760.9431,387.8263,51969.6967,227.9686,196.5347,145.9039,356.837,210.9331,0.057644,3.123468,0.869232,1.57181529,1.253721,2,4.3204,11.6116,1675.5778,15.2303,17,6593,1.1162,432.8861,0.545,0.547
flow_7300,0x10001c84,05,Email,0,auto,108.4107,1084.0957,300.7438,25484.4821,159.6386,275.7188,116.5823,377.3168,260.7345,0.057254,7.829109,0.485166,1.46602321,1.210794,6,4.5917,7.8618,1380.9106,19.8648,40,12029,2.0136,605.5423,0.4937,0.3806
flow_7312,0x10001c90,05,Email,0,auto,99.4836,726.2062,323.7065,54364.5463,233.1621,232.5058,101.2861,506.6735,405.3874,0.046761,9.549879,0.928865,2.73691572,1.654363,4,2.1731,10.7998,703.4329,18.7992,20,6474,1.0639,344.377,0.4683,0.5724
flow_7324,0x10001c9c,05,Email,0,auto,112.3692,986.3009,265.3019,18659.6841,136.6005,292.328,127.8053,438.6065,310.8012,0.044294,9.70828,0.479238,1.26551306,1.12495,5,4.8642,6.8418,1290.4894,14.1063,29,7693,2.0558,545.3609,0.616,0.5677
flow_7336,0x10001ca8,05,Email,0,auto,136.4075,650.6548,255.5856,38575.0472,196.4053,250.6194,102.5223,413.7727,311.2504,0.029808,4.406267,0.660696,1.11951941,1.058073,2,2.9253,5.2909,747.6703,11.1419,16,4089,1.436,366.9938,0.5748,0.5968
flow_7348,0x10001cb4,05,Email,0,auto,124.2046,882.8377,360.6964,11273.3333,106.176,236.0548,133.9802,441.2526,307.2724,0.016423,6.565131,0.941557,0.97546806,0.987658,5,2.9971,10.7127,1081.0426,29.9,31,11181,1.0368,373.9464,0.4274,0.3837
flow_7360,0x10001cc0,05,Email,0,auto,83.2804,966.8834,360.2329,18765.9247,136.9888,252.0215,152.6461,450.5055,297.8593,0.033722,10.330929,0.527247,2.4351183,1.560487,13,4.2566,6.7977,1533.3708,26.6583,50,18011,1.8756,675.6245,0.5605,0.4519
flow_7372,0x10001ccc,05,Email,0,auto,87.6628,804.1375,222.1929,18623.9036,136.4694,208.5382,107.2058,470.3495,363.1437,0.023172,10.921828,0.943693,0.73905738,0.859684,7,2.5152,9.3165,558.8542,29.4878,31,6887,1.0513,233.5542,0.4446,0.4838
flow_7384,0x10001cd8,05,Email,0,auto,115.0026,966.5809,258.9379,27271.9811,165.1423,242.6365,107.5392,546.3162,438.777,0.03487,3.044692,0.929607,2.35150838,1.533463,4,3.9474,10.9688,1022.1346,21.5005,23,5955,1.0697,276.9706,0.495,0.441
flow_7396,0x10001ce4,05,Email,0,auto,120.8636,624.3949,374.3612,32975.2117,181.5908,178.3385,119.0307,549.4072,430.3765,0.0551,5.427665,0.599203,0.43125424,0.6567,7,2.3459,8.1036,878.1972,29.6675,49,18343,1.6516,618.2851,0.3944,0.5927
flow_7408,0x10001cf0,05,Email,0,auto,117.2836,673.6468,245.5875,25305.8329,159.0781,239.7008,122.7596,406.0954,283.3357,0.037391,6.404666,0.427091,0.4943045,0.703068,5,3.3666,5.0246,826.7987,13.052,30,7367,2.2985,564.4364,0.5152,0.5167
flow_7420,0x10001cfc,05,Email,0,auto,89.8699,1048.7863,374.3508,53746.4955,231.8329,184.4508,107.7213,452.2298,344.5086,0.038605,11.495979,0.584436,3.23746715,1.799296,5,2.8754,7.1237,1076.4115,15.8762,27,10107,1.7007,636.6133,0.5298,0.5683
flow_7432,0x10001d08,05,Email,0,auto,81.711,1001.5756,283.3993,55645.7088,235.8934,261.5043,142.8922,384.3144,241.4222,0.027204,8.904623,0.513145,1.39321184,1.180344,9,3.019,10.8939,855.5739,22.099,43,12186,1.9458,551.4275,0.4985,0.3898
flow_7444,0x10001d14,05,Email,0,auto,93.2155,894.691,268.7328,44238.213,210.3288,267.3783,141.8727,434.2617,292.389,0.025764,11.946083,0.553602,2.24087313,1.496955,5,3.2545,9.1549,874.5878,16.2826,29,7793,1.781,478.6078,0.6181,0.6099
flow_7456,0x10001d20,05,Email,0,auto,117.1359,746.4109,331.0738,20955.389,144.7598,245.8307,137.4645,519.0787,381.6142,0.01763,11.702166,0.784503,1.78496092,1.336024,4,2.1391,5.7121,708.2031,16.8469,21,6952,1.2465,412.6577,0.4533,0.6467
flow_7468,0x10001d2c,05,Email,0,auto,131.1769,605.3507,295.6388,46691.5994,216.0824,256.0984,133.9471,374.1402,240.1931,0.052774,4.035197,0.927519,2.80097178,1.67361,4,3.2096,13.9582,948.879,12.8449,15,4434,1.1678,345.1943,0.4376,0.5787
flow_7480,0x10001d38,05,Email,0,auto,120.5261,935.1378,349.559,12162.2423,110.2826,190.0383,115.9785,441.5688,325.5903,0.058246,7.912253,0.747636,1.04354493,1.02154,7,3.4169,6.2474,1194.3941,19.8995,26,9088,1.3066,456.6941,0.5578,0.394
flow_7492,0x10001d44,05,Email,0,auto,135.4942,1049.7845,312.4727,35010.0835,187.1098,291.93,132.7474,462.9092,330.1618,0.011307,6.311208,0.714786,0.86119956,0.928008,6,3.6253,7.0197,1132.8038,27.7138,38,11873,1.3712,428.4142,0.4954,0.4209
flow_7504,0x10001d50,05,Email,0,auto,120.7599,759.1889,297.5396,38986.9919,197.4512,284.8639,101.3895,445.0941,343.7046,0.029064,10.259787,0.797153,2.96743378,1.722624,4,4.999,10.691,1487.3981,23.0552,28,8331,1.2145,361.3507,0.3885,0.4308
flow_7516,0x10001d5c,05,Email,0,auto,85.978,952.905,269.7019,12759.4565,112.9578,267.2601,123.9236,503.9565,380.0329,0.02276,7.537639,0.287198,1.58111152,1.257423,11,4.8885,8.7998,1318.4487,21.4683,74,19957,3.4469,929.6031,0.3918,0.5281
flow_7528,0x10001d68,05,Email,0,auto,116.6493,608.2679,376.567,53638.4551,231.5998,277.7315,151.1968,543.483,392.2863,0.024251,6.82745,0.497984,1.55910382,1.248641,10,3.538,13.1867,1332.291,27.3453,54,20334,1.9747,743.6026,0.5004,0.3558
flow_7540,0x10001d74,05,Email,0,auto,109.0031,1052.9476,241.7617,9826.7552,99.13,253.1212,100.0734,410.6279,310.5544,0.011106,10.68106,0.348862,1.09939671,1.048521,8,2.2306,11.0108,539.2815,19.1757,54,13055,2.8161,680.8106,0.5588,0.6453
flow_7552,0x10001d80,05,Email,0,auto,112.6326,769.4632,275.6504,19295.7311,138.9091,293.3256,110.1723,351.48,241.3078,0.056282,11.189872,0.649734,2.26976619,1.506574,8,2.6938,12.8497,742.5408,17.5595,27,7442,1.5376,423.8151,0.5313,0.4959
flow_7564,0x10001d8c,05,Email,0,auto,94.2447,938.9899,254.811,17400.3371,131.9103,229.4768,152.494,541.9573,389.4633,0.054462,3.085664,0.489006,0.95665599,0.978088,3,3.0114,7.6378,767.342,8.0339,16,4076,1.9915,507.3472,0.5657,0.4785
flow_7576,0x10001d98,05,Email,0,auto,97.1315,1150.2491,326.0964,51455.8648,226.8389,279.9853,159.8437,451.9759,292.1323,0.030237,5.259215,0.316624,2.37372537,1.54069,17,3.7788,9.1435,1232.2688,29.0437,91,29674,3.1332,1021.703,0.5217,0.3799
flow_7588,0x10001da4,05,Email,0,auto,90.4548,850.4689,297.4455,11769.2122,108.486,178.1929,157.8495,382.4323,224.5828,0.041743,8.809417,0.574815,0.90829917,0.953047,10,2.5346,12.1162,753.8971,27.5189,47,13979,1.7079,507.9774,0.5324,0.406
flow_7600,0x10001db0,05,Email,0,auto,84.3047,657.4643,222.018,8600.9772,92.7415,285.4236,105.7511,472.8818,367.1307,0.027144,9.701531,0.317416,0.3748432,0.612244,14,3.9895,13.8974,885.7472,26.5497,83,18427,3.1262,694.0579,0.5809,0.429
flow_7612,0x10001dbc,05,Email,0,auto,119.5393,820.9205,254.9386,22184.475,148.9445,243.5839,111.3271,393.9917,282.6647,0.022019,8.744939,0.462715,1.85704989,1.362736,7,4.1576,9.2344,1059.9353,16.8869,36,9177,2.1318,543.438,0.3991,0.6073
flow_7624,0x10001dc8,05,Email,0,auto,94.1499,961.0361,372.6662,21484.9984,146.5776,217.5628,137.5776,473.5277,335.9501,0.02409,4.558209,0.903432,1.95144144,1.39694,3,2.1872,12.5237,815.1015,11.3419,15,5589,1.3225,492.7733,0.454,0.4577
flow_7636,0x10001dd4,05,Email,0,auto,107.2153,1005.9731,244.2603,55878.9515,236.3873,197.2531,126.5106,361.1022,234.5915,0.035426,9.495378,0.718052,0.43884558,0.662454,9,4.4092,13.6375,1076.9813,23.9355,33,8060,1.3787,336.7382,0.4708,0.5638
flow_7648,0x10001de0,05,Email,0,auto,106.9657,668.9143,255.84,49656.1723,222.8366,184.4471,129.5152,544.7376,415.2224,0.051106,8.598855,0.715899,1.08624714,1.042232,6,2.2296,6.1784,570.4165,25.8399,36,9210,1.3932,356.4255,0.5706,0.4993
flow_7660,0x10001dec,05,Email,0,auto,136.5298,1093.3879,230.8934,16338.0111,127.8202,286.7563,117.5103,452.6345,335.1242,0.059171,6.243384,0.917228,0.83729448,0.915038,4,3.5038,5.6013,809.0142,10.2954,15,3463,1.457,336.364,0.5563,0.6071
flow_7672,0x10001df8,05,Email,0,auto,110.2904,833.8884,348.8414,46029.0271,214.5438,241.1529,128.1096,396.036,267.9264,0.040496,5.354372,0.432462,2.55872853,1.599603,15,4.2569,6.1288,1484.9981,29.6597,68,23721,2.2927,799.7716,0.4147,0.5707
flow_7684,0x10001e04,05,Email,0,auto,114.6669,704.485,250.9188,19063.1934,138.0695,267.9171,107.4031,396.4089,289.0058,0.053475,3.8655,0.930935,3.01192063,1.735489,5,2.3839,11.0677,598.1547,29.9666,32,8029,1.0679,267.9321,0.4173,0.4926
flow_7696,0x10001e10,05,Email,0,auto,124.4384,991.7854,320.2054,43136.3553,207.6929,222.677,127.3522,382.7822,255.43,0.034868,3.363383,0.732749,3.22457095,1.795709,6,4.3809,12.1175,1402.7782,26.2003,35,11207,1.3359,427.7433,0.5224,0.6312
flow_7708,0x10001e1c,05,Email,0,auto,92.976,741.9038,279.0202,42831.3357,206.9573,169.7466,145.823,448.1702,302.3472,0.021998,7.888302,0.387918,2.69744882,1.642391,15,2.3795,13.558,663.929,24.9332,64,17857,2.5669,716.1942,0.591,0.4884
flow_7720,0x10001e28,05,Email,0,auto,106.9236,1154.9199,239.3107,25749.3753,160.4661,202.4042,128.3696,479.3179,350.9482,0.030266,6.928201,0.742707,1.31656603,1.147417,2,4.9118,12.1378,1175.4411,13.3729,18,4307,1.346,322.0686,0.4526,0.3881
flow_7732,0x10001e34,05,Email,0,auto,138.422,1127.7552,335.7486,25085.6298,158.3844,247.59,136.3351,379.7512,243.4161,0.057504,9.039667,0.517523,0.82801925,0.909956,9,3.9475,9.9172,1325.3582,23.7778,45,15108,1.8925,635.3836,0.4756,0.5368
flow_7744,0x10001e40,05,Email,0,auto,102.634,998.2497,229.0093,33520.1955,183.0852,292.1769,126.6505,494.4127,367.7623,0.049065,9.306,0.587761,0.62541132,0.79083,9,3.846,13.4436,880.7769,17.1628,29,6641,1.6897,386.9426,0.4665,0.4394
flow_7756,0x10001e4c,05,Email,0,auto,108.2728,1014.9727,240.162,44309.6638,210.4986,245.0362,101.8262,508.5204,406.6941,0.013682,11.448598,0.418864,0.58768693,0.766607,6,4.2833,12.8584,1028.6942,13.7239,32,7685,2.3317,559.9706,0.4974,0.5634
flow_7768,0x10001e58,05,Email,0,auto,85.1478,1120.4751,289.9512,13785.4555,117.4115,291.4658,133.091,499.3865,366.2955,0.046585,3.127916,0.781206,1.4880551,1.219859,10,2.2366,6.1572,648.4983,28.0237,35,10148,1.2489,362.1217,0.5011,0.4107
flow_7780,0x10001e64,05,Email,0,auto,109.25,642.7031,318.0039,10829.4062,104.0644,186.7942,102.2833,484.5955,382.3122,0.036233,7.488808,0.670092,2.76699835,1.66343,7,3.8522,5.2617,1225.0045,15.2701,22,6996,1.4407,458.1501,0.4277,0.4754
flow_7792,0x10001e70,05,Email,0,auto,91.9181,950.9441,269.9278,24072.3636,155.1527,242.679,113.5344,445.5034,331.9689,0.055715,4.288503,0.912551,1.06712851,1.033019,3,4.9627,7.1742,1339.5732,8.0544,15,4048,1.8623,502.5803,0.3812,0.4557
flow_7804,0x10001e7c,05,Email,0,auto,135.1987,1185.0777,333.4708,40554.6401,201.3818,278.7283,108.9997,414.1379,305.1382,0.025231,9.524991,0.429449,1.4507817,1.204484,4,3.6755,13.1759,1225.6637,11.1584,25,8336,2.2405,747.0637,0.4659,0.6207
flow_7816,0x10001e88,05,Email,0,auto,87.8213,745.6623,407.9615,11574.8205,107.5863,266.7934,117.4941,418.0582,300.5641,0.016524,4.16145,0.867098,0.62848928,0.792773,9,2.6303,12.6047,1073.0462,25.2417,29,11830,1.1489,468.6691,0.568,0.6412
flow_7828,0x10001e94,05,Email,0,auto,111.4055,1181.0712,393.1816,17105.8549,130.7894,178.4123,123.1335,490.3971,367.2635,0.011527,5.620217,0.50806,2.90675458,1.704921,5,2.55,11.9091,1002.5989,13.1529,25,9829,1.9007,747.2858,0.515,0.4592
flow_7840,0x10001ea0,05,Email,0,auto,132.6817,932.601,275.3415,26075.7352,161.4798,255.5869,154.2507,508.0495,353.7988,0.057324,11.132804,0.522425,0.76817252,0.876455,4,3.5039,8.9159,964.7805,11.901,22,6057,1.8486,508.9473,0.5706,0.6079
flow_7852,0x10001eac,05,Email,0,auto,97.7158,694.7727,362.1576,35124.0122,187.414,182.4946,149.6935,529.3035,379.61,0.014804,10.787751,0.547354,1.94086426,1.393149,7,4.447,8.17,1610.5133,25.2032,46,16659,1.8252,660.988,0.4444,0.4833
flow_7864,0x10001eb8,05,Email,0,auto,104.125,718.346,398.4405,53171.9486,230.5904,273.7496,133.5562,492.1562,358.6,0.018883,4.633568,0.528625,1.43779913,1.199083,12,4.1404,13.5338,1649.7095,23.7795,44,17531,1.8503,737.2313,0.5288,0.3803
flow_7876,0x10001ec4,05,Email,0,auto,96.8799,1025.1222,287.1902,17746.1085,133.2145,277.2354,157.5051,464.1607,306.6556,0.046149,5.199948,0.295317,0.53462113,0.731178,13,3.1867,5.6127,915.1949,12.7902,43,12349,3.3619,965.5046,0.5304,0.3606
flow_7888,0x10001ed0,05,Email,0,auto,100.1369,1112.3478,269.4721,50245.6108,224.1553,215.6658,110.7676,521.0072,410.2396,0.034961,9.14243,0.530519,1.10089653,1.049236,5,2.284,8.6387,615.467,18.203,34,9162,1.8678,503.3227,0.5086,0.6327
flow_7900,0x10001edc,05,Email,0,auto,114.4893,993.9993,415.9924,45609.0466,213.5627,167.0154,128.9008,447.7715,318.8707,0.058661,11.161784,0.885598,1.30090376,1.140572,2,2.1766,8.9315,905.4662,12.1749,15,6239,1.232,512.4491,0.5014,0.4634
flow_7912,0x10001ee8,05,Email,0,auto,93.9058,1166.3467,341.6238,15995.2827,126.4725,191.131,142.7966,509.8189,367.0223,0.045541,5.107771,0.880904,0.44086122,0.663974,3,4.4537,9.9666,1521.5036,14.6181,16,5465,1.0945,373.8524,0.5921,0.5318
flow_7924,0x10001ef4,05,Email,0,auto,93.6389,862.5627,382.9101,49950.8228,223.4968,207.7577,123.1433,538.8891,415.7458,0.022903,6.099267,0.320198,2.39153219,1.546458,8,4.1305,6.9408,1581.6112,18.4523,57,21825,3.0891,1182.7822,0.5094,0.4249
flow_7936,0x10001f00,05,Email,0,auto,87.4435,1004.8288,224.6007,8282.3232,91.0073,278.982,114.9439,461.078,346.1342,0.017654,8.20984,0.635749,0.76953424,0.877231,3,2.281,11.6223,512.3106,8.045,15,3369,1.8645,418.7716,0.484,0.5931
flow_7948,0x10001f0c,05,Email,0,auto,83.9902,796.6871,234.0464,8734.8809,93.4606,208.3971,130.9948,529.0101,398.0153,0.013464,7.673675,0.898762,3.14298563,1.772847,2,2.0222,12.3627,473.2975,14.7245,16,3744,1.0866,254.2694,0.6137,0.4951
flow_7960,0x10001f18,05,Email,0,auto,131.9836,623.7136,408.1749,19464.9532,139.5169,169.9815,127.968,412.6283,284.6603,0.017165,4.198595,0.641455,2.01804216,1.420578,7,4.2628,6.3049,1739.9494,29.6448,46,18776,1.5517,633.3657,0.3932,0.5152
flow_7972,0x10001f24,05,Email,0,auto,137.5167,791.6487,357.743,52556.1768,229.2513,254.8034,132.2507,546.8082,414.5574,0.019335,2.772572,0.643255,0.88436074,0.940405,10,2.7664,11.4054,989.6692,21.9086,34,12163,1.5519,555.1694,0.6027,0.4539
flow_7984,0x10001f30,05,Email,0,auto,114.971,604.1406,345.4737,17821.0191,133.4954,267.592,126.2845,391.5528,265.2683,0.026711,11.839652,0.717465,2.63225552,1.622423,3,4.2576,5.6654,1470.8937,14.4974,20,6909,1.3796,476.5691,0.4809,0.5265
flow_7996,0x10001f3c,05,Email,0,auto,87.0867,832.0835,282.0998,33720.9598,183.6327,183.5375,114.3695,455.8845,341.515,0.051052,8.596281,0.785094,1.4469132,1.202877,3,2.8901,13.7081,815.2932,13.8342,17,4795,1.2288,346.6055,0.4509,0.548
flow_8008,0x10001f48,05,ICMP,48,auto,112.0,112.0,112.0,0.104,0.3225,112.0,112.0,112.0,0.0,0.489639,0.510361,0.5,2.684e-05,0.005181,35,1.0,2.0,112.0,35.4047,70,7840,1.9771,221.4395,0.5,0.5
flow_8020,0x10001f54,05,ICMP,48,auto,104.0,104.0,104.0,0.303,0.5505,104.0,104.0,104.0,0.0,0.990247,1.009753,1.0,2.378e-05,0.004876,9,1.0,2.0,104.0,19.0308,19,1976,0.9984,103.8319,0.5,0.5
flow_8032,0x10001f60,05,ICMP,48,auto,112.0,112.0,112.0,0.6052,0.778,112.0,112.0,112.0,0.0,0.489592,0.510408,0.5,2.708e-05,0.005204,21,1.0,2.0,112.0,21.66,43,4816,1.9852,222.3458,0.5,0.5
flow_8044,0x10001f6c,05,ICMP,48,auto,96.0,96.0,96.0,0.0307,0.1753,96.0,96.0,96.0,0.0,0.98568,1.01432,1.0,5.126e-05,0.00716,11,1.0,2.0,96.0,23.5387,23,2208,0.9771,93.8029,0.5,0.5
flow_8056,0x10001f78,05,ICMP,48,auto,104.0,104.0,104.0,0.1954,0.4421,104.0,104.0,104.0,0.0,0.47448,0.52552,0.5,0.00016282,0.01276,17,1.0,2.0,104.0,17.973,35,3640,1.9474,202.5256,0.5,0.5
flow_8068,0x10001f84,05,ICMP,48,auto,104.0,104.0,104.0,0.2617,0.5116,104.0,104.0,104.0,0.0,0.483096,0.516904,0.5,7.144e-05,0.008452,22,1.0,2.0,104.0,22.6626,45,4680,1.9856,206.5072,0.5,0.5
flow_8080,0x10001f90,05,ICMP,48,auto,112.0,112.0,112.0,0.2153,0.464,112.0,112.0,112.0,0.0,0.97861,1.02139,1.0,0.00011439,0.010695,14,1.0,2.0,112.0,29.1178,29,3248,0.996,111.5468,0.5,0.5
flow_8092,0x10001f9c,05,ICMP,48,auto,112.0,112.0,112.0,0.2729,0.5224,112.0,112.0,112.0,0.0,0.975424,1.024576,1.0,0.000151,0.012288,9,1.0,2.0,112.0,19.4824,19,2128,0.9752,109.2266,0.5,0.5
flow_8104,0x10001fa8,05,ICMP,48,auto,112.0,112.0,112.0,0.2375,0.4874,112.0,112.0,112.0,0.0,0.476697,0.523303,0.5,0.00013575,0.011651,11,1.0,2.0,112.0,11.9576,23,2576,1.9235,215.4284,0.5,0.5
flow_8116,0x10001fb4,05,ICMP,48,auto,96.0,96.0,96.0,0.1301,0.3607,96.0,96.0,96.0,0.0,0.984731,1.015269,1.0,5.828e-05,0.007634,6,1.0,2.0,96.0,12.5206,12,1152,0.9584,92.0084,0.5,0.5
flow_8128,0x10001fc0,05,ICMP,48,auto,96.0,96.0,96.0,0.148,0.3847,96.0,96.0,96.0,0.0,0.981773,1.018227,1.0,8.305e-05,0.009113,19,1.0,2.0,96.0,38.064,38,3648,0.9983,95.8385,0.5,0.5
flow_8140,0x10001fcc,05,ICMP,48,auto,96.0,96.0,96.0,0.4557,0.6751,96.0,96.0,96.0,0.0,0.48936,0.51064,0.5,2.83e-05,0.00532,18,1.0,2.0,96.0,18.0033,36,3456,1.9996,191.9644,0.5,0.5
flow_8152,0x10001fd8,05,ICMP,48,auto,96.0,96.0,96.0,0.2523,0.5023,96.0,96.0,96.0,0.0,0.977733,1.022267,1.0,0.00012395,0.011133,11,1.0,2.0,96.0,22.4139,22,2112,0.9815,94.2273,0.5,0.5
flow_8164,0x10001fe4,05,ICMP,48,auto,104.0,104.0,104.0,0.0832,0.2884,104.0,104.0,104.0,0.0,0.48852,0.51148,0.5,3.295e-05,0.00574,26,1.0,2.0,104.0,26.0035,52,5408,1.9997,207.9719,0.5,0.5
flow_8176,0x10001ff0,05,ICMP,48,auto,112.0,112.0,112.0,0.0783,0.2798,112.0,112.0,112.0,0.0,0.980747,1.019253,1.0,9.267e-05,0.009627,13,1.0,2.0,112.0,26.8023,26,2912,0.9701,108.6474,0.5,0.5
flow_8188,0x10001ffc,05,ICMP,48,auto,96.0,96.0,96.0,0.0375,0.1937,96.0,96.0,96.0,0.0,0.987259,1.012741,1.0,4.059e-05,0.006371,14,1.0,2.0,96.0,28.1885,28,2688,0.9933,95.3579,0.5,0.5
flow_8200,0x10002008,05,ICMP,48,auto,96.0,96.0,96.0,0.1497,0.3869,96.0,96.0,96.0,0.0,0.983572,1.016428,1.0,6.747e-05,0.008214,5,1.0,2.0,96.0,10.4278,10,960,0.959,92.062,0.5,0.5
flow_8212,0x10002014,05,ICMP,48,auto,96.0,96.0,96.0,0.1335,0.3653,96.0,96.0,96.0,0.0,0.493993,0.506007,0.5,9.02e-06,0.003004,15,1.0,2.0,96.0,15.1821,30,2880,1.976,189.6971,0.5,0.5
flow_8224,0x10002020,05,ICMP,48,auto,104.0,104.0,104.0,0.0115,0.1071,104.0,104.0,104.0,0.0,0.986354,1.013646,1.0,4.656e-05,0.006823,5,1.0,2.0,104.0,11.9066,11,1144,0.9239,96.0813,0.5,0.5
flow_8236,0x1000202c,05,ICMP,48,auto,112.0,112.0,112.0,0.1608,0.401,112.0,112.0,112.0,0.0,0.479743,0.520257,0.5,0.00010258,0.010128,31,1.0,2.0,112.0,31.9543,63,7056,1.9716,220.8152,0.5,0.5
flow_8248,0x10002038,05,ICMP,48,auto,96.0,96.0,96.0,0.4862,0.6973,96.0,96.0,96.0,0.0,0.993265,1.006735,1.0,1.134e-05,0.003367,19,1.0,2.0,96.0,39.574,39,3744,0.9855,94.6076,0.5,0.5
flow_8260,0x10002044,05,ICMP,48,auto,104.0,104.0,104.0,0.0776,0.2786,104.0,104.0,104.0,0.0,0.98372,1.01628,1.0,6.626e-05,0.00814,13,1.0,2.0,104.0,27.949,27,2808,0.966,100.4688,0.5,0.5
flow_8272,0x10002050,05,ICMP,48,auto,112.0,112.0,112.0,0.1164,0.3412,112.0,112.0,112.0,0.0,0.490846,0.509154,0.5,2.095e-05,0.004577,32,1.0,2.0,112.0,32.2933,64,7168,1.9818,221.9657,0.5,0.5
flow_8284,0x1000205c,05,ICMP,48,auto,104.0,104.0,104.0,0.636,0.7975,104.0,104.0,104.0,0.0,0.979493,1.020507,1.0,0.00010513,0.010253,11,1.0,2.0,104.0,22.2848,22,2288,0.9872,102.6708,0.5,0.5
flow_8296,0x10002068,05,ICMP,48,auto,104.0,104.0,104.0,0.5145,0.7173,104.0,104.0,104.0,0.0,0.986664,1.013336,1.0,4.446e-05,0.006668,7,1.0,2.0,104.0,15.0084,15,1560,0.9994,103.9415,0.5,0.5
flow_8308,0x10002074,05,ICMP,48,auto,104.0,104.0,104.0,0.1325,0.364,104.0,104.0,104.0,0.0,0.494213,0.505787,0.5,8.37e-06,0.002893,22,1.0,2.0,104.0,22.7258,45,4680,1.9801,205.933,0.5,0.5
flow_8320,0x10002080,05,ICMP,48,auto,104.0,104.0,104.0,0.094,0.3065,104.0,104.0,104.0,0.0,0.492032,0.507968,0.5,1.587e-05,0.003984,29,1.0,2.0,104.0,29.377,58,6032,1.9743,205.3306,0.5,0.5
flow_8332,0x1000208c,05,ICMP,48,auto,96.0,96.0,96.0,0.0309,0.1759,96.0,96.0,96.0,0.0,0.492939,0.507061,0.5,1.247e-05,0.003531,19,1.0,2.0,96.0,19.1363,38,3648,1.9857,190.632,0.5,0.5
flow_8344,0x10002098,05,ICMP,48,auto,96.0,96.0,96.0,0.0717,0.2678,96.0,96.0,96.0,0.0,0.477853,0.522147,0.5,0.00012262,0.011073,21,1.0,2.0,96.0,21.1944,42,4032,1.9817,190.2385,0.5,0.5
flow_8356,0x100020a4,05,ICMP,48,auto,104.0,104.0,104.0,0.6199,0.7873,104.0,104.0,104.0,0.0,0.979945,1.020055,1.0,0.00010055,0.010028,17,1.0,2.0,104.0,34.1351,34,3536,0.996,103.5884,0.5,0.5
flow_8368,0x100020b0,05,ICMP,48,auto,104.0,104.0,104.0,0.4004,0.6327,104.0,104.0,104.0,0.0,0.490819,0.509181,0.5,2.107e-05,0.004591,30,1.0,2.0,104.0,30.9214,61,6344,1.9727,205.1654,0.5,0.5
flow_8380,0x100020bc,05,ICMP,48,auto,104.0,104.0,104.0,0.5551,0.745,104.0,104.0,104.0,0.0,0.476462,0.523538,0.5,0.00013851,0.011769,14,1.0,2.0,104.0,14.2738,28,2912,1.9616,204.0095,0.5,0.5
flow_8392,0x100020c8,05,ICMP,48,auto,96.0,96.0,96.0,0.5124,0.7159,96.0,96.0,96.0,0.0,0.977073,1.022927,1.0,0.00013141,0.011463,17,1.0,2.0,96.0,35.4444,35,3360,0.9875,94.7964,0.5,0.5
flow_8404,0x100020d4,05,ICMP,48,auto,104.0,104.0,104.0,0.0949,0.308,104.0,104.0,104.0,0.0,0.492792,0.507208,0.5,1.299e-05,0.003604,24,1.0,2.0,104.0,24.1826,48,4992,1.9849,206.4296,0.5,0.5
flow_8416,0x100020e0,05,ICMP,48,auto,104.0,104.0,104.0,0.5698,0.7549,104.0,104.0,104.0,0.0,0.477517,0.522483,0.5,0.00012637,0.011241,38,1.0,2.0,104.0,38.6622,77,8008,1.9916,207.1273,0.5,0.5
flow_8428,0x100020ec,05,ICMP,48,auto,112.0,112.0,112.0,0.6287,0.7929,112.0,112.0,112.0,0.0,0.980188,1.019812,1.0,9.813e-05,0.009906,18,1.0,2.0,112.0,37.0991,37,4144,0.9973,111.7008,0.5,0.5
flow_8440,0x100020f8,05,ICMP,48,auto,104.0,104.0,104.0,0.0437,0.2091,104.0,104.0,104.0,0.0,0.988961,1.011039,1.0,3.046e-05,0.005519,13,1.0,2.0,104.0,26.4707,26,2704,0.9822,102.1508,0.5,0.5
flow_8452,0x10002104,05,ICMP,48,auto,112.0,112.0,112.0,0.2374,0.4872,112.0,112.0,112.0,0.0,0.477195,0.522805,0.5,0.00013001,0.011402,39,1.0,2.0,112.0,39.2663,78,8736,1.9864,222.4811,0.5,0.5
flow_8464,0x10002110,05,ICMP,48,auto,112.0,112.0,112.0,0.0658,0.2566,112.0,112.0,112.0,0.0,0.97819,1.02181,1.0,0.00011892,0.010905,10,1.0,2.0,112.0,21.6054,21,2352,0.972,108.8616,0.5,0.5
flow_8476,0x1000211c,05,ICMP,48,auto,112.0,112.0,112.0,0.1233,0.3512,112.0,112.0,112.0,0.0,0.992404,1.007596,1.0,1.442e-05,0.003798,14,1.0,2.0,112.0,28.3314,28,3136,0.9883,110.6899,0.5,0.5
flow_8488,0x10002128,05,ICMP,48,auto,112.0,112.0,112.0,0.0292,0.171,112.0,112.0,112.0,0.0,0.988073,1.011927,1.0,3.556e-05,0.005963,6,1.0,2.0,112.0,12.0247,12,1344,0.9979,111.7701,0.5,0.5
flow_8500,0x10002134,05,ICMP,48,auto,104.0,104.0,104.0,0.0823,0.2869,104.0,104.0,104.0,0.0,0.47664,0.52336,0.5,0.00013642,0.01168,19,1.0,2.0,104.0,19.0339,38,3952,1.9964,207.6292,0.5,0.5
flow_8512,0x10002140,05,ICMP,48,auto,112.0,112.0,112.0,0.0586,0.242,112.0,112.0,112.0,0.0,0.487621,0.512379,0.5,3.831e-05,0.006189,28,1.0,2.0,112.0,28.7132,57,6384,1.9852,222.3371,0.5,0.5
flow_8524,0x1000214c,05,ICMP,48,auto,96.0,96.0,96.0,0.0241,0.1553,96.0,96.0,96.0,0.0,0.490232,0.509768,0.5,2.385e-05,0.004884,15,1.0,2.0,96.0,15.4439,30,2880,1.9425,186.4819,0.5,0.5
flow_8536,0x10002158,05,ICMP,48,auto,112.0,112.0,112.0,0.2651,0.5149,112.0,112.0,112.0,0.0,0.486567,0.513433,0.5,4.511e-05,0.006716,33,1.0,2.0,112.0,33.4208,66,7392,1.9748,221.1794,0.5,0.5
flow_8548,0x10002164,05,ICMP,48,auto,96.0,96.0,96.0,0.4357,0.6601,96.0,96.0,96.0,0.0,0.480847,0.519153,0.5,9.171e-05,0.009576,24,1.0,2.0,96.0,24.7192,49,4704,1.9823,190.2977,0.5,0.5
flow_8560,0x10002170,05,ICMP,48,auto,104.0,104.0,104.0,0.1125,0.3354,104.0,104.0,104.0,0.0,0.978276,1.021724,1.0,0.00011798,0.010862,18,1.0,2.0,104.0,36.3297,36,3744,0.9909,103.0562,0.5,0.5
flow_8572,0x1000217c,05,ICMP,48,auto,112.0,112.0,112.0,0.3686,0.6071,112.0,112.0,112.0,0.0,0.485184,0.514816,0.5,5.488e-05,0.007408,23,1.0,2.0,112.0,23.8407,47,5264,1.9714,220.7984,0.5,0.5
flow_8584,0x10002188,05,ICMP,48,auto,96.0,96.0,96.0,0.0515,0.2269,96.0,96.0,96.0,0.0,0.479418,0.520582,0.5,0.0001059,0.010291,10,1.0,2.0,96.0,10.8007,21,2016,1.9443,186.6551,0.5,0.5
flow_8596,0x10002194,05,ICMP,48,auto,96.0,96.0,96.0,0.0814,0.2853,96.0,96.0,96.0,0.0,0.979082,1.020918,1.0,0.00010939,0.010459,9,1.0,2.0,96.0,18.2367,18,1728,0.987,94.7541,0.5,0.5
flow_8608,0x100021a0,05,ICMP,48,auto,104.0,104.0,104.0,0.3213,0.5669,104.0,104.0,104.0,0.0,0.989971,1.010029,1.0,2.515e-05,0.005015,5,1.0,2.0,104.0,11.0111,11,1144,0.999,103.8948,0.5,0.5
flow_8620,0x100021ac,05,ICMP,48,auto,104.0,104.0,104.0,0.036,0.1898,104.0,104.0,104.0,0.0,0.990011,1.009989,1.0,2.494e-05,0.004994,8,1.0,2.0,104.0,17.4457,17,1768,0.9745,101.3431,0.5,0.5
flow_8632,0x100021b8,05,ICMP,48,auto,104.0,104.0,104.0,0.153,0.3912,104.0,104.0,104.0,0.0,0.984423,1.015577,1.0,6.066e-05,0.007789,12,1.0,2.0,104.0,25.501,25,2600,0.9804,101.9568,0.5,0.5
flow_8644,0x100021c4,05,ICMP,48,auto,104.0,104.0,104.0,0.3919,0.626,104.0,104.0,104.0,0.0,0.483653,0.516347,0.5,6.68e-05,0.008173,29,1.0,2.0,104.0,29.5136,59,6136,1.9991,207.9043,0.5,0.5
flow_8656,0x100021d0,05,ICMP,48,auto,96.0,96.0,96.0,0.324,0.5692,96.0,96.0,96.0,0.0,0.474656,0.525344,0.5,0.00016058,0.012672,31,1.0,2.0,96.0,31.4427,62,5952,1.9718,189.2969,0.5,0.5
flow_8668,0x100021dc,05,ICMP,48,auto,112.0,112.0,112.0,0.0401,0.2002,112.0,112.0,112.0,0.0,0.477397,0.522603,0.5,0.00012773,0.011302,28,1.0,2.0,112.0,28.3555,56,6272,1.9749,221.1914,0.5,0.5
flow_8680,0x100021e8,05,ICMP,48,auto,112.0,112.0,112.0,0.1707,0.4131,112.0,112.0,112.0,0.0,0.48468,0.51532,0.5,5.868e-05,0.00766,28,1.0,2.0,112.0,28.6334,57,6384,1.9907,222.9564,0.5,0.5
flow_8692,0x100021f4,05,ICMP,48,auto,112.0,112.0,112.0,0.1626,0.4033,112.0,112.0,112.0,0.0,0.991857,1.008143,1.0,1.658e-05,0.004071,15,1.0,2.0,112.0,30.6031,30,3360,0.9803,109.7927,0.5,0.5
flow_8704,0x10002200,05,ICMP,48,auto,112.0,112.0,112.0,0.2106,0.4589,112.0,112.0,112.0,0.0,0.989151,1.010849,1.0,2.943e-05,0.005425,13,1.0,2.0,112.0,26.6877,26,2912,0.9742,109.114,0.5,0.5
flow_8716,0x1000220c,05,ICMP,48,auto,112.0,112.0,112.0,0.0591,0.2431,112.0,112.0,112.0,0.0,0.484688,0.515312,0.5,5.861e-05,0.007656,33,1.0,2.0,112.0,33.9475,67,7504,1.9736,221.047,0.5,0.5
flow_8728,0x10002218,05,ICMP,48,auto,96.0,96.0,96.0,0.0879,0.2964,96.0,96.0,96.0,0.0,0.984042,1.015958,1.0,6.367e-05,0.007979,11,1.0,2.0,96.0,22.9343,22,2112,0.9593,92.0892,0.5,0.5
flow_8740,0x10002224,05,ICMP,48,auto,112.0,112.0,112.0,0.0221,0.1485,112.0,112.0,112.0,0.0,0.494254,0.505746,0.5,8.25e-06,0.002873,13,1.0,2.0,112.0,13.9761,27,3024,1.9319,216.3691,0.5,0.5
flow_8752,0x10002230,05,ICMP,48,auto,96.0,96.0,96.0,0.0495,0.2224,96.0,96.0,96.0,0.0,0.977804,1.022196,1.0,0.00012317,0.011098,8,1.0,2.0,96.0,16.911,16,1536,0.9461,90.8285,0.5,0.5
flow_8764,0x1000223c,05,ICMP,48,auto,104.0,104.0,104.0,0.0124,0.1112,104.0,104.0,104.0,0.0,0.477903,0.522097,0.5,0.00012207,0.011049,32,1.0,2.0,104.0,32.027,64,6656,1.9983,207.8245,0.5,0.5
flow_8776,0x10002248,05,ICMP,48,auto,96.0,96.0,96.0,0.4055,0.6368,96.0,96.0,96.0,0.0,0.479658,0.520342,0.5,0.00010345,0.010171,26,1.0,2.0,96.0,26.1144,52,4992,1.9912,191.1592,0.5,0.5
flow_8788,0x10002254,05,ICMP,48,auto,96.0,96.0,96.0,0.1021,0.3195,96.0,96.0,96.0,0.0,0.982934,1.017066,1.0,7.281e-05,0.008533,5,1.0,2.0,96.0,11.9124,11,1056,0.9234,88.6475,0.5,0.5
flow_8800,0x10002260,05,ICMP,48,auto,104.0,104.0,104.0,0.0148,0.1216,104.0,104.0,104.0,0.0,0.494621,0.505379,0.5,7.23e-06,0.00269,13,1.0,2.0,104.0,13.3584,26,2704,1.9463,202.4199,0.5,0.5
flow_8812,0x1000226c,05,ICMP,48,auto,96.0,96.0,96.0,0.031,0.176,96.0,96.0,96.0,0.0,0.477016,0.522984,0.5,0.00013206,0.011492,18,1.0,2.0,96.0,18.107,36,3456,1.9882,190.8649,0.5,0.5
flow_8824,0x10002278,05,ICMP,48,auto,104.0,104.0,104.0,0.4009,0.6331,104.0,104.0,104.0,0.0,0.994973,1.005027,1.0,6.32e-06,0.002513,7,1.0,2.0,104.0,14.0347,14,1456,0.9975,103.743,0.5,0.5
flow_8836,0x10002284,05,ICMP,48,auto,96.0,96.0,96.0,0.3638,0.6032,96.0,96.0,96.0,0.0,0.983815,1.016185,1.0,6.549e-05,0.008093,15,1.0,2.0,96.0,31.6177,31,2976,0.9805,94.1244,0.5,0.5
flow_8848,0x10002290,05,ICMP,48,auto,96.0,96.0,96.0,0.3087,0.5556,96.0,96.0,96.0,0.0,0.477015,0.522985,0.5,0.00013208,0.011493,35,1.0,2.0,96.0,35.3401,70,6720,1.9808,190.1521,0.5,0.5
flow_8860,0x1000229c,05,ICMP,48,auto,96.0,96.0,96.0,0.2161,0.4649,96.0,96.0,96.0,0.0,0.974991,1.025009,1.0,0.00015637,0.012505,18,1.0,2.0,96.0,36.7667,36,3456,0.9791,93.9981,0.5,0.5
flow_8872,0x100022a8,05,ICMP,48,auto,112.0,112.0,112.0,0.0736,0.2713,112.0,112.0,112.0,0.0,0.483741,0.516259,0.5,6.609e-05,0.008129,15,1.0,2.0,112.0,15.8856,31,3472,1.9514,218.5621,0.5,0.5
flow_8884,0x100022b4,05,ICMP,48,auto,104.0,104.0,104.0,0.2883,0.5369,104.0,104.0,104.0,0.0,0.486233,0.513767,0.5,4.738e-05,0.006883,24,1.0,2.0,104.0,24.9333,49,5096,1.9652,204.3849,0.5,0.5
flow_8896,0x100022c0,05,ICMP,48,auto,104.0,104.0,104.0,0.0297,0.1723,104.0,104.0,104.0,0.0,0.992084,1.007916,1.0,1.567e-05,0.003958,13,1.0,2.0,104.0,27.8811,27,2808,0.9684,100.7132,0.5,0.5
flow_8908,0x100022cc,05,ICMP,48,auto,104.0,104.0,104.0,0.1157,0.3401,104.0,104.0,104.0,0.0,0.478353,0.521647,0.5,0.00011715,0.010823,10,1.0,2.0,104.0,10.9386,21,2184,1.9198,199.6601,0.5,0.5
flow_8920,0x100022d8,05,ICMP,48,auto,96.0,96.0,96.0,0.3648,0.604,96.0,96.0,96.0,0.0,0.494697,0.505303,0.5,7.03e-06,0.002651,19,1.0,2.0,96.0,19.6337,39,3744,1.9864,190.6926,0.5,0.5
flow_8932,0x100022e4,05,ICMP,48,auto,104.0,104.0,104.0,0.024,0.1549,104.0,104.0,104.0,0.0,0.485378,0.514622,0.5,5.345e-05,0.007311,26,1.0,2.0,104.0,26.2668,52,5408,1.9797,205.8871,0.5,0.5
flow_8944,0x100022f0,05,ICMP,48,auto,96.0,96.0,96.0,0.5078,0.7126,96.0,96.0,96.0,0.0,0.989602,1.010398,1.0,2.703e-05,0.005199,8,1.0,2.0,96.0,16.0698,16,1536,0.9957,95.583,0.5,0.5
flow_8956,0x100022fc,05,ICMP,48,auto,112.0,112.0,112.0,0.5623,0.7499,112.0,112.0,112.0,0.0,0.974832,1.025168,1.0,0.00015836,0.012584,12,1.0,2.0,112.0,24.356,24,2688,0.9854,110.3629,0.5,0.5
flow_8968,0x10002308,05,ICMP,48,auto,104.0,104.0,104.0,0.3074,0.5545,104.0,104.0,104.0,0.0,0.987011,1.012989,1.0,4.218e-05,0.006494,16,1.0,2.0,104.0,33.6313,33,3432,0.9812,102.0479,0.5,0.5
flow_8980,0x10002314,05,ICMP,48,auto,104.0,104.0,104.0,0.2458,0.4958,104.0,104.0,104.0,0.0,0.991875,1.008125,1.0,1.65e-05,0.004062,6,1.0,2.0,104.0,13.0293,13,1352,0.9978,103.7662,0.5,0.5
flow_8992,0x10002320,05,ICMP,48,auto,104.0,104.0,104.0,0.0378,0.1944,104.0,104.0,104.0,0.0,0.478136,0.521864,0.5,0.00011951,0.010932,17,1.0,2.0,104.0,17.3996,34,3536,1.9541,203.2234,0.5,0.5
flow_9004,0x1000232c,05,ICMP,48,auto,112.0,112.0,112.0,0.1829,0.4277,112.0,112.0,112.0,0.0,0.98534,1.01466,1.0,5.373e-05,0.00733,5,1.0,2.0,112.0,10.2412,10,1120,0.9764,109.3618,0.5,0.5
flow_9016,0x10002338,05,ICMP,48,auto,104.0,104.0,104.0,0.1051,0.3242,104.0,104.0,104.0,0.0,0.487623,0.512377,0.5,3.83e-05,0.006188,18,1.0,2.0,104.0,18.2323,36,3744,1.9745,205.3499,0.5,0.5
flow_9028,0x10002344,05,ICMP,48,auto,104.0,104.0,104.0,0.0492,0.2219,104.0,104.0,104.0,0.0,0.976844,1.023156,1.0,0.00013405,0.011578,15,1.0,2.0,104.0,30.8822,30,3120,0.9714,101.0292,0.5,0.5
flow_9040,0x10002350,05,ICMP,48,auto,104.0,104.0,104.0,0.0115,0.1073,104.0,104.0,104.0,0.0,0.489188,0.510812,0.5,2.922e-05,0.005406,22,1.0,2.0,104.0,22.559,45,4680,1.9948,207.4562,0.5,0.5
flow_9052,0x1000235c,05,ICMP,48,auto,112.0,112.0,112.0,0.0296,0.1719,112.0,112.0,112.0,0.0,0.986931,1.013069,1.0,4.27e-05,0.006534,19,1.0,2.0,112.0,38.466,38,4256,0.9879,110.6433,0.5,0.5
flow_9064,0x10002368,05,ICMP,48,auto,104.0,104.0,104.0,0.5228,0.7231,104.0,104.0,104.0,0.0,0.478311,0.521689,0.5,0.0001176,0.010844,36,1.0,2.0,104.0,36.2348,72,7488,1.987,206.6522,0.5,0.5
flow_9076,0x10002374,05,ICMP,48,auto,96.0,96.0,96.0,0.0366,0.1912,96.0,96.0,96.0,0.0,0.488331,0.511669,0.5,3.404e-05,0.005835,30,1.0,2.0,96.0,30.8473,61,5856,1.9775,189.8381,0.5,0.5
flow_9088,0x10002380,05,ICMP,48,auto,104.0,104.0,104.0,0.2655,0.5153,104.0,104.0,104.0,0.0,0.977621,1.022379,1.0,0.00012521,0.01119,17,1.0,2.0,104.0,34.6464,34,3536,0.9813,102.0597,0.5,0.5
flow_9100,0x1000238c,05,ICMP,48,auto,104.0,104.0,104.0,0.5253,0.7248,104.0,104.0,104.0,0.0,0.990585,1.009415,1.0,2.216e-05,0.004707,17,1.0,2.0,104.0,35.3624,35,3640,0.9898,102.9341,0.5,0.5
flow_9112,0x10002398,05,ICMP,48,auto,96.0,96.0,96.0,0.1142,0.3379,96.0,96.0,96.0,0.0,0.488076,0.511924,0.5,3.555e-05,0.005962,36,1.0,2.0,96.0,36.2454,72,6912,1.9865,190.7002,0.5,0.5
flow_9124,0x100023a4,05,ICMP,48,auto,104.0,104.0,104.0,0.0742,0.2723,104.0,104.0,104.0,0.0,0.979418,1.020582,1.0,0.00010591,0.010291,12,1.0,2.0,104.0,25.0525,25,2600,0.9979,103.7819,0.5,0.5
flow_9136,0x100023b0,05,ICMP,48,auto,112.0,112.0,112.0,0.0275,0.1659,112.0,112.0,112.0,0.0,0.48118,0.51882,0.5,8.855e-05,0.00941,39,1.0,2.0,112.0,39.4007,78,8736,1.9797,221.7218,0.5,0.5
flow_9148,0x100023bc,05,ICMP,48,auto,96.0,96.0,96.0,0.0681,0.2609,96.0,96.0,96.0,0.0,0.976103,1.023897,1.0,0.00014277,0.011949,17,1.0,2.0,96.0,35.9811,35,3360,0.9727,93.3822,0.5,0.5
flow_9160,0x100023c8,05,ICMP,48,auto,112.0,112.0,112.0,0.1384,0.3721,112.0,112.0,112.0,0.0,0.481378,0.518622,0.5,8.669e-05,0.009311,25,1.0,2.0,112.0,25.7431,51,5712,1.9811,221.8849,0.5,0.5
flow_9172,0x100023d4,05,ICMP,48,auto,104.0,104.0,104.0,0.1684,0.4103,104.0,104.0,104.0,0.0,0.47828,0.52172,0.5,0.00011794,0.01086,18,1.0,2.0,104.0,18.8121,37,3848,1.9668,204.5487,0.5,0.5
flow_9184,0x100023e0,05,ICMP,48,auto,104.0,104.0,104.0,0.5853,0.765,104.0,104.0,104.0,0.0,0.475857,0.524143,0.5,0.00014572,0.012071,13,1.0,2.0,104.0,13.4834,26,2704,1.9283,200.5431,0.5,0.5
flow_9196,0x100023ec,05,ICMP,48,auto,112.0,112.0,112.0,0.1601,0.4001,112.0,112.0,112.0,0.0,0.488248,0.511752,0.5,3.453e-05,0.005876,26,1.0,2.0,112.0,26.4044,52,5824,1.9694,220.5691,0.5,0.5
flow_9208,0x100023f8,05,ICMP,48,auto,104.0,104.0,104.0,0.4046,0.6361,104.0,104.0,104.0,0.0,0.982003,1.017997,1.0,8.098e-05,0.008999,19,1.0,2.0,104.0,39.9948,39,4056,0.9751,101.4133,0.5,0.5
flow_9220,0x10002404,05,ICMP,48,auto,96.0,96.0,96.0,0.1036,0.3219,96.0,96.0,96.0,0.0,0.989483,1.010517,1.0,2.765e-05,0.005258,16,1.0,2.0,96.0,33.6704,33,3168,0.9801,94.0887,0.5,0.5
flow_9232,0x10002410,05,ICMP,48,auto,96.0,96.0,96.0,0.0399,0.1998,96.0,96.0,96.0,0.0,0.479672,0.520328,0.5,0.0001033,0.010164,28,1.0,2.0,96.0,28.334,56,5376,1.9764,189.7366,0.5,0.5
flow_9244,0x1000241c,05,ICMP,48,auto,96.0,96.0,96.0,0.1333,0.3651,96.0,96.0,96.0,0.0,0.994237,1.005763,1.0,8.3e-06,0.002881,14,1.0,2.0,96.0,28.3626,28,2688,0.9872,94.7728,0.5,0.5
flow_9256,0x10002428,05,ICMP,48,auto,96.0,96.0,96.0,0.1991,0.4462,96.0,96.0,96.0,0.0,0.982702,1.017298,1.0,7.481e-05,0.008649,7,1.0,2.0,96.0,14.8653,14,1344,0.9418,90.4117,0.5,0.5
flow_9268,0x10002434,05,ICMP,48,auto,112.0,112.0,112.0,0.0851,0.2918,112.0,112.0,112.0,0.0,0.975916,1.024084,1.0,0.00014501,0.012042,11,1.0,2.0,112.0,22.9114,22,2464,0.9602,107.5447,0.5,0.5
flow_9280,0x10002440,05,ICMP,48,auto,112.0,112.0,112.0,0.2585,0.5084,112.0,112.0,112.0,0.0,0.985836,1.014164,1.0,5.016e-05,0.007082,16,1.0,2.0,112.0,32.0748,32,3584,0.9977,111.7387,0.5,0.5
flow_9292,0x1000244c,05,ICMP,48,auto,104.0,104.0,104.0,0.4872,0.698,104.0,104.0,104.0,0.0,0.494508,0.505492,0.5,7.54e-06,0.002746,17,1.0,2.0,104.0,17.3445,34,3536,1.9603,203.8686,0.5,0.5
flow_9304,0x10002458,05,ICMP,48,auto,112.0,112.0,112.0,0.1078,0.3283,112.0,112.0,112.0,0.0,0.484798,0.515202,0.5,5.777e-05,0.007601,18,1.0,2.0,112.0,18.6741,37,4144,1.9814,221.9118,0.5,0.5
flow_9316,0x10002464,05,ICMP,48,auto,104.0,104.0,104.0,0.4624,0.68,104.0,104.0,104.0,0.0,0.976589,1.023411,1.0,0.00013702,0.011706,17,1.0,2.0,104.0,35.0547,35,3640,0.9984,103.8377,0.5,0.5
flow_9328,0x10002470,05,ICMP,48,auto,96.0,96.0,96.0,0.115,0.3391,96.0,96.0,96.0,0.0,0.976163,1.023837,1.0,0.00014205,0.011918,18,1.0,2.0,96.0,36.4876,36,3456,0.9866,94.7172,0.5,0.5
flow_9340,0x1000247c,05,ICMP,48,auto,96.0,96.0,96.0,0.3781,0.6149,96.0,96.0,96.0,0.0,0.477113,0.522887,0.5,0.00013095,0.011443,12,1.0,2.0,96.0,12.17,24,2304,1.9721,189.3185,0.5,0.5
flow_9352,0x10002488,05,ICMP,48,auto,96.0,96.0,96.0,0.075,0.2739,96.0,96.0,96.0,0.0,0.976757,1.023243,1.0,0.00013506,0.011621,13,1.0,2.0,96.0,27.0587,27,2592,0.9978,95.7919,0.5,0.5
flow_9364,0x10002494,05,ICMP,48,auto,96.0,96.0,96.0,0.6325,0.7953,96.0,96.0,96.0,0.0,0.494173,0.505827,0.5,8.49e-06,0.002913,27,1.0,2.0,96.0,27.8177,55,5280,1.9772,189.8073,0.5,0.5
flow_9376,0x100024a0,05,ICMP,48,auto,112.0,112.0,112.0,0.0358,0.1892,112.0,112.0,112.0,0.0,0.993061,1.006939,1.0,1.204e-05,0.003469,15,1.0,2.0,112.0,31.7111,31,3472,0.9776,109.4886,0.5,0.5
flow_9388,0x100024ac,05,ICMP,48,auto,96.0,96.0,96.0,0.3624,0.602,96.0,96.0,96.0,0.0,0.484234,0.515766,0.5,6.214e-05,0.007883,14,1.0,2.0,96.0,14.5047,29,2784,1.9993,191.9372,0.5,0.5
flow_9400,0x100024b8,05,ICMP,48,auto,96.0,96.0,96.0,0.3195,0.5652,96.0,96.0,96.0,0.0,0.485116,0.514884,0.5,5.538e-05,0.007442,15,1.0,2.0,96.0,15.1387,30,2880,1.9817,190.2413,0.5,0.5
flow_9412,0x100024c4,05,ICMP,48,auto,112.0,112.0,112.0,0.1096,0.3311,112.0,112.0,112.0,0.0,0.491608,0.508392,0.5,1.76e-05,0.004196,23,1.0,2.0,112.0,23.1154,46,5152,1.99,222.8822,0.5,0.5
flow_9424,0x100024d0,05,ICMP,48,auto,96.0,96.0,96.0,0.5078,0.7126,96.0,96.0,96.0,0.0,0.475418,0.524582,0.5,0.00015107,0.012291,24,1.0,2.0,96.0,24.0562,48,4608,1.9953,191.5517,0.5,0.5
flow_9436,0x100024dc,05,ICMP,48,auto,96.0,96.0,96.0,0.283,0.532,96.0,96.0,96.0,0.0,0.484983,0.515017,0.5,5.638e-05,0.007509,25,1.0,2.0,96.0,25.0997,50,4800,1.9921,191.2375,0.5,0.5
flow_9448,0x100024e8,05,ICMP,48,auto,104.0,104.0,104.0,0.4576,0.6765,104.0,104.0,104.0,0.0,0.976003,1.023997,1.0,0.00014397,0.011999,12,1.0,2.0,104.0,25.0521,25,2600,0.9979,103.7836,0.5,0.5
flow_9460,0x100024f4,05,ICMP,48,auto,96.0,96.0,96.0,0.3613,0.6011,96.0,96.0,96.0,0.0,0.993369,1.006631,1.0,1.099e-05,0.003315,9,1.0,2.0,96.0,19.9914,19,1824,0.9504,91.2391,0.5,0.5
flow_9472,0x10002500,05,ICMP,48,auto,112.0,112.0,112.0,0.0118,0.1085,112.0,112.0,112.0,0.0,0.488069,0.511931,0.5,3.558e-05,0.005965,27,1.0,2.0,112.0,27.2674,54,6048,1.9804,221.8034,0.5,0.5
flow_9484,0x1000250c,05,ICMP,48,auto,104.0,104.0,104.0,0.4156,0.6446,104.0,104.0,104.0,0.0,0.98537,1.01463,1.0,5.351e-05,0.007315,11,1.0,2.0,104.0,22.1997,22,2288,0.991,103.0642,0.5,0.5
flow_9496,0x10002518,05,ICMP,48,auto,96.0,96.0,96.0,0.6129,0.7829,96.0,96.0,96.0,0.0,0.478836,0.521164,0.5,0.00011198,0.010582,17,1.0,2.0,96.0,17.2314,34,3264,1.9731,189.4215,0.5,0.5
flow_9508,0x10002524,05,ICMP,48,auto,104.0,104.0,104.0,0.1641,0.4051,104.0,104.0,104.0,0.0,0.482349,0.517651,0.5,7.789e-05,0.008825,30,1.0,2.0,104.0,30.3743,60,6240,1.9754,205.4372,0.5,0.5
flow_9520,0x10002530,05,ICMP,48,auto,112.0,112.0,112.0,0.2227,0.4719,112.0,112.0,112.0,0.0,0.990533,1.009467,1.0,2.241e-05,0.004733,15,1.0,2.0,112.0,30.0287,30,3360,0.999,111.8928,0.5,0.5
flow_9532,0x1000253c,05,ICMP,48,auto,112.0,112.0,112.0,0.1418,0.3766,112.0,112.0,112.0,0.0,0.979967,1.020033,1.0,0.00010034,0.010017,16,1.0,2.0,112.0,33.5456,33,3696,0.9837,110.1784,0.5,0.5
flow_9544,0x10002548,05,ICMP,48,auto,96.0,96.0,96.0,0.381,0.6173,96.0,96.0,96.0,0.0,0.488462,0.511538,0.5,3.328e-05,0.005769,10,1.0,2.0,96.0,10.0058,20,1920,1.9988,191.8881,0.5,0.5
flow_9556,0x10002554,05,ICMP,48,auto,96.0,96.0,96.0,0.0432,0.2078,96.0,96.0,96.0,0.0,0.98869,1.01131,1.0,3.198e-05,0.005655,10,1.0,2.0,96.0,20.6644,20,1920,0.9679,92.9136,0.5,0.5
flow_9568,0x10002560,05,ICMP,48,auto,112.0,112.0,112.0,0.5401,0.7349,112.0,112.0,112.0,0.0,0.481002,0.518998,0.5,9.024e-05,0.009499,38,1.0,2.0,112.0,38.2757,76,8512,1.9856,222.3867,0.5,0.5
flow_9580,0x1000256c,05,ICMP,48,auto,112.0,112.0,112.0,0.508,0.7127,112.0,112.0,112.0,0.0,0.475567,0.524433,0.5,0.00014924,0.012216,21,1.0,2.0,112.0,21.9863,43,4816,1.9558,219.0457,0.5,0.5
flow_9592,0x10002578,05,ICMP,48,auto,112.0,112.0,112.0,0.5161,0.7184,112.0,112.0,112.0,0.0,0.486202,0.513798,0.5,4.76e-05,0.006899,20,1.0,2.0,112.0,20.6413,41,4592,1.9863,222.467,0.5,0.5
flow_9604,0x10002584,05,ICMP,48,auto,96.0,96.0,96.0,0.4618,0.6795,96.0,96.0,96.0,0.0,0.987204,1.012796,1.0,4.094e-05,0.006398,13,1.0,2.0,96.0,27.3041,27,2592,0.9889,94.9309,0.5,0.5
flow_9616,0x10002590,05,ICMP,48,auto,112.0,112.0,112.0,0.3949,0.6284,112.0,112.0,112.0,0.0,0.985597,1.014403,1.0,5.186e-05,0.007201,19,1.0,2.0,112.0,39.7715,39,4368,0.9806,109.8275,0.5,0.5
flow_9628,0x1000259c,05,ICMP,48,auto,112.0,112.0,112.0,0.2792,0.5284,112.0,112.0,112.0,0.0,0.489608,0.510392,0.5,2.7e-05,0.005196,13,1.0,2.0,112.0,13.1138,26,2912,1.9826,222.0565,0.5,0.5
flow_9640,0x100025a8,05,ICMP,48,auto,104.0,104.0,104.0,0.1097,0.3313,104.0,104.0,104.0,0.0,0.985178,1.014822,1.0,5.493e-05,0.007411,7,1.0,2.0,104.0,14.3376,14,1456,0.9765,101.5514,0.5,0.5
flow_9652,0x100025b4,05,ICMP,48,auto,96.0,96.0,96.0,0.4875,0.6982,96.0,96.0,96.0,0.0,0.978056,1.021944,1.0,0.00012038,0.010972,18,1.0,2.0,96.0,36.3338,36,3456,0.9908,95.118,0.5,0.5
flow_9664,0x100025c0,05,ICMP,48,auto,104.0,104.0,104.0,0.0181,0.1346,104.0,104.0,104.0,0.0,0.47851,0.52149,0.5,0.00011545,0.010745,19,1.0,2.0,104.0,19.2246,38,3952,1.9766,205.5703,0.5,0.5
flow_9676,0x100025cc,05,ICMP,48,auto,112.0,112.0,112.0,0.0418,0.2045,112.0,112.0,112.0,0.0,0.489744,0.510256,0.5,2.63e-05,0.005128,24,1.0,2.0,112.0,24.5368,49,5488,1.997,223.6638,0.5,0.5
flow_9688,0x100025d8,05,ICMP,48,auto,104.0,104.0,104.0,0.3749,0.6123,104.0,104.0,104.0,0.0,0.491114,0.508886,0.5,1.974e-05,0.004443,18,1.0,2.0,104.0,18.3041,36,3744,1.9668,204.5443,0.5,0.5
flow_9700,0x100025e4,05,ICMP,48,auto,112.0,112.0,112.0,0.0209,0.1447,112.0,112.0,112.0,0.0,0.478723,0.521277,0.5,0.00011317,0.010638,15,1.0,2.0,112.0,15.1563,30,3360,1.9794,221.6901,0.5,0.5
flow_9712,0x100025f0,05,ICMP,48,auto,96.0,96.0,96.0,0.4257,0.6524,96.0,96.0,96.0,0.0,0.488496,0.511504,0.5,3.308e-05,0.005752,13,1.0,2.0,96.0,13.7277,27,2592,1.9668,188.8147,0.5,0.5
flow_9724,0x100025fc,05,ICMP,48,auto,112.0,112.0,112.0,0.532,0.7294,112.0,112.0,112.0,0.0,0.989802,1.010198,1.0,2.6e-05,0.005099,7,1.0,2.0,112.0,15.9745,15,1680,0.939,105.1677,0.5,0.5
flow_9736,0x10002608,05,ICMP,48,auto,112.0,112.0,112.0,0.032,0.1788,112.0,112.0,112.0,0.0,0.993167,1.006833,1.0,1.167e-05,0.003417,12,1.0,2.0,112.0,25.4552,25,2800,0.9821,109.997,0.5,0.5
flow_9748,0x10002614,05,ICMP,48,auto,96.0,96.0,96.0,0.2666,0.5164,96.0,96.0,96.0,0.0,0.485075,0.514925,0.5,5.569e-05,0.007463,19,1.0,2.0,96.0,19.8273,39,3744,1.967,188.8309,0.5,0.5
flow_9760,0x10002620,05,ICMP,48,auto,104.0,104.0,104.0,0.3373,0.5807,104.0,104.0,104.0,0.0,0.981898,1.018102,1.0,8.192e-05,0.009051,12,1.0,2.0,104.0,24.6481,24,2496,0.9737,101.2654,0.5,0.5
flow_9772,0x1000262c,05,ICMP,48,auto,112.0,112.0,112.0,0.4144,0.6438,112.0,112.0,112.0,0.0,0.489064,0.510936,0.5,2.99e-05,0.005468,31,1.0,2.0,112.0,31.5664,63,7056,1.9958,223.529,0.5,0.5
flow_9784,0x10002638,05,ICMP,48,auto,96.0,96.0,96.0,0.101,0.3178,96.0,96.0,96.0,0.0,0.978809,1.021191,1.0,0.00011226,0.010595,11,1.0,2.0,96.0,22.9231,22,2112,0.9597,92.1341,0.5,0.5
flow_9796,0x10002644,05,ICMP,48,auto,96.0,96.0,96.0,0.1382,0.3717,96.0,96.0,96.0,0.0,0.480331,0.519669,0.5,9.672e-05,0.009835,24,1.0,2.0,96.0,24.5159,49,4704,1.9987,191.8755,0.5,0.5
flow_9808,0x10002650,05,ICMP,48,auto,104.0,104.0,104.0,0.2469,0.4969,104.0,104.0,104.0,0.0,0.481335,0.518665,0.5,8.709e-05,0.009332,19,1.0,2.0,104.0,19.8811,39,4056,1.9617,204.0133,0.5,0.5
flow_9820,0x1000265c,05,ICMP,48,auto,104.0,104.0,104.0,0.091,0.3017,104.0,104.0,104.0,0.0,0.477801,0.522199,0.5,0.00012319,0.011099,18,1.0,2.0,104.0,18.2798,36,3744,1.9694,204.816,0.5,0.5
flow_9832,0x10002668,05,ICMP,48,auto,96.0,96.0,96.0,0.2476,0.4976,96.0,96.0,96.0,0.0,0.97727,1.02273,1.0,0.00012916,0.011365,19,1.0,2.0,96.0,39.461,39,3744,0.9883,94.8786,0.5,0.5
flow_9844,0x10002674,05,ICMP,48,auto,112.0,112.0,112.0,0.485,0.6964,112.0,112.0,112.0,0.0,0.491717,0.508283,0.5,1.715e-05,0.004141,31,1.0,2.0,112.0,31.8844,63,7056,1.9759,221.2993,0.5,0.5
flow_9856,0x10002680,05,ICMP,48,auto,96.0,96.0,96.0,0.275,0.5244,96.0,96.0,96.0,0.0,0.49268,0.50732,0.5,1.339e-05,0.00366,32,1.0,2.0,96.0,32.4312,64,6144,1.9734,189.447,0.5,0.5
flow_9868,0x1000268c,05,ICMP,48,auto,96.0,96.0,96.0,0.1148,0.3388,96.0,96.0,96.0,0.0,0.985775,1.014225,1.0,5.059e-05,0.007113,17,1.0,2.0,96.0,35.6369,35,3360,0.9821,94.2843,0.5,0.5
flow_9880,0x10002698,05,ICMP,48,auto,104.0,104.0,104.0,0.2323,0.4819,104.0,104.0,104.0,0.0,0.479798,0.520202,0.5,0.00010203,0.010101,27,1.0,2.0,104.0,27.3308,54,5616,1.9758,205.4821,0.5,0.5
flow_9892,0x100026a4,05,ICMP,48,auto,112.0,112.0,112.0,0.1892,0.435,112.0,112.0,112.0,0.0,0.984345,1.015655,1.0,6.127e-05,0.007828,5,1.0,2.0,112.0,11.2415,11,1232,0.9785,109.594,0.5,0.5
flow_9904,0x100026b0,05,ICMP,48,auto,112.0,112.0,112.0,0.5784,0.7606,112.0,112.0,112.0,0.0,0.988567,1.011433,1.0,3.268e-05,0.005717,12,1.0,2.0,112.0,25.9877,25,2800,0.962,107.7432,0.5,0.5
flow_9916,0x100026bc,05,ICMP,48,auto,104.0,104.0,104.0,0.4828,0.6948,104.0,104.0,104.0,0.0,0.482451,0.517549,0.5,7.699e-05,0.008774,23,1.0,2.0,104.0,23.3198,46,4784,1.9726,205.1476,0.5,0.5
flow_9928,0x100026c8,05,ICMP,48,auto,104.0,104.0,104.0,0.5335,0.7304,104.0,104.0,104.0,0.0,0.485628,0.514372,0.5,5.164e-05,0.007186,18,1.0,2.0,104.0,18.1677,36,3744,1.9815,206.0802,0.5,0.5
flow_9940,0x100026d4,05,ICMP,48,auto,112.0,112.0,112.0,0.0411,0.2027,112.0,112.0,112.0,0.0,0.980009,1.019991,1.0,9.991e-05,0.009996,16,1.0,2.0,112.0,33.5863,33,3696,0.9825,110.045,0.5,0.5
flow_9952,0x100026e0,05,ICMP,48,auto,96.0,96.0,96.0,0.492,0.7014,96.0,96.0,96.0,0.0,0.488994,0.511006,0.5,3.028e-05,0.005503,29,1.0,2.0,96.0,29.5538,59,5664,1.9964,191.6503,0.5,0.5
flow_9964,0x100026ec,05,ICMP,48,auto,96.0,96.0,96.0,0.0463,0.2152,96.0,96.0,96.0,0.0,0.486538,0.513462,0.5,4.531e-05,0.006731,19,1.0,2.0,96.0,19.5705,39,3744,1.9928,191.3079,0.5,0.5
flow_9976,0x100026f8,05,ICMP,48,auto,104.0,104.0,104.0,0.2021,0.4496,104.0,104.0,104.0,0.0,0.492064,0.507936,0.5,1.575e-05,0.003968,11,1.0,2.0,104.0,11.809,23,2392,1.9477,202.5579,0.5,0.5
flow_9988,0x10002704,05,ICMP,48,auto,96.0,96.0,96.0,0.5485,0.7406,96.0,96.0,96.0,0.0,0.481776,0.518224,0.5,8.303e-05,0.009112,16,1.0,2.0,96.0,16.6435,33,3168,1.9828,190.3448,0.5,0.5
