flow_id,spi,scenario_id,traffic_type,dscp_label,label_source,pkt_len_min,pkt_len_max,pkt_len_mean,pkt_len_var,pkt_len_std,pkt_len_median,pkt_len_q25,pkt_len_q75,pkt_len_iqr,iat_min,iat_max,iat_mean,iat_var,iat_std,burst_count,burst_len_mean,burst_len_max,burst_bytes_mean,flow_duration_s,total_packets,total_bytes,packet_rate_pps,byte_rate_bps,forward_packet_ratio,forward_byte_ratio
flow_0011,0x1000000b,12,VoIP,46,correlator,78.164,110.8377,92.9285,36.7264,6.0602,92.8877,88.6863,97.1706,8.4843,0.023996,0.043527,0.031808,1.526e-05,0.003906,30,4.9771,9.4584,462.5168,9.6617,303,28157,31.361,2914.2926,0.5149,0.5305
flow_0023,0x10000017,12,VoIP,46,correlator,181.7721,226.9592,198.485,111.9246,10.5794,196.1937,191.0794,205.8906,14.8112,0.010478,0.035703,0.020568,2.545e-05,0.005045,175,3.7988,9.6562,754.0008,37.5721,1826,362433,48.6,9646.345,0.4772,0.4619
flow_0035,0x10000023,12,VoIP,46,correlator,88.6646,121.07,102.1916,43.0802,6.5636,102.1055,97.5971,106.7861,9.189,0.010185,0.03379,0.019627,2.229e-05,0.004721,95,4.5089,9.9457,460.7731,14.0588,716,73169,50.929,5204.4989,0.5034,0.5169
flow_0047,0x1000002f,12,VoIP,46,correlator,144.6691,230.154,179.7881,433.9159,20.8306,179.3527,165.2066,194.3695,29.1629,0.01093,0.032495,0.019556,1.86e-05,0.004313,50,4.866,7.5637,874.8574,11.7701,601,108052,51.0617,9180.2235,0.496,0.4774
flow_0059,0x1000003b,12,VoIP,46,correlator,165.6353,213.8383,190.1843,46.1231,6.7914,190.1259,185.4304,194.9383,9.508,0.025264,0.041212,0.031643,1.017e-05,0.00319,63,3.566,7.3421,678.2043,15.4773,489,93000,31.5947,6008.8156,0.4856,0.4674
flow_0071,0x10000047,12,VoIP,46,correlator,93.8266,126.3171,106.8777,59.9657,7.7437,107.5551,101.4571,112.2983,10.8412,0.012674,0.030905,0.019967,1.329e-05,0.003646,111,3.0023,6.221,320.8825,26.1235,1308,139796,50.0699,5351.3508,0.5248,0.5417
flow_0083,0x10000053,12,VoIP,46,correlator,166.9209,204.7248,182.9949,120.0461,10.9566,181.7996,175.3253,190.6645,15.3392,0.020621,0.047962,0.031557,2.99e-05,0.005468,113,4.99,5.2209,913.1505,38.3329,1214,222155,31.6699,5795.4091,0.4941,0.487
flow_0095,0x1000005f,12,VoIP,46,correlator,114.0442,176.5525,141.407,471.2734,21.7088,142.0097,126.2109,156.6032,30.3924,0.018574,0.048507,0.030547,3.584e-05,0.005986,177,2.1474,5.768,303.6508,44.1561,1445,204333,32.7248,4627.5114,0.4738,0.4616
flow_0107,0x1000006b,12,VoIP,46,correlator,140.1992,221.7521,170.874,157.6757,12.5569,170.9034,162.0841,179.6638,17.5797,0.020484,0.046058,0.030714,2.616e-05,0.005115,38,3.5567,9.0497,607.755,9.4298,307,52458,32.5562,5562.9791,0.4753,0.4712
flow_0119,0x10000077,12,VoIP,46,correlator,164.6097,220.1456,186.4987,69.8922,8.3602,185.933,180.6466,192.3508,11.7042,0.010303,0.034219,0.01987,2.288e-05,0.004783,135,3.8706,5.6754,721.869,31.0089,1560,290937,50.3081,9382.3723,0.5116,0.5186
flow_0131,0x10000083,12,VoIP,46,correlator,138.7902,203.6952,169.325,159.6421,12.635,168.9214,160.4805,178.1694,17.6889,0.02272,0.045489,0.031828,2.074e-05,0.004554,36,3.1346,9.2586,530.7663,15.964,501,84831,31.3831,5313.8875,0.4845,0.4892
flow_0143,0x1000008f,12,VoIP,46,correlator,180.1134,232.1418,203.1056,165.248,12.8549,202.3075,194.1072,212.104,17.9968,0.011288,0.032637,0.019828,1.823e-05,0.00427,48,2.7956,6.9637,567.8102,9.5709,482,97896,50.3608,10228.4579,0.4955,0.5107
flow_0155,0x1000009b,12,VoIP,46,correlator,188.4171,231.2288,204.8029,132.6665,11.5181,205.5004,196.7402,212.8655,16.1253,0.011029,0.033729,0.020109,2.061e-05,0.00454,69,2.2074,8.6394,452.0848,10.5582,525,107521,49.7245,10183.67,0.4873,0.4962
flow_0167,0x100000a7,12,VoIP,46,correlator,118.3266,180.5962,144.7779,401.5891,20.0397,144.6233,130.7502,158.8057,28.0556,0.011049,0.032626,0.01968,1.862e-05,0.004315,108,3.6899,6.8405,534.2232,15.9599,810,117270,50.7523,7347.8111,0.5076,0.5241
flow_0179,0x100000b3,12,VoIP,46,correlator,91.9587,130.642,106.8935,21.7479,4.6635,108.1009,103.629,110.1579,6.5288,0.009784,0.033065,0.019096,2.168e-05,0.004656,172,3.5982,6.9393,384.6263,40.2171,2106,225117,52.3657,5597.5395,0.5187,0.5271
flow_0191,0x100000bf,12,VoIP,46,correlator,112.0672,173.7726,140.8104,158.7986,12.6015,140.446,131.9894,149.6315,17.6421,0.011194,0.033718,0.020204,2.029e-05,0.004505,53,2.2807,7.7484,321.1463,8.0366,397,55901,49.3988,6955.7764,0.4897,0.4917
flow_0203,0x100000cb,12,VoIP,46,correlator,87.297,122.3573,101.2112,35.786,5.9821,102.6335,97.0237,105.3987,8.375,0.011217,0.031811,0.019455,1.696e-05,0.004119,81,3.3257,6.2224,336.5984,17.9863,924,93519,51.3725,5199.4644,0.523,0.5179
flow_0215,0x100000d7,12,VoIP,46,correlator,179.5498,218.0129,195.5491,49.8488,7.0604,196.0958,190.6069,200.4914,9.8845,0.012261,0.031246,0.019855,1.442e-05,0.003797,71,3.6889,9.5958,721.3607,19.917,1003,196135,50.359,9847.6263,0.488,0.4726
flow_0227,0x100000e3,12,VoIP,46,correlator,134.6312,197.9347,160.4469,163.4553,12.785,158.8189,151.4974,169.3964,17.899,0.014597,0.031505,0.02136,1.143e-05,0.003382,134,3.0268,8.295,485.6419,39.4605,1847,296345,46.8063,7509.9157,0.4942,0.4803
flow_0239,0x100000ef,12,VoIP,46,correlator,188.3117,224.8457,204.1797,195.4796,13.9814,204.5365,194.3927,213.9667,19.574,0.011969,0.032834,0.020315,1.741e-05,0.004173,59,2.6601,9.6778,543.1476,12.8109,630,128633,49.1768,10040.8832,0.4702,0.456
flow_0251,0x100000fb,12,VoIP,46,correlator,92.3541,126.8552,104.8106,18.6023,4.313,104.725,101.7915,107.8298,6.0383,0.024919,0.042336,0.031885,1.213e-05,0.003483,84,2.6786,7.6241,280.7423,38.9363,1221,127973,31.3589,3286.7286,0.5257,0.5441
flow_0263,0x10000107,12,VoIP,46,correlator,108.8575,197.4845,142.7576,456.3775,21.363,144.4218,127.8035,157.7117,29.9082,0.021277,0.043554,0.030188,1.985e-05,0.004455,34,2.8215,6.7243,402.7969,12.7999,424,60529,33.1252,4728.8503,0.4754,0.4753
flow_0275,0x10000113,12,VoIP,46,correlator,180.0753,222.8247,195.279,165.0651,12.8478,194.3164,186.2856,204.2724,17.9869,0.023652,0.042989,0.031387,1.496e-05,0.003867,139,3.149,7.3721,614.9324,27.572,878,171454,31.8439,6218.4078,0.4853,0.4666
flow_0287,0x1000011f,12,VoIP,46,correlator,105.8273,193.4914,140.1224,378.4705,19.4543,141.8416,126.5044,153.7405,27.236,0.020794,0.044286,0.030191,2.208e-05,0.004698,81,2.1767,6.0078,305.011,28.3808,940,131715,33.121,4640.9943,0.5031,0.4854
flow_0299,0x1000012b,12,VoIP,46,correlator,120.4916,192.8285,150.8555,253.6667,15.9269,149.6936,139.7067,162.0044,22.2977,0.013729,0.032686,0.021312,1.437e-05,0.003791,100,3.3812,5.6532,510.0707,24.8358,1165,175746,46.9081,7076.3158,0.4938,0.4903
flow_0311,0x10000137,12,VoIP,46,correlator,139.2705,199.1888,166.4047,134.2962,11.5886,167.0469,158.2927,174.5167,16.2241,0.012299,0.035612,0.021624,2.174e-05,0.004663,34,4.2115,9.9845,700.806,9.7228,449,74715,46.1803,7684.5443,0.4909,0.4823
flow_0323,0x10000143,12,VoIP,46,correlator,158.1066,209.5481,182.6024,121.9232,11.0419,182.3317,174.8731,190.3317,15.4586,0.010392,0.034002,0.019836,2.23e-05,0.004722,243,4.3256,8.3111,789.8601,40.7901,2056,375430,50.4044,9203.9541,0.4769,0.4687
flow_0335,0x1000014f,12,VoIP,46,correlator,136.6269,216.9928,164.5995,150.8266,12.2811,164.5482,156.0027,173.1963,17.1936,0.025446,0.040053,0.031289,8.54e-06,0.002921,48,3.1939,6.2289,525.7064,13.5775,433,71271,31.8909,5249.1858,0.5299,0.5191
flow_0347,0x1000015b,12,VoIP,46,correlator,124.4588,195.5676,156.1897,109.2943,10.4544,155.937,148.8717,163.5078,14.6362,0.021468,0.041218,0.029368,1.56e-05,0.00395,142,2.3088,7.4026,360.6099,28.7519,979,152909,34.0499,5318.2265,0.4965,0.482
flow_0359,0x10000167,12,VoIP,46,correlator,173.8956,217.6948,193.012,74.0556,8.6056,192.3927,186.9882,199.0359,12.0478,0.008278,0.035389,0.019123,2.94e-05,0.005422,85,2.4396,7.7638,470.8755,15.4446,807,155760,52.2514,10085.1002,0.5138,0.5079
flow_0371,0x10000173,12,VoIP,46,correlator,82.509,117.9721,93.1498,44.9832,6.707,91.5475,88.4549,97.8446,9.3897,0.021762,0.045499,0.031256,2.254e-05,0.004747,79,4.1509,8.5836,386.6532,22.2289,711,66229,31.9854,2979.4136,0.527,0.5298
flow_0383,0x1000017f,12,VoIP,46,correlator,161.4824,204.7203,182.5773,98.9164,9.9457,180.8908,175.6153,189.5392,13.9239,0.02198,0.039928,0.029159,1.288e-05,0.00359,112,4.7955,7.3499,875.5442,41.703,1430,261085,34.2901,6260.5749,0.4948,0.4891
flow_0395,0x1000018b,12,VoIP,46,correlator,78.925,109.0864,91.6883,31.0816,5.5751,91.2183,87.7858,95.5909,7.8051,0.012616,0.034846,0.021508,1.977e-05,0.004446,190,4.4483,5.1864,407.8614,29.9899,1394,127813,46.4822,4261.8617,0.4859,0.4681
flow_0407,0x10000197,12,VoIP,46,correlator,175.283,224.5484,191.6012,36.04,6.0033,191.2062,187.3988,195.8035,8.4047,0.020924,0.043847,0.030093,2.102e-05,0.004585,103,2.9535,6.2249,565.8979,20.6431,685,131246,33.1831,6357.8756,0.4703,0.4717
flow_0419,0x100001a3,12,VoIP,46,correlator,182.6911,228.3177,204.1348,188.2709,13.7212,205.4219,194.53,213.7397,19.2097,0.022996,0.041752,0.030499,1.407e-05,0.003751,36,2.2666,8.4655,462.6923,13.9877,458,93493,32.7431,6683.9506,0.5209,0.5149
flow_0431,0x100001af,12,VoIP,46,correlator,184.4732,227.4116,203.7094,77.1126,8.7814,203.6475,197.5625,209.8564,12.2939,0.011208,0.034177,0.020396,2.11e-05,0.004594,116,4.6655,6.2727,950.4087,35.1922,1725,351398,49.0165,9985.0971,0.5095,0.4904
flow_0443,0x100001bb,12,VoIP,46,correlator,185.8833,235.1271,208.7637,74.988,8.6596,208.7206,202.7021,214.8254,12.1234,0.019529,0.044225,0.029407,2.44e-05,0.004939,47,4.4187,7.385,922.4564,17.4378,592,123588,33.9492,7087.3456,0.4815,0.4953
flow_0455,0x100001c7,12,VoIP,46,correlator,174.2514,232.5221,199.0852,134.9509,11.6168,197.9014,190.9534,207.2169,16.2636,0.014485,0.031193,0.021168,1.117e-05,0.003342,212,2.665,7.0877,530.5714,30.2451,1428,284293,47.2143,9399.6473,0.4821,0.5002
flow_0467,0x100001d3,12,VoIP,46,correlator,75.5474,106.2158,85.6821,63.1524,7.9468,82.6192,80.1193,91.2449,11.1256,0.010196,0.034736,0.020012,2.409e-05,0.004908,54,3.7991,6.2553,325.5152,11.7169,585,50124,49.928,4277.9362,0.5067,0.5227
flow_0479,0x100001df,12,VoIP,46,correlator,93.5739,129.0234,107.0978,30.2192,5.4972,105.5967,103.2498,110.9459,7.6961,0.006738,0.037435,0.019017,3.769e-05,0.006139,166,3.6313,5.2026,388.9051,30.4407,1600,171356,52.5612,5629.1712,0.4804,0.4854
flow_0491,0x100001eb,12,VoIP,46,correlator,189.4585,233.9744,208.7166,78.33,8.8504,208.7902,202.5213,214.9119,12.3906,0.016584,0.029712,0.021835,6.89e-06,0.002626,43,3.6482,5.6427,761.4458,12.4053,568,118551,45.787,9556.5048,0.4721,0.461
flow_0503,0x100001f7,12,VoIP,46,correlator,166.1044,223.0474,189.6468,177.2171,13.3123,188.5822,180.3282,198.9654,18.6372,0.009902,0.033549,0.019361,2.237e-05,0.004729,70,2.1099,8.1694,400.1366,18.9433,978,185474,51.6278,9791.0079,0.5244,0.5434
flow_0515,0x10000203,12,VoIP,46,correlator,85.5495,115.4139,96.0089,36.37,6.0308,96.6791,91.7874,100.2304,8.4431,0.021204,0.046815,0.031449,2.624e-05,0.005122,104,3.6243,8.2231,347.9698,37.1108,1180,113290,31.7967,3052.7492,0.4873,0.4997
flow_0527,0x1000020f,12,VoIP,46,correlator,103.0918,182.7425,142.0383,317.5321,17.8194,141.9096,129.5647,154.5119,24.9472,0.02112,0.046922,0.031441,2.663e-05,0.00516,161,2.5549,7.2019,362.9006,39.2852,1249,177405,31.7932,4515.8283,0.4703,0.478
flow_0539,0x1000021b,12,VoIP,46,correlator,85.9643,122.5405,98.2249,23.0035,4.7962,96.8143,94.8676,101.5823,6.7147,0.010541,0.037304,0.021246,2.865e-05,0.005353,255,2.7799,9.1995,273.0534,33.8697,1594,156570,47.0627,4622.7124,0.5061,0.5101
flow_0551,0x10000227,12,VoIP,46,correlator,131.0159,207.9374,169.9013,245.5489,15.67,168.7055,158.9323,180.8703,21.938,0.012045,0.032383,0.02018,1.655e-05,0.004068,78,3.2033,9.5747,544.2456,11.9112,590,100241,49.5333,8415.7053,0.491,0.481
flow_0563,0x10000233,12,VoIP,46,correlator,185.2214,235.0501,206.7787,178.3256,13.3539,206.9724,197.431,216.1264,18.6954,0.02202,0.044408,0.030975,2.005e-05,0.004478,98,3.1692,7.5157,655.3157,32.1701,1038,214636,32.266,6671.9117,0.5013,0.4958
flow_0575,0x1000023f,12,VoIP,46,correlator,82.1242,109.9542,94.8096,26.4025,5.1383,95.6602,91.2127,98.4064,7.1937,0.011639,0.030472,0.019172,1.419e-05,0.003767,110,4.0543,6.2387,384.3905,19.8926,1037,98317,52.13,4942.392,0.4976,0.5034
flow_0587,0x1000024b,12,VoIP,46,correlator,90.9328,128.7746,104.8118,30.6557,5.5368,104.4834,100.9361,108.6875,7.7515,0.021791,0.044613,0.03092,2.083e-05,0.004564,94,4.164,9.7845,436.4384,40.5503,1311,137408,32.3302,3388.5839,0.4807,0.4987
flow_0599,0x10000257,12,VoIP,46,correlator,169.1929,223.5569,193.9227,168.7211,12.9893,195.4426,184.8302,203.0152,18.185,0.023018,0.04164,0.030467,1.387e-05,0.003724,22,2.3549,7.739,456.6648,8.3286,273,52940,32.7787,6356.4355,0.5118,0.493
flow_0611,0x10000263,12,VoIP,46,correlator,73.7696,101.903,85.9047,31.4015,5.6037,84.574,81.9821,89.8273,7.8452,0.02035,0.047628,0.031261,2.976e-05,0.005456,99,4.2627,8.2955,366.1829,35.6038,1138,97759,31.9629,2745.7463,0.4978,0.4895
flow_0623,0x1000026f,12,VoIP,46,correlator,75.3504,106.2167,86.747,42.543,6.5225,86.9948,82.1813,91.3128,9.1315,0.02353,0.042928,0.031289,1.505e-05,0.003879,81,4.2951,8.8542,372.5914,33.9798,1085,94120,31.9307,2769.8802,0.5233,0.5067
flow_0635,0x1000027b,12,VoIP,46,correlator,157.7979,216.9674,182.6584,90.9679,9.5377,183.0149,175.982,189.3348,13.3528,0.024211,0.040667,0.030793,1.083e-05,0.003291,87,3.5752,5.7387,653.0456,32.9554,1070,195444,32.4681,5930.5529,0.5252,0.5098
flow_0647,0x10000287,12,VoIP,46,correlator,71.5479,110.0807,85.1987,35.1421,5.9281,83.178,81.0491,89.3484,8.2993,0.022035,0.043991,0.030817,1.928e-05,0.004391,66,3.8215,9.6994,325.5899,16.8893,548,46688,32.4465,2764.3499,0.4879,0.483
flow_0659,0x10000293,12,VoIP,46,correlator,169.7435,217.4526,186.7645,100.2233,10.0112,189.6633,179.7567,193.7723,14.0156,0.02181,0.0451,0.031126,2.17e-05,0.004658,134,4.577,5.5384,854.8159,37.1447,1193,222810,32.1177,5998.44,0.508,0.5236
flow_0671,0x1000029f,12,VoIP,46,correlator,86.7585,114.2088,97.8859,61.2936,7.829,97.5704,92.4056,103.3662,10.9606,0.021289,0.046636,0.031428,2.57e-05,0.00507,164,3.4909,8.3356,341.705,38.6905,1231,120497,31.8166,3114.38,0.4762,0.4622
flow_0683,0x100002ab,12,VoIP,46,correlator,133.9734,205.1318,173.4696,166.9281,12.9201,172.756,164.4256,182.5137,18.0881,0.02228,0.042263,0.030273,1.597e-05,0.003997,47,2.6697,8.4826,463.1174,18.7845,620,107551,33.006,5725.5245,0.5211,0.5253
flow_0695,0x100002b7,12,VoIP,46,correlator,121.4446,206.8936,152.1601,303.65,17.4256,153.1969,139.9622,164.358,24.3958,0.007615,0.036347,0.019108,3.302e-05,0.005747,90,2.8246,7.3789,429.7876,11.1008,580,88252,52.2485,7950.0563,0.5237,0.5353
flow_0707,0x100002c3,12,VoIP,46,correlator,175.1778,228.1998,194.5849,112.8876,10.6249,195.4961,187.1475,202.0223,14.8748,0.022484,0.043895,0.031049,1.834e-05,0.004282,24,3.8218,5.8244,743.6616,10.3582,333,64796,32.1484,6255.5191,0.4879,0.5075
flow_0719,0x100002cf,12,VoIP,46,correlator,76.2973,108.49,87.545,18.0235,4.2454,87.8205,84.5732,90.5168,5.9436,0.021978,0.043916,0.030753,1.925e-05,0.004388,75,4.807,6.9444,420.8312,18.8456,612,53577,32.4745,2842.9523,0.5051,0.4972
flow_0731,0x100002db,12,VoIP,46,correlator,124.4317,187.2891,153.5135,136.2945,11.6745,152.3897,145.3413,161.6856,16.3443,0.022981,0.039691,0.029665,1.117e-05,0.003342,181,4.6881,8.0459,719.6934,44.9583,1515,232572,33.6979,5173.0658,0.5129,0.5153
flow_0743,0x100002e7,12,VoIP,46,correlator,163.4614,209.4069,185.6567,180.9455,13.4516,184.8323,176.2406,195.0728,18.8322,0.015666,0.028414,0.020765,6.5e-06,0.00255,156,4.3637,5.3591,810.1544,40.6958,1959,363701,48.1377,8937.0718,0.5125,0.5247
flow_0755,0x100002f3,12,VoIP,46,correlator,136.7941,202.6675,164.5122,152.4858,12.3485,163.2824,155.8683,173.1562,17.2879,0.010846,0.035105,0.02055,2.354e-05,0.004852,50,4.9009,5.2681,806.254,10.1182,492,80940,48.6253,7999.4606,0.4951,0.4767
flow_0767,0x100002ff,12,VoIP,46,correlator,96.4446,130.5078,106.523,51.3721,7.1674,106.0168,101.5058,111.5402,10.0344,0.011602,0.035524,0.021171,2.289e-05,0.004784,127,2.1491,5.2975,228.9244,30.2854,1430,152327,47.2175,5029.7236,0.5136,0.4979
flow_0779,0x1000030b,12,VoIP,46,correlator,77.6399,106.3385,90.1561,32.5719,5.7072,90.0286,86.161,94.1511,7.99,0.021257,0.041214,0.02924,1.593e-05,0.003991,95,2.1631,5.4767,195.0131,32.1118,1098,98991,34.193,3082.6976,0.4911,0.5048
flow_0791,0x10000317,12,VoIP,46,correlator,124.4501,201.5503,163.6907,218.3023,14.7751,165.5467,153.3481,174.0332,20.6851,0.019068,0.044704,0.029323,2.629e-05,0.005127,27,2.4602,7.9943,402.7129,8.428,287,46979,34.053,5574.1295,0.5179,0.4992
flow_0803,0x10000323,12,VoIP,46,correlator,178.0666,225.887,201.0091,90.0302,9.4884,201.3368,194.3672,207.651,13.2838,0.026614,0.039813,0.031894,6.97e-06,0.00264,81,2.4732,6.8266,497.1376,32.0135,1003,201612,31.3305,6297.7197,0.4726,0.4749
flow_0815,0x1000032f,12,VoIP,46,correlator,83.7143,121.4298,97.8272,39.009,6.2457,97.4772,93.4552,102.1992,8.744,0.01193,0.034837,0.021093,2.099e-05,0.004581,164,2.3781,8.8014,232.6477,23.4542,1111,108686,47.3689,4633.9678,0.4715,0.4536
flow_0827,0x1000033b,12,VoIP,46,correlator,87.0239,114.4362,97.0782,16.9454,4.1165,97.6624,94.1967,99.9598,5.7631,0.011293,0.03723,0.021668,2.691e-05,0.005187,136,4.5593,5.5658,442.6099,24.5966,1135,110183,46.1446,4479.602,0.5285,0.537
flow_0839,0x10000347,12,VoIP,46,correlator,167.6717,216.0366,184.7126,122.0601,11.0481,184.5268,176.979,192.4463,15.4673,0.018465,0.047156,0.029941,3.293e-05,0.005738,143,2.3795,8.5136,439.5206,33.2997,1112,205400,33.3937,6168.2225,0.4795,0.4913
flow_0851,0x10000353,12,VoIP,46,correlator,84.6177,115.9741,97.6151,46.8042,6.8414,97.8753,92.8262,102.4041,9.5779,0.023282,0.043414,0.031335,1.621e-05,0.004026,140,3.4863,5.0131,340.3116,32.1946,1027,100250,31.8998,3113.8802,0.4816,0.4869
flow_0863,0x1000035f,12,VoIP,46,correlator,183.1519,234.0178,203.0403,113.821,10.6687,205.275,195.5722,210.5084,14.9362,0.020979,0.041451,0.029168,1.676e-05,0.004094,36,4.4866,9.2215,910.9682,10.2917,352,71470,34.2022,6944.4019,0.472,0.4548
flow_0875,0x1000036b,12,VoIP,46,correlator,130.7602,210.2513,156.1534,139.5894,11.8148,156.3287,147.883,164.4237,16.5407,0.021007,0.042852,0.029745,1.909e-05,0.004369,128,3.9753,9.5454,620.7642,36.7389,1235,192849,33.6156,5249.1822,0.5189,0.5155
flow_0887,0x10000377,12,VoIP,46,correlator,88.538,125.5693,101.4887,25.1986,5.0198,100.7579,97.9748,105.0026,7.0277,0.022393,0.042735,0.03053,1.655e-05,0.004068,79,2.9565,7.4316,300.0508,24.69,808,82002,32.7258,3321.261,0.4928,0.4773
flow_0899,0x10000383,12,VoIP,46,correlator,110.1441,178.4511,145.0984,375.7297,19.3837,144.7538,131.5298,158.667,27.1372,0.013414,0.033518,0.021456,1.617e-05,0.004021,79,3.5308,6.0049,512.3131,21.6472,1008,146259,46.565,6756.4933,0.521,0.5146
flow_0911,0x1000038f,12,VoIP,46,correlator,82.2942,113.2593,93.1369,28.0241,5.2938,93.2321,89.4312,96.8425,7.4113,0.025343,0.036852,0.029947,5.3e-06,0.002302,159,2.6574,5.9516,247.5044,33.4682,1117,104033,33.375,3108.4163,0.4899,0.4763
flow_0923,0x1000039b,12,VoIP,46,correlator,119.4149,191.577,146.2896,397.1253,19.928,146.4344,132.34,160.2392,27.8992,0.014097,0.033181,0.02173,1.457e-05,0.003817,77,4.6889,7.6243,685.9357,23.7345,1092,159748,46.0089,6730.6195,0.4866,0.4735
flow_0935,0x100003a7,12,VoIP,46,correlator,111.1598,204.4789,151.0539,229.8891,15.1621,151.4735,140.4404,161.6674,21.2269,0.018641,0.046815,0.02991,3.175e-05,0.005635,107,3.1902,5.2827,481.8966,43.1822,1443,217970,33.4165,5047.681,0.5011,0.4961
flow_0947,0x100003b3,12,VoIP,46,correlator,194.0482,234.0776,209.1918,148.8266,12.1994,205.7472,200.6522,217.7314,17.0792,0.013309,0.034444,0.021763,1.787e-05,0.004227,220,2.5913,7.2287,542.0818,37.4397,1720,359809,45.9406,9610.3681,0.5267,0.5301
flow_0959,0x100003bf,12,VoIP,46,correlator,188.3292,235.9407,206.455,81.5331,9.0296,207.7514,200.1343,212.7757,12.6414,0.023324,0.040128,0.030045,1.129e-05,0.003361,29,2.252,7.9971,464.9399,11.4757,381,78659,33.2005,6854.3883,0.5215,0.5311
flow_0971,0x100003cb,12,VoIP,46,correlator,79.0229,110.5384,92.6777,43.2683,6.5779,92.0353,88.0732,97.2822,9.209,0.0204,0.04885,0.03178,3.238e-05,0.00569,80,2.4095,8.2723,223.3082,36.6426,1153,106857,31.4661,2916.1995,0.4819,0.473
flow_0983,0x100003d7,12,VoIP,46,correlator,145.9997,214.4748,172.1427,151.284,12.2998,173.2701,163.5328,180.7525,17.2197,0.011113,0.03291,0.019832,1.9e-05,0.004359,144,4.4941,5.429,773.6188,24.8728,1254,215866,50.4166,8678.8109,0.516,0.5059
flow_0995,0x100003e3,12,VoIP,46,correlator,178.1126,220.5459,193.2444,156.2469,12.4999,194.081,184.4945,201.9943,17.4998,0.022713,0.044119,0.031275,1.833e-05,0.004281,89,4.1796,6.8446,807.6881,24.9058,796,153822,31.9605,6176.1627,0.4802,0.473
flow_1007,0x100003ef,12,VoIP,46,correlator,84.9575,116.0131,99.1616,22.0969,4.7007,100.0956,95.8711,102.4521,6.581,0.014169,0.032143,0.021358,1.292e-05,0.003595,166,3.6853,7.8219,365.4392,37.4213,1752,173731,46.8183,4642.5702,0.4734,0.4634
flow_1019,0x100003fb,12,VoIP,46,correlator,181.1816,232.7015,200.1693,123.3467,11.1062,199.9439,192.395,207.9436,15.5486,0.011221,0.035153,0.020794,2.291e-05,0.004786,81,3.2475,7.7154,650.0496,21.4859,1033,206774,48.0781,9623.7204,0.514,0.4964
flow_1031,0x10000407,12,VoIP,46,correlator,188.5943,233.8981,204.7773,77.7234,8.8161,205.1128,198.6061,210.9486,12.3425,0.015948,0.028885,0.021123,6.7e-06,0.002588,200,2.8947,8.3639,592.7653,41.1323,1947,398701,47.335,9693.1318,0.5131,0.5052
flow_1043,0x10000413,12,VoIP,46,correlator,182.0423,238.6483,203.9792,63.1621,7.9475,205.186,198.416,209.5425,11.1264,0.014724,0.031575,0.021464,1.136e-05,0.00337,135,2.5065,5.8256,511.267,31.4284,1464,298625,46.5821,9501.759,0.5186,0.4992
flow_1055,0x1000041f,12,VoIP,46,correlator,81.6654,110.1429,93.2297,63.5151,7.9696,92.0214,87.6509,98.8084,11.1575,0.023998,0.039124,0.030048,9.15e-06,0.003025,128,4.9034,9.5061,457.139,37.7987,1257,117189,33.2551,3100.347,0.5156,0.4992
flow_1067,0x1000042b,12,VoIP,46,correlator,142.7533,234.7598,179.7776,306.5964,17.5099,179.1605,167.5207,192.0346,24.5139,0.024509,0.041969,0.031493,1.22e-05,0.003492,72,4.5658,6.1662,820.826,19.2007,609,109484,31.7175,5702.0725,0.4882,0.489
flow_1079,0x10000437,12,VoIP,46,correlator,190.3147,238.0679,208.5388,36.0049,6.0004,206.725,204.3385,212.7391,8.4006,0.023262,0.041376,0.030508,1.313e-05,0.003623,21,3.9881,8.327,831.6741,8.0559,264,55054,32.7711,6834.0054,0.4962,0.5018
flow_1091,0x10000443,12,VoIP,46,correlator,78.177,111.5524,90.0396,35.5363,5.9612,90.7528,85.8667,94.2124,8.3457,0.013426,0.034148,0.021715,1.718e-05,0.004144,307,2.829,7.0836,254.7235,44.3239,2041,183770,46.0474,4146.0726,0.505,0.5068
flow_1103,0x1000044f,12,VoIP,46,correlator,76.3977,112.9864,88.9692,17.7829,4.217,89.1893,86.0173,91.921,5.9038,0.020212,0.047591,0.031164,2.998e-05,0.005476,30,2.9668,5.2587,263.9549,13.5563,435,38701,32.0884,2854.8339,0.475,0.4733
flow_1115,0x1000045b,12,VoIP,46,correlator,104.8739,190.2801,144.1134,277.8141,16.6678,142.9546,132.446,155.7808,23.3349,0.024109,0.040205,0.030547,1.036e-05,0.003219,94,3.4979,6.2637,504.0973,32.9893,1079,155498,32.7076,4713.5906,0.5015,0.5
flow_1127,0x10000467,12,VoIP,46,correlator,149.4712,212.1314,178.5039,140.1756,11.8396,178.0837,170.2162,186.7916,16.5754,0.020937,0.041863,0.029307,1.752e-05,0.004185,81,3.7872,8.932,676.0296,27.6228,942,168150,34.1022,6087.3579,0.5043,0.5183
flow_1139,0x10000473,12,VoIP,46,correlator,149.8993,215.8775,174.9466,289.3532,17.0104,174.5213,163.0394,186.8539,23.8145,0.026159,0.038758,0.031198,6.35e-06,0.00252,138,4.4727,7.0974,782.4817,37.0604,1187,207661,32.0288,5603.3096,0.4726,0.4911
flow_1151,0x1000047f,12,VoIP,46,correlator,136.7398,210.3503,167.1256,307.3186,17.5305,166.5859,154.8543,179.397,24.5427,0.025941,0.041045,0.031983,9.12e-06,0.003021,18,3.2874,6.9931,549.406,8.3825,262,43786,31.2555,5223.4869,0.4865,0.4676
flow_1163,0x1000048b,12,VoIP,46,correlator,93.4694,129.1609,104.5323,26.8524,5.1819,104.5094,100.905,108.1597,7.2547,0.013573,0.031781,0.020857,1.326e-05,0.003642,121,3.857,7.8,403.1821,32.2483,1546,161606,47.9405,5011.2971,0.5064,0.5025
flow_1175,0x10000497,12,VoIP,46,correlator,120.3278,188.636,157.3008,347.8272,18.6501,156.1688,144.2457,170.3559,26.1102,0.014496,0.032112,0.021543,1.241e-05,0.003523,144,3.1569,6.3377,496.5775,35.1927,1633,256872,46.4016,7299.0054,0.4734,0.4676
flow_1187,0x100004a3,12,VoIP,46,correlator,176.0068,225.2799,195.0125,51.6926,7.1898,195.3421,189.9797,200.0453,10.0657,0.011073,0.031932,0.019416,1.74e-05,0.004172,322,3.3708,7.4635,657.3498,38.7192,1994,388854,51.499,10042.9294,0.5132,0.4962
flow_1199,0x100004af,12,VoIP,46,correlator,166.8555,214.487,183.039,166.5817,12.9067,183.9759,174.0044,192.0737,18.0693,0.01161,0.030531,0.019179,1.432e-05,0.003784,110,3.1988,8.2531,585.4962,30.1482,1571,287554,52.1092,9538.0114,0.5025,0.5181
flow_1211,0x100004bb,12,VoIP,46,correlator,172.8415,230.1304,196.1479,46.2904,6.8037,195.0602,191.3853,200.9105,9.5252,0.023108,0.04078,0.030176,1.249e-05,0.003534,120,2.198,9.1918,431.1408,23.1067,765,150053,33.1072,6493.9038,0.4762,0.4891
flow_1223,0x100004c7,12,VoIP,46,correlator,74.1164,107.5637,85.8547,23.9942,4.8984,86.756,82.4258,89.2836,6.8577,0.022701,0.041638,0.030276,1.434e-05,0.003787,76,3.368,9.6409,289.1564,28.0009,924,79329,32.9989,2833.0826,0.5241,0.5097
flow_1235,0x100004d3,12,VoIP,46,correlator,117.3752,199.829,152.9507,196.8676,14.031,153.7374,143.1291,162.7724,19.6433,0.021964,0.044767,0.031085,2.08e-05,0.004561,107,2.6822,6.581,410.2478,39.0146,1255,191953,32.1675,4920.0351,0.5153,0.5117
flow_1247,0x100004df,12,VoIP,46,correlator,124.6902,212.06,159.6266,128.258,11.3251,159.7624,151.6991,167.5542,15.8551,0.010536,0.038614,0.021767,3.153e-05,0.005616,46,4.0737,6.6087,650.2767,8.1789,375,59859,45.8497,7318.7184,0.4737,0.4842
flow_1259,0x100004eb,12,VoIP,46,correlator,113.8978,178.817,146.8038,199.5565,14.1264,144.5686,136.9153,156.6923,19.777,0.012928,0.034065,0.021383,1.787e-05,0.004227,65,4.0418,5.1081,593.3462,12.9992,607,89109,46.695,6854.9372,0.496,0.5132
flow_1271,0x100004f7,12,VoIP,46,correlator,80.2158,115.8709,92.4112,38.3579,6.1934,91.8239,88.0758,96.7465,8.6707,0.023931,0.041951,0.031139,1.299e-05,0.003604,81,3.4595,5.1551,319.6928,25.9843,834,77070,32.0963,2966.0193,0.4863,0.4684
flow_1283,0x10000503,12,VoIP,46,correlator,137.7876,194.4034,163.223,119.2466,10.92,165.2792,155.579,170.867,15.288,0.011401,0.032102,0.019682,1.714e-05,0.00414,67,3.2162,7.7084,524.9499,8.3084,422,68880,50.7919,8290.3976,0.5047,0.5031
flow_1295,0x1000050f,12,VoIP,46,correlator,183.5149,240.6099,208.4383,41.411,6.4351,207.7986,203.9337,212.9429,9.0092,0.011399,0.031739,0.019535,1.655e-05,0.004068,223,4.7865,8.5419,997.6953,41.0674,2102,438137,51.1841,10668.7288,0.4881,0.4719
flow_1307,0x1000051b,12,VoIP,46,correlator,79.3717,115.5695,93.2776,62.6036,7.9122,94.1402,87.7391,98.8162,11.0771,0.019052,0.045168,0.029498,2.728e-05,0.005223,104,4.5895,6.8559,428.1019,38.2963,1298,121074,33.8936,3161.5066,0.5114,0.502
flow_1319,0x10000527,12,VoIP,46,correlator,75.7039,106.9686,88.1009,61.9272,7.8694,88.2185,82.5924,93.6095,11.0171,0.020796,0.041967,0.029265,1.793e-05,0.004234,60,3.1353,8.8811,276.2254,15.1831,518,45636,34.1168,3005.7062,0.5266,0.5436
flow_1331,0x10000533,12,VoIP,46,correlator,131.4537,206.3775,162.9843,112.617,10.6121,162.2647,155.5558,170.4127,14.857,0.018477,0.046317,0.029613,3.1e-05,0.005568,119,4.5414,8.354,740.1756,38.0567,1285,209434,33.7654,5503.2069,0.4785,0.4881
flow_1343,0x1000053f,12,VoIP,46,correlator,87.1636,120.892,99.0902,61.6259,7.8502,99.3514,93.595,104.5854,10.9903,0.012934,0.031229,0.020252,1.339e-05,0.003659,171,4.4095,6.5076,436.942,41.7746,2062,204323,49.3602,4891.0845,0.5147,0.5002
flow_1355,0x1000054b,12,VoIP,46,correlator,171.6955,220.0369,187.3853,98.5542,9.9274,185.632,180.4361,194.3345,13.8984,0.022522,0.039131,0.029166,1.103e-05,0.003322,50,4.9112,6.407,920.2871,11.3565,389,72892,34.2535,6418.5219,0.519,0.4998
flow_1367,0x10000557,12,VoIP,46,correlator,166.7444,220.5248,191.6851,70.0497,8.3696,191.4614,185.8264,197.5438,11.7174,0.010695,0.033877,0.019968,2.15e-05,0.004636,115,3.3935,7.5806,650.4868,24.446,1224,234622,50.0695,9597.5598,0.4717,0.4539
flow_1379,0x10000563,12,VoIP,46,correlator,176.1289,226.1991,199.828,95.9955,9.7977,200.1924,192.9696,206.6864,13.7168,0.026093,0.039184,0.031329,6.85e-06,0.002618,56,4.9767,5.0582,994.4857,23.0717,736,147073,31.9006,6374.6103,0.4859,0.4845
flow_1391,0x1000056f,12,VoIP,46,correlator,133.0421,203.0767,166.9745,110.7472,10.5237,168.3703,159.6079,174.3411,14.7331,0.011914,0.033321,0.020477,1.833e-05,0.004281,110,3.8809,5.0752,648.0143,26.0745,1273,212558,48.8217,8151.9576,0.502,0.5021
flow_1403,0x1000057b,12,VoIP,46,correlator,127.0546,197.0046,165.4136,409.2328,20.2295,164.7132,151.253,179.5743,28.3213,0.013527,0.027784,0.01923,8.13e-06,0.002851,154,4.2749,7.5203,707.1197,20.9517,1089,180135,51.9767,8597.6411,0.4946,0.5036
flow_1415,0x10000587,12,VoIP,46,correlator,143.3394,214.359,171.663,406.4472,20.1605,172.3391,157.5506,185.7754,28.2247,0.014092,0.030539,0.020671,1.082e-05,0.003289,32,2.5367,6.6777,435.4553,10.0708,487,83599,48.3576,8301.1217,0.5003,0.4953
flow_1427,0x10000593,12,VoIP,46,correlator,73.6975,110.9639,87.3555,19.6961,4.438,85.6172,84.2489,90.4622,6.2132,0.01907,0.046835,0.030176,3.084e-05,0.005553,120,2.7691,7.3369,241.8974,26.257,870,75999,33.1341,2894.4329,0.4724,0.4776
flow_1439,0x1000059f,12,VoIP,46,correlator,165.5191,208.7258,185.9191,92.7112,9.6287,185.5816,179.179,192.6592,13.4801,0.01075,0.031531,0.019062,1.727e-05,0.004156,185,4.3296,5.7303,804.9518,31.912,1674,311228,52.4568,9752.6982,0.4755,0.4929
flow_1451,0x100005ab,12,VoIP,46,correlator,123.2511,214.5124,159.72,228.348,15.1112,160.5257,149.1422,170.2978,21.1557,0.020625,0.04782,0.031503,2.958e-05,0.005439,47,3.6597,8.6573,584.5225,13.3678,424,67721,31.718,5065.9781,0.5168,0.5031
flow_1463,0x100005b7,12,VoIP,46,correlator,115.3912,180.4341,145.4608,391.7717,19.7932,144.4614,131.6056,159.3161,27.7105,0.014047,0.02768,0.0195,7.43e-06,0.002727,57,3.4405,6.9994,500.4626,8.9526,459,66766,51.2703,7457.7631,0.5283,0.54
flow_1475,0x100005c3,12,VoIP,46,correlator,144.1621,224.9739,173.6452,192.7589,13.8838,175.1457,163.9265,183.3638,19.4373,0.021148,0.040788,0.029004,1.543e-05,0.003928,35,2.4344,7.9269,422.7153,12.3822,426,73972,34.4041,5974.0419,0.4776,0.4858
flow_1487,0x100005cf,12,VoIP,46,correlator,169.1081,217.731,189.6358,107.1192,10.3498,189.2331,182.3909,196.8807,14.4898,0.022523,0.041361,0.030058,1.42e-05,0.003768,54,2.3532,9.5079,446.2579,16.315,542,102782,33.2209,6299.8306,0.4742,0.4877
flow_1499,0x100005db,12,VoIP,46,correlator,147.3684,228.2758,178.4472,252.0177,15.8751,179.7696,167.3346,189.5597,22.2251,0.011749,0.034594,0.020887,2.088e-05,0.004569,90,2.4798,9.9352,442.5154,17.7706,850,151680,47.8319,8535.4534,0.5086,0.4955
flow_1511,0x100005e7,12,VoIP,46,correlator,178.8173,220.7805,200.4459,142.4914,11.937,200.3294,192.09,208.8018,16.7118,0.018299,0.046464,0.029565,3.173e-05,0.005633,69,2.5676,8.161,514.6669,19.6745,665,133296,33.8,6775.0475,0.5144,0.5313
flow_1523,0x100005f3,12,VoIP,46,correlator,79.3798,109.6216,93.4481,21.4836,4.635,91.8493,90.2036,96.6926,6.4891,0.020771,0.044559,0.030286,2.263e-05,0.004758,154,2.7109,5.3891,253.3285,43.1881,1426,133256,33.0183,3085.4766,0.5014,0.4893
flow_1535,0x100005ff,12,VoIP,46,correlator,122.4901,197.5428,156.2789,237.2685,15.4035,156.2591,145.4964,167.0614,21.5649,0.022761,0.044674,0.031526,1.921e-05,0.004383,68,4.3204,5.9912,675.1924,29.5275,936,146277,31.6993,4953.9239,0.5071,0.5069
flow_1547,0x1000060b,12,VoIP,46,correlator,187.8835,235.5548,203.1939,138.9375,11.7872,203.2695,194.9428,211.4449,16.502,0.008849,0.039008,0.020912,3.638e-05,0.006032,85,4.1767,6.343,848.6783,22.4247,1072,217823,47.8044,9713.5197,0.5252,0.5364
flow_1559,0x10000617,12,VoIP,46,correlator,186.5795,223.9658,203.2813,106.6234,10.3259,202.3367,196.0532,210.5094,14.4562,0.01403,0.031921,0.021186,1.28e-05,0.003578,32,3.5024,9.7601,711.9722,8.3143,392,79686,47.1476,9584.1872,0.4848,0.4698
flow_1571,0x10000623,12,VoIP,46,correlator,144.5693,215.9654,172.6657,236.2792,15.3714,171.2086,161.9057,183.4256,21.5199,0.021005,0.044283,0.030316,2.167e-05,0.004655,95,2.8758,7.9826,496.5448,32.1399,1060,183025,32.9809,5694.6435,0.4779,0.4745
flow_1583,0x1000062f,12,VoIP,46,correlator,117.8322,176.6515,142.9968,312.7468,17.6846,141.9946,130.6176,155.3761,24.7585,0.011044,0.033767,0.020133,2.065e-05,0.004545,57,4.9877,7.9848,713.2203,9.1775,455,65063,49.578,7089.4367,0.5096,0.5102
flow_1595,0x1000063b,12,VoIP,46,correlator,178.2532,222.5453,196.3754,111.3062,10.5502,195.417,188.9903,203.7606,14.7702,0.023146,0.03979,0.029804,1.108e-05,0.003329,74,4.4497,7.964,873.8196,26.3264,883,173399,33.5404,6586.4951,0.5115,0.5109
flow_1607,0x10000647,12,VoIP,46,correlator,93.5421,121.4429,105.6709,51.7827,7.196,105.582,100.6337,110.7081,10.0744,0.010732,0.037987,0.021634,2.971e-05,0.005451,151,2.7229,7.0461,287.7295,44.3255,2048,216413,46.2036,4882.3581,0.5118,0.5044
flow_1619,0x10000653,12,VoIP,46,correlator,86.676,124.2489,101.2787,18.1279,4.2577,100.1841,98.2984,104.2591,5.9608,0.022751,0.040263,0.029756,1.227e-05,0.003503,77,2.4777,6.5726,250.9367,28.2478,949,96113,33.5955,3402.4932,0.513,0.499
flow_1631,0x1000065f,12,VoIP,46,correlator,131.0493,203.1833,167.231,151.8952,12.3246,167.1114,158.6038,175.8582,17.2544,0.010466,0.033615,0.019726,2.144e-05,0.00463,102,4.9438,6.8905,826.7593,27.1548,1376,230109,50.6724,8473.9674,0.5247,0.5358
flow_1643,0x1000066b,12,VoIP,46,correlator,122.8891,181.9824,150.3,348.1298,18.6582,149.9302,137.2393,163.3608,26.1215,0.022229,0.046193,0.031815,2.297e-05,0.004793,119,4.2045,7.2183,631.9421,37.753,1186,178255,31.4147,4721.6091,0.5023,0.5133
flow_1655,0x10000677,12,VoIP,46,correlator,93.7847,130.1814,107.9583,30.4636,5.5194,109.1272,104.0947,111.8218,7.7271,0.011643,0.031776,0.019696,1.621e-05,0.004027,66,4.1135,6.9304,444.0857,17.6548,896,96730,50.7511,5478.9657,0.5096,0.5026
flow_1667,0x10000683,12,VoIP,46,correlator,160.3734,209.5021,182.259,165.9153,12.8808,183.0599,173.2424,191.2755,18.0331,0.011817,0.029791,0.019007,1.292e-05,0.003595,79,3.0879,5.5912,562.8029,17.9756,945,172234,52.5713,9581.5592,0.5289,0.5132
flow_1679,0x1000068f,12,VoIP,46,correlator,106.4501,185.816,140.5052,164.119,12.8109,141.0331,131.5376,149.4728,17.9353,0.01295,0.032035,0.020584,1.457e-05,0.003817,117,4.5779,9.9191,643.2212,19.2352,934,131231,48.5568,6822.4403,0.4913,0.4993
flow_1691,0x1000069b,12,VoIP,46,correlator,177.3094,225.5274,196.2209,83.5331,9.1396,196.5765,189.8231,202.6186,12.7955,0.009727,0.035871,0.020185,2.734e-05,0.005229,85,3.8412,6.9276,753.7247,21.8164,1080,211918,49.5041,9713.7104,0.5185,0.5356
flow_1703,0x100006a7,12,VoIP,46,correlator,75.8448,111.1726,89.6008,60.5471,7.7812,89.5562,84.154,95.0477,10.8937,0.013223,0.032874,0.021083,1.545e-05,0.00393,173,3.6482,9.5839,326.8814,25.8777,1227,109940,47.4153,4248.4446,0.4702,0.4853
flow_1715,0x100006b3,12,VoIP,46,correlator,147.6761,227.0344,173.5691,110.4357,10.5088,174.0532,166.2129,180.9253,14.7124,0.024929,0.039888,0.030913,8.95e-06,0.002992,87,4.3957,6.1273,762.9606,22.5643,729,126531,32.3077,5607.5832,0.5196,0.5121
flow_1727,0x100006bf,12,VoIP,46,correlator,120.0313,198.7334,151.0454,396.9753,19.9242,152.9824,137.0984,164.9923,27.8939,0.021915,0.04436,0.030893,2.015e-05,0.004489,88,4.0476,6.3403,611.3639,19.2187,622,93950,32.3643,4888.4726,0.4891,0.492
flow_1739,0x100006cb,12,VoIP,46,correlator,115.5568,189.381,152.5023,356.4859,18.8808,154.4614,139.2857,165.7189,26.4332,0.013093,0.034493,0.021653,1.832e-05,0.00428,203,4.1787,5.976,637.2624,42.5791,1966,299819,46.1728,7041.452,0.5018,0.4943
flow_1751,0x100006d7,12,VoIP,46,correlator,145.4904,212.5799,176.5696,106.4159,10.3158,174.9536,169.3485,183.7907,14.4421,0.022018,0.039771,0.029119,1.261e-05,0.003551,139,3.6793,7.8676,649.659,30.3742,1043,184162,34.3384,6063.106,0.5134,0.5088
flow_1763,0x100006e3,12,VoIP,46,correlator,87.4615,123.9551,101.3787,58.2527,7.6323,100.3504,96.0361,106.7213,10.6853,0.020077,0.04639,0.030603,2.769e-05,0.005263,73,2.0274,8.6924,205.5322,18.4463,602,61029,32.6354,3308.4771,0.5113,0.5023
flow_1775,0x100006ef,12,VoIP,46,correlator,92.1037,131.6239,107.013,55.0121,7.417,107.4702,101.8211,112.205,10.3838,0.021228,0.042692,0.029814,1.843e-05,0.004293,118,3.3047,5.3987,353.6424,32.1661,1078,115360,33.5135,3586.3836,0.5163,0.5007
flow_1787,0x100006fb,12,VoIP,46,correlator,116.5568,193.504,154.6431,216.5064,14.7142,154.9008,144.3432,164.943,20.5998,0.010893,0.034323,0.020265,2.196e-05,0.004686,195,3.1906,5.9753,493.4015,38.743,1911,295523,49.3251,7627.782,0.5285,0.521
flow_1799,0x10000707,12,VoIP,46,correlator,140.2069,228.4309,177.1377,323.9474,17.9985,177.6033,164.5387,189.7366,25.198,0.010566,0.038658,0.021803,3.157e-05,0.005618,126,4.7498,8.7318,841.3742,38.6536,1772,313887,45.8431,8120.5136,0.482,0.4836
flow_1811,0x10000713,12,VoIP,46,correlator,84.0365,121.3784,96.7921,23.3105,4.8281,96.8214,93.4125,100.1718,6.7593,0.024467,0.041605,0.031322,1.175e-05,0.003428,44,2.2982,5.7868,222.4494,19.4262,620,60011,31.9156,3089.1751,0.4947,0.5066
flow_1823,0x1000071f,12,VoIP,46,correlator,83.0802,119.8281,96.0134,47.1085,6.8636,98.4128,91.2089,100.8179,9.609,0.010802,0.037742,0.021578,2.903e-05,0.005388,141,2.3878,9.8024,229.2597,41.1208,1905,182905,46.3269,4447.9916,0.4973,0.5166
flow_1835,0x1000072b,12,VoIP,46,correlator,119.4535,196.0331,148.8491,197.3222,14.0471,149.1227,139.0161,158.6821,19.666,0.011393,0.03265,0.019896,1.808e-05,0.004252,149,3.8969,8.214,580.0575,28.7502,1445,215087,50.2605,7481.2294,0.4708,0.4643
flow_1847,0x10000737,12,VoIP,46,correlator,132.3728,216.7201,163.9179,359.7344,18.9667,164.2071,150.6413,177.1946,26.5533,0.022768,0.042073,0.03049,1.491e-05,0.003861,91,3.0669,6.5483,502.7243,37.9976,1246,204241,32.7916,5375.1076,0.4851,0.4721
flow_1859,0x10000743,12,VoIP,46,correlator,108.4425,173.4076,142.3259,187.6184,13.6974,142.2551,132.7378,151.9141,19.1763,0.020163,0.04819,0.031374,3.142e-05,0.005605,124,2.3804,6.2215,338.7864,26.4348,842,119838,31.8519,4533.3419,0.4923,0.4934
flow_1871,0x1000074f,12,VoIP,46,correlator,79.1824,117.5568,93.2732,37.1027,6.0912,93.0755,89.0093,97.537,8.5277,0.024988,0.041997,0.031792,1.157e-05,0.003402,70,3.3263,6.6557,310.2554,15.0197,472,44024,31.4253,2931.0772,0.5036,0.5017
flow_1883,0x1000075b,12,VoIP,46,correlator,135.2797,229.6003,174.6854,251.5315,15.8597,174.3429,163.5836,185.7872,22.2036,0.022818,0.039991,0.029688,1.18e-05,0.003435,69,4.006,7.6284,699.7953,19.1199,644,112497,33.6821,5883.7547,0.509,0.5279
flow_1895,0x10000767,12,VoIP,46,correlator,164.5488,212.3041,188.6257,98.7184,9.9357,189.0937,181.6707,195.5807,13.91,0.02064,0.041668,0.029051,1.769e-05,0.004206,77,3.2233,8.8888,607.9889,20.4973,705,132981,34.3947,6487.7215,0.494,0.4774
flow_1907,0x10000773,12,VoIP,46,correlator,80.3876,106.5177,91.0325,47.3541,6.8814,90.3057,86.2155,95.8495,9.634,0.019434,0.04935,0.0314,3.58e-05,0.005983,50,3.5722,7.1527,325.1859,13.4747,429,39052,31.8375,2898.1747,0.4956,0.4842
flow_1919,0x1000077f,12,VoIP,46,correlator,88.1489,126.7988,101.997,33.167,5.7591,102.4954,97.9657,106.0284,8.0627,0.012528,0.03566,0.021781,2.14e-05,0.004626,98,3.4395,6.0674,350.8145,30.8561,1416,144427,45.8905,4680.6664,0.5291,0.5428
flow_1931,0x1000078b,12,VoIP,46,correlator,91.6665,128.424,105.2715,28.8072,5.3672,105.439,101.5144,109.0286,7.5141,0.020173,0.048928,0.031675,3.307e-05,0.005751,86,3.7885,7.5625,398.8213,40.6811,1284,135168,31.5626,3322.6244,0.5178,0.5022
flow_1943,0x10000797,12,VoIP,46,correlator,186.948,231.3543,202.2887,119.5845,10.9355,203.5712,194.6338,209.9435,15.3097,0.014278,0.029433,0.02034,9.19e-06,0.003031,78,2.8525,5.2382,577.0301,18.4961,909,183880,49.1454,9941.5358,0.5105,0.5202
flow_1955,0x100007a3,12,VoIP,46,correlator,91.6267,127.9432,103.5615,46.4524,6.8156,102.8351,98.7906,108.3324,9.5418,0.023145,0.042247,0.030786,1.46e-05,0.00382,130,3.8817,7.2818,401.997,27.3184,887,91859,32.469,3362.5316,0.5032,0.5091
flow_1967,0x100007af,12,VoIP,46,correlator,164.3662,219.3642,187.535,194.2574,13.9376,186.3575,177.7787,197.2913,19.5127,0.022445,0.043613,0.030912,1.792e-05,0.004234,36,4.5544,5.1043,854.1185,12.0559,390,73138,32.3493,6066.5691,0.4776,0.4816
flow_1979,0x100007bb,12,VoIP,46,correlator,151.3029,219.1839,177.4947,218.5569,14.7837,177.3382,167.1461,187.8433,20.6971,0.020367,0.042846,0.029359,2.021e-05,0.004496,124,3.9513,6.3284,701.3396,32.3094,1100,195244,34.0458,6042.9459,0.4922,0.5084
flow_1991,0x100007c7,12,VoIP,46,correlator,141.989,207.4155,169.3241,280.0368,16.7343,169.521,157.61,181.0381,23.428,0.023724,0.043757,0.031737,1.605e-05,0.004007,29,2.5812,7.8097,437.0622,11.2746,355,60110,31.4868,5331.4618,0.4849,0.4716
flow_2003,0x100007d3,12,Video,34,correlator,195.1052,1423.6149,1175.8181,150195.5619,387.5507,1090.567,764.9265,1413.6149,648.6884,0.000522,0.09068,0.008561,0.00115208,0.033942,72,22.3958,74.4322,26333.3738,17.9261,2093,2460987,116.7571,137285.1198,0.8513,0.9638
flow_2015,0x100007df,12,Video,34,correlator,181.3753,1448.5702,1333.2214,84036.5208,289.8905,1229.1867,713.2959,1438.5702,725.2743,0.000965,0.121661,0.01268,0.00025912,0.016097,119,17.2494,36.1564,22997.2763,38.7295,3054,4071658,78.8546,105130.5978,0.903,0.9533
flow_2027,0x100007eb,12,Video,34,correlator,229.073,1433.2125,1195.0138,104117.8021,322.6729,1222.7846,701.4552,1423.2125,721.7573,0.000415,0.056812,0.011328,0.00031286,0.017688,105,24.7061,73.1957,29524.1701,22.5538,1990,2378077,88.2335,105440.2806,0.8276,0.9003
flow_2039,0x100007f7,12,Video,34,correlator,205.0093,1441.3299,946.6275,102269.5027,319.796,1079.3304,879.7663,1431.3299,551.5636,0.000929,0.080944,0.007841,0.00094181,0.030689,95,23.4198,62.4889,22169.781,16.2168,2068,1957625,127.5224,120716.15,0.735,0.8591
flow_2051,0x10000803,12,Video,34,correlator,120.3051,1441.4166,971.029,90432.8515,300.7206,1191.2664,740.5474,1431.4166,690.8692,0.000753,0.055223,0.009173,0.00052892,0.022998,204,16.6993,56.8241,16215.5374,59.747,6513,6324312,109.0097,105851.6249,0.9127,0.9717
flow_2063,0x1000080f,12,Video,34,correlator,128.8458,1427.217,1267.0358,73609.4956,271.3107,1352.0741,815.9394,1417.217,601.2776,0.000573,0.052757,0.013914,0.00042795,0.020687,92,12.0118,88.9679,15219.3822,34.3635,2469,3128311,71.8495,91035.9097,0.7209,0.8848
flow_2075,0x1000081b,12,Video,34,correlator,200.809,1434.2985,1125.9934,84728.9648,291.0824,1325.7192,733.4391,1424.2985,690.8594,0.000675,0.129114,0.008603,0.00024086,0.01552,106,15.1517,83.0194,17060.6911,31.6986,3684,4148159,116.2195,130862.3702,0.8642,0.9705
flow_2087,0x10000827,12,Video,34,correlator,185.2515,1437.8515,1136.6642,135844.5231,368.5709,1248.6246,741.813,1427.8515,686.0385,0.000849,0.105738,0.013808,0.00057692,0.024019,72,13.5392,88.3324,15389.5262,29.7894,2157,2451784,72.4082,82303.8143,0.8345,0.8635
flow_2099,0x10000833,12,Video,34,correlator,178.5776,1421.7881,1335.5922,93042.5441,305.0288,1220.403,784.4534,1411.7881,627.3347,0.000103,0.072679,0.006127,0.00106343,0.03261,197,10.1906,68.0477,13610.5168,40.4413,6600,8814908,163.1995,217967.9192,0.7207,0.931
flow_2111,0x1000083f,12,Video,34,correlator,155.6322,1445.6717,1159.0506,128323.6551,358.2229,1140.2335,897.1927,1435.6717,538.4789,0.000128,0.118272,0.004688,0.00050331,0.022435,278,23.9701,77.0205,27782.611,34.181,7290,8449479,213.2766,247198.3217,0.9132,0.9623
flow_2123,0x1000084b,12,Video,34,correlator,184.1889,1440.5889,969.6917,96815.8266,311.1524,1080.7804,672.14,1430.5889,758.4488,0.000652,0.105946,0.006742,0.00083717,0.028934,303,18.842,63.491,18270.9669,47.9487,7111,6895477,148.3042,143809.3195,0.7333,0.9256
flow_2135,0x10000857,12,Video,34,correlator,180.2886,1447.8383,1251.5795,170603.703,413.042,1266.7325,794.4548,1437.8383,643.3835,0.00056,0.062873,0.012796,0.00013399,0.011575,52,10.0742,51.8858,12608.6685,22.6347,1768,2212792,78.1101,97760.942,0.7509,0.9242
flow_2147,0x10000863,12,Video,34,correlator,220.239,1455.7211,1207.8964,199454.8196,446.6036,1310.13,661.7757,1440.0,778.2243,0.000675,0.13326,0.005619,0.00082597,0.02874,100,20.3258,85.6227,24551.4847,19.6241,3492,4217974,177.9447,214938.7858,0.8259,0.8743
flow_2159,0x1000086f,12,Video,34,correlator,246.4127,1423.2893,1000.2732,188932.4501,434.6636,1253.8921,752.9801,1413.2893,660.3093,0.000859,0.133692,0.008237,0.0007407,0.027216,121,19.4391,57.9653,19444.3924,31.9153,3874,3875058,121.3836,121416.7602,0.7687,0.9576
flow_2171,0x1000087b,12,Video,34,correlator,138.524,1448.7322,1331.7144,159512.814,399.3906,1339.0438,876.8611,1438.7322,561.8711,0.000687,0.132246,0.005135,0.00049129,0.022165,529,22.9134,51.173,30514.1559,47.4242,9234,12297050,194.7107,259298.9864,0.8013,0.9792
flow_2183,0x10000887,12,Video,34,correlator,160.916,1425.2546,1082.7736,162289.3621,402.8515,1120.7197,825.5365,1415.2546,589.7181,0.000394,0.096982,0.003948,0.00021083,0.01452,303,21.3165,57.6593,23080.9543,20.6846,5238,5671568,253.2323,274193.2645,0.8032,0.89
flow_2195,0x10000893,12,Video,34,correlator,207.0997,1422.9235,1185.3712,194743.9482,441.298,1368.8712,886.2606,1412.9235,526.6628,0.00035,0.09755,0.009496,0.00017086,0.013071,92,16.4805,56.304,19535.4638,13.8778,1461,1731827,105.2764,124791.6051,0.8362,0.9713
flow_2207,0x1000089f,12,Video,34,correlator,219.7683,1452.0885,1103.067,163169.1109,403.942,1303.7471,650.9305,1440.0,789.0695,0.000856,0.130964,0.011511,0.00061201,0.024739,113,13.9265,75.7619,15361.8715,20.1911,1754,1934779,86.8698,95823.2217,0.8943,0.9411
flow_2219,0x100008ab,12,Video,34,correlator,235.8214,1425.1563,1061.7184,148043.3496,384.764,1311.7824,849.6473,1415.1563,565.509,0.000293,0.06121,0.004934,0.00082526,0.028727,213,29.6333,66.5371,31462.1981,36.6509,7428,7886444,202.6687,215177.1107,0.8744,0.8825
flow_2231,0x100008b7,12,Video,34,correlator,239.3555,1440.802,915.4576,98959.2158,314.5778,1253.6597,814.689,1430.802,616.113,0.000164,0.119624,0.009029,0.00050359,0.022441,196,24.0246,69.8788,21993.503,55.3789,6133,5614501,110.7462,101383.4703,0.8744,0.951
flow_2243,0x100008c3,12,Video,34,correlator,203.0799,1421.0029,1115.7057,165921.4144,407.3345,1051.333,667.6401,1411.0029,743.3628,0.000556,0.072511,0.013316,0.00054354,0.023314,127,20.3339,46.9803,22686.6215,56.4442,4238,4728360,75.083,83770.5008,0.9166,0.966
flow_2255,0x100008cf,12,Video,34,correlator,256.3804,1429.3789,1096.5571,125149.6763,353.765,1247.0232,675.1579,1419.3789,744.2211,0.000159,0.139847,0.003976,0.0002458,0.015678,246,20.7462,84.2912,22749.3999,19.1052,4805,5268956,251.5027,275786.9927,0.7298,0.8781
flow_2267,0x100008db,12,Video,34,correlator,163.9449,1433.7182,1027.7445,140373.9195,374.6651,1144.6509,879.2132,1423.7182,544.505,0.000388,0.113474,0.00638,0.00107309,0.032758,386,17.5993,42.017,18087.6059,45.5528,7139,7337068,156.7194,161067.4926,0.8221,0.9682
flow_2279,0x100008e7,12,Video,34,correlator,250.765,1448.1295,1286.831,181241.0558,425.7242,1189.9919,828.3879,1438.1295,609.7416,0.000236,0.107544,0.010661,0.00058229,0.024131,84,28.897,75.0212,37185.6193,26.3324,2469,3177185,93.7629,120657.0351,0.7719,0.9105
flow_2291,0x100008f3,12,Video,34,correlator,220.199,1455.5658,1164.13,76219.1297,276.0781,1196.1199,898.8381,1440.0,541.1619,0.000132,0.082089,0.01078,0.00068652,0.026201,118,27.1423,60.1938,31597.1869,35.4315,3286,3825331,92.7424,107964.1952,0.7749,0.8866
flow_2303,0x100008ff,12,Video,34,correlator,162.0955,1432.8049,1188.0212,135110.5898,367.5739,1142.2672,727.7748,1422.8049,695.0301,0.000214,0.122574,0.009221,0.00106974,0.032707,216,18.8314,75.2421,22372.1292,59.7924,6484,7703129,108.4419,128831.3197,0.8921,0.9499
flow_2315,0x1000090b,12,Video,34,correlator,231.7922,1453.9773,1316.8271,99528.3582,315.4812,1358.2153,749.613,1440.0,690.387,0.000598,0.093209,0.003873,0.00048576,0.02204,582,28.4212,39.079,37425.8329,49.7009,12831,16896208,258.1642,339957.6399,0.8641,0.9708
flow_2327,0x10000917,12,Video,34,correlator,253.4217,1451.1508,1215.3822,169793.047,412.0595,1230.3053,697.9171,1440.0,742.0829,0.000514,0.140067,0.01165,0.00030997,0.017606,123,10.6339,73.5801,12924.2408,29.901,2566,3118670,85.8166,104299.9177,0.763,0.9331
flow_2339,0x10000923,12,Video,34,correlator,190.0594,1427.9389,1318.1608,71044.7143,266.5421,1079.438,889.6809,1417.9389,528.258,0.000513,0.05067,0.004906,0.00044927,0.021196,135,20.3771,56.6644,26860.2629,21.0279,4285,5648318,203.7773,268611.1815,0.8564,0.8922
flow_2351,0x1000092f,12,Video,34,correlator,235.696,1436.472,1301.7364,125175.3028,353.8012,1146.3664,833.3673,1426.472,593.1047,0.000528,0.099321,0.010667,0.00050502,0.022473,104,11.1475,66.3601,14511.0784,28.2836,2651,3450903,93.7291,122010.6161,0.8192,0.9047
flow_2363,0x1000093b,12,Video,34,correlator,233.9349,1438.2408,930.3586,189776.9428,435.634,1123.5161,775.182,1428.2408,653.0588,0.000648,0.101557,0.011815,0.00018053,0.013436,120,18.4126,51.4323,17130.2837,40.12,3395,3158567,84.621,78727.9067,0.7568,0.9721
flow_2375,0x10000947,12,Video,34,correlator,156.4365,1436.0184,1073.0253,138620.2376,372.3174,1293.1419,815.4555,1426.0184,610.5629,0.000277,0.141254,0.014055,0.00145104,0.038092,35,15.1869,49.6184,16295.9253,17.1207,1218,1306944,71.1418,76336.9339,0.8043,0.8736
flow_2387,0x10000953,12,Video,34,correlator,158.9781,1447.896,1243.3767,196524.4489,443.3108,1393.7049,799.948,1437.896,637.9479,0.000587,0.053834,0.004929,0.00143658,0.037902,121,26.7059,86.7837,33205.4639,15.9119,3228,4013619,202.8676,252240.7625,0.9089,0.9252
flow_2399,0x1000095f,12,Video,34,correlator,199.9605,1438.7242,1143.0391,90713.6505,301.1871,1094.1993,876.9091,1428.7242,551.8151,0.000991,0.091128,0.01069,0.00020668,0.014376,238,28.6553,39.3564,32754.1436,47.1826,4413,5044231,93.5303,106908.7899,0.9112,0.9445
flow_2411,0x1000096b,12,Video,34,correlator,229.3102,1442.8882,1235.2308,172914.2193,415.8296,1300.7664,894.1264,1432.8882,538.7618,0.000469,0.09778,0.003222,0.00135608,0.036825,812,13.6342,59.5284,16841.3832,39.7128,12326,15225454,310.3785,383389.0717,0.8739,0.9631
flow_2423,0x10000977,12,Video,34,correlator,235.2536,1452.6719,1286.7175,125193.5074,353.8269,1135.2053,831.5639,1440.0,608.4361,0.000279,0.052248,0.014456,0.00035444,0.018827,117,12.6943,45.9734,16333.9616,43.9905,3043,3915481,69.1741,89007.508,0.8524,0.9067
flow_2435,0x10000983,12,Video,34,correlator,138.0542,1429.3423,1099.0945,124485.5662,352.8251,1097.8011,678.6514,1419.3423,740.691,0.000617,0.102434,0.007685,0.00027293,0.016521,168,22.8958,77.5087,25164.6412,19.7992,2576,2831267,130.1062,142999.0011,0.8177,0.9248
flow_2447,0x1000098f,12,Video,34,correlator,134.5588,1454.8379,1219.1219,169714.6983,411.9644,1364.0539,704.7932,1440.0,735.2068,0.000875,0.09818,0.011151,0.00016932,0.013012,117,20.1205,62.9762,24529.3121,41.9599,3762,4586336,89.657,109302.7843,0.8129,0.9281
flow_2459,0x1000099b,12,Video,34,correlator,130.541,1449.4978,1236.876,69062.7837,262.798,1146.8597,714.1761,1439.4978,725.3218,0.000859,0.108228,0.013697,0.00060963,0.024691,142,18.9983,71.1887,23498.5047,50.7314,3703,4580151,72.9922,90282.2908,0.7773,0.9694
flow_2471,0x100009a7,12,Video,34,correlator,223.114,1427.1243,1116.3792,125507.4041,354.2702,1085.4529,684.4619,1417.1243,732.6624,0.000818,0.147198,0.009935,0.00051392,0.02267,221,19.6436,43.6178,21929.7204,50.9912,5132,5729258,100.6448,112357.7594,0.8591,0.9082
flow_2483,0x100009b3,12,Video,34,correlator,124.6747,1426.0174,1284.0574,105609.6939,324.9765,1241.9375,670.9496,1416.0174,745.0677,0.000181,0.113381,0.013888,0.00065887,0.025669,96,18.1644,62.9468,23324.0956,29.5472,2127,2731190,71.9866,92434.959,0.8439,0.869
flow_2495,0x100009bf,12,Video,34,correlator,251.6893,1426.0906,910.4814,86337.3193,293.8321,1161.0254,814.2,1416.0906,601.8907,0.000565,0.138447,0.00751,0.00011214,0.01059,208,16.8479,41.7355,15339.6542,54.5554,7264,6613736,133.149,121229.7011,0.7339,0.9627
flow_2507,0x100009cb,12,Video,34,correlator,136.0243,1459.3446,1286.8186,152010.9974,389.8859,1112.4844,786.5928,1440.0,653.4072,0.000624,0.090853,0.003143,0.00066583,0.025804,488,20.6752,72.0674,26605.2799,51.572,16408,21114119,318.1574,409410.8492,0.7492,0.9798
flow_2519,0x100009d7,12,Video,34,correlator,173.8684,1455.7609,1227.1895,80598.6486,283.899,1161.8094,773.8183,1440.0,666.1817,0.000593,0.057512,0.008956,0.00015537,0.012465,268,18.7816,66.7346,23048.5574,56.3366,6290,7719021,111.6503,137016.0009,0.8763,0.859
flow_2531,0x100009e3,12,Video,34,correlator,132.9982,1450.9849,999.8162,171215.4129,413.7818,1293.0841,673.1533,1440.0,766.8467,0.000643,0.074676,0.003887,0.00042982,0.020732,464,21.7726,74.9032,21768.6213,40.0883,10314,10312104,257.2818,257234.4727,0.8886,0.8755
flow_2543,0x100009ef,12,Video,34,correlator,193.7987,1436.5296,1186.4489,68003.0222,260.7739,1082.3147,670.6031,1426.5296,755.9265,0.00055,0.100028,0.010139,0.00050606,0.022496,44,24.0138,72.8346,28491.0981,13.9426,1375,1631367,98.6187,117006.0197,0.7269,0.9347
flow_2555,0x100009fb,12,Video,34,correlator,171.3845,1453.1209,1137.1253,122672.3835,350.2462,1282.8963,899.3504,1440.0,540.6496,0.000977,0.149762,0.008323,0.00035444,0.018827,192,18.1465,64.6396,20634.8261,49.4848,5945,6760210,120.138,136611.9272,0.7904,0.9305
flow_2567,0x10000a07,12,Video,34,correlator,250.5983,1438.9084,1124.6911,178800.6103,422.8482,1368.7299,714.0256,1428.9084,714.8828,0.000988,0.108557,0.01243,0.00079586,0.028211,183,22.1278,77.8219,24886.9736,50.0533,4026,4528006,80.4343,90463.6837,0.9134,0.8827
flow_2579,0x10000a13,12,Video,34,correlator,149.3252,1443.8457,1191.6435,150193.2222,387.5477,1249.866,809.4901,1433.8457,624.3556,0.000902,0.063711,0.004947,0.00043589,0.020878,247,10.2831,88.1917,12253.8079,40.3052,8147,9708319,202.1329,240870.2918,0.8967,0.943
flow_2591,0x10000a1f,12,Video,34,correlator,139.8534,1431.3643,1334.5744,150885.6229,388.44,1086.729,739.29,1421.3643,682.0743,0.000946,0.063675,0.005071,0.00027696,0.016642,335,24.8734,62.3197,33195.3558,54.231,10693,14270603,197.1752,263144.9306,0.7717,0.958
flow_2603,0x10000a2b,12,Video,34,correlator,171.8569,1422.5826,1082.7763,137255.2126,370.4797,1083.0101,811.8092,1412.5826,600.7734,0.000505,0.060207,0.007736,0.00130014,0.036057,109,14.7962,78.8177,16021.0107,16.9633,2192,2373445,129.2202,139916.4913,0.8645,0.86
flow_2615,0x10000a37,12,Video,34,correlator,211.5094,1449.3033,1029.4809,62940.1096,250.8787,1274.4877,791.1001,1439.3033,648.2032,0.000322,0.12329,0.01227,0.00084141,0.029007,108,17.1399,78.4824,17645.1625,35.3463,2880,2964905,81.4796,83881.6412,0.7592,0.8766
flow_2627,0x10000a43,12,Video,34,correlator,195.1645,1432.1385,1276.4715,156000.436,394.9689,1169.4482,833.1199,1422.1385,589.0186,0.000699,0.143682,0.007968,0.00017688,0.0133,69,26.7947,67.8148,34202.6466,16.0153,2009,2564431,125.4425,160123.7328,0.8171,0.8808
flow_2639,0x10000a4f,12,Video,34,correlator,124.7149,1455.3187,1141.741,121025.563,347.8873,1373.7088,877.7857,1440.0,562.2143,0.000526,0.132567,0.014051,0.00041497,0.020371,73,28.4346,36.6189,32464.9035,17.7676,1264,1443160,71.1408,81224.2974,0.7966,0.8753
flow_2651,0x10000a5b,12,Video,34,correlator,144.0955,1438.1664,1194.7482,73928.9701,271.8988,1254.437,695.8346,1428.1664,732.3317,0.000185,0.097087,0.010162,0.00023639,0.015375,229,19.9541,78.9385,23840.1478,46.0682,4533,5415793,98.3976,117560.3824,0.8299,0.9276
flow_2663,0x10000a67,12,Video,34,correlator,154.9555,1451.2208,1134.7076,83238.0914,288.5101,1307.9218,889.1174,1440.0,550.8826,0.000462,0.07864,0.00949,0.00124961,0.03535,349,15.6235,72.9769,17728.1132,52.2533,5506,6247700,105.3713,119565.6567,0.7578,0.9658
flow_2675,0x10000a73,12,Video,34,correlator,231.6784,1453.576,1094.6453,145770.2277,381.7987,1157.2449,746.9594,1440.0,693.0406,0.000837,0.147194,0.003936,0.00019108,0.013823,513,11.7668,37.4974,12880.4366,35.4826,9014,9867132,254.0398,278083.4872,0.8958,0.9075
flow_2687,0x10000a7f,12,Video,34,correlator,139.7122,1435.1719,985.975,114002.2958,337.6423,1232.4595,800.3622,1425.1719,624.8097,0.000403,0.07594,0.003879,0.00127396,0.035693,425,29.8564,57.5694,29437.6777,45.0033,11602,11439282,257.8035,254187.8539,0.7566,0.9765
flow_2699,0x10000a8b,12,Video,34,correlator,226.5556,1454.7101,1126.6443,77451.7336,278.3015,1340.3692,812.7424,1440.0,627.2576,0.000322,0.078567,0.012272,0.00100427,0.03169,186,13.5545,70.3491,15271.0816,53.1061,4327,4874990,81.4784,91797.1663,0.7797,0.9335
flow_2711,0x10000a97,12,Video,34,correlator,219.3403,1435.3067,1130.8886,171760.4169,414.4399,1157.1831,767.7344,1425.3067,657.5723,0.000911,0.077606,0.004349,0.00138979,0.03728,407,13.1159,37.4763,14832.6275,39.9827,9193,10396258,229.9243,260018.7918,0.8846,0.8876
flow_2723,0x10000aa3,12,Video,34,correlator,220.858,1446.963,1064.558,137789.4793,371.2001,1104.1382,655.2384,1436.963,781.7246,0.000986,0.073601,0.004198,0.00016087,0.012684,142,17.3332,46.3443,18452.1999,18.438,4392,4675538,238.204,253581.8811,0.7641,0.8681
flow_2735,0x10000aaf,12,Video,34,correlator,144.7749,1457.1567,936.3443,92737.5979,304.5285,1339.3616,674.2655,1440.0,765.7345,0.000921,0.132002,0.010941,0.00052887,0.022997,146,26.6922,48.439,24993.1113,36.3741,3324,3112408,91.3836,85566.5242,0.8287,0.9711
flow_2747,0x10000abb,12,Video,34,correlator,160.1912,1422.5739,1150.989,75293.8403,274.3972,1205.412,654.409,1412.5739,758.1649,0.000953,0.081911,0.009056,0.00136284,0.036917,40,21.3438,66.9342,24566.4762,12.1659,1343,1545778,110.3905,127058.1957,0.883,0.9011
flow_2759,0x10000ac7,12,Video,34,correlator,123.5082,1424.515,1032.4824,198921.3165,446.006,1053.5428,665.9672,1414.515,748.5479,0.000194,0.139472,0.009998,0.00058437,0.024174,178,20.8746,78.7895,21552.6977,44.3727,4438,4582157,100.0164,103265.1874,0.7396,0.9713
flow_2771,0x10000ad3,12,Video,34,correlator,230.0091,1429.8118,908.84,125024.3319,353.5878,1251.3236,854.999,1419.8118,564.8127,0.000712,0.12903,0.012679,0.00013591,0.011658,54,22.9872,53.8319,20891.6553,17.0611,1345,1222389,78.8343,71647.6783,0.7941,0.8634
flow_2783,0x10000adf,12,Video,34,correlator,146.4184,1442.4265,984.2565,194155.632,440.6309,1391.9345,794.0289,1432.4265,638.3976,0.000291,0.110749,0.005246,0.00044239,0.021033,263,26.0284,87.9963,25618.5845,31.2133,5950,5856326,190.6236,187622.5378,0.7594,0.9039
flow_2795,0x10000aeb,12,Video,34,correlator,165.0645,1447.488,1006.1112,136223.355,369.0845,1264.4977,853.0648,1437.488,584.4233,0.000926,0.092566,0.007993,0.00099332,0.031517,143,16.005,74.7461,16102.8117,38.0438,4759,4788083,125.0927,125857.1171,0.8354,0.9038
flow_2807,0x10000af7,12,Video,34,correlator,232.9164,1435.6674,1169.287,84349.2092,290.4294,1104.7775,713.9891,1425.6674,711.6783,0.000975,0.124432,0.014019,0.0011418,0.033791,180,22.3978,56.5327,26189.4178,55.8932,3986,4660778,71.3146,83387.2394,0.893,0.9796
flow_2819,0x10000b03,12,Video,34,correlator,240.5982,1441.4284,1226.1108,121826.8456,349.037,1330.8542,865.6383,1431.4284,565.7901,0.000204,0.113886,0.007515,0.00021567,0.014686,480,19.9451,45.6836,24454.9251,56.9422,7576,9289015,133.0473,163130.7128,0.8263,0.9614
flow_2831,0x10000b0f,12,Video,34,correlator,216.525,1442.2523,1049.456,100503.5779,317.023,1258.8971,667.8275,1432.2523,764.4248,0.000892,0.125383,0.011399,0.00103934,0.032239,98,19.8198,78.2897,20799.9633,36.3237,3186,3343566,87.7114,92049.184,0.7327,0.9422
flow_2843,0x10000b1b,12,Video,34,correlator,248.9352,1456.9757,943.7598,70899.0079,266.2687,1116.0899,811.7122,1440.0,628.2878,0.00082,0.074389,0.006631,0.00026637,0.016321,368,18.4519,86.8999,17414.1419,58.1,8761,8268279,150.7917,142311.1039,0.744,0.8649
flow_2855,0x10000b27,12,Video,34,correlator,221.838,1457.7497,1281.3535,94196.5188,306.9145,1110.4173,810.0139,1440.0,629.9861,0.00087,0.113108,0.006031,0.000536,0.023152,430,15.6124,46.7543,20005.0536,57.3061,9501,12174139,165.7938,212440.4599,0.9153,0.9059
flow_2867,0x10000b33,12,Video,34,correlator,243.9997,1427.2801,1077.2891,117462.0901,342.7274,1223.8709,848.2242,1417.2801,569.0559,0.000943,0.14378,0.004968,0.00035804,0.018922,556,21.8995,59.5284,23592.1377,50.8306,10231,11021744,201.2762,216832.6774,0.7361,0.8598
flow_2879,0x10000b3f,12,Video,34,correlator,155.0008,1451.6766,1099.8339,169053.8312,411.1616,1291.6794,775.933,1440.0,664.067,0.000568,0.147144,0.007436,0.00064571,0.025411,400,18.2476,67.3019,20069.3781,51.6553,6946,7639446,134.4683,147892.808,0.8611,0.8731
flow_2891,0x10000b4b,12,Video,34,correlator,140.4008,1457.2649,1345.0993,136748.1274,369.7947,1228.2746,697.2349,1440.0,742.7651,0.000461,0.054803,0.013326,0.00021156,0.014545,33,14.1549,68.0435,19039.6873,13.0823,981,1319542,74.9868,100864.6798,0.8647,0.9139
flow_2903,0x10000b57,12,Video,34,correlator,221.298,1439.7778,1093.7791,128002.1935,357.7739,1203.9105,799.3725,1429.7778,630.4053,0.000561,0.068186,0.003823,0.00059303,0.024352,406,21.8635,66.0104,23913.8763,37.668,9853,10777005,261.5746,286104.8073,0.8009,0.9515
flow_2915,0x10000b63,12,Video,34,correlator,177.6,1438.3079,1208.4352,158433.9566,398.0376,1063.8236,836.3169,1428.3079,591.991,0.00015,0.138372,0.013542,0.00123855,0.035193,67,17.6332,51.4442,21308.6299,19.8579,1466,1771566,73.8246,89212.2642,0.7789,0.872
flow_2927,0x10000b6f,12,Video,34,correlator,206.613,1429.285,1251.5865,118922.9945,344.8521,1150.1172,871.1304,1419.285,548.1546,0.000579,0.111428,0.007576,0.00118759,0.034461,116,29.4937,74.5267,36913.9163,17.9979,2375,2972517,131.9595,165158.7151,0.8154,0.9178
flow_2939,0x10000b7b,12,Video,34,correlator,228.4437,1446.4431,1072.5942,148175.1608,384.9353,1362.8311,674.9963,1436.4431,761.4468,0.00048,0.055171,0.012966,0.0006429,0.025355,76,20.8393,44.6969,22352.0982,30.4356,2347,2517378,77.1136,82711.6057,0.7664,0.9602
flow_2951,0x10000b87,12,Video,34,correlator,140.5337,1420.2419,1160.8881,109039.8585,330.2118,1159.0441,836.477,1410.2419,573.7649,0.000145,0.09613,0.009428,0.0007049,0.02655,212,14.7796,65.2837,17157.5169,41.185,4368,5070759,106.058,123121.4389,0.9024,0.8651
flow_2963,0x10000b93,12,Video,34,correlator,235.4162,1443.2642,1183.626,112606.7396,335.5693,1325.7876,654.1479,1433.2642,779.1163,0.000299,0.113749,0.011422,0.00067399,0.025961,236,22.7701,59.1655,26951.2764,59.3595,5197,6151304,87.5512,103627.8815,0.7985,0.8899
flow_2975,0x10000b9f,12,Video,34,correlator,231.5317,1457.4473,1303.1474,132132.7539,363.5007,1170.9719,817.4224,1440.0,622.5776,0.000618,0.091741,0.009675,0.00018198,0.01349,104,27.7022,45.8427,36100.0418,29.7395,3073,4004572,103.3308,134655.2072,0.879,0.872
flow_2987,0x10000bab,12,Video,34,correlator,148.1047,1447.1074,1204.522,70078.7827,264.724,1050.5528,708.2612,1437.1074,728.8462,0.00078,0.116639,0.005428,0.00110654,0.033265,299,26.529,64.3642,31954.7907,45.9001,8455,10184233,184.2042,221878.0407,0.7235,0.9622
flow_2999,0x10000bb7,12,Video,34,correlator,198.1826,1455.8477,1260.5873,178568.5441,422.5737,1297.3789,686.0075,1440.0,753.9925,0.000157,0.080072,0.004431,0.00051549,0.022704,314,17.9826,48.6994,22668.6672,22.0066,4966,6260076,225.6598,284463.873,0.7404,0.9449
flow_3011,0x10000bc3,12,Video,34,correlator,200.4528,1420.6894,1348.1416,105117.6214,324.2185,1209.6544,664.5592,1410.6894,746.1301,0.000114,0.118384,0.009853,0.00025289,0.015902,113,14.5635,42.5646,19633.5993,19.0915,1937,2611350,101.4586,136780.4959,0.8446,0.8847
flow_3023,0x10000bcf,12,Video,34,correlator,189.1628,1426.4381,1201.3431,71784.9959,267.9272,1146.0394,897.1429,1416.4381,519.2953,0.000315,0.051744,0.006932,0.00039063,0.019764,203,17.6205,47.7842,21168.2504,25.699,3707,4453378,144.2471,173290.1863,0.8008,0.885
flow_3035,0x10000bdb,12,Video,34,correlator,196.2181,1431.0678,1240.2176,97409.196,312.1045,1231.5998,754.6358,1421.0678,666.4319,0.000122,0.079537,0.007767,0.00019826,0.01408,380,11.26,69.1116,13964.8713,55.7898,7182,8907242,128.7331,159657.0489,0.9117,0.8574
flow_3047,0x10000be7,12,Video,34,correlator,226.2118,1426.7921,971.0814,122174.0503,349.534,1109.2443,702.0711,1416.7921,714.721,0.000693,0.066612,0.007767,0.00017418,0.013198,243,16.9299,68.7833,16440.3045,48.0967,6192,6012936,128.7408,125017.7497,0.8015,0.8607
flow_3059,0x10000bf3,12,Video,34,correlator,149.6615,1454.5383,1054.0768,118106.2961,343.666,1203.0162,669.9751,1440.0,770.0249,0.000709,0.086465,0.005867,0.00083525,0.028901,167,23.2693,74.1041,24527.6781,26.2558,4475,4716993,170.4386,179655.3161,0.8822,0.9259
flow_3071,0x10000bff,12,Video,34,correlator,191.1329,1435.0714,1046.9576,94525.2695,307.4496,1324.9995,789.4054,1425.0714,635.666,0.000167,0.079315,0.006039,0.00102537,0.032021,251,26.8538,72.0644,28114.7942,28.1426,4660,4878822,165.585,173360.5018,0.8541,0.9271
flow_3083,0x10000c0b,12,Video,34,correlator,189.2337,1428.9328,1195.4061,182966.1769,427.7455,1317.5898,781.126,1418.9328,637.8068,0.001,0.088518,0.014739,0.00033784,0.01838,73,21.7164,61.0664,25959.8606,24.5956,1668,1993937,67.817,81068.8683,0.73,0.8963
flow_3095,0x10000c17,12,Video,34,correlator,186.7929,1454.9708,1279.8781,62702.3059,250.4043,1373.8129,847.1224,1440.0,592.8776,0.000563,0.14707,0.004606,0.00088768,0.029794,212,20.4572,47.162,26182.6885,26.6087,5776,7392576,217.0719,277825.6165,0.8827,0.9466
flow_3107,0x10000c23,12,Video,34,correlator,222.9548,1447.6442,1139.1831,76240.6516,276.1171,1333.3672,852.5605,1437.6442,585.0837,0.000443,0.099273,0.012183,0.00094006,0.03066,196,22.0845,41.0609,25158.3086,43.7501,3591,4090806,82.0798,93503.8813,0.8896,0.8656
flow_3119,0x10000c2f,12,Video,34,correlator,235.8793,1442.1319,1146.791,122427.5909,349.8965,1388.0886,747.456,1432.1319,684.6759,0.000805,0.056772,0.007626,0.00014307,0.011961,150,13.8477,59.139,15880.4021,18.5355,2430,2786702,131.1,150344.2971,0.7284,0.9035
flow_3131,0x10000c3b,12,Video,34,correlator,255.7792,1448.261,920.4472,98959.497,314.5783,1282.4361,726.4814,1438.261,711.7796,0.000638,0.065106,0.005294,0.00022268,0.014922,104,16.8752,84.1996,15532.7488,16.6343,3142,2892045,188.8871,173860.6362,0.8193,0.8671
flow_3143,0x10000c47,12,Video,34,correlator,252.5333,1457.725,910.4778,179164.8538,423.2787,1298.1621,867.9302,1440.0,572.0698,0.000773,0.125936,0.008543,0.00137435,0.037072,166,14.1112,38.2034,12847.895,32.4931,3803,3462547,117.0404,106562.6652,0.9003,0.9268
flow_3155,0x10000c53,12,Video,34,correlator,229.7868,1426.7223,1280.036,84654.2401,290.954,1063.479,781.1238,1416.7223,635.5986,0.000605,0.102639,0.010687,0.00024801,0.015748,159,12.6391,73.886,16178.5465,53.4527,5001,6401459,93.5593,119759.2157,0.8206,0.9106
flow_3167,0x10000c5f,12,Video,34,correlator,122.6924,1449.5499,1311.4937,151660.6791,389.4364,1111.448,691.1343,1439.5499,748.4156,0.000215,0.102007,0.003696,0.00096055,0.030993,304,23.8962,46.5479,31339.6971,29.193,7899,10359488,270.5785,354862.0351,0.7601,0.8939
flow_3179,0x10000c6b,12,Video,34,correlator,213.0734,1448.4179,974.009,92243.6895,303.7165,1240.5567,744.1916,1438.4179,694.2263,0.000894,0.070461,0.014975,0.00053284,0.023083,120,28.69,65.3149,27944.3514,38.6986,2584,2516839,66.7724,65036.9377,0.8508,0.8599
flow_3191,0x10000c77,12,Video,34,correlator,234.677,1426.1564,969.124,80241.8961,283.27,1125.8663,828.1106,1416.1564,588.0458,0.000912,0.106514,0.005289,0.00036241,0.019037,119,20.2432,80.8825,19618.2181,20.3044,3839,3720467,189.0722,183234.3948,0.7357,0.871
flow_3203,0x10000c83,12,Video,34,correlator,240.4644,1441.9389,1299.9681,169077.053,411.1898,1310.5832,691.5248,1431.9389,740.4141,0.000371,0.087515,0.006232,0.00096091,0.030999,313,12.1327,74.6661,15772.1228,56.9449,9138,11879108,160.471,208607.1203,0.8788,0.9687
flow_3215,0x10000c8f,12,Video,34,correlator,145.4569,1451.9549,1121.4751,201465.4465,448.849,1357.8785,882.3961,1440.0,557.6039,0.000792,0.065601,0.004175,0.0005187,0.022775,536,27.7442,57.9681,31114.4668,48.9103,11716,13139201,239.5407,268638.9279,0.7701,0.9692
flow_3227,0x10000c9b,12,Video,34,correlator,177.7415,1447.5698,930.8057,135864.0512,368.5974,1217.4339,817.68,1437.5698,619.8898,0.000434,0.107615,0.014574,0.00028859,0.016988,106,21.9709,37.166,20450.6743,28.8343,1978,1841133,68.599,63852.2851,0.7954,0.9765
flow_3239,0x10000ca7,12,Video,34,correlator,160.7519,1439.1028,911.7144,169019.7895,411.1202,1086.4296,744.3425,1429.1028,684.7602,0.000696,0.082849,0.008954,0.00040811,0.020202,243,18.6899,67.065,17039.8552,36.783,4108,3745322,111.6819,101821.9907,0.8924,0.8736
flow_3251,0x10000cb3,12,Video,34,correlator,241.358,1441.8681,1029.3501,156895.9324,396.1009,1184.4645,678.4791,1431.8681,753.389,0.000156,0.086321,0.00934,0.00033017,0.018171,191,29.596,36.5715,30464.6687,58.9219,6308,6493140,107.057,110199.1536,0.7506,0.8806
flow_3263,0x10000cbf,12,Video,34,correlator,163.2615,1431.9909,972.1814,77277.0686,277.9875,1351.8671,864.4358,1421.9909,557.5551,0.000315,0.052286,0.009587,0.00079629,0.028219,121,23.5972,68.2347,22940.7811,33.1961,3462,3365692,104.2892,101388.0324,0.9051,0.8772
flow_3275,0x10000ccb,12,Video,34,correlator,155.4649,1444.8219,1103.8117,68607.388,261.9301,1087.5902,827.3984,1434.8219,607.4235,0.000765,0.114037,0.012954,0.00039119,0.019779,135,29.7045,48.6381,32788.135,36.4641,2814,3106126,77.1717,85183.0176,0.7617,0.8643
flow_3287,0x10000cd7,12,Video,34,correlator,225.0913,1428.5973,1281.6855,160309.5189,400.3867,1337.1758,665.8819,1418.5973,752.7154,0.000907,0.113741,0.014543,0.00135138,0.036761,133,19.8442,86.2056,25433.9908,52.6409,3619,4638419,68.7489,88114.4205,0.7615,0.9607
flow_3299,0x10000ce3,12,Video,34,correlator,161.9714,1420.173,1228.927,193871.1608,440.308,1150.996,789.2282,1410.173,620.9448,0.000114,0.059733,0.003496,9.225e-05,0.009605,554,27.9662,80.9194,34368.47,53.9687,15436,18969717,286.0175,351494.6749,0.873,0.896
flow_3311,0x10000cef,12,Video,34,correlator,200.2675,1436.3236,1216.3423,103258.4684,321.3386,1329.5788,843.0912,1426.3236,583.2325,0.000266,0.100262,0.006445,0.00042459,0.020605,300,17.0937,57.563,20791.7764,50.9434,7904,9613969,155.1526,188718.6921,0.8585,0.9169
flow_3323,0x10000cfb,12,Video,34,correlator,200.1318,1434.1034,957.7122,71982.6235,268.2958,1323.6765,681.6252,1424.1034,742.4783,0.000985,0.120518,0.008007,0.00048784,0.022087,214,15.4503,54.8619,14796.954,48.794,6093,5835340,124.8719,119591.3747,0.7566,0.9205
flow_3335,0x10000d07,12,Video,34,correlator,224.7616,1440.2459,1308.9822,136059.1987,368.862,1126.8484,723.8532,1430.2459,706.3927,0.000185,0.142116,0.013868,0.00026343,0.016231,31,12.9121,71.6504,16901.7335,13.2799,957,1252695,72.0637,94330.0852,0.7573,0.9666
flow_3347,0x10000d13,12,Video,34,correlator,246.8442,1456.8377,1261.8891,180301.1914,424.6189,1265.0806,671.3658,1440.0,768.6342,0.000565,0.0777,0.003847,0.00095948,0.030975,103,11.9339,55.0346,15059.2736,13.7984,3586,4525134,259.8853,327946.4075,0.856,0.931
flow_3359,0x10000d1f,12,Video,34,correlator,236.9005,1447.5054,1057.7461,100441.4956,316.9251,1144.6685,751.8737,1437.5054,685.6317,0.000898,0.104856,0.009881,0.00091322,0.030219,156,21.907,42.9677,23172.0024,34.7995,3521,3724323,101.1797,107022.3855,0.8134,0.9161
flow_3371,0x10000d2b,12,Video,34,correlator,217.4252,1451.4274,1345.4092,161133.2614,401.4141,1052.0753,824.9526,1440.0,615.0474,0.000242,0.099473,0.00422,0.00064203,0.025338,570,13.0537,52.2972,17562.5943,50.046,11860,15956553,236.9819,318837.5789,0.7547,0.8739
flow_3383,0x10000d37,12,Video,34,correlator,213.6313,1428.7128,1338.3884,97012.9729,311.4691,1118.2794,896.0043,1418.7128,522.7085,0.000141,0.14336,0.013016,0.0012568,0.035451,191,22.4844,44.469,30092.8497,52.2398,4013,5370952,76.8188,102813.3543,0.8035,0.9283
flow_3395,0x10000d43,12,Video,34,correlator,125.9463,1424.8118,1181.7913,96426.782,310.5266,1340.3086,798.1742,1414.8118,616.6376,0.00047,0.112445,0.012378,0.00018319,0.013535,74,25.0892,72.5205,29650.1724,21.0134,1697,2005499,80.7578,95438.8382,0.9004,0.9226
flow_3407,0x10000d4f,12,Video,34,correlator,149.809,1446.9937,1184.3243,178119.7108,422.0423,1134.0412,854.859,1436.9937,582.1347,0.000227,0.054894,0.014404,0.00133185,0.036494,143,13.5547,59.5891,16053.1169,46.8757,3254,3853791,69.4176,82212.9269,0.8285,0.871
flow_3419,0x10000d5b,12,Video,34,correlator,156.6979,1429.5751,1083.1915,159007.3676,398.7573,1065.7984,792.9694,1419.5751,626.6057,0.00097,0.132536,0.011703,0.00098636,0.031406,78,24.4115,46.6458,26442.2948,16.9535,1448,1568461,85.41,92515.3475,0.7694,0.9604
flow_3431,0x10000d67,12,Video,34,correlator,212.3846,1443.705,1126.6989,182213.3864,426.8646,1092.9151,846.5726,1433.705,587.1324,0.000311,0.144775,0.007934,0.00126615,0.035583,366,18.6984,48.3692,21067.4364,53.6243,6758,7614231,126.0249,141992.0928,0.7484,0.9004
flow_3443,0x10000d73,12,Video,34,correlator,258.6876,1450.5788,1088.3595,166613.7318,408.1835,1101.5882,707.0149,1440.0,732.9851,0.000629,0.116189,0.004691,0.00078166,0.027958,257,20.6794,64.1392,22506.5708,20.1069,4286,4664708,213.1611,231995.8187,0.8043,0.9388
flow_3455,0x10000d7f,12,Video,34,correlator,132.667,1455.0143,1294.0785,200849.6497,448.1625,1113.4186,667.6439,1440.0,772.3561,0.000975,0.109147,0.004453,0.0010668,0.032662,424,21.3741,85.2864,27659.7413,57.4685,12904,16698788,224.5405,290572.956,0.8137,0.9035
flow_3467,0x10000d8b,12,Video,34,correlator,198.1199,1428.8783,1023.0994,178583.9973,422.592,1094.9659,704.3764,1418.8783,714.5019,0.00022,0.104444,0.005925,0.00055786,0.023619,525,27.7445,81.8729,28385.3965,47.1746,7961,8144894,168.7561,172654.3023,0.7302,0.8589
flow_3479,0x10000d97,12,Video,34,correlator,256.8999,1424.158,1040.335,186663.3875,432.0456,1168.9688,861.5431,1414.158,552.6149,0.000682,0.073334,0.012175,0.0003054,0.017476,50,24.2112,44.8199,25187.7154,12.9109,1060,1102755,82.1014,85412.9758,0.8456,0.9494
flow_3491,0x10000da3,12,Video,34,correlator,251.548,1446.3487,1220.38,63955.6002,252.8944,1157.168,888.4824,1436.3487,547.8664,0.00064,0.066329,0.011019,0.00034962,0.018698,224,13.8418,39.1204,16892.3066,56.3828,5116,6243464,90.737,110733.5616,0.727,0.9339
flow_3503,0x10000daf,12,Video,34,correlator,174.7618,1454.634,1297.8409,130784.2299,361.641,1192.3334,897.8902,1440.0,542.1098,0.000298,0.148305,0.004943,0.00041515,0.020375,223,15.2783,68.4723,19828.7465,19.2114,3886,5043409,202.2753,262521.0842,0.773,0.8925
flow_3515,0x10000dbb,12,Video,34,correlator,239.3718,1441.256,1087.2177,149591.3698,386.7704,1129.3391,892.5326,1431.256,538.7235,0.000131,0.054181,0.003529,0.00070777,0.026604,462,14.1467,43.4672,15380.5387,24.9754,7077,7694239,283.3593,308073.168,0.9024,0.8554
flow_3527,0x10000dc7,12,Video,34,correlator,229.3629,1437.9967,1134.07,143385.8002,378.6632,1069.398,862.9198,1427.9967,565.0769,0.000327,0.057728,0.009341,0.00060461,0.024589,95,20.9407,49.4989,23748.2579,28.1311,3011,3414684,107.0345,121384.6239,0.8386,0.8957
flow_3539,0x10000dd3,12,Video,34,correlator,204.9217,1431.0822,1303.9152,111878.6527,334.4827,1280.3314,654.3429,1421.0822,766.7393,0.000858,0.103707,0.008399,0.00098678,0.031413,262,15.9098,71.7069,20745.011,39.1927,4666,6084068,119.0528,155234.7389,0.8734,0.8606
flow_3551,0x10000ddf,12,Video,34,correlator,122.4976,1445.8111,911.135,155285.3592,394.0626,1082.0912,705.0626,1435.8111,730.7485,0.000541,0.089531,0.011381,0.00035587,0.018865,124,18.1503,45.0532,16537.349,28.5013,2504,2281482,87.8557,80048.4302,0.9109,0.8911
flow_3563,0x10000deb,12,Video,34,correlator,243.8751,1434.8173,1012.0298,163275.58,404.0737,1058.497,859.6016,1424.8173,565.2157,0.000209,0.130361,0.012097,0.00141931,0.037674,111,14.1007,74.5135,14270.3348,26.8332,2218,2244682,82.6588,83653.1336,0.9085,0.9348
flow_3575,0x10000df7,12,Video,34,correlator,159.9511,1436.6103,1251.032,135137.1317,367.61,1354.4775,676.5917,1426.6103,750.0186,0.000501,0.071616,0.003656,0.00143745,0.037914,373,29.9749,87.9746,37499.5131,47.6684,13038,16310954,273.5147,342175.5769,0.7513,0.9605
flow_3587,0x10000e03,12,Video,34,correlator,162.583,1430.8168,970.9881,202336.4187,449.8182,1287.1823,725.0979,1420.8168,695.7189,0.000792,0.08437,0.014678,0.00074361,0.027269,63,18.3343,89.1501,17802.3836,22.403,1526,1481727,68.1159,66139.7154,0.749,0.8676
flow_3599,0x10000e0f,12,Video,34,correlator,212.48,1437.1093,1029.642,120308.2172,346.8547,1168.8194,754.7243,1427.1093,672.385,0.000321,0.085977,0.011111,0.0002556,0.015988,122,26.3394,43.9302,27120.1189,25.1105,2259,2325961,89.9622,92628.8602,0.8483,0.9087
flow_3611,0x10000e1b,12,Video,34,correlator,230.5691,1431.2834,1312.0586,191085.2022,437.1329,1336.0832,756.3362,1421.2834,664.9472,0.000902,0.098493,0.008145,0.00140849,0.03753,226,17.2296,60.907,22606.2109,31.1006,3818,5009439,122.763,161072.272,0.8861,0.8921
flow_3623,0x10000e27,12,Video,34,correlator,121.4082,1441.6257,1019.4945,183269.8582,428.1003,1134.8325,656.923,1431.6257,774.7027,0.000874,0.078526,0.005772,0.00103254,0.032133,126,13.9246,54.9822,14196.0248,23.1469,4009,4087153,173.1978,176574.1655,0.7961,0.9015
flow_3635,0x10000e33,12,Video,34,correlator,131.8566,1421.4072,1092.3813,194849.8341,441.418,1283.0019,828.6981,1411.4072,582.7092,0.000576,0.14856,0.011037,0.00094219,0.030695,135,10.4234,76.5058,11386.3399,41.171,3730,4074582,90.5978,98967.2833,0.7912,0.9506
flow_3647,0x10000e3f,12,Video,34,correlator,220.7371,1455.322,1094.4993,170589.6501,413.025,1199.3785,773.102,1440.0,666.898,0.000916,0.065127,0.007462,0.00109097,0.03303,311,27.7081,47.112,30326.4852,40.3112,5402,5912484,134.0075,146671.1099,0.7272,0.9469
flow_3659,0x10000e4b,12,Video,34,correlator,204.1657,1446.4241,1243.4157,180321.2419,424.6425,1280.0336,808.9051,1436.4241,627.519,0.000977,0.054656,0.009248,0.00062,0.0249,206,24.5077,76.1762,30473.2399,38.0944,4119,5121629,108.126,134445.6144,0.7731,0.9486
flow_3671,0x10000e57,12,Video,34,correlator,182.7633,1458.9107,1087.1785,143818.6129,379.2342,1348.8219,794.5577,1440.0,645.4423,0.000891,0.103889,0.011689,0.00017211,0.013119,157,12.7174,55.2473,13826.065,35.6361,3048,3313720,85.5313,92987.8292,0.904,0.9227
flow_3683,0x10000e63,12,Video,34,correlator,149.9884,1453.4825,1035.1408,71487.3412,267.3712,1289.034,720.9681,1440.0,719.0319,0.000911,0.069642,0.014495,0.00091101,0.030183,90,29.2303,70.7618,30257.497,42.7094,2946,3049524,68.9778,71401.7399,0.9095,0.8692
flow_3695,0x10000e6f,12,Video,34,correlator,173.5181,1428.5183,1183.783,122167.9075,349.5253,1281.2341,682.7644,1418.5183,735.7539,0.000107,0.115031,0.007885,0.00096815,0.031115,143,29.2431,72.8975,34617.4626,37.9615,4814,5698731,126.8126,150118.5428,0.8278,0.919
flow_3707,0x10000e7b,12,Video,34,correlator,228.1144,1430.6475,1182.4662,106181.114,325.8544,1352.269,788.8773,1420.6475,631.7702,0.000667,0.091285,0.010538,0.00014365,0.011985,286,17.7174,38.6084,20950.2444,47.906,4545,5374308,94.8732,112184.3358,0.9063,0.9046
flow_3719,0x10000e87,12,Video,34,correlator,158.3562,1451.2772,1231.6504,79865.7844,282.6054,1330.8647,653.3764,1440.0,786.6236,0.000802,0.05317,0.00505,0.00035668,0.018886,477,29.9329,50.778,36866.8246,47.5346,9413,11593525,198.024,243896.3911,0.7491,0.9388
flow_3731,0x10000e93,12,Video,34,correlator,156.1271,1434.0274,1004.7141,182085.7558,426.7151,1319.0506,702.0605,1424.0274,721.9669,0.000377,0.110982,0.003842,0.00025227,0.015883,661,19.093,63.6534,19182.9733,43.9414,11436,11489910,260.2557,261482.5451,0.7718,0.9449
flow_3743,0x10000e9f,12,Video,34,correlator,226.0571,1440.4334,1313.8575,154725.2459,393.3513,1213.9728,797.6109,1430.4334,632.8225,0.000202,0.123154,0.003045,0.00053969,0.023231,464,19.2569,39.7871,25300.766,49.5029,16254,21355440,328.3446,431398.0736,0.7478,0.968
flow_3755,0x10000eab,12,Video,34,correlator,181.3722,1424.8549,1318.1499,84826.3268,291.2496,1229.8116,822.3077,1414.8549,592.5471,0.000926,0.05118,0.003778,0.00055241,0.023503,345,18.5993,49.2434,24516.6431,42.4028,11224,14794915,264.6995,348913.6378,0.8653,0.8977
flow_3767,0x10000eb7,12,Video,34,correlator,209.0395,1454.4903,1099.6488,177796.8403,421.6596,1176.3787,842.118,1440.0,597.882,0.000553,0.082582,0.008441,0.00124853,0.035335,172,27.0204,61.3123,29712.9131,46.8357,5548,6100851,118.4566,130260.626,0.808,0.8694
flow_3779,0x10000ec3,12,Video,34,correlator,218.9393,1441.668,958.2287,139672.0745,373.7273,1076.67,689.9242,1431.668,741.7439,0.000968,0.064834,0.003617,0.00077127,0.027772,290,27.0005,58.2759,25872.6698,34.5878,9561,9161624,276.4273,264880.5969,0.8689,0.8556
flow_3791,0x10000ecf,12,Video,34,correlator,258.171,1423.3274,1343.0034,92189.5279,303.6273,1068.9772,743.0122,1413.3274,670.3152,0.000149,0.136682,0.008211,0.00038089,0.019516,83,15.1731,81.7442,20377.488,22.1443,2696,3620737,121.7471,163506.8102,0.7766,0.8631
flow_3803,0x10000edb,12,Video,34,correlator,206.5134,1421.2208,1157.2518,143781.138,379.1848,1337.8236,899.5873,1411.2208,511.6335,0.000376,0.12776,0.013071,0.00010847,0.010415,127,23.4203,81.5824,27103.2393,55.257,4227,4891703,76.497,88526.3411,0.752,0.901
flow_3815,0x10000ee7,12,Video,34,correlator,182.4898,1424.8295,1065.8287,102989.2549,320.9194,1052.4907,844.8248,1414.8295,570.0046,0.00047,0.099553,0.011878,0.00085977,0.029322,108,15.6496,76.1143,16679.8138,43.8603,3692,3935039,84.1764,89717.6224,0.843,0.9325
flow_3827,0x10000ef3,12,Video,34,correlator,138.6292,1452.1516,1298.7722,107377.7176,327.6854,1284.7853,680.1404,1440.0,759.8596,0.000224,0.096525,0.005692,0.00134351,0.036654,172,29.8787,70.1222,38805.6892,16.5372,2905,3772933,175.6642,228147.732,0.8472,0.8852
flow_3839,0x10000eff,12,Video,34,correlator,123.5794,1454.338,1246.9097,120477.4295,347.0986,1361.8116,775.4383,1440.0,664.5617,0.000396,0.098776,0.008073,0.00110454,0.033235,426,16.9989,80.8031,21196.0586,52.4964,6502,8107407,123.8562,154437.4902,0.8959,0.8708
flow_3851,0x10000f0b,12,Video,34,correlator,140.986,1450.4368,1297.1761,156769.0183,395.9407,1255.3101,790.3046,1440.0,649.6954,0.00093,0.132223,0.014423,0.00113639,0.03371,108,15.9621,87.8903,20705.7199,28.8336,1999,2593055,69.3289,89931.8267,0.9127,0.8765
flow_3863,0x10000f17,12,Video,34,correlator,153.5448,1442.871,1332.1153,189102.2007,434.8588,1161.7648,688.7351,1432.871,744.1359,0.000668,0.067926,0.00477,0.00022094,0.014864,189,25.876,42.3454,34469.8786,20.8298,4366,5816015,209.6033,279215.7231,0.7514,0.8598
flow_3875,0x10000f23,12,Video,34,correlator,162.7378,1426.7996,994.0566,154452.9322,393.005,1320.93,695.0583,1416.7996,721.7412,0.00023,0.086075,0.008008,0.00071192,0.026682,101,28.041,60.4564,27874.3508,21.3828,2670,2654131,124.8669,124124.7417,0.8542,0.9436
flow_3887,0x10000f2f,12,Video,34,correlator,176.2064,1447.498,1106.1267,135002.7879,367.4273,1142.902,714.0849,1437.498,723.4131,0.000818,0.12449,0.008824,0.00069425,0.026349,169,27.4333,38.1956,30344.6778,42.0082,4760,5265163,113.3111,125336.4632,0.8341,0.8579
flow_3899,0x10000f3b,12,Video,34,correlator,161.6379,1425.0585,1270.6608,128114.7618,357.9312,1320.0747,827.9966,1415.0585,587.0619,0.00073,0.057746,0.01278,0.00028652,0.016927,142,16.7086,73.2925,21230.9144,45.1032,3529,4484162,78.2428,99420.0979,0.7213,0.9503
flow_3911,0x10000f47,12,Video,34,correlator,222.1915,1450.4715,930.3885,185945.4129,431.2139,1247.6904,859.6504,1440.0,580.3496,0.000642,0.077003,0.006818,0.00082979,0.028806,247,23.4009,82.7489,21771.9705,52.8776,7755,7215163,146.6594,136450.252,0.7638,0.9423
flow_3923,0x10000f53,12,Video,34,correlator,209.0406,1424.6343,1210.4663,178695.9046,422.7244,1211.8738,819.9587,1414.6343,594.6756,0.000607,0.07141,0.007255,0.00053801,0.023195,276,27.026,78.2785,32714.0326,50.0284,6895,8346164,137.8218,166828.6145,0.8324,0.9394
flow_3935,0x10000f5f,12,Video,34,correlator,193.3819,1435.0177,1172.9478,147509.6651,384.0699,1082.2212,691.1086,1425.0177,733.9091,0.000786,0.068668,0.00821,0.00114215,0.033796,139,27.1981,88.8077,31901.9776,25.7969,3142,3685401,121.7977,142862.3332,0.7353,0.9133
flow_3947,0x10000f6b,12,Video,34,correlator,238.4418,1424.5473,1209.8817,175383.748,418.7884,1365.4152,735.0326,1414.5473,679.5146,0.000921,0.113693,0.012709,0.0001144,0.010696,165,22.6211,86.1471,27368.8892,55.3584,4355,5269034,78.6691,95180.3391,0.7805,0.8948
flow_3959,0x10000f77,12,Video,34,correlator,184.6276,1422.6341,1096.8382,67264.72,259.3544,1269.3506,795.3586,1412.6341,617.2755,0.00036,0.061353,0.006752,0.00030479,0.017458,516,10.8681,78.0327,11920.5277,56.5634,8376,9187116,148.0817,162421.6751,0.8119,0.9555
flow_3971,0x10000f83,12,Video,34,correlator,212.1187,1458.0529,1302.7724,132300.3236,363.7311,1118.149,791.2706,1440.0,648.7294,0.000478,0.058423,0.011837,0.00019361,0.013914,99,24.3532,54.5472,31726.6776,31.0406,2622,3415869,84.4699,110045.1068,0.7445,0.9144
flow_3983,0x10000f8f,12,Video,34,correlator,192.9103,1444.8531,1018.6702,123077.0762,350.8234,1212.174,686.475,1434.8531,748.3781,0.000435,0.063002,0.005839,0.00053958,0.023229,149,24.0771,76.3339,24526.6589,23.442,4014,4088942,171.2311,174428.0079,0.8279,0.8572
flow_3995,0x10000f9b,12,Video,34,correlator,192.105,1422.5902,1300.4959,171812.0571,414.5022,1112.2074,685.9844,1412.5902,726.6059,0.000555,0.12168,0.010344,0.00034746,0.01864,284,11.3979,47.5174,14822.866,55.1387,5330,6931643,96.6653,125712.7885,0.8308,0.8617
flow_4007,0x10000fa7,12,Web,0,correlator,83.4916,1421.3402,572.8612,130856.264,361.7406,433.9897,126.0609,1257.7641,1131.7032,0.002923,0.424739,0.058368,0.09155534,0.302581,57,8.6151,31.8409,4935.2691,34.3972,589,337415,17.1235,9809.3821,0.4169,0.2733
flow_4019,0x10000fb3,12,Web,0,correlator,83.887,1414.7903,575.8955,154339.0827,392.8601,307.0103,161.3484,1388.7447,1227.3963,0.001461,2.604074,0.065283,0.10332244,0.321438,12,3.6302,16.3544,2090.5994,10.7596,164,94446,15.2422,8777.8094,0.411,0.2953
flow_4031,0x10000fbf,12,Web,0,correlator,105.5876,1413.2817,543.336,200931.4336,448.2538,575.7371,169.8623,1136.8884,967.0261,0.002848,0.599812,0.168848,0.01552199,0.124587,23,6.716,26.0966,3649.0529,32.4428,192,104320,5.9181,3215.5071,0.4468,0.3055
flow_4043,0x10000fcb,12,Web,0,correlator,124.9054,1404.7781,800.4635,237483.0461,487.3223,302.8878,155.8839,1135.7041,979.8202,0.004709,3.456567,0.088593,0.19300421,0.439322,15,4.8269,12.4229,3863.7846,13.9565,157,125672,11.2492,9004.5285,0.3501,0.2347
flow_4055,0x10000fd7,12,Web,0,correlator,109.6282,1407.8897,696.3577,182567.513,427.2792,552.5292,183.0498,1167.2195,984.1698,0.00144,3.265539,0.143693,0.04802907,0.219155,12,4.3947,12.0261,3060.2824,21.5634,150,104453,6.9562,4843.9856,0.3893,0.1442
flow_4067,0x10000fe3,12,Web,0,correlator,122.7874,1409.7574,584.5219,228789.2606,478.3192,554.6493,188.5832,1264.3283,1075.745,0.002243,1.67272,0.081151,0.10472033,0.323605,24,7.1983,16.7834,4207.5782,20.3478,250,146130,12.2863,7181.604,0.4589,0.1322
flow_4079,0x10000fef,12,Web,0,correlator,95.3982,1406.8166,531.2796,241599.8358,491.5281,350.0846,154.3291,1398.4103,1244.0812,0.004996,1.068573,0.174184,0.03994577,0.199864,24,3.7145,28.0698,1973.4487,30.1428,173,91911,5.7393,3049.1823,0.3712,0.3764
flow_4091,0x10000ffb,12,Web,0,correlator,104.9432,1454.061,492.4474,153254.6149,391.4775,297.548,149.8452,1259.8148,1109.9695,0.002567,2.995714,0.097362,0.01510253,0.122892,43,7.4791,20.6905,3683.0666,29.1126,299,147241,10.2705,5057.6323,0.3237,0.1459
flow_4103,0x10001007,12,Web,0,correlator,86.574,1414.4583,555.2652,119069.9197,345.0651,529.0101,166.6432,1276.7836,1110.1404,0.004477,0.567238,0.12498,0.09065892,0.301096,26,5.8426,18.7767,3244.1718,26.7916,214,118826,7.9876,4435.1975,0.3581,0.2864
flow_4115,0x10001013,12,Web,0,correlator,118.8449,1423.0052,843.1513,140346.0179,374.6278,548.9887,144.3002,1202.5703,1058.2702,0.002153,1.112496,0.132777,0.00934471,0.096668,33,6.1463,19.8145,5182.288,32.2353,242,204042,7.5073,6329.7656,0.4698,0.1638
flow_4127,0x1000101f,12,Web,0,correlator,86.0619,1425.1686,812.9614,104967.062,323.9862,311.5001,163.9194,1338.484,1174.5647,0.002748,2.763704,0.176256,0.11721813,0.342371,9,5.1859,13.9127,4215.9212,18.8432,106,86173,5.6254,4573.1519,0.309,0.2338
flow_4139,0x1000102b,12,Web,0,correlator,107.2658,1405.8438,632.5217,252698.2355,502.691,610.7011,132.5097,1391.299,1258.7893,0.002297,2.924135,0.171074,0.01807749,0.134453,8,5.5284,31.5847,3496.8364,14.4741,84,53131,5.8035,3670.7763,0.3606,0.3379
flow_4151,0x10001037,12,Web,0,correlator,106.9791,1447.0802,667.819,128643.6945,358.6693,595.1758,188.7535,1334.1607,1145.4071,0.004806,3.115046,0.105569,0.15724294,0.396539,27,5.7578,25.9366,3845.1895,27.2048,257,171629,9.4469,6308.78,0.2942,0.2961
flow_4163,0x10001043,12,Web,0,correlator,88.5686,1408.9445,534.4715,137976.3337,371.4517,622.5235,162.8048,1202.342,1039.5372,0.004056,2.796131,0.074493,0.02278865,0.150959,16,3.6552,20.8198,1953.5991,10.4244,139,74291,13.3341,7126.6557,0.3202,0.3195
flow_4175,0x1000104f,12,Web,0,correlator,119.5589,1413.3042,546.8388,174761.5923,418.045,382.1455,155.4815,1165.0481,1009.5666,0.00263,3.239786,0.104309,0.1682005,0.410123,23,6.3074,26.8207,3449.1546,21.4123,205,112101,9.5739,5235.3594,0.4797,0.1277
flow_4187,0x1000105b,12,Web,0,correlator,113.9213,1406.9756,570.7582,140176.1522,374.4011,438.5622,102.5942,1259.0689,1156.4748,0.001666,2.676889,0.116726,0.14210864,0.376973,15,8.7517,24.4518,4995.0794,24.268,207,118146,8.5298,4868.396,0.4055,0.2124
flow_4199,0x10001067,12,Web,0,correlator,114.0691,1412.4551,648.2524,128679.4586,358.7192,403.3801,176.5882,1108.3226,931.7344,0.001914,3.256261,0.132249,0.16784145,0.409685,4,7.7973,14.5173,5054.6446,6.704,50,32412,7.4583,4834.7387,0.3685,0.2208
flow_4211,0x10001073,12,Web,0,correlator,85.4484,1438.8165,625.8583,253248.3003,503.2378,303.6365,102.7875,1146.2007,1043.4133,0.00475,3.280279,0.049604,0.07788913,0.279086,103,3.5902,13.3276,2246.9644,25.8487,521,326072,20.1558,12614.6575,0.4209,0.3644
flow_4223,0x1000107f,12,Web,0,correlator,81.2878,1434.0775,728.8871,150288.325,387.6704,299.4122,108.9871,1262.0403,1153.0532,0.00177,0.555051,0.156195,0.14758499,0.384168,17,6.339,22.9889,4620.4322,27.6654,177,129013,6.3979,4663.3385,0.4345,0.2918
flow_4235,0x1000108b,12,Web,0,correlator,121.0284,1447.0208,530.529,126974.8545,356.3353,623.3524,199.5467,1314.8869,1115.3402,0.001684,1.013097,0.133277,0.01305517,0.114259,17,6.4755,24.3264,3435.449,11.7785,88,46686,7.4712,3963.6482,0.4738,0.1449
flow_4247,0x10001097,12,Web,0,correlator,92.6437,1441.6117,509.2875,159197.8027,398.996,479.1492,120.4464,1177.5366,1057.0901,0.003223,2.569122,0.106608,0.04707235,0.216962,22,4.9934,26.3293,2543.0585,30.6424,287,146165,9.3661,4770.0263,0.4047,0.1383
flow_4259,0x100010a3,12,Web,0,correlator,116.3698,1403.3835,586.4638,169230.6264,411.3765,508.0054,129.989,1294.2878,1164.2989,0.003894,0.880796,0.158007,0.11396156,0.337582,18,7.6872,12.3751,4508.2568,34.7133,219,128435,6.3088,3699.8763,0.3645,0.2001
flow_4271,0x100010af,12,Web,0,correlator,100.2469,1412.0371,473.2469,234111.8324,483.851,383.8228,149.0293,1335.2269,1186.1976,0.001429,2.316217,0.090859,0.15448926,0.393051,13,5.5544,12.6306,2628.585,17.2834,190,89916,10.9932,5202.4368,0.3895,0.1536
flow_4283,0x100010bb,12,Web,0,correlator,98.6116,1443.9606,577.6304,174327.6168,417.5256,290.9481,128.5504,1252.4639,1123.9135,0.001294,2.675222,0.097804,0.07940944,0.281797,17,6.9988,26.1006,4042.7184,19.3275,197,113793,10.1927,5887.6092,0.3265,0.2832
flow_4295,0x100010c7,12,Web,0,correlator,86.2411,1430.8344,845.6293,241257.9877,491.1802,563.6059,148.4933,1346.8017,1198.3083,0.004651,1.075854,0.109518,0.16081352,0.401016,21,8.7695,17.7433,7415.7098,29.8323,272,230011,9.1176,7710.1331,0.3971,0.1614
flow_4307,0x100010d3,12,Web,0,correlator,90.5407,1429.908,491.3288,159103.9697,398.8784,476.2349,161.7303,1212.8813,1051.151,0.001626,1.392443,0.111248,0.08200294,0.286362,49,6.4496,15.7053,3168.8579,30.3923,273,134132,8.9826,4413.3605,0.4567,0.2983
flow_4319,0x100010df,12,Web,0,correlator,102.8798,1432.8699,541.0143,108390.4988,329.2271,277.1782,137.01,1161.9425,1024.9325,0.003054,0.599317,0.136187,0.01962983,0.140107,7,7.2697,14.291,3933.0097,6.9756,51,27591,7.3112,3955.3753,0.4348,0.2828
flow_4331,0x100010eb,12,Web,0,correlator,106.0593,1401.5755,638.1378,194406.1201,440.9151,302.5628,122.5814,1168.7861,1046.2047,0.003164,1.099014,0.071826,0.0589146,0.242723,53,4.8836,22.0528,3116.3981,28.8616,401,255893,13.8939,8866.2103,0.3505,0.375
flow_4343,0x100010f7,12,Web,0,correlator,80.1369,1425.0424,844.5298,131499.564,362.6287,523.1678,110.4951,1318.9698,1208.4748,0.00276,1.456398,0.110782,0.15031169,0.387701,33,6.9807,18.46,5895.4316,30.3126,273,230556,9.0062,7605.9493,0.3704,0.2906
flow_4355,0x10001103,12,Web,0,correlator,99.8676,1421.0267,503.777,125998.7797,354.9631,519.6375,157.1496,1265.0576,1107.908,0.001532,0.728165,0.101343,0.19280986,0.439101,13,8.8216,14.2215,4444.1093,18.1941,179,90176,9.8383,4956.3248,0.4649,0.3076
flow_4367,0x1000110f,12,Web,0,correlator,105.0845,1442.1946,478.2699,224485.1329,473.7986,624.6713,157.0194,1165.7115,1008.6921,0.001521,1.075054,0.068197,0.16182933,0.40228,10,7.7832,26.6489,3722.456,9.9727,146,69827,14.64,7001.8198,0.4035,0.1317
flow_4379,0x1000111b,12,Web,0,correlator,113.7811,1425.2708,489.3312,199992.461,447.2052,498.2443,100.7283,1196.3826,1095.6542,0.004065,3.079928,0.075523,0.06322285,0.251442,36,5.4426,31.432,2663.2149,28.4168,376,183988,13.2316,6474.629,0.3821,0.2828
flow_4391,0x10001127,12,Web,0,correlator,107.2829,1454.6952,670.5162,179363.4192,423.5132,391.9978,101.2362,1173.7703,1072.5341,0.002321,1.808522,0.169109,0.03774698,0.194286,11,4.678,20.6541,3136.663,15.0782,89,59675,5.9026,3957.7089,0.4295,0.3111
flow_4403,0x10001133,12,Web,0,correlator,100.2486,1401.8437,712.7174,102986.3968,320.9149,625.0514,151.2743,1363.2588,1211.9844,0.003671,3.308539,0.115852,0.04268859,0.206612,9,8.4805,31.6673,6044.1802,8.3305,71,50602,8.5228,6074.2694,0.2874,0.1868
flow_4415,0x1000113f,12,Web,0,correlator,118.2116,1453.0791,558.53,123512.5837,351.4436,396.2013,136.8446,1236.0146,1099.17,0.003448,1.71106,0.075559,0.01305707,0.114268,33,8.205,15.7841,4582.7526,29.3038,387,216151,13.2065,7376.2128,0.45,0.3549
flow_4427,0x1000114b,12,Web,0,correlator,128.556,1452.6139,524.3551,122484.0625,349.9772,387.2247,111.2629,1201.6799,1090.417,0.003821,1.14222,0.149005,0.17953888,0.42372,4,3.9206,23.0228,2055.7911,7.1029,47,24644,6.6171,3469.592,0.2874,0.2493
flow_4439,0x10001157,12,Web,0,correlator,93.1382,1442.3994,661.6206,257451.071,507.3964,352.1645,180.6249,1222.8954,1042.2705,0.001962,1.921672,0.11573,0.01616072,0.127125,7,7.1614,26.0827,4738.1171,11.5738,100,66162,8.6402,5716.529,0.3508,0.2603
flow_4451,0x10001163,12,Web,0,correlator,90.097,1453.1945,766.4975,165449.517,406.7549,462.5156,156.2077,1255.4048,1099.197,0.002698,2.329583,0.155295,0.19289376,0.439197,12,8.7939,25.0071,6740.4953,25.3142,163,124939,6.4391,4935.5259,0.3366,0.2548
flow_4463,0x1000116f,12,Web,0,correlator,98.0319,1448.8836,740.8788,210040.3258,458.3016,317.8146,131.0118,1186.2935,1055.2817,0.001776,1.705964,0.099527,0.04577371,0.213948,25,7.8722,28.1651,5832.341,29.0285,291,215595,10.0246,7427.0127,0.3241,0.366
flow_4475,0x1000117b,12,Web,0,correlator,123.3251,1432.6104,777.9149,152051.2643,389.9375,347.7823,154.88,1382.643,1227.763,0.00434,1.153741,0.173661,0.07805492,0.279383,13,6.9492,23.5771,5405.8701,18.2073,104,80903,5.712,4443.429,0.445,0.3578
flow_4487,0x10001187,12,Web,0,correlator,93.6162,1430.6767,451.2568,219561.8992,468.5743,314.2761,199.8777,1187.8464,987.9687,0.003662,3.375828,0.145883,0.04651041,0.215663,32,6.9896,26.9007,3154.1064,32.7025,224,101081,6.8496,3090.9222,0.3514,0.3361
flow_4499,0x10001193,12,Web,0,correlator,99.7112,1437.6089,663.4443,134836.6145,367.2011,375.4636,137.3169,1329.3672,1192.0503,0.003674,1.870777,0.178787,0.03874898,0.196848,25,5.9842,27.5635,3970.1868,27.2621,152,100843,5.5755,3699.0217,0.3756,0.2723
flow_4511,0x1000119f,12,Web,0,correlator,116.383,1438.2205,527.9283,132128.4284,363.4947,538.7806,128.0257,1368.0182,1239.9925,0.003129,0.829773,0.147273,0.13101901,0.361965,12,7.6036,27.4423,4014.1401,24.8734,168,88691,6.7542,3565.6907,0.3809,0.3187
flow_4523,0x100011ab,12,Web,0,correlator,116.9304,1405.4951,797.2082,205290.557,453.09,398.3391,134.1542,1188.6394,1054.4851,0.003355,0.522038,0.139673,0.14079533,0.375227,15,8.8432,24.6797,7049.8937,13.3468,95,75734,7.1178,5674.3216,0.4188,0.2844
flow_4535,0x100011b7,12,Web,0,correlator,83.1297,1426.7996,680.4943,140992.8544,375.4902,353.8314,116.1555,1311.8047,1195.6492,0.003674,1.668765,0.054014,0.02395388,0.15477,45,7.5512,13.5861,5138.538,17.7011,327,222521,18.4735,12571.0511,0.3581,0.3508
flow_4547,0x100011c3,12,Web,0,correlator,121.2868,1436.9652,565.2164,226554.9464,475.9779,533.4476,158.7136,1233.0603,1074.3467,0.004391,1.043201,0.166901,0.0925615,0.304239,14,3.9597,18.6897,2238.1078,33.4004,200,113043,5.988,3384.4811,0.4111,0.1535
flow_4559,0x100011cf,12,Web,0,correlator,84.4675,1417.3984,565.8145,241463.2011,491.3891,292.4813,123.6583,1236.2575,1112.5992,0.001554,1.027336,0.173672,0.16453166,0.405625,7,8.2858,19.0198,4688.2029,9.7061,55,31119,5.6665,3206.1321,0.3684,0.1675
flow_4571,0x100011db,12,Web,0,correlator,118.3031,1408.8711,766.7541,115243.5806,339.4754,399.7858,102.1066,1392.4762,1290.3696,0.00236,0.786521,0.153596,0.0579961,0.240824,12,4.9336,22.766,3782.8677,23.9979,156,119613,6.5006,4984.319,0.3132,0.3412
flow_4583,0x100011e7,12,Web,0,correlator,127.6896,1407.9007,551.4728,225177.0577,474.5282,387.0875,169.2923,1318.0649,1148.7726,0.003211,1.666394,0.138164,0.00765375,0.087486,18,8.1396,26.818,4488.7782,26.5449,192,105882,7.233,3988.7818,0.3924,0.323
flow_4595,0x100011f3,12,Web,0,correlator,86.5303,1455.8355,822.3619,197851.1594,444.8046,415.0733,155.9705,1293.5455,1137.575,0.004393,2.478526,0.135374,0.1958883,0.442593,6,8.6945,15.6426,7150.0121,10.8072,79,64966,7.31,6011.3851,0.355,0.2166
flow_4607,0x100011ff,12,Web,0,correlator,127.9544,1443.6185,481.5318,109092.5994,330.2917,629.9317,180.3534,1111.8195,931.4661,0.004432,1.921997,0.144208,0.08998779,0.29998,22,6.358,15.9469,3061.5576,25.7968,178,85712,6.9001,3322.5823,0.3593,0.1443
flow_4619,0x1000120b,12,Web,0,correlator,128.2822,1416.9389,461.88,167876.9888,409.7279,554.5158,156.4003,1350.5765,1194.1762,0.002067,0.610598,0.070929,0.02898742,0.170257,28,4.7882,14.4366,2211.5792,15.7226,221,102075,14.0562,6492.2547,0.3844,0.305
flow_4631,0x10001217,12,Web,0,correlator,112.3743,1400.2813,719.394,108330.2539,329.1356,616.9993,179.3424,1137.1709,957.8285,0.003225,3.366266,0.073967,0.01241184,0.111408,39,7.7765,30.243,5594.3677,18.2533,246,176970,13.477,9695.2301,0.3699,0.3795
flow_4643,0x10001223,12,Web,0,correlator,98.7164,1423.9787,681.1206,250375.3261,500.3752,536.69,180.6104,1327.6187,1147.0084,0.001782,1.991805,0.142901,0.07876392,0.280649,24,6.5132,14.3969,4436.2407,33.5337,234,159382,6.9781,4752.8904,0.2958,0.1353
flow_4655,0x1000122f,12,Web,0,correlator,89.2467,1413.9128,660.3506,136105.7298,368.9251,358.7683,198.712,1277.8122,1079.1002,0.001409,2.737908,0.051018,0.04057938,0.201443,27,3.9151,23.5712,2585.3305,15.8387,310,204708,19.5724,12924.5836,0.3856,0.2073
flow_4667,0x1000123b,12,Web,0,correlator,114.4095,1409.9313,613.0031,106502.4886,326.3472,250.726,142.4497,1344.8447,1202.395,0.002536,2.114662,0.105975,0.059266,0.243446,16,6.5298,28.974,4002.797,23.7537,224,137312,9.4301,5780.6607,0.347,0.1925
flow_4679,0x10001247,12,Web,0,correlator,119.2697,1443.2691,844.3773,147119.5583,383.5617,590.8802,127.6112,1237.4967,1109.8855,0.002929,2.576862,0.074674,0.04322818,0.207914,42,6.526,13.1084,5510.3852,34.2936,459,387569,13.3844,11301.4917,0.4796,0.319
flow_4691,0x10001253,12,Web,0,correlator,95.5778,1408.4456,475.0457,249155.7083,499.155,513.926,196.446,1324.038,1127.592,0.003921,1.880203,0.1267,0.01397876,0.118232,18,6.1904,25.1275,2940.7211,25.261,199,94534,7.8777,3742.2851,0.4413,0.2282
flow_4703,0x1000125f,12,Web,0,correlator,123.6134,1455.6526,677.701,261552.391,511.4219,264.3569,103.8091,1328.4687,1224.6596,0.004991,0.857986,0.092427,0.20292088,0.450467,38,8.3983,21.0213,5691.5551,31.2817,338,229062,10.805,7322.557,0.3479,0.2728
flow_4715,0x1000126b,12,Web,0,correlator,120.7604,1416.5793,599.8953,140475.9708,374.8012,493.9047,195.1823,1154.0497,958.8674,0.004118,2.460333,0.178231,0.01465854,0.121072,14,8.4812,27.0186,5087.8537,32.3473,181,108581,5.5955,3356.7297,0.3363,0.2284
flow_4727,0x10001277,12,Web,0,correlator,107.5998,1424.7773,807.9825,129486.1019,359.8418,282.4562,132.3152,1126.1816,993.8664,0.002678,1.14746,0.066258,0.02487782,0.157727,20,3.5094,24.3406,2835.5246,13.2175,199,160788,15.0559,12164.8244,0.4208,0.3059
flow_4739,0x10001283,12,Web,0,correlator,95.6519,1426.0715,595.5338,205554.0478,453.3807,517.0946,131.8685,1323.5631,1191.6947,0.00247,0.507223,0.131458,0.14062959,0.375006,29,5.8682,27.9995,3494.7143,25.6621,195,116129,7.5987,4525.3037,0.2947,0.3654
flow_4751,0x1000128f,12,Web,0,correlator,117.6922,1419.4226,575.4602,144405.706,380.0075,566.1944,138.1868,1136.8461,998.6594,0.003006,1.053096,0.120777,0.07820793,0.279657,8,5.9219,22.6431,3407.8214,13.8709,114,65602,8.2186,4729.4614,0.4228,0.2858
flow_4763,0x1000129b,12,Web,0,correlator,123.6841,1416.2042,455.6906,220751.8379,469.8424,523.1745,188.0804,1169.9193,981.839,0.002719,0.550542,0.139788,0.02423864,0.155688,16,5.7477,12.9734,2619.1596,22.0663,157,71543,7.1149,3242.1791,0.4012,0.253
flow_4775,0x100012a7,12,Web,0,correlator,87.6957,1448.0319,569.2788,133962.1491,366.0084,472.6338,156.1634,1122.5855,966.4221,0.003497,1.106243,0.058655,0.19423034,0.440716,28,4.2875,30.9335,2440.7908,14.4576,246,140042,17.0153,9686.3946,0.2831,0.1224
flow_4787,0x100012b3,12,Web,0,correlator,128.0395,1419.0537,639.1896,210872.5159,459.2086,453.9409,189.9465,1372.8763,1182.9298,0.002112,1.728177,0.068029,0.18236435,0.427041,9,8.0708,29.5733,5158.7416,7.7451,113,72228,14.5898,9325.5782,0.41,0.2541
flow_4799,0x100012bf,12,Web,0,correlator,127.9194,1434.0179,490.3686,189680.511,435.5233,610.9049,157.4238,1184.9385,1027.5146,0.004893,3.317478,0.105989,0.15517926,0.393928,20,5.9837,29.7978,2934.2421,14.9018,140,68651,9.3948,4606.8873,0.4331,0.3789
flow_4811,0x100012cb,12,Web,0,correlator,124.0617,1415.6278,544.9842,186806.4671,432.2111,400.0907,119.8018,1339.2339,1219.4321,0.001343,0.482085,0.156021,0.02773786,0.166547,20,6.8174,12.4146,3715.375,31.4216,201,109541,6.3969,3486.171,0.3683,0.3576
flow_4823,0x100012d7,12,Web,0,correlator,102.3374,1453.9454,519.4988,241385.6977,491.3102,375.1705,197.6925,1307.1718,1109.4793,0.004708,3.19491,0.108296,0.05916695,0.243243,12,5.1645,18.9789,2682.9401,11.0574,102,52988,9.2246,4792.0847,0.3156,0.1749
flow_4835,0x100012e3,12,Web,0,correlator,126.1061,1450.355,588.3935,183081.3634,427.8801,429.6409,120.6902,1162.2816,1041.5914,0.004369,0.78614,0.049811,0.03516023,0.187511,74,5.3734,28.5964,3161.6893,20.1824,405,238299,20.067,11807.2694,0.354,0.2745
flow_4847,0x100012ef,12,Web,0,correlator,106.5428,1447.6554,711.9823,205917.4661,453.7813,364.3669,179.3149,1269.1044,1089.7895,0.004379,0.887019,0.094534,0.11866659,0.34448,26,6.8594,26.7579,4883.778,32.3233,341,242785,10.5497,7511.138,0.3622,0.1647
flow_4859,0x100012fb,12,Web,0,correlator,98.59,1427.3864,770.7526,208965.2568,457.1272,385.9803,173.6861,1146.4139,972.7278,0.002195,1.425769,0.043821,0.16389446,0.404839,54,7.5866,22.6526,5847.3694,18.4014,419,322945,22.77,17550.0449,0.4569,0.297
flow_4871,0x10001307,12,Web,0,correlator,96.9858,1431.9026,638.9015,250277.1514,500.2771,612.0124,118.3626,1360.1175,1241.7549,0.003255,2.687733,0.150729,0.05359801,0.231512,10,8.0268,20.7832,5128.3222,18.3147,121,77307,6.6067,4221.0312,0.3294,0.2941
flow_4883,0x10001313,12,Web,0,correlator,108.5787,1415.3392,721.54,230437.5487,480.0391,417.459,195.7935,1145.1591,949.3655,0.001815,2.64101,0.115166,0.09857488,0.313966,14,5.5974,13.2123,4038.7412,21.6339,187,134927,8.6438,6236.8187,0.4169,0.2529
flow_4895,0x1000131f,12,Web,0,correlator,103.0712,1428.8789,708.5542,147633.2187,384.2307,282.0501,128.9621,1345.5625,1216.6003,0.004455,0.615777,0.068436,0.01108878,0.105303,45,7.7804,28.4385,5512.8219,20.4945,299,211857,14.5893,10337.2824,0.3795,0.241
flow_4907,0x1000132b,12,Web,0,correlator,81.0812,1440.0126,613.9463,230836.4987,480.4545,540.2244,179.0664,1178.9957,999.9293,0.003987,2.44135,0.168806,0.10615541,0.325815,5,7.0206,30.4058,4310.2952,9.2602,54,33153,5.8314,3580.1615,0.3363,0.2139
flow_4919,0x10001337,12,Web,0,correlator,92.9074,1453.1371,519.3781,118067.4361,343.6094,411.844,177.9657,1241.7179,1063.7522,0.003663,2.422542,0.061387,0.12791067,0.357646,13,8.5788,14.3157,4455.6363,9.4953,154,79984,16.2185,8423.5031,0.3053,0.3769
flow_4931,0x10001343,12,Web,0,correlator,109.4317,1423.2645,760.4959,103992.729,322.479,558.0043,181.3366,1310.23,1128.8934,0.003199,1.157646,0.060447,0.17131824,0.413906,89,5.6019,16.5763,4260.2534,34.9905,578,439566,16.5188,12562.4422,0.321,0.3028
flow_4943,0x1000134f,12,Web,0,correlator,90.9754,1411.3657,644.2836,202889.3993,450.4325,499.764,135.3516,1284.4522,1149.1006,0.002804,1.045513,0.045159,0.10765945,0.328115,54,5.9852,22.0839,3856.1961,23.3938,518,333738,22.1426,14266.0922,0.3026,0.2972
flow_4955,0x1000135b,12,Web,0,correlator,92.114,1419.2123,633.5419,231295.3076,480.9317,549.1649,155.7574,1318.461,1162.7036,0.002229,1.927802,0.049953,0.01084246,0.104127,18,8.5716,24.3441,5430.4767,10.6575,213,134944,19.9858,12661.8316,0.2881,0.282
flow_4967,0x10001367,12,Web,0,correlator,119.022,1416.4349,756.8198,119049.2601,345.0352,576.9794,190.3858,1370.9725,1180.5867,0.001171,1.943906,0.1646,0.14297727,0.378123,16,8.1843,13.201,6194.0532,31.544,191,144552,6.055,4582.5483,0.3195,0.3082
flow_4979,0x10001373,12,Web,0,correlator,105.1893,1426.7808,576.4211,193893.364,440.3332,368.5267,100.0406,1118.7542,1018.7136,0.004518,3.023671,0.174051,0.0627285,0.250457,5,6.8458,30.162,3946.0486,13.866,79,45537,5.6974,3284.0827,0.3515,0.3209
flow_4991,0x1000137f,12,Web,0,correlator,101.7338,1432.4016,849.56,141820.2174,376.5903,419.583,108.1114,1200.8632,1092.7518,0.004581,1.234309,0.157067,0.08094807,0.284514,9,6.0685,18.0818,5155.5906,21.723,138,117239,6.3527,5396.9969,0.4088,0.2505
flow_5003,0x1000138b,12,Web,0,correlator,107.3567,1437.9884,528.9271,179556.4399,423.741,494.1035,185.763,1182.6627,996.8997,0.002113,3.477642,0.048727,0.07050293,0.265524,67,6.691,17.3657,3539.0659,32.9268,675,357025,20.5,10842.9759,0.4269,0.3701
flow_5015,0x10001397,12,Web,0,correlator,123.4675,1449.6547,606.8456,177936.2361,421.8249,604.2456,118.7354,1205.8696,1087.1341,0.003398,1.784213,0.1181,0.00982225,0.099107,12,8.6747,25.9023,5264.2134,20.2072,171,103770,8.4623,5135.3037,0.4668,0.3168
flow_5027,0x100013a3,12,Web,0,correlator,84.003,1458.3574,757.2498,169367.703,411.5431,494.8084,196.298,1160.1373,963.8393,0.004767,0.979019,0.174752,0.00837462,0.091513,28,6.0404,12.1371,4574.0976,26.5531,151,114344,5.6867,4306.2392,0.2885,0.3257
flow_5039,0x100013af,12,Web,0,correlator,109.973,1416.9918,626.5971,167046.4,408.7131,291.619,191.0704,1196.3784,1005.308,0.003196,3.095557,0.164523,0.02428639,0.155841,10,4.7867,18.393,2999.3425,10.9119,66,41355,6.0484,3789.8863,0.4255,0.1595
flow_5051,0x100013bb,12,Web,0,correlator,125.1486,1440.5156,745.8827,244541.2006,494.5111,393.4729,152.9731,1206.1349,1053.1617,0.004568,2.28396,0.11858,0.06439664,0.253765,24,6.3306,16.1212,4721.8604,22.6019,190,141717,8.4064,6270.129,0.3283,0.167
flow_5063,0x100013c7,12,Web,0,correlator,87.0044,1440.7695,640.1767,202158.1645,449.62,388.941,109.4302,1119.3693,1009.9391,0.001067,3.075484,0.175032,0.01910495,0.138221,25,7.0471,19.5936,4511.3938,33.4381,191,122273,5.7121,3656.6998,0.4037,0.3392
flow_5075,0x100013d3,12,Web,0,correlator,127.4527,1420.3752,615.9957,117170.2628,342.3014,459.7884,160.4787,1250.9242,1090.4455,0.004032,1.44416,0.123458,0.02665944,0.163277,22,4.863,13.8208,2995.6169,33.3035,269,165702,8.0772,4975.5058,0.3134,0.1589
flow_5087,0x100013df,12,Web,0,correlator,116.3877,1421.3551,751.6105,266010.5391,515.7621,627.5599,122.0968,1379.1676,1257.0708,0.004454,0.487611,0.175993,0.19197769,0.438153,14,8.9455,15.9073,6723.5428,27.5163,156,117251,5.6694,4261.151,0.435,0.3551
flow_5099,0x100013eb,12,Web,0,correlator,110.1332,1448.4715,483.7967,104021.8652,322.5242,632.1475,121.3322,1131.7339,1010.4017,0.004743,1.563487,0.159611,0.18417224,0.429153,12,3.716,17.527,1797.7689,11.6977,73,35317,6.2406,3019.1523,0.3157,0.3544
flow_5111,0x100013f7,12,Web,0,correlator,122.9196,1402.4241,696.8013,177901.0258,421.7832,571.9335,116.9531,1159.4249,1042.4718,0.002971,2.273141,0.062746,0.17579427,0.419278,79,8.1725,30.2897,5694.5839,30.4496,485,337948,15.928,11098.6141,0.3289,0.3448
flow_5123,0x10001403,12,Web,0,correlator,84.1021,1457.6897,687.2503,248853.1941,498.8519,317.7757,195.0148,1312.0868,1117.072,0.002262,3.20737,0.054649,0.17103728,0.413567,48,8.3425,12.2726,5733.3888,25.1696,460,316135,18.276,12560.1918,0.3913,0.2521
flow_5135,0x1000140f,12,Web,0,correlator,113.3893,1434.1585,818.0121,201270.4584,448.6318,618.1425,167.0248,1123.4301,956.4053,0.001071,3.114909,0.114974,0.04354188,0.208667,22,5.1247,19.011,4192.0333,23.4125,203,166056,8.6706,7092.6298,0.4047,0.286
flow_5147,0x1000141b,12,Web,0,correlator,117.7723,1438.4648,713.9747,155798.9687,394.7138,585.0597,170.8058,1318.072,1147.2662,0.001788,1.341723,0.09071,0.03859354,0.196452,11,7.0742,22.9962,5050.7802,11.8455,130,92816,10.9746,7835.5574,0.4026,0.3729
flow_5159,0x10001427,12,Web,0,correlator,126.3836,1428.9338,738.539,136413.1357,369.3415,275.7258,151.9753,1130.5722,978.5969,0.004116,1.970733,0.048919,0.12444981,0.352774,44,6.5958,27.7754,4871.2926,20.0919,410,302801,20.4062,15070.7993,0.3081,0.1495
flow_5171,0x10001433,12,Web,0,correlator,107.0174,1433.5966,566.0483,122012.9824,349.3036,461.9502,127.0433,1211.0375,1083.9942,0.003997,2.477804,0.060695,0.01778883,0.133375,59,4.5019,24.2612,2548.3137,30.8418,508,287552,16.4712,9323.4543,0.4735,0.2771
flow_5183,0x1000143f,12,Web,0,correlator,108.191,1428.2101,721.7613,214916.5334,463.5909,407.5432,177.7024,1287.2261,1109.5236,0.00395,2.605734,0.148122,0.08661929,0.294312,26,6.4167,30.1479,4631.3357,23.8166,160,115481,6.718,4848.7637,0.3369,0.2236
flow_5195,0x1000144b,12,Web,0,correlator,114.2189,1445.1671,532.7439,123778.1286,351.8212,615.193,102.5692,1230.876,1128.3068,0.001278,1.718547,0.066773,0.17885778,0.422916,18,5.5568,22.6096,2960.3592,15.1207,226,120400,14.9464,7962.5736,0.4153,0.2947
flow_5207,0x10001457,12,Web,0,correlator,117.5932,1428.9897,834.4567,106651.5261,326.5755,252.9737,138.0468,1352.3728,1214.326,0.003726,1.404782,0.053897,0.085449,0.292317,78,8.0616,27.1367,6727.0901,22.2806,413,344630,18.5363,15467.707,0.3793,0.1649
flow_5219,0x10001463,12,Web,0,correlator,115.0882,1439.7477,779.1203,215005.06,463.6864,494.1305,171.6145,1132.4927,960.8782,0.002387,2.447779,0.151692,0.02675358,0.163565,11,8.5186,19.3666,6637.01,15.5854,102,79470,6.5446,5099.0029,0.308,0.3465
flow_5231,0x1000146f,12,Web,0,correlator,106.8351,1402.4328,749.9287,159042.6648,398.8015,456.9008,174.0051,1389.0126,1215.0075,0.00422,1.191612,0.070318,0.20101662,0.448349,27,8.4185,20.9037,6313.2823,12.1819,173,129737,14.2014,10650.0089,0.2897,0.2742
flow_5243,0x1000147b,12,Web,0,correlator,88.9421,1439.4207,723.3339,161772.9138,402.21,616.5711,197.1545,1145.9322,948.7777,0.001892,3.425613,0.15256,0.02851487,0.168863,19,6.5391,26.8915,4729.9417,32.0761,210,151900,6.5469,4735.6184,0.3246,0.2261
flow_5255,0x10001487,12,Web,0,correlator,114.5996,1416.3291,483.2523,146352.4232,382.5604,409.0772,189.3039,1372.1311,1182.8272,0.003471,0.698095,0.059482,0.0073315,0.085624,28,8.6654,16.4913,4187.5982,18.9447,318,153674,16.7857,8111.6985,0.3074,0.1898
flow_5267,0x10001493,12,Web,0,correlator,95.8438,1414.9025,577.9613,129518.4363,359.8867,576.8588,105.7965,1242.3094,1136.5129,0.003627,0.556202,0.113504,0.05562929,0.235859,18,3.6821,17.3702,2128.1156,27.0362,238,137554,8.803,5087.7806,0.4096,0.3686
flow_5279,0x1000149f,12,Web,0,correlator,91.299,1452.9051,452.5178,230552.5911,480.1589,477.968,104.9075,1225.5605,1120.653,0.003534,0.651457,0.055065,0.01495428,0.122288,87,6.9403,17.9981,3140.62,27.8749,506,228973,18.1525,8214.313,0.3996,0.1264
flow_5291,0x100014ab,12,Web,0,correlator,91.1705,1405.2247,805.6136,154111.0106,392.5698,342.0706,128.1886,1180.4509,1052.2623,0.004103,2.398343,0.088574,0.04313144,0.207681,35,7.482,17.961,6027.5685,33.7488,381,306938,11.2893,9094.7864,0.4781,0.3141
flow_5303,0x100014b7,12,Web,0,correlator,127.2429,1428.2155,828.1481,107292.3871,327.5552,508.4615,197.7805,1103.614,905.8335,0.004044,2.240702,0.049546,0.02721384,0.164966,17,7.803,31.4665,6462.0075,9.9319,200,165629,20.1371,16676.4433,0.4347,0.3234
flow_5315,0x100014c3,12,Web,0,correlator,105.2924,1449.8602,693.0263,115818.9774,340.3219,274.0528,188.1611,1221.8231,1033.6619,0.002853,0.956646,0.105739,0.05584633,0.236318,46,7.0082,31.4245,4856.898,28.655,270,187117,9.4224,6529.9843,0.3379,0.3083
flow_5327,0x100014cf,12,Web,0,correlator,129.9549,1427.1452,764.6548,133895.5537,365.9174,377.4476,112.2064,1205.8749,1093.6686,0.002491,1.406679,0.166953,0.15765959,0.397064,6,5.2378,30.6073,4005.1303,9.0847,54,41291,5.9441,4545.1212,0.4004,0.3514
flow_5339,0x100014db,12,Web,0,correlator,120.9626,1457.181,811.9555,141011.714,375.5153,328.701,137.5475,1125.0954,987.5479,0.004322,1.842868,0.056819,0.06482924,0.254616,46,5.2328,20.8495,4248.7989,21.9983,387,314226,17.5923,14284.1008,0.33,0.2179
flow_5351,0x100014e7,12,Web,0,correlator,98.3161,1420.249,619.2953,241383.8365,491.3083,389.4652,144.4378,1229.3162,1084.8785,0.002133,1.892116,0.161357,0.03433083,0.185286,13,7.3084,22.0103,4526.0809,20.1153,124,76792,6.1645,3817.5935,0.3253,0.2158
flow_5363,0x100014f3,12,Web,0,correlator,117.8508,1422.8124,683.7997,170798.1192,413.2773,496.8314,195.3764,1335.7022,1140.3258,0.003093,0.854335,0.048829,0.07121422,0.26686,11,6.2793,15.238,4293.7722,7.9149,162,110775,20.4676,13995.6916,0.3267,0.1791
flow_5375,0x100014ff,12,Web,0,correlator,92.2332,1436.9035,645.8245,129677.9588,360.1083,504.4813,173.7093,1351.256,1177.5467,0.002208,0.878413,0.170447,0.18525431,0.430412,15,7.3979,19.3009,4777.7202,14.2933,83,53603,5.8069,3750.2094,0.4317,0.1386
flow_5387,0x1000150b,12,Web,0,correlator,111.1149,1400.0891,780.0629,140680.2482,375.0737,254.3675,108.0403,1266.2329,1158.1925,0.001729,2.350001,0.159777,0.05634036,0.237361,28,7.0256,29.8491,5480.3774,31.2643,195,152112,6.2371,4865.3593,0.39,0.3228
flow_5399,0x10001517,12,Web,0,correlator,97.0724,1420.1751,668.8865,245132.1018,495.1082,622.8909,124.9333,1266.9042,1141.9709,0.002458,1.076113,0.040404,0.0379944,0.194922,35,7.0415,31.57,4709.948,15.5141,383,256183,24.6872,16512.9115,0.4126,0.1598
flow_5411,0x10001523,12,Web,0,correlator,103.3308,1458.5248,827.9317,218553.769,467.4973,263.2719,106.4568,1392.5079,1286.0511,0.004241,1.913295,0.096048,0.0228928,0.151304,20,4.207,21.4679,3483.1009,21.0496,219,181317,10.404,8613.8131,0.3512,0.3509
flow_5423,0x1000152f,12,Web,0,correlator,129.199,1403.827,744.5078,262025.8798,511.8846,622.03,165.3999,1262.8193,1097.4194,0.001277,2.084031,0.161891,0.02029165,0.142449,5,8.83,13.6674,6574.0062,10.4423,64,47648,6.1289,4562.988,0.3105,0.2239
flow_5435,0x1000153b,12,Web,0,correlator,97.3606,1408.177,692.1929,146425.7098,382.6561,478.7453,192.1231,1272.5446,1080.4215,0.001251,1.930512,0.138979,0.09343197,0.305666,8,6.4211,19.717,4444.6567,9.9328,71,49145,7.148,4947.7563,0.4647,0.3761
flow_5447,0x10001547,12,Web,0,correlator,87.226,1411.1565,577.521,163538.9996,404.3996,257.4884,147.7082,1258.6397,1110.9315,0.002901,2.236691,0.052546,0.1677597,0.409585,27,8.2102,26.3133,4741.5831,12.7783,243,140337,19.0166,10982.4597,0.4244,0.3281
flow_5459,0x10001553,12,Web,0,correlator,126.4219,1458.9981,845.6673,103258.8833,321.3392,250.9336,110.3176,1375.1694,1264.8519,0.004478,0.455036,0.050025,0.03797169,0.194863,56,3.9478,25.5632,3338.515,14.0998,281,237632,19.9293,16853.5326,0.3982,0.212
flow_5471,0x1000155f,12,Web,0,correlator,118.4455,1443.4788,734.8001,259439.335,509.3519,496.8367,151.7418,1322.8995,1171.1577,0.004545,2.338197,0.042701,0.01238904,0.111306,73,8.9367,16.3477,6566.654,30.1224,705,518034,23.4045,17197.639,0.4215,0.2287
flow_5483,0x1000156b,12,Web,0,correlator,124.3006,1405.4609,762.4591,185039.782,430.1625,263.4118,178.8382,1146.5235,967.6853,0.001974,0.634088,0.147226,0.12093424,0.347756,21,5.8712,23.0232,4476.5482,30.2369,205,156304,6.7798,5169.3192,0.2815,0.3222
flow_5495,0x10001577,12,Web,0,correlator,88.5495,1431.6378,558.5547,162537.3169,403.1592,416.736,157.4739,1105.861,948.3871,0.004244,1.503026,0.179469,0.15942636,0.399282,4,4.6077,12.0029,2573.6783,6.5155,36,20107,5.5253,3086.0419,0.289,0.3435
flow_5507,0x10001583,12,Web,0,correlator,85.4595,1445.3576,800.3946,207675.2602,455.714,623.1845,109.0656,1147.2263,1038.1607,0.004956,3.124546,0.076297,0.18467959,0.429744,10,4.5646,30.4827,3653.4531,7.4958,98,78438,13.0739,10464.2137,0.4793,0.1488
flow_5519,0x1000158f,12,Web,0,correlator,105.5166,1441.8897,539.5856,236066.0197,485.8663,590.4872,163.9736,1254.3058,1090.3321,0.004622,1.519206,0.126959,0.06168608,0.248367,8,4.8998,24.737,2643.8372,15.0797,118,63671,7.8251,4222.2981,0.3355,0.277
flow_5531,0x1000159b,12,Web,0,correlator,88.5204,1451.1696,808.0916,185591.8695,430.8037,530.356,184.3607,1192.5705,1008.2098,0.003071,0.422987,0.074879,0.0767351,0.277011,33,4.0106,29.014,3240.9022,15.7029,209,168891,13.3096,10755.3951,0.4303,0.3243
flow_5543,0x100015a7,12,Web,0,correlator,106.9111,1420.7731,461.5068,239529.7987,489.4178,460.6217,100.514,1311.0619,1210.5479,0.002693,1.622131,0.048599,0.11136676,0.333717,37,4.0942,30.9068,1889.4856,24.7949,510,235368,20.5688,9492.6023,0.3756,0.134
flow_5555,0x100015b3,12,Web,0,correlator,128.0068,1436.3349,719.925,181766.6347,426.341,467.6285,107.8186,1233.8042,1125.9855,0.001947,3.400338,0.165619,0.05616558,0.236993,6,8.966,13.3635,6454.8613,9.1428,55,39595,6.0157,4330.7518,0.4602,0.1476
flow_5567,0x100015bf,12,Web,0,correlator,91.8404,1422.0161,494.87,255428.7515,505.3996,481.1737,132.4947,1181.7377,1049.243,0.003263,3.404034,0.105044,0.20184509,0.449272,23,4.3441,15.9023,2149.7733,27.5074,261,129161,9.4883,4695.4918,0.4278,0.163
flow_5579,0x100015cb,12,Web,0,correlator,110.4154,1454.9173,811.7772,249723.4381,499.7234,534.7443,136.4548,1158.0735,1021.6188,0.001317,0.699891,0.06208,0.08472275,0.291072,16,5.4666,24.868,4437.6319,6.857,110,89295,16.0419,13022.408,0.4506,0.2261
flow_5591,0x100015d7,12,Web,0,correlator,105.129,1416.6974,753.5631,204230.8867,451.9191,421.2853,171.3601,1238.2726,1066.9125,0.001175,2.685865,0.132553,0.07630808,0.276239,7,4.9306,31.4352,3715.4851,10.2415,77,58024,7.5185,5665.5944,0.373,0.3241
flow_5603,0x100015e3,12,Web,0,correlator,85.8174,1414.5437,657.7108,229793.9771,479.3683,339.8657,119.2396,1227.4328,1108.1933,0.001546,1.174858,0.082078,0.139759,0.373844,37,8.7057,17.5214,5725.817,25.2348,307,201917,12.1658,8001.5384,0.3816,0.281
flow_5615,0x100015ef,12,Web,0,correlator,80.3084,1443.3651,562.2809,220776.2387,469.8683,261.6619,161.6815,1381.8207,1220.1392,0.003077,3.332669,0.141049,0.09309669,0.305117,16,8.2231,30.3633,4623.712,30.5372,216,121452,7.0733,3977.1849,0.2928,0.1753
flow_5627,0x100015fb,12,Web,0,correlator,91.1095,1427.8226,721.9102,236268.8376,486.0749,411.2121,109.9202,1332.532,1222.6118,0.003658,2.326673,0.083203,0.01025331,0.101259,23,5.1699,25.6828,3732.1756,23.2806,279,201412,11.9842,8651.4782,0.3058,0.3098
flow_5639,0x10001607,12,Web,0,correlator,101.387,1431.8107,838.421,111783.7268,334.3407,381.5198,174.5602,1311.6373,1137.0771,0.004342,3.368327,0.118961,0.15929431,0.399117,46,6.7329,21.0815,5645.0339,33.9163,285,238949,8.403,7045.2466,0.4343,0.1719
flow_5651,0x10001613,12,Web,0,correlator,126.8161,1424.1587,709.6499,159825.0842,399.7813,547.8578,150.4989,1137.7136,987.2147,0.003187,3.476752,0.07803,0.13734944,0.370607,15,6.11,26.2879,4335.9947,14.2975,183,129865,12.7994,9083.0395,0.4467,0.1249
flow_5663,0x1000161f,12,Web,0,correlator,115.7021,1419.8645,634.7889,233344.8733,483.0578,373.6368,186.8488,1331.055,1144.2062,0.004035,3.119816,0.126066,0.06126891,0.247526,23,5.1944,16.4782,3297.3202,31.051,246,156158,7.9225,5029.0849,0.3521,0.316
flow_5675,0x1000162b,12,Web,0,correlator,114.3073,1431.0903,731.5038,225277.0109,474.6336,290.7114,123.4778,1286.5373,1163.0595,0.004496,2.914808,0.121607,0.06217819,0.249356,4,7.5946,17.6833,5555.5076,6.9381,57,41695,8.2155,6009.5381,0.3812,0.1822
flow_5687,0x10001637,12,Web,0,correlator,89.9401,1407.4322,571.7749,117348.2286,342.5613,320.7809,170.6291,1300.7106,1130.0814,0.002131,2.955018,0.133517,0.05871326,0.242308,4,7.805,16.479,4462.7141,6.6292,49,28016,7.3915,4226.1389,0.3038,0.2019
flow_5699,0x10001643,12,Web,0,correlator,96.5818,1438.5784,506.6849,168835.9654,410.8965,421.9335,160.5083,1285.2121,1124.7038,0.00283,3.427411,0.175763,0.02663991,0.163217,11,5.7727,12.6737,2924.9199,18.9603,107,54215,5.6434,2859.3886,0.4003,0.1922
flow_5711,0x1000164f,12,Web,0,correlator,94.9092,1458.7188,492.7714,109694.8085,331.2021,445.6173,102.3112,1337.8652,1235.554,0.003909,0.430271,0.052506,0.06542544,0.255784,52,5.4749,18.2709,2697.8893,34.1797,650,320301,19.0171,9371.0919,0.4257,0.1991
flow_5723,0x1000165b,12,Web,0,correlator,112.9146,1419.3268,828.5621,129307.7745,359.5939,264.9614,194.0234,1238.4607,1044.4373,0.004238,2.482521,0.149564,0.04615609,0.21484,30,6.9315,22.5822,5743.1939,33.4496,223,184769,6.6667,5523.8042,0.2929,0.3316
flow_5735,0x10001667,12,Web,0,correlator,85.2014,1435.4642,719.2709,214124.9172,462.7363,511.4068,163.3937,1334.6287,1171.235,0.001314,2.418221,0.065628,0.02410971,0.155273,30,5.2595,22.3272,3783.0165,28.4603,433,311444,15.2142,10943.1061,0.4203,0.3665
flow_5747,0x10001673,12,Web,0,correlator,93.988,1417.3876,611.6933,188545.6756,434.2185,547.5537,132.0049,1233.5985,1101.5936,0.004852,3.25034,0.055504,0.12994679,0.360481,40,6.9807,20.7364,4270.0667,23.9707,431,263639,17.9803,10998.3941,0.4445,0.2895
flow_5759,0x1000167f,12,Web,0,correlator,109.9052,1444.9388,837.8028,198229.0873,445.2293,348.839,102.6787,1286.8508,1184.172,0.002456,1.524932,0.086284,0.05853033,0.24193,21,7.7275,21.1699,6474.1235,20.1056,233,195208,11.5888,9709.1427,0.2971,0.2349
flow_5771,0x1000168b,12,Web,0,correlator,111.1173,1418.0181,722.8342,200892.9569,448.2108,610.3438,109.092,1112.4407,1003.3487,0.001003,3.437802,0.124892,0.13197201,0.36328,27,7.171,25.1851,5183.4158,24.7681,198,143121,7.9942,5778.439,0.462,0.2123
flow_5783,0x10001697,12,Web,0,correlator,83.9361,1432.1978,482.8453,166925.5643,408.5653,597.356,104.6683,1219.3385,1114.6702,0.002014,0.996564,0.095881,0.18146403,0.425986,19,8.1045,14.3467,3913.2179,19.4589,202,97534,10.3809,5012.3112,0.3483,0.1305
flow_5795,0x100016a3,12,Web,0,correlator,113.9398,1433.2874,564.7738,140194.8883,374.4261,502.0715,138.3655,1281.543,1143.1775,0.001963,1.486489,0.156569,0.08361007,0.289154,16,6.8292,20.0796,3856.9686,17.4023,111,62689,6.3785,3602.3407,0.3444,0.2865
flow_5807,0x100016af,12,Web,0,correlator,129.1904,1403.3066,647.4744,114066.8241,337.7378,474.2641,164.0454,1260.3385,1096.2931,0.001911,1.78957,0.104326,0.1818879,0.426483,13,8.3174,19.6244,5385.2857,13.1764,126,81581,9.5625,6191.4433,0.3628,0.1814
flow_5819,0x100016bb,12,Web,0,correlator,108.6673,1456.9883,658.6767,179990.9251,424.2534,321.6678,126.6339,1386.1911,1259.5571,0.003535,1.874983,0.151693,0.17668526,0.420339,12,4.7839,16.3177,3151.0161,22.3828,147,96825,6.5675,4325.87,0.2841,0.1736
flow_5831,0x100016c7,12,Web,0,correlator,105.4768,1419.9952,817.6274,235515.0148,485.2989,409.3678,189.6326,1275.1339,1085.5013,0.002865,2.930572,0.177799,0.12466788,0.353083,12,5.8827,27.1404,4809.85,26.2681,147,120191,5.5961,4575.5533,0.3815,0.3539
flow_5843,0x100016d3,12,Web,0,correlator,129.1288,1411.0666,674.4254,187525.2474,433.0419,266.3494,162.4033,1201.8285,1039.4252,0.004341,2.050777,0.050411,0.08477248,0.291157,54,7.6077,30.0648,5130.8246,33.8444,671,452539,19.826,13371.172,0.4206,0.1629
flow_5855,0x100016df,12,Web,0,correlator,86.1405,1403.6634,452.5334,174507.637,417.7411,530.5576,147.7439,1102.5638,954.8199,0.003811,1.624666,0.152514,0.18619246,0.4315,13,5.6908,20.4578,2575.291,19.3347,126,57019,6.5168,2949.0483,0.4039,0.3119
flow_5867,0x100016eb,12,Web,0,correlator,91.6357,1450.6735,737.3142,188396.7321,434.0469,334.5772,148.0708,1267.6606,1119.5898,0.001514,0.629975,0.06551,0.14134409,0.375958,31,4.0836,18.2763,3010.8842,22.4513,342,252161,15.233,11231.4638,0.3275,0.3244
flow_5879,0x100016f7,12,Web,0,correlator,100.3307,1451.264,726.7692,247193.3048,497.1854,351.8646,109.718,1265.4249,1155.7069,0.002855,2.225311,0.162261,0.15628974,0.395335,7,7.2761,22.8101,5288.0744,8.2181,50,36338,6.0841,4421.7038,0.3148,0.1258
flow_5891,0x10001703,12,Web,0,correlator,88.7292,1412.1691,695.802,259249.4179,509.1654,611.8931,176.349,1341.5493,1165.2003,0.004991,2.755046,0.093531,0.0428877,0.207093,16,3.5869,30.4598,2495.8017,20.5412,219,152380,10.6615,7418.2438,0.4657,0.1519
flow_5903,0x1000170f,12,Web,0,correlator,83.2814,1451.5922,668.3784,145924.1178,382.0002,590.2668,170.5593,1126.723,956.1637,0.003589,3.001041,0.075668,0.02708169,0.164565,38,8.3775,19.1915,5599.3624,33.5306,443,296091,13.2118,8830.484,0.4639,0.2737
flow_5915,0x1000171b,12,Web,0,correlator,91.0705,1451.0651,826.7398,207258.8674,455.2569,492.577,172.0089,1166.7285,994.7196,0.0021,0.462607,0.048261,0.03532673,0.187954,23,5.1333,28.9696,4243.941,9.6681,200,165347,20.6866,17102.3429,0.4781,0.1881
flow_5927,0x10001727,12,Web,0,correlator,120.9346,1422.028,723.2368,110749.5535,332.7906,481.9991,149.6654,1113.1982,963.5328,0.004448,1.75219,0.154838,0.06067661,0.246326,10,5.2489,14.9464,3796.1928,15.4457,99,71600,6.4095,4635.5868,0.3918,0.1323
flow_5939,0x10001733,12,Web,0,correlator,88.9595,1420.1461,576.2172,261103.2935,510.9827,447.9806,131.7537,1194.5417,1062.788,0.002514,1.27879,0.082156,0.05935244,0.243624,44,6.6929,26.8743,3856.5746,25.9769,316,182084,12.1647,7009.4681,0.3194,0.3046
flow_5951,0x1000173f,12,Web,0,correlator,121.9519,1457.4253,797.9227,256231.7588,506.1934,447.7245,123.0926,1297.6462,1174.5536,0.002837,0.666295,0.162397,0.00742531,0.08617,17,5.5995,14.0308,4467.9683,15.0778,92,73408,6.1017,4868.6161,0.4294,0.2988
flow_5963,0x1000174b,12,Web,0,correlator,86.4347,1442.5953,551.4921,172262.1157,415.0447,379.7193,112.2758,1155.8579,1043.5821,0.001635,1.096323,0.088242,0.07355644,0.271213,12,4.9271,16.008,2717.2791,12.2833,139,76657,11.3162,6240.7659,0.4585,0.1815
flow_5975,0x10001757,12,Web,0,correlator,124.0521,1438.5736,758.8725,201161.1864,448.51,607.6027,187.7904,1150.6464,962.856,0.003112,1.868945,0.070312,0.02992326,0.172983,39,5.6564,16.0877,4292.4778,34.6826,493,374124,14.2146,10787.0761,0.348,0.2036
flow_5987,0x10001763,12,Web,0,correlator,111.9788,1457.7563,649.8515,177242.4841,421.0018,390.5463,159.8892,1392.0958,1232.2066,0.002802,0.683111,0.111104,0.13230505,0.363738,25,8.0653,21.254,5241.2628,32.652,293,190406,8.9734,5831.373,0.299,0.1344
flow_5999,0x1000176f,12,Web,0,correlator,85.8578,1422.7695,561.465,233538.449,483.2582,528.6793,110.9856,1101.9881,991.0025,0.004279,3.292969,0.174659,0.01671768,0.129297,16,8.6389,21.0446,4850.4338,17.3415,99,55585,5.7089,3205.3208,0.462,0.2381
flow_6011,0x1000177b,12,Email,0,correlator,121.1307,1111.8242,223.2926,16822.7459,129.7025,189.8816,151.7535,428.8165,277.0629,0.05741,9.73866,0.85369,2.60153789,1.612928,4,3.7575,5.6475,839.0199,11.4742,15,3349,1.3073,291.8718,0.517,0.4209
flow_6023,0x10001787,12,Email,0,correlator,114.3221,958.6758,276.8018,14069.3081,118.6141,184.256,101.9065,422.8349,320.9284,0.050964,9.510185,0.272497,2.51053186,1.584466,17,3.4894,5.1716,965.8821,20.2606,74,20483,3.6524,1010.9749,0.4862,0.4368
flow_6035,0x10001793,12,Email,0,correlator,103.4824,696.1619,416.6797,26237.6184,161.9803,277.7556,129.3862,441.3678,311.9817,0.046355,10.992051,0.466113,1.04252576,1.021042,13,4.9446,11.9014,2060.2949,25.5559,54,22500,2.113,880.4224,0.4728,0.3911
flow_6047,0x1000179f,12,Email,0,correlator,90.5088,1137.7956,330.2405,26317.9064,162.2279,265.4976,132.1639,507.3466,375.1827,0.051028,4.948362,0.621531,1.33947778,1.157358,7,3.1716,13.0139,1047.4066,22.9061,36,11888,1.5716,518.9878,0.5732,0.6388
flow_6059,0x100017ab,12,Email,0,correlator,110.5137,1081.4702,329.8189,56940.3018,238.6217,276.2957,158.107,369.6272,211.5202,0.014826,11.368341,0.49523,0.46274969,0.680257,7,4.4185,13.4916,1457.291,14.2312,28,9234,1.9675,648.8561,0.571,0.3849
flow_6071,0x100017b7,12,Email,0,correlator,81.9364,899.9779,342.2463,45497.4834,213.3014,206.7984,139.6445,351.0441,211.3996,0.012377,10.374782,0.376472,2.23240025,1.494122,10,2.5923,12.4906,887.2154,26.0062,69,23614,2.6532,908.0132,0.4364,0.4054
flow_6083,0x100017c3,12,Email,0,correlator,120.2325,1003.2996,312.7261,22841.741,151.1348,295.1262,143.7981,502.2206,358.4225,0.048665,5.27878,0.368872,0.65261616,0.807847,11,2.9906,6.4699,935.2235,21.3641,57,17825,2.668,834.343,0.438,0.4417
flow_6095,0x100017cf,12,Email,0,correlator,126.0064,1066.6968,391.3128,46245.4747,215.0476,187.1646,134.7918,449.6917,314.8999,0.046341,11.020803,0.86669,0.60929963,0.780576,7,3.7792,7.067,1478.8609,22.8741,26,10174,1.1367,444.7821,0.3849,0.3675
flow_6107,0x100017db,12,Email,0,correlator,130.7324,1164.2048,287.1308,45971.3003,214.4092,281.8833,148.2063,534.978,386.7717,0.059788,5.180695,0.254574,1.19027623,1.090998,21,3.5526,8.0821,1020.065,23.6216,92,26416,3.8947,1118.2988,0.4771,0.492
flow_6119,0x100017e7,12,Email,0,correlator,134.2822,859.1082,245.4212,33101.3233,181.9377,291.6159,144.1232,477.9143,333.7911,0.040957,7.323911,0.544826,0.87548892,0.935676,10,2.0688,10.3634,507.7267,19.9545,36,8835,1.8041,442.7574,0.4607,0.5895
flow_6131,0x100017f3,12,Email,0,correlator,117.6139,1155.7733,220.6814,34100.7515,184.6639,170.2499,157.0559,421.7708,264.7149,0.022983,2.547743,0.25781,3.1372112,1.771217,14,3.1665,7.7544,698.7811,25.1116,97,21406,3.8628,852.4345,0.5565,0.556
flow_6143,0x100017ff,12,Email,0,correlator,129.6151,1168.2414,415.5624,27342.124,165.3545,275.2331,123.1941,520.5867,397.3926,0.046585,7.723123,0.497629,2.61472921,1.617012,9,3.7296,6.4351,1549.8679,24.5356,49,20362,1.9971,829.8959,0.5113,0.4039
flow_6155,0x1000180b,12,Email,0,correlator,99.8821,767.7867,318.8606,24428.9895,156.2978,235.1937,108.4949,438.8072,330.3122,0.053258,3.532971,0.250561,1.78084764,1.334484,10,2.3895,13.6512,761.931,13.5048,53,16899,3.9245,1251.3343,0.5395,0.4519
flow_6167,0x10001817,12,Email,0,correlator,137.956,1119.9346,382.8023,41866.83,204.6139,248.4742,141.4009,428.072,286.671,0.054138,5.747307,0.51946,0.65110022,0.806908,4,2.3189,9.7669,887.6952,8.9095,17,6507,1.9081,730.341,0.454,0.4698
flow_6179,0x10001823,12,Email,0,correlator,99.0149,726.1434,414.2944,15688.8685,125.2552,288.3515,138.3895,377.1271,238.7376,0.053845,3.496725,0.703925,1.06415192,1.031577,3,2.5031,13.242,1037.0286,12.5508,17,7043,1.3545,561.1581,0.5295,0.5102
flow_6191,0x1000182f,12,Email,0,correlator,107.019,1040.4426,368.4719,14891.7848,122.0319,217.6334,103.2649,355.5383,252.2733,0.017524,3.608206,0.752061,1.44731294,1.203043,6,3.1815,12.2395,1172.2759,16.5497,22,8106,1.3293,489.7986,0.6009,0.4668
flow_6203,0x1000183b,12,Email,0,correlator,82.1728,1185.0591,411.2364,38859.809,197.1289,269.3424,110.1187,457.1569,347.0382,0.032881,8.766687,0.763891,0.84216349,0.917695,2,2.827,8.1837,1162.5475,14.2476,18,7402,1.2634,519.5267,0.5496,0.565
flow_6215,0x10001847,12,Email,0,correlator,98.2842,860.6066,306.9558,15971.8045,126.3796,168.0821,138.9346,518.8958,379.9612,0.01509,5.913263,0.494845,0.49894981,0.706364,6,4.4626,5.4044,1369.8066,14.765,29,8901,1.9641,602.8447,0.4926,0.4628
flow_6227,0x10001853,12,Email,0,correlator,106.1999,700.2066,385.2458,37886.8267,194.6454,281.3491,118.766,409.1429,290.377,0.010055,2.789175,0.552372,2.27470954,1.508214,5,3.1531,11.8072,1214.7327,9.9583,18,6934,1.8075,696.3006,0.4042,0.536
flow_6239,0x1000185f,12,Email,0,correlator,104.6841,792.4414,415.3721,48902.9695,221.1402,199.8213,117.4405,489.9616,372.5211,0.019772,8.267931,0.396291,1.10475284,1.051072,6,3.4456,10.9144,1431.1943,12.7422,32,13291,2.5113,1043.0713,0.4884,0.6033
flow_6251,0x1000186b,12,Email,0,correlator,87.6424,1163.0407,389.9476,20944.652,144.7227,269.1427,104.8212,481.1105,376.2893,0.055726,2.689676,0.518384,0.78695338,0.887104,5,3.1215,8.1662,1217.2027,18.6235,35,13648,1.8793,732.8379,0.4925,0.4269
flow_6263,0x10001877,12,Email,0,correlator,129.0591,660.0145,266.0073,38477.9102,196.1579,261.4596,104.3233,512.7136,408.3902,0.040898,3.010435,0.846983,1.91256607,1.382956,3,2.9156,12.1656,775.5826,23.3035,27,7182,1.1586,308.1942,0.6067,0.4242
flow_6275,0x10001883,12,Email,0,correlator,130.8123,1177.2029,278.2206,16191.943,127.2476,245.8313,135.8486,509.2222,373.3736,0.057125,2.621739,0.456353,0.54224358,0.736372,8,4.1293,12.3872,1148.8507,15.1614,33,9181,2.1766,605.5497,0.5442,0.5446
flow_6287,0x1000188f,12,Email,0,correlator,96.5824,905.2313,378.3241,11836.724,108.7967,188.0733,117.1229,453.7964,336.6735,0.058771,11.761556,0.835083,0.77504344,0.880366,5,4.9752,13.749,1882.2552,29.8797,35,13241,1.1714,443.1442,0.4642,0.3595
flow_6299,0x1000189b,12,Email,0,correlator,80.4042,774.6167,231.7298,51659.0869,227.2864,172.3768,100.4159,487.7347,387.3188,0.04478,10.550335,0.846941,2.18451989,1.478012,3,4.0265,9.9829,933.0652,15.0187,17,3939,1.1319,262.2728,0.4612,0.3807
flow_6311,0x100018a7,12,Email,0,correlator,125.5615,988.1338,357.5222,18766.5476,136.991,295.3647,101.2366,368.5909,267.3543,0.048014,5.035391,0.36896,1.06487212,1.031926,4,3.3323,6.8775,1191.3715,8.2604,22,7865,2.6633,952.1387,0.5685,0.5692
flow_6323,0x100018b3,12,Email,0,correlator,112.8302,1172.0108,387.331,33003.6461,181.6691,291.9814,127.7126,546.7571,419.0444,0.020184,10.085402,0.299325,0.37066812,0.608825,10,2.1416,12.1373,829.5189,18.9534,63,24401,3.3239,1287.4218,0.604,0.3622
flow_6335,0x100018bf,12,Email,0,correlator,121.6325,953.1631,333.1391,36831.8783,191.9163,178.9182,137.0081,435.7947,298.7866,0.05901,8.704561,0.444038,3.07685824,1.754098,3,4.229,10.4491,1408.8609,9.1379,20,6662,2.1887,729.053,0.589,0.4689
flow_6347,0x100018cb,12,Email,0,correlator,112.1729,816.717,396.2806,23274.0694,152.5584,239.0091,151.6163,531.7033,380.0869,0.042344,6.177857,0.916885,2.83994395,1.685213,3,2.863,8.2417,1134.549,15.5742,16,6340,1.0273,407.084,0.5298,0.4811
flow_6359,0x100018d7,12,Email,0,correlator,98.0719,925.3592,293.4793,53948.7778,232.2688,167.6167,120.7698,459.5675,338.7977,0.059327,3.386506,0.265415,2.3689316,1.539133,12,4.4661,8.3964,1310.7124,14.6045,55,16141,3.766,1105.2065,0.5431,0.4204
flow_6371,0x100018e3,12,Email,0,correlator,99.3933,612.2769,301.9603,11043.1187,105.0862,299.0365,122.6786,426.3175,303.639,0.043584,11.137261,0.25887,2.02403944,1.422687,17,2.2157,12.2225,669.0411,16.7555,64,19325,3.8196,1153.3544,0.5868,0.5455
flow_6383,0x100018ef,12,Email,0,correlator,128.3526,924.8815,353.7351,13108.6746,114.4931,204.7025,155.7642,498.0236,342.2594,0.054739,8.374017,0.404818,2.37717898,1.54181,10,4.3403,10.203,1535.3314,19.5113,48,16979,2.4601,870.2156,0.4758,0.4553
flow_6395,0x100018fb,12,Email,0,correlator,122.9804,640.6444,368.524,56465.9239,237.6256,193.8763,126.3834,409.2261,282.8426,0.046914,9.054002,0.584336,1.13092957,1.063452,12,4.7126,8.7297,1736.7094,25.8387,44,16215,1.7029,627.5468,0.5173,0.5287
flow_6407,0x10001907,12,Email,0,correlator,109.3168,816.178,342.3079,32908.8342,181.4079,258.309,122.3854,490.8023,368.4169,0.0502,11.497794,0.324843,2.20305711,1.48427,6,3.3705,5.5801,1153.7506,10.6355,32,10953,3.0088,1029.8552,0.4841,0.4312
flow_6419,0x10001913,12,Email,0,correlator,89.7869,1194.1405,379.947,9719.3143,98.5866,167.9162,143.7699,398.3125,254.5426,0.055263,11.623918,0.747844,0.96202026,0.980826,8,3.5858,5.5509,1362.4327,26.4442,35,13298,1.3235,502.8695,0.5003,0.4338
flow_6431,0x1000191f,12,Email,0,correlator,82.7118,1177.4209,373.201,34868.9793,186.7324,229.896,137.6557,437.5682,299.9124,0.02184,9.185345,0.932609,1.38421012,1.176525,6,2.8475,13.2359,1062.7064,29.0242,31,11569,1.0681,398.598,0.5309,0.4869
flow_6443,0x1000192b,12,Email,0,correlator,130.9912,949.7146,379.944,35638.5519,188.7818,160.6184,132.1103,389.6985,257.5882,0.015761,7.918162,0.644007,1.01880755,1.00936,6,4.8559,12.5924,1844.9762,15.3992,23,8738,1.4936,567.4328,0.4528,0.6036
flow_6455,0x10001937,12,Email,0,correlator,88.3571,1074.5235,414.3458,12258.6118,110.7186,209.754,117.1056,507.9325,390.8268,0.05416,3.944596,0.457501,2.43141573,1.5593,9,3.5132,5.7467,1455.6652,26.2361,57,23617,2.1726,900.1716,0.5785,0.4433
flow_6467,0x10001943,12,Email,0,correlator,107.0925,1058.9291,377.2434,13726.965,117.1621,167.9799,123.477,416.4421,292.9651,0.033705,4.294096,0.44345,2.17852701,1.475983,6,4.4398,5.1403,1674.8702,17.5109,39,14712,2.2272,840.161,0.5052,0.3771
flow_6479,0x1000194f,12,Email,0,correlator,107.4406,653.847,402.282,46251.439,215.0615,231.9252,133.0124,456.1072,323.0948,0.043302,9.543981,0.811212,0.91457063,0.956332,2,2.3604,9.2307,949.5327,15.9869,19,7643,1.1885,478.0804,0.4363,0.4534
flow_6491,0x1000195b,12,Email,0,correlator,136.8047,972.2057,221.5259,32091.104,179.1399,232.1808,104.9801,396.6836,291.7035,0.045481,4.525452,0.793893,0.72914381,0.853899,5,4.5497,12.0561,1007.8726,22.2665,28,6202,1.2575,278.5356,0.3896,0.4042
flow_6503,0x10001967,12,Email,0,correlator,138.1302,687.0129,372.6046,24842.4267,157.6148,240.0393,108.6097,500.0472,391.4375,0.043029,9.347143,0.867563,0.53337067,0.730322,4,4.3753,6.0291,1630.2467,19.4703,22,8197,1.1299,421.0,0.5809,0.6297
flow_6515,0x10001973,12,Email,0,correlator,82.2624,974.5898,355.7452,38580.8457,196.4201,204.6119,112.5301,528.2088,415.6787,0.059041,10.399744,0.924784,0.68801282,0.829465,7,2.6868,5.7611,955.8226,25.4959,27,9605,1.059,376.7266,0.5863,0.3587
flow_6527,0x1000197f,12,Email,0,correlator,82.5385,854.4488,361.6307,30143.7483,173.6196,167.4454,125.7376,445.1598,319.4221,0.051086,8.562622,0.621647,2.04775051,1.430996,6,4.9851,5.7806,1802.7747,20.8227,33,11933,1.5848,573.0778,0.5873,0.4881
flow_6539,0x1000198b,12,Email,0,correlator,104.566,609.7123,257.0503,32144.0675,179.2877,195.9278,105.6008,453.9362,348.3354,0.023286,5.663471,0.293792,1.40430659,1.185034,18,3.3705,7.1975,866.3923,22.808,77,19792,3.376,867.7671,0.509,0.4404
flow_6551,0x10001997,12,Email,0,correlator,102.8999,660.7562,349.4672,23462.1203,153.1735,292.2596,118.9848,350.1218,231.137,0.03425,10.097888,0.391332,1.00544102,1.002717,19,4.8556,10.412,1696.8885,28.3612,72,25161,2.5387,887.1615,0.5532,0.6321
flow_6563,0x100019a3,12,Email,0,correlator,116.6725,638.0926,369.7247,10538.7766,102.6585,176.1741,108.6377,543.7325,435.0948,0.010968,3.507052,0.430983,2.85961801,1.691041,5,2.512,6.7009,928.7608,15.885,36,13310,2.2663,837.9,0.3924,0.4006
flow_6575,0x100019af,12,Email,0,correlator,111.3406,683.4852,360.874,31212.0805,176.6694,254.9267,145.4223,432.1733,286.751,0.022561,3.276277,0.904271,0.38613343,0.621396,3,3.4567,5.0921,1247.4382,24.2528,26,9382,1.072,386.8422,0.5427,0.4193
flow_6587,0x100019bb,12,Email,0,correlator,106.2799,1046.5337,253.0442,8169.4263,90.3849,184.561,143.5751,529.5756,386.0005,0.015054,6.732221,0.650762,2.81386347,1.677457,3,4.506,5.5963,1140.2226,12.7834,19,4807,1.4863,376.0348,0.432,0.3906
flow_6599,0x100019c7,12,Email,0,correlator,89.6324,940.1914,245.1449,21933.3598,148.0992,222.7844,107.1824,449.9099,342.7275,0.047416,9.070277,0.331373,1.16240323,1.078148,12,4.2585,12.4448,1043.9436,12.6741,38,9315,2.9982,734.9621,0.4448,0.423
flow_6611,0x100019d3,12,Email,0,correlator,110.0848,1070.5512,306.0987,29470.6892,171.6703,205.7202,145.0864,460.0547,314.9683,0.048507,3.030963,0.45883,2.34341283,1.530821,7,4.7587,11.5083,1456.622,13.0266,28,8570,2.1495,657.886,0.4911,0.5344
flow_6623,0x100019df,12,Email,0,correlator,118.8948,636.7645,254.3607,8576.3886,92.6088,284.0201,105.8161,490.7923,384.9762,0.01384,9.994118,0.943812,2.1260436,1.458096,3,3.03,9.5128,770.7039,10.2791,15,3815,1.4593,371.14,0.3971,0.6256
flow_6635,0x100019eb,12,Email,0,correlator,117.9181,878.4997,363.2443,13364.2974,115.6041,243.8014,140.0793,395.9362,255.8569,0.027442,2.635374,0.863105,1.13796065,1.066752,3,4.998,9.7527,1815.5046,16.0712,18,6538,1.12,406.8146,0.506,0.5047
flow_6647,0x100019f7,12,Email,0,correlator,101.9416,632.2165,296.8234,9498.1112,97.4583,278.1666,126.4378,508.5241,382.0863,0.017987,7.120163,0.684763,2.67121143,1.634384,3,3.9786,9.8982,1180.9546,9.9746,15,4452,1.5038,446.3336,0.546,0.4424
flow_6659,0x10001a03,12,Email,0,correlator,115.5672,622.1921,271.058,28705.0925,169.4258,180.9797,119.0509,409.3385,290.2876,0.015746,5.422715,0.378329,2.47300101,1.572578,6,4.1037,13.8611,1112.3368,14.904,39,10571,2.6168,709.275,0.6037,0.5881
flow_6671,0x10001a0f,12,Email,0,correlator,111.6146,871.0522,329.2867,31668.4951,177.9564,295.4613,128.1413,384.4962,256.3548,0.030592,8.671376,0.46018,2.40256541,1.550021,11,4.8191,5.9488,1586.8548,27.6453,60,19757,2.1703,714.66,0.4721,0.3761
flow_6683,0x10001a1b,12,Email,0,correlator,111.8041,1079.2516,380.6363,33847.2989,183.9764,183.868,109.6547,469.6243,359.9696,0.036891,5.027702,0.697025,1.39098325,1.1794,3,4.0447,9.8579,1539.5547,15.0005,21,7993,1.4,532.8494,0.6083,0.5474
flow_6695,0x10001a27,12,Email,0,correlator,99.6387,628.574,307.0517,10221.8844,101.1033,208.4652,138.4271,482.2982,343.8711,0.05437,10.825025,0.793715,1.04155528,1.020566,3,3.2784,5.7806,1006.6366,8.7106,15,4605,1.722,528.666,0.3829,0.4884
flow_6707,0x10001a33,12,Email,0,correlator,88.1246,859.1813,234.3727,33794.0691,183.8316,277.9973,128.2876,462.0243,333.7367,0.036032,6.266481,0.901723,0.47805659,0.691416,4,3.437,12.2184,805.5418,25.7857,28,6562,1.0859,254.4822,0.3874,0.445
flow_6719,0x10001a3f,12,Email,0,correlator,120.559,816.5135,406.9783,14261.5282,119.4216,268.5459,153.1145,398.8394,245.7249,0.050285,5.17623,0.447693,2.43844551,1.561552,7,3.5537,13.4319,1446.2684,16.5297,36,14651,2.1779,886.3447,0.5806,0.4268
flow_6731,0x10001a4b,12,Email,0,correlator,89.9951,608.9457,290.3837,11628.0697,107.8335,203.3712,107.1182,437.2628,330.1446,0.019363,5.69598,0.834679,0.86250789,0.928713,4,3.3716,7.5634,979.0591,18.3188,21,6098,1.1464,332.8822,0.6035,0.4702
flow_6743,0x10001a57,12,Email,0,correlator,101.2083,1004.2241,398.0018,24834.5599,157.5898,279.4871,107.9717,523.6439,415.6722,0.01858,9.793788,0.624017,0.46577945,0.68248,5,4.3924,7.4812,1748.2026,24.3954,39,15522,1.5987,636.2674,0.5789,0.6394
flow_6755,0x10001a63,12,Email,0,correlator,126.1796,943.0294,411.2623,49249.3798,221.922,281.207,152.9025,481.8843,328.9818,0.015234,5.254336,0.823801,1.73022539,1.31538,2,3.9121,6.7919,1608.8909,12.567,15,6168,1.1936,490.8076,0.5638,0.3953
flow_6767,0x10001a6f,12,Email,0,correlator,83.5459,867.6887,312.2152,23809.7964,154.3042,192.3265,123.0531,356.2709,233.2177,0.05074,7.608238,0.843506,2.60559812,1.614187,5,2.5977,9.0184,811.0293,23.1192,27,8429,1.1679,364.5882,0.5175,0.4824
flow_6779,0x10001a7b,12,Email,0,correlator,121.7142,930.0816,381.9141,22664.8481,150.5485,245.9733,115.3636,493.4495,378.0859,0.034981,2.688049,0.800912,0.64553302,0.803451,2,2.6736,7.982,1021.0697,13.5317,16,6110,1.1824,451.532,0.4502,0.4028
flow_6791,0x10001a87,12,Email,0,correlator,82.2549,1064.3163,305.6531,10384.3789,101.9038,291.1299,152.264,524.8074,372.5433,0.048707,8.744497,0.724642,2.23243958,1.494135,4,2.7066,5.1813,827.2936,18.4127,25,7641,1.3578,414.9852,0.5423,0.5355
flow_6803,0x10001a93,12,Email,0,correlator,139.0555,1102.4568,395.1051,14063.9078,118.5913,253.8552,127.0371,360.0239,232.9868,0.046123,4.923678,0.68035,1.25405105,1.119844,2,4.3417,7.587,1715.415,10.9997,16,6321,1.4546,574.6495,0.5221,0.5532
flow_6815,0x10001a9f,12,Email,0,correlator,99.0532,979.677,326.2731,20438.159,142.9621,274.4147,139.1602,391.8341,252.6739,0.026428,8.05099,0.849706,0.47251886,0.6874,7,3.6989,7.4955,1206.8554,24.8358,29,9461,1.1677,380.9416,0.3972,0.3603
flow_6827,0x10001aab,12,Email,0,correlator,124.5977,904.9097,393.6615,55407.2331,235.3874,170.061,122.2991,419.2996,297.0005,0.052221,8.892676,0.861978,0.95406078,0.97676,2,2.7585,12.5482,1085.9067,11.0879,15,5904,1.3528,532.4726,0.5574,0.4744
flow_6839,0x10001ab7,12,Email,0,correlator,122.383,785.0593,398.4003,50587.5064,224.9167,161.7121,158.4011,351.725,193.3238,0.033332,4.028958,0.651395,1.35531789,1.164181,3,3.4429,6.551,1371.6681,16.3966,25,9960,1.5247,607.4439,0.5386,0.4949
flow_6851,0x10001ac3,12,Email,0,correlator,139.5608,685.4214,242.9887,36312.773,190.5591,245.4748,116.2591,463.5198,347.2608,0.059181,4.130209,0.67905,0.54788109,0.74019,7,2.458,7.7217,597.2642,25.421,37,8990,1.4555,353.644,0.5731,0.4779
flow_6863,0x10001acf,12,Email,0,correlator,138.2445,946.447,411.3808,45384.5341,213.0365,193.349,113.7512,526.4053,412.6541,0.022376,4.699963,0.520621,2.01269067,1.418693,4,2.5251,13.217,1038.769,14.3246,27,11107,1.8849,775.3778,0.4398,0.4236
flow_6875,0x10001adb,12,Email,0,correlator,105.3019,1070.4163,377.0914,23428.0055,153.0621,279.2332,121.8804,465.4166,343.5362,0.015611,10.482298,0.370524,1.84725987,1.359139,17,2.6343,9.883,993.3634,28.7368,77,29036,2.6795,1010.4133,0.5842,0.6168
flow_6887,0x10001ae7,12,Email,0,correlator,118.3201,737.9832,399.2397,20505.4493,143.1972,197.9495,108.5934,460.4891,351.8956,0.049045,4.264271,0.59305,2.82925948,1.68204,10,3.2093,5.9864,1281.2997,23.9892,40,15969,1.6674,665.6748,0.3974,0.5624
flow_6899,0x10001af3,12,Email,0,correlator,94.3551,1064.0419,296.9462,21642.9429,147.1154,220.268,141.2871,475.4085,334.1213,0.052206,8.499777,0.898907,2.55187916,1.59746,3,2.145,12.04,636.9597,11.8618,15,4454,1.2646,375.4916,0.4696,0.5892
flow_6911,0x10001aff,12,Email,0,correlator,136.8963,1172.3254,338.6114,10519.0634,102.5625,164.1214,133.004,463.9463,330.9423,0.054476,9.364076,0.527463,2.23254304,1.49417,10,3.5566,10.614,1204.2948,24.0461,45,15237,1.8714,633.657,0.4376,0.4258
flow_6923,0x10001b0b,12,Email,0,correlator,99.6667,781.7489,279.2777,36112.3426,190.0325,213.4305,117.6876,495.7923,378.1047,0.050334,3.812887,0.583938,0.94202939,0.970582,7,3.7454,12.0501,1045.9932,20.7976,35,9774,1.6829,469.9576,0.4783,0.4995
flow_6935,0x10001b17,12,Email,0,correlator,136.3439,1024.6378,238.9181,10832.2672,104.0782,181.4339,129.5899,440.1878,310.5979,0.044485,8.518488,0.823863,1.00032265,1.000161,5,2.6743,13.3723,638.9419,27.0839,32,7645,1.1815,282.271,0.5788,0.371
flow_6947,0x10001b23,12,Email,0,correlator,123.1395,1062.5041,259.8292,27799.6117,166.7322,291.5667,118.5108,410.1534,291.6426,0.013976,8.025324,0.60569,2.76103653,1.661637,5,4.0389,11.2843,1049.4359,18.4215,30,7794,1.6285,423.0931,0.6194,0.4084
flow_6959,0x10001b2f,12,Email,0,correlator,95.643,822.1547,326.8306,51566.701,227.083,230.9263,159.8936,468.5598,308.6662,0.052266,7.534326,0.460527,3.254031,1.803893,7,3.9176,5.181,1280.3988,22.6697,49,16014,2.1615,706.4039,0.5527,0.6472
flow_6971,0x10001b3b,12,Email,0,correlator,116.5108,956.8945,384.0929,33261.5344,182.3775,233.6796,153.3992,356.8706,203.4714,0.048529,11.05918,0.270921,2.82551258,1.680926,8,4.7372,5.8604,1819.519,8.768,32,12290,3.6496,1401.6884,0.4039,0.5865
flow_6983,0x10001b47,12,Email,0,correlator,103.6839,1062.9621,392.4759,27144.0145,164.7544,266.8606,118.4063,375.1213,256.715,0.04845,10.761096,0.278492,1.92274677,1.386631,11,2.8093,13.137,1102.5987,18.9193,67,26295,3.5414,1389.8495,0.4841,0.3659
flow_6995,0x10001b53,12,Email,0,correlator,115.7797,917.86,335.9643,22646.1578,150.4864,209.6542,103.9637,503.4069,399.4433,0.033443,4.64009,0.37327,0.9561056,0.977807,15,3.3722,6.3775,1132.9532,28.9063,77,25869,2.6638,894.9259,0.5887,0.4703
flow_7007,0x10001b5f,12,Email,0,correlator,94.4377,1069.1854,326.7892,50870.5711,225.5451,245.2612,148.7709,497.4728,348.7019,0.013892,6.396513,0.601863,1.82600578,1.351298,8,3.7924,12.74,1239.3002,25.7547,42,13725,1.6308,532.9122,0.4046,0.4141
flow_7019,0x10001b6b,12,Email,0,correlator,89.9126,922.8417,401.3415,11243.7805,106.0367,216.4615,107.0678,495.1135,388.0458,0.042397,6.194455,0.801959,3.15553309,1.776382,4,3.3161,8.0993,1330.873,23.5979,29,11638,1.2289,493.1798,0.4277,0.5672
flow_7031,0x10001b77,12,Email,0,correlator,105.7805,614.5312,315.7755,8830.706,93.9718,190.0286,111.07,397.5745,286.5045,0.021869,10.676428,0.515605,2.43134175,1.559276,4,2.5153,7.749,794.2632,9.1818,17,5368,1.8515,584.6349,0.3864,0.3573
flow_7043,0x10001b83,12,Email,0,correlator,89.387,821.1888,415.5347,12042.2456,109.7372,291.2793,118.1639,443.7618,325.5979,0.024791,9.245101,0.302478,2.61247991,1.616317,17,2.7887,5.9715,1158.8006,18.8818,62,25763,3.2836,1364.4385,0.5157,0.6283
flow_7055,0x10001b8f,12,Email,0,correlator,129.4484,1083.54,379.2844,9367.4716,96.7857,224.0607,144.4754,439.5207,295.0453,0.038155,11.454407,0.7135,2.76620438,1.663191,7,4.0426,9.6047,1533.3044,19.9475,27,10240,1.3536,513.3467,0.5419,0.5591
flow_7067,0x10001b9b,12,Email,0,correlator,89.2514,693.4628,370.1643,16025.0948,126.5903,207.6013,154.1063,479.0727,324.9664,0.034382,7.373714,0.41125,1.36941879,1.170222,10,4.136,11.6712,1530.9969,23.9283,58,21469,2.4239,897.2236,0.4553,0.5451
flow_7079,0x10001ba7,12,Email,0,correlator,89.4721,1197.496,319.4081,26882.6291,163.9592,213.1628,130.1661,531.0836,400.9175,0.053428,6.388131,0.593783,1.1752119,1.084072,6,2.4078,13.9362,769.0863,19.6866,33,10540,1.6763,535.3896,0.5815,0.4627
flow_7091,0x10001bb3,12,Email,0,correlator,84.5152,925.5652,342.3012,24552.0072,156.6908,226.6837,127.1583,517.0678,389.9095,0.055521,3.200586,0.324756,1.35338509,1.163351,12,4.4872,13.1019,1535.9636,22.2829,68,23276,3.0517,1044.5687,0.4941,0.5978
flow_7103,0x10001bbf,12,Email,0,correlator,97.4528,740.7658,251.9455,39259.3836,198.1398,241.1691,157.1537,393.2344,236.0807,0.026801,4.340461,0.494612,1.15422336,1.074348,4,4.5511,6.0418,1146.6256,8.5329,17,4283,1.9923,501.9366,0.56,0.3921
flow_7115,0x10001bcb,12,Email,0,correlator,139.5562,652.6805,407.7727,56186.0483,237.036,296.07,154.4873,475.5505,321.0632,0.024283,6.009525,0.845016,0.71713085,0.846836,4,4.7537,9.2178,1938.4234,10.2848,15,6116,1.4585,594.6645,0.6039,0.5277
flow_7127,0x10001bd7,12,Email,0,correlator,139.2278,844.9873,379.785,57209.8003,239.1857,218.5461,107.2509,544.6627,437.4118,0.01654,7.354459,0.359136,3.19841169,1.78841,7,3.0053,12.7343,1141.3698,8.681,24,9114,2.7646,1049.874,0.3905,0.3526
flow_7139,0x10001be3,12,Email,0,correlator,100.7892,805.5471,399.0872,42190.0952,205.4023,213.8456,102.4668,409.1973,306.7304,0.058425,6.219663,0.255001,1.01077636,1.005374,10,3.8083,13.298,1519.8321,18.1051,71,28335,3.9215,1565.028,0.3806,0.4714
flow_7151,0x10001bef,12,Email,0,correlator,99.2757,772.8208,402.7922,25456.8002,159.5519,246.1267,152.1155,496.0019,343.8864,0.030319,6.583285,0.878974,2.1986639,1.482789,2,2.5531,12.257,1028.3724,10.0779,15,6041,1.4884,599.4304,0.5157,0.5548
flow_7163,0x10001bfb,12,Email,0,correlator,138.1208,721.481,245.0193,11829.5703,108.7638,242.901,151.4572,424.6292,273.172,0.053794,10.061443,0.317107,1.18008339,1.086316,9,3.3042,12.07,809.5976,21.0947,66,16171,3.1288,766.5916,0.6011,0.5632
flow_7175,0x10001c07,12,Email,0,correlator,86.1574,1033.6439,406.6791,31878.589,178.5458,261.4551,124.4426,448.5175,324.075,0.01913,6.272747,0.647887,1.02573704,1.012787,7,3.6641,5.2188,1490.1241,22.3696,34,13827,1.5199,618.1164,0.5901,0.3948
flow_7187,0x10001c13,12,Email,0,correlator,81.2136,894.1504,230.3785,16613.3413,128.8928,202.356,124.2947,548.1125,423.8178,0.047207,10.603984,0.888892,0.914935,0.956522,3,4.8373,11.5805,1114.4171,9.5669,15,3455,1.5679,361.1396,0.5246,0.6424
flow_7199,0x10001c1f,12,Email,0,correlator,92.2199,653.3007,263.0896,44813.1188,211.6911,202.2088,146.384,420.894,274.51,0.052633,6.232059,0.746916,2.08754884,1.444835,3,2.0012,12.7907,526.4847,8.6175,15,3946,1.7406,457.9067,0.5989,0.4401
flow_7211,0x10001c2b,12,Email,0,correlator,85.759,1076.2508,284.0886,42238.0614,205.519,293.4234,135.8821,443.1601,307.278,0.017754,7.603712,0.452597,2.89327295,1.700962,8,4.8671,11.5124,1382.7013,25.2181,55,15624,2.181,619.5541,0.454,0.439
flow_7223,0x10001c37,12,Email,0,correlator,121.2612,842.5004,376.215,15046.2218,122.663,264.0297,134.9786,534.0613,399.0827,0.047754,8.598876,0.439188,0.74999573,0.866023,5,2.958,12.398,1112.8325,9.5546,21,7900,2.1979,826.8226,0.3966,0.3722
flow_7235,0x10001c43,12,Email,0,correlator,83.7406,699.8585,332.338,22860.5636,151.1971,185.6679,156.3036,549.4102,393.1066,0.029454,9.218496,0.819315,0.83254134,0.912437,2,3.0935,7.7191,1028.0925,13.0516,15,4985,1.1493,381.9446,0.5626,0.608
flow_7247,0x10001c4f,12,Email,0,correlator,100.842,952.2208,358.8728,35587.0097,188.6452,175.2946,147.915,509.9588,362.0439,0.026604,9.755085,0.388248,0.625508,0.790891,14,3.7114,9.8426,1331.9344,18.9965,48,17225,2.5268,906.7464,0.4096,0.5519
flow_7259,0x10001c5b,12,Email,0,correlator,111.6076,673.2371,357.038,10953.8789,104.6608,213.9234,152.0425,413.8966,261.8541,0.036769,7.785512,0.665273,0.88866401,0.94269,2,4.8658,13.2607,1737.273,11.8901,17,6069,1.4298,510.4263,0.3946,0.4131
flow_7271,0x10001c67,12,Email,0,correlator,125.2565,1002.6327,405.0559,47141.3994,217.1207,289.4869,144.708,524.5982,379.8902,0.046617,7.771764,0.300915,1.38628097,1.177404,16,4.7201,13.3482,1911.8971,24.0545,79,31999,3.2842,1330.2717,0.4709,0.5215
flow_7283,0x10001c73,12,Email,0,correlator,91.8094,663.9694,399.7582,8988.046,94.8053,294.9057,115.6502,417.7331,302.0828,0.034688,9.03068,0.313737,2.50597191,1.583026,14,3.5977,5.1578,1438.1973,24.0028,76,30381,3.1663,1265.7248,0.4893,0.449
flow_7295,0x10001c7f,12,Email,0,correlator,122.5482,629.4603,261.4232,43334.3967,208.1692,224.7742,134.0423,489.0084,354.966,0.059968,4.946173,0.554099,1.82739018,1.35181,12,2.003,10.9889,523.6295,21.0251,37,9672,1.7598,460.0219,0.4036,0.543
flow_7307,0x10001c8b,12,Email,0,correlator,95.6879,874.2274,293.4801,48012.5216,219.1176,268.4342,147.6745,382.0577,234.3831,0.053156,11.794004,0.540737,1.49713236,1.223574,8,2.6055,7.9405,764.6698,17.4255,32,9391,1.8364,538.9226,0.4658,0.3791
flow_7319,0x10001c97,12,Email,0,correlator,85.7584,835.537,333.2124,19570.7089,139.8953,263.6017,101.1155,445.0141,343.8987,0.057406,10.419969,0.833375,0.58223248,0.763042,2,4.2602,6.9022,1419.551,10.8487,15,4998,1.3826,460.699,0.448,0.5805
flow_7331,0x10001ca3,12,Email,0,correlator,109.5871,1179.0546,260.5027,24544.7553,156.6677,161.25,120.3003,511.1362,390.8359,0.046216,10.101106,0.90467,1.74430716,1.320722,7,3.6087,10.7756,940.0724,27.9488,30,7815,1.0734,279.6181,0.499,0.5392
flow_7343,0x10001caf,12,Email,0,correlator,126.4897,765.8723,237.7297,11762.2659,108.454,252.393,141.5541,416.5526,274.9985,0.013388,4.13876,0.917846,2.78118747,1.667689,5,4.4461,9.5599,1056.9624,18.9822,20,4754,1.0536,250.4455,0.4859,0.5342
flow_7355,0x10001cbb,12,Email,0,correlator,106.4082,628.2603,312.9356,26030.3494,161.3392,163.9869,122.2019,445.5779,323.3759,0.047026,8.002362,0.706691,2.25185926,1.50062,8,3.4438,13.9719,1077.6997,28.7289,40,12517,1.3923,435.6943,0.4628,0.5601
flow_7367,0x10001cc7,12,Email,0,correlator,93.315,628.0565,335.3583,53502.3657,231.3058,199.7704,126.32,394.3424,268.0224,0.056507,11.731865,0.571802,0.67093245,0.819105,7,2.3813,13.1978,798.5916,25.0499,43,14420,1.7166,575.651,0.6065,0.3741
flow_7379,0x10001cd3,12,Email,0,correlator,117.6154,1153.0208,222.9196,36073.2082,189.9295,264.2615,107.7151,465.9697,358.2545,0.011721,4.830302,0.293657,1.04923923,1.024324,21,4.5415,5.6148,1012.3897,21.2578,72,16050,3.387,755.0161,0.5523,0.5254
flow_7391,0x10001cdf,12,Email,0,correlator,82.8744,788.105,226.0733,54686.8313,233.8522,251.2516,107.6432,489.6787,382.0355,0.059024,7.434503,0.431874,1.71582399,1.309895,9,4.6609,10.2191,1053.6991,21.553,49,11077,2.2735,513.9422,0.5458,0.5614
flow_7403,0x10001ceb,12,Email,0,correlator,85.6873,811.7773,316.2433,54881.065,234.2671,289.0065,125.5432,546.0439,420.5007,0.020621,10.60988,0.885252,1.73439098,1.316963,4,4.7943,5.0893,1516.1582,24.0522,27,8538,1.1226,354.9779,0.45,0.4239
flow_7415,0x10001cf7,12,Email,0,correlator,106.0285,817.196,312.896,47326.6133,217.5468,224.82,141.5332,497.0586,355.5254,0.044444,9.211794,0.505312,0.39622361,0.629463,9,4.716,11.2014,1475.6053,24.8152,49,15331,1.9746,617.8061,0.3925,0.563
flow_7427,0x10001d03,12,Email,0,correlator,120.9792,783.3784,225.3668,32550.063,180.4164,191.1398,144.3984,516.6602,372.2618,0.039489,9.813233,0.559252,0.49022186,0.700158,4,2.3818,7.7978,536.7832,16.503,29,6535,1.7573,395.9881,0.5836,0.5207
flow_7439,0x10001d0f,12,Email,0,correlator,98.9127,814.8849,339.4158,13514.602,116.2523,168.8541,158.8937,507.8277,348.934,0.023775,8.507762,0.942532,0.54374281,0.737389,5,2.9013,12.9867,984.7543,28.3436,30,10182,1.0584,359.2351,0.5599,0.3962
flow_7451,0x10001d1b,12,Email,0,correlator,100.4603,659.7883,325.4767,28750.4424,169.5596,192.1804,119.2079,415.4994,296.2915,0.016122,5.195697,0.933937,0.38350153,0.619275,2,3.2047,5.3899,1043.0411,12.7118,15,4882,1.18,384.0533,0.5635,0.6217
flow_7463,0x10001d27,12,Email,0,correlator,125.0929,1115.3744,372.8348,37330.1099,193.21,292.6414,122.2949,381.358,259.0631,0.044658,7.241028,0.278399,1.44911254,1.203791,6,2.176,13.4201,811.3012,9.1398,32,11930,3.5012,1305.2737,0.5777,0.6367
flow_7475,0x10001d33,12,Email,0,correlator,135.4012,1004.8191,408.026,51223.6538,226.3264,218.8739,142.8641,423.7873,280.9232,0.014847,4.847914,0.689539,1.24057024,1.113809,6,2.9905,5.9679,1220.1843,19.8595,28,11424,1.4099,575.2414,0.4391,0.4897
flow_7487,0x10001d3f,12,Email,0,correlator,96.5011,1121.8616,259.1906,10190.0787,100.9459,185.5732,133.1412,394.9602,261.8189,0.052401,7.445359,0.520236,1.09535831,1.046594,3,3.9706,12.8903,1029.1335,13.7006,26,6738,1.8977,491.8027,0.6119,0.5774
flow_7499,0x10001d4b,12,Email,0,correlator,98.1707,776.5154,394.5938,23335.8889,152.7609,299.1059,105.1045,495.861,390.7564,0.051392,8.496085,0.308092,0.37917588,0.615773,12,4.6949,10.227,1852.5667,25.8798,84,33145,3.2458,1280.7272,0.4519,0.4282
flow_7511,0x10001d57,12,Email,0,correlator,129.0607,736.71,387.0273,41814.4773,204.4859,160.5702,150.825,526.548,375.723,0.030424,6.012808,0.599836,0.8112127,0.900673,7,2.2539,12.7334,872.3376,24.2129,40,15481,1.652,639.3694,0.4545,0.4231
flow_7523,0x10001d63,12,Email,0,correlator,100.0261,833.5595,291.874,17547.6722,132.4676,259.0713,157.1831,517.0525,359.8694,0.032101,5.437009,0.825418,2.07857563,1.441727,3,2.5853,10.6259,754.5909,22.2617,26,7588,1.1679,340.8547,0.5181,0.6246
flow_7535,0x10001d6f,12,Email,0,correlator,87.4162,1052.9917,290.7445,23454.2973,153.148,215.0331,124.1995,422.0551,297.8556,0.056922,8.561909,0.448329,2.4005205,1.549361,4,3.0791,8.6507,895.2324,8.8395,19,5524,2.1494,624.9219,0.509,0.3998
flow_7547,0x10001d7b,12,Email,0,correlator,91.5138,855.8246,234.0219,41127.0723,202.7981,214.3814,146.2566,398.3907,252.1341,0.058911,7.039968,0.269838,1.38062109,1.174998,23,2.1305,9.5094,498.5829,22.1467,82,19189,3.7026,866.4501,0.5111,0.4741
flow_7559,0x10001d87,12,Email,0,correlator,114.7373,997.3297,244.7309,52687.6751,229.538,298.8859,113.0109,476.2643,363.2534,0.044267,6.067295,0.906108,0.73432541,0.856928,3,2.5801,6.2442,631.4338,14.9752,16,3915,1.0684,261.4325,0.516,0.5053
flow_7571,0x10001d93,12,Email,0,correlator,115.248,801.1729,308.3339,19480.9598,139.5742,225.2917,101.9447,446.735,344.7903,0.021086,5.741664,0.730488,1.72816358,1.314596,4,4.7836,8.8261,1474.9547,23.0657,31,9558,1.344,414.3813,0.5991,0.5608
flow_7583,0x10001d9f,12,Email,0,correlator,80.2525,794.9337,396.6115,9493.2211,97.4332,226.9603,100.4178,442.6851,342.2673,0.025367,5.000789,0.665629,0.73222322,0.8557,7,2.8493,9.8553,1130.0691,28.3081,42,16657,1.4837,588.4184,0.4878,0.3615
flow_7595,0x10001dab,12,Email,0,correlator,137.2334,979.8322,247.3146,8599.8992,92.7356,209.6579,158.5762,356.0722,197.496,0.04043,7.777001,0.460558,1.5920033,1.261746,7,2.6471,11.663,654.6719,21.1374,45,11129,2.1289,526.5066,0.5409,0.3964
flow_7607,0x10001db7,12,Email,0,correlator,113.8933,842.0854,411.7963,13244.136,115.0832,226.5025,135.3536,372.3652,237.0116,0.049878,3.025423,0.303604,1.49366613,1.222156,14,2.4367,12.7361,1003.4187,14.1982,46,18942,3.2399,1334.117,0.5844,0.5483
flow_7619,0x10001dc3,12,Email,0,correlator,114.6166,823.1127,331.1853,48605.0786,220.4656,200.459,146.871,436.2098,289.3388,0.053996,4.440743,0.818234,1.1251444,1.060728,7,2.5811,13.3206,854.8308,20.5859,25,8279,1.2144,402.1685,0.4863,0.4685
flow_7631,0x10001dcf,12,Email,0,correlator,106.1496,881.7877,232.288,39475.9507,198.6856,187.0343,110.5989,547.5104,436.9115,0.01335,11.664693,0.805887,1.19302804,1.092258,6,2.7814,10.3438,646.091,25.04,31,7200,1.238,287.5394,0.6198,0.4941
flow_7643,0x10001ddb,12,Email,0,correlator,135.1488,927.5827,278.4339,15117.1326,122.9517,223.6064,117.4268,473.8363,356.4095,0.021565,3.829444,0.804826,2.46060836,1.568633,6,2.2807,12.6012,635.0344,27.8041,34,9466,1.2228,340.4534,0.4561,0.5035
flow_7655,0x10001de7,12,Email,0,correlator,87.6598,814.5393,356.9661,12597.7372,112.2396,161.3306,149.8608,516.2728,366.412,0.027858,11.094084,0.254902,1.23986223,1.113491,15,2.8399,7.476,1013.7363,17.0806,67,23916,3.9226,1400.181,0.4406,0.5637
flow_7667,0x10001df3,12,Email,0,correlator,125.6061,1030.2446,220.5319,13312.3981,115.3794,261.7299,152.4269,442.2585,289.8316,0.049719,8.177238,0.423172,0.8531871,0.923681,5,2.8729,12.4022,633.5702,14.3148,33,7277,2.3053,508.3533,0.4977,0.5057
flow_7679,0x10001dff,12,Email,0,correlator,86.0431,898.8354,258.9949,25784.5188,160.5756,248.8386,156.3255,522.2031,365.8776,0.040842,4.233613,0.318592,1.09145125,1.044725,11,3.9875,11.9415,1032.7405,18.9451,59,15280,3.1143,806.5395,0.5388,0.6178
flow_7691,0x10001e0b,12,Email,0,correlator,112.9946,1074.564,312.4439,14761.0281,121.495,289.826,104.5118,438.0432,333.5314,0.031147,7.195614,0.566688,0.65987651,0.812328,4,2.0756,7.7065,648.5065,13.3364,23,7186,1.7246,538.8273,0.3806,0.4425
flow_7703,0x10001e17,12,Email,0,correlator,132.8267,616.8591,270.2545,15209.2856,123.3259,251.4178,124.8112,423.9077,299.0964,0.043896,9.340887,0.703397,3.09292928,1.758673,5,2.9634,13.5757,800.8593,24.3881,34,9188,1.3941,376.7412,0.4488,0.598
flow_7715,0x10001e23,12,Email,0,correlator,117.5046,1182.2997,265.3879,57584.4373,239.9676,220.4177,125.3131,510.9649,385.6518,0.031078,8.452232,0.270841,1.41094671,1.187833,8,2.1993,9.6858,583.6707,13.9385,51,13534,3.6589,970.9764,0.5434,0.4809
flow_7727,0x10001e2f,12,Email,0,correlator,80.1554,1030.3331,320.7977,11846.1138,108.8399,247.4765,115.0007,373.9817,258.9809,0.052414,2.794155,0.745034,3.04089967,1.743818,6,4.4647,10.6053,1432.2653,25.7684,34,10907,1.3194,423.2701,0.4645,0.519
flow_7739,0x10001e3b,12,Email,0,correlator,136.884,613.6618,302.0817,53854.6899,232.0661,177.0203,116.9405,372.9519,256.0114,0.013051,7.704681,0.850714,3.16356739,1.778642,8,4.1729,7.417,1260.5584,24.3872,28,8458,1.1481,346.8208,0.5432,0.5281
flow_7751,0x10001e47,12,Email,0,correlator,117.1035,1003.9149,360.4407,9267.2969,96.2668,239.1567,127.5236,414.9644,287.4408,0.027158,7.570039,0.3968,0.59740346,0.772919,4,3.297,7.38,1188.3864,11.3297,28,10092,2.4714,890.7583,0.3963,0.6119
flow_7763,0x10001e53,12,Email,0,correlator,96.8237,773.8872,379.4786,19898.3241,141.0614,185.8693,125.4393,442.0485,316.6091,0.02221,10.41691,0.539475,0.513393,0.716514,9,2.1151,12.3772,802.6365,27.1711,50,18973,1.8402,698.2778,0.3981,0.5953
flow_7775,0x10001e5f,12,Email,0,correlator,99.8598,665.1,285.9428,8575.5,92.604,271.1186,154.6647,510.5058,355.8411,0.039305,6.449722,0.828541,0.48214438,0.694366,4,2.8141,5.0235,804.6762,23.2792,28,8006,1.2028,343.9118,0.5208,0.5192
flow_7787,0x10001e6b,12,Email,0,correlator,119.8452,900.7085,407.9399,53948.2514,232.2676,178.7,106.132,491.8454,385.7135,0.048135,3.965299,0.476755,2.97966664,1.726171,8,3.2257,8.5763,1315.9084,27.9681,58,23660,2.0738,845.9623,0.5143,0.4228
flow_7799,0x10001e77,12,Email,0,correlator,81.5237,1074.2543,346.5859,21515.7585,146.6825,296.959,112.5428,431.5128,318.97,0.028779,6.21898,0.500637,2.70040636,1.643291,10,3.6377,13.5711,1260.7837,20.855,41,14210,1.966,681.3704,0.4499,0.4082
flow_7811,0x10001e83,12,Email,0,correlator,94.294,812.4232,278.0981,10800.073,103.9234,257.5031,112.0,430.4606,318.4605,0.03123,10.966669,0.619209,2.78492986,1.668811,4,3.2276,8.89,897.5757,17.8279,28,7786,1.5706,436.7311,0.5556,0.4047
flow_7823,0x10001e8f,12,Email,0,correlator,121.4077,859.0135,375.8183,32251.3692,179.5867,268.2596,104.3917,369.5082,265.1165,0.011597,10.481434,0.795944,2.11728312,1.455089,2,4.3431,11.8389,1632.2129,10.6965,15,5637,1.4023,526.9971,0.5268,0.575
flow_7835,0x10001e9b,12,Email,0,correlator,118.5912,826.2948,317.2958,56622.1719,237.9541,254.9009,105.0161,546.6001,441.584,0.022702,6.522798,0.354688,2.14101764,1.463222,13,3.3791,13.4846,1072.1857,28.2917,79,25066,2.7923,885.9836,0.5765,0.5968
flow_7847,0x10001ea7,12,Email,0,correlator,86.3522,764.8011,407.9048,52766.7302,229.7101,185.6726,106.5209,365.0579,258.5369,0.028618,2.640751,0.628521,1.86682331,1.366317,6,3.1866,5.1399,1299.8411,18.9662,30,12237,1.5818,645.1995,0.5557,0.4849
flow_7859,0x10001eb3,12,Email,0,correlator,121.0613,627.361,253.6429,16223.9556,127.3733,299.2095,121.1357,483.7177,362.582,0.024293,9.798688,0.856616,1.85709956,1.362754,5,3.4434,12.6263,873.4009,27.8488,32,8116,1.1491,291.4313,0.3848,0.6304
flow_7871,0x10001ebf,12,Email,0,correlator,91.2468,1181.9179,358.4095,39187.9196,197.9594,167.4774,102.0732,401.5976,299.5245,0.012661,4.732213,0.795414,2.40690282,1.55142,2,2.4159,10.9213,865.8796,9.108,15,5376,1.6469,590.2498,0.4815,0.4642
flow_7883,0x10001ecb,12,Email,0,correlator,102.6856,1099.699,375.8084,54088.4878,232.5693,273.7537,134.054,491.1418,357.0878,0.054579,4.028214,0.584125,0.98694553,0.993451,9,3.0098,10.452,1131.1143,21.5233,36,13529,1.6726,628.575,0.5926,0.5004
flow_7895,0x10001ed7,12,Email,0,correlator,132.4393,872.2447,260.0294,20919.9156,144.6372,161.7079,135.5431,350.6058,215.0628,0.046234,2.557366,0.329554,1.68074311,1.296435,9,2.3383,8.5696,608.0195,18.5084,56,14561,3.0257,786.7242,0.5685,0.3909
flow_7907,0x10001ee3,12,Email,0,correlator,126.2392,1071.6729,249.3412,10492.9344,102.435,275.8673,137.7825,444.2793,306.4967,0.039783,8.478069,0.659633,2.76111156,1.661659,4,4.6607,6.2444,1162.1102,17.1752,26,6482,1.5138,377.404,0.4097,0.4553
flow_7919,0x10001eef,12,Email,0,correlator,90.5041,746.5255,392.295,43116.4457,207.645,243.1631,100.7545,541.3466,440.5921,0.044022,7.582718,0.711697,2.92354684,1.709838,4,2.8771,13.5817,1128.6555,8.0531,15,5884,1.8626,730.6483,0.57,0.3619
flow_7931,0x10001efb,12,Email,0,correlator,103.7085,909.0784,399.8922,14100.7838,118.7467,244.9619,111.3743,457.3088,345.9345,0.035523,7.371518,0.439204,1.18395889,1.088099,7,3.7114,5.1383,1484.1711,21.7355,49,19594,2.2544,901.4765,0.3959,0.5853
flow_7943,0x10001f07,12,Email,0,correlator,116.0533,718.2072,266.796,35880.5761,189.4217,244.3613,147.4782,412.4035,264.9253,0.020201,4.113241,0.935626,2.34293657,1.530665,4,2.6552,12.2757,708.3933,24.7457,26,6936,1.0507,280.2914,0.5758,0.6182
flow_7955,0x10001f13,12,Email,0,correlator,128.7183,723.2737,372.8929,38037.4677,195.032,279.1102,109.7179,438.029,328.3111,0.049794,5.887115,0.495258,1.39341433,1.18043,10,2.2575,8.7725,841.7963,24.6929,49,18271,1.9844,739.9296,0.5025,0.4795
flow_7967,0x10001f1f,12,Email,0,correlator,131.4019,977.8872,235.3835,10610.4721,103.0071,264.0823,136.1844,534.1559,397.9715,0.014405,9.165139,0.564958,0.66097221,0.813002,9,2.302,10.8963,541.8564,17.4595,30,7061,1.7183,404.4209,0.4982,0.5437
flow_7979,0x10001f2b,12,Email,0,correlator,94.4983,868.9527,318.1194,23335.1898,152.7586,190.3492,135.0399,414.2207,279.1809,0.031728,10.657412,0.578989,0.6699763,0.818521,8,2.0473,11.961,651.2776,27.4653,47,14951,1.7113,544.3604,0.4164,0.6037
flow_7991,0x10001f37,12,Email,0,correlator,129.2649,680.2266,383.7408,47436.2482,217.7986,171.2207,134.9347,501.4896,366.5549,0.031426,4.81256,0.384576,1.62518537,1.274828,5,3.6946,9.1105,1417.7511,9.61,24,9209,2.4974,958.2696,0.585,0.6048
flow_8003,0x10001f43,12,ICMP,48,correlator,96.0,96.0,96.0,0.4985,0.706,96.0,96.0,96.0,0.0,0.993571,1.006429,1.0,1.033e-05,0.003214,18,1.0,2.0,96.0,36.1416,36,3456,0.9961,95.6239,0.5,0.5
flow_8015,0x10001f4f,12,ICMP,48,correlator,112.0,112.0,112.0,0.4327,0.6578,112.0,112.0,112.0,0.0,0.992588,1.007412,1.0,1.373e-05,0.003706,18,1.0,2.0,112.0,37.5135,37,4144,0.9863,110.4668,0.5,0.5
flow_8027,0x10001f5b,12,ICMP,48,correlator,112.0,112.0,112.0,0.0697,0.2639,112.0,112.0,112.0,0.0,0.47755,0.52245,0.5,0.000126,0.011225,27,1.0,2.0,112.0,27.8921,55,6160,1.9719,220.8509,0.5,0.5
flow_8039,0x10001f67,12,ICMP,48,correlator,112.0,112.0,112.0,0.4556,0.675,112.0,112.0,112.0,0.0,0.978022,1.021978,1.0,0.00012076,0.010989,19,1.0,2.0,112.0,38.1353,38,4256,0.9965,111.6026,0.5,0.5
flow_8051,0x10001f73,12,ICMP,48,correlator,96.0,96.0,96.0,0.1878,0.4333,96.0,96.0,96.0,0.0,0.483288,0.516712,0.5,6.982e-05,0.008356,37,1.0,2.0,96.0,37.374,74,7104,1.98,190.0786,0.5,0.5
flow_8063,0x10001f7f,12,ICMP,48,correlator,96.0,96.0,96.0,0.2638,0.5136,96.0,96.0,96.0,0.0,0.983229,1.016771,1.0,7.031e-05,0.008385,19,1.0,2.0,96.0,38.3775,38,3648,0.9902,95.0557,0.5,0.5
flow_8075,0x10001f8b,12,ICMP,48,correlator,104.0,104.0,104.0,0.4138,0.6433,104.0,104.0,104.0,0.0,0.492003,0.507997,0.5,1.599e-05,0.003999,37,1.0,2.0,104.0,37.3839,74,7696,1.9795,205.8642,0.5,0.5
flow_8087,0x10001f97,12,ICMP,48,correlator,96.0,96.0,96.0,0.3589,0.5991,96.0,96.0,96.0,0.0,0.988201,1.011799,1.0,3.48e-05,0.005899,8,1.0,2.0,96.0,16.1975,16,1536,0.9878,94.8294,0.5,0.5
flow_8099,0x10001fa3,12,ICMP,48,correlator,104.0,104.0,104.0,0.0502,0.224,104.0,104.0,104.0,0.0,0.988378,1.011622,1.0,3.377e-05,0.005811,7,1.0,2.0,104.0,15.3316,15,1560,0.9784,101.7503,0.5,0.5
flow_8111,0x10001faf,12,ICMP,48,correlator,96.0,96.0,96.0,0.0813,0.2852,96.0,96.0,96.0,0.0,0.975337,1.024663,1.0,0.00015206,0.012331,9,1.0,2.0,96.0,19.1794,19,1824,0.9906,95.102,0.5,0.5
flow_8123,0x10001fbb,12,ICMP,48,correlator,112.0,112.0,112.0,0.345,0.5874,112.0,112.0,112.0,0.0,0.483064,0.516936,0.5,7.171e-05,0.008468,20,1.0,2.0,112.0,20.6166,41,4592,1.9887,222.7332,0.5,0.5
flow_8135,0x10001fc7,12,ICMP,48,correlator,112.0,112.0,112.0,0.2868,0.5355,112.0,112.0,112.0,0.0,0.488119,0.511881,0.5,3.529e-05,0.005941,13,1.0,2.0,112.0,13.7761,27,3024,1.9599,219.5108,0.5,0.5
flow_8147,0x10001fd3,12,ICMP,48,correlator,96.0,96.0,96.0,0.458,0.6768,96.0,96.0,96.0,0.0,0.991123,1.008877,1.0,1.97e-05,0.004438,11,1.0,2.0,96.0,22.2671,22,2112,0.988,94.8484,0.5,0.5
flow_8159,0x10001fdf,12,ICMP,48,correlator,96.0,96.0,96.0,0.012,0.1096,96.0,96.0,96.0,0.0,0.983033,1.016967,1.0,7.197e-05,0.008483,10,1.0,2.0,96.0,21.8998,21,2016,0.9589,92.0556,0.5,0.5
flow_8171,0x10001feb,12,ICMP,48,correlator,96.0,96.0,96.0,0.356,0.5967,96.0,96.0,96.0,0.0,0.974265,1.025735,1.0,0.00016557,0.012867,16,1.0,2.0,96.0,33.2026,33,3168,0.9939,95.4143,0.5,0.5
flow_8183,0x10001ff7,12,ICMP,48,correlator,104.0,104.0,104.0,0.1791,0.4232,104.0,104.0,104.0,0.0,0.990792,1.009208,1.0,2.12e-05,0.004604,11,1.0,2.0,104.0,23.6268,23,2392,0.9735,101.2408,0.5,0.5
flow_8195,0x10002003,12,ICMP,48,correlator,96.0,96.0,96.0,0.2944,0.5426,96.0,96.0,96.0,0.0,0.994103,1.005897,1.0,8.7e-06,0.002949,6,1.0,2.0,96.0,12.0624,12,1152,0.9948,95.503,0.5,0.5
flow_8207,0x1000200f,12,ICMP,48,correlator,104.0,104.0,104.0,0.1264,0.3555,104.0,104.0,104.0,0.0,0.981348,1.018652,1.0,8.698e-05,0.009326,6,1.0,2.0,104.0,12.4315,12,1248,0.9653,100.3903,0.5,0.5
flow_8219,0x1000201b,12,ICMP,48,correlator,96.0,96.0,96.0,0.4216,0.6493,96.0,96.0,96.0,0.0,0.494187,0.505813,0.5,8.45e-06,0.002907,15,1.0,2.0,96.0,15.8665,31,2976,1.9538,187.5645,0.5,0.5
flow_8231,0x10002027,12,ICMP,48,correlator,104.0,104.0,104.0,0.2079,0.456,104.0,104.0,104.0,0.0,0.989251,1.010749,1.0,2.888e-05,0.005374,15,1.0,2.0,104.0,31.4986,31,3224,0.9842,102.3537,0.5,0.5
flow_8243,0x10002033,12,ICMP,48,correlator,112.0,112.0,112.0,0.3273,0.5721,112.0,112.0,112.0,0.0,0.993078,1.006922,1.0,1.198e-05,0.003461,8,1.0,2.0,112.0,17.3352,17,1904,0.9807,109.8345,0.5,0.5
flow_8255,0x1000203f,12,ICMP,48,correlator,112.0,112.0,112.0,0.0257,0.1603,112.0,112.0,112.0,0.0,0.975942,1.024058,1.0,0.0001447,0.012029,16,1.0,2.0,112.0,32.1956,32,3584,0.9939,111.3194,0.5,0.5
flow_8267,0x1000204b,12,ICMP,48,correlator,96.0,96.0,96.0,0.2137,0.4623,96.0,96.0,96.0,0.0,0.982203,1.017797,1.0,7.918e-05,0.008898,14,1.0,2.0,96.0,28.6841,28,2688,0.9762,93.7104,0.5,0.5
flow_8279,0x10002057,12,ICMP,48,correlator,112.0,112.0,112.0,0.3419,0.5847,112.0,112.0,112.0,0.0,0.492995,0.507005,0.5,1.227e-05,0.003502,38,1.0,2.0,112.0,38.6965,77,8624,1.9898,222.8627,0.5,0.5
flow_8291,0x10002063,12,ICMP,48,correlator,96.0,96.0,96.0,0.5322,0.7295,96.0,96.0,96.0,0.0,0.485693,0.514307,0.5,5.118e-05,0.007154,21,1.0,2.0,96.0,21.5114,43,4128,1.9989,191.8983,0.5,0.5
flow_8303,0x1000206f,12,ICMP,48,correlator,96.0,96.0,96.0,0.4071,0.6381,96.0,96.0,96.0,0.0,0.985548,1.014452,1.0,5.221e-05,0.007226,16,1.0,2.0,96.0,32.073,32,3072,0.9977,95.7816,0.5,0.5
flow_8315,0x1000207b,12,ICMP,48,correlator,112.0,112.0,112.0,0.2852,0.534,112.0,112.0,112.0,0.0,0.99007,1.00993,1.0,2.465e-05,0.004965,7,1.0,2.0,112.0,14.269,14,1568,0.9811,109.8887,0.5,0.5
flow_8327,0x10002087,12,ICMP,48,correlator,112.0,112.0,112.0,0.0385,0.1963,112.0,112.0,112.0,0.0,0.986252,1.013748,1.0,4.725e-05,0.006874,9,1.0,2.0,112.0,19.301,19,2128,0.9844,110.2534,0.5,0.5
flow_8339,0x10002093,12,ICMP,48,correlator,112.0,112.0,112.0,0.0185,0.1359,112.0,112.0,112.0,0.0,0.481401,0.518599,0.5,8.648e-05,0.009299,19,1.0,2.0,112.0,19.7289,39,4368,1.9768,221.4013,0.5,0.5
flow_8351,0x1000209f,12,ICMP,48,correlator,104.0,104.0,104.0,0.1319,0.3631,104.0,104.0,104.0,0.0,0.477741,0.522259,0.5,0.00012386,0.011129,13,1.0,2.0,104.0,13.2241,26,2704,1.9661,204.4745,0.5,0.5
flow_8363,0x100020ab,12,ICMP,48,correlator,112.0,112.0,112.0,0.5477,0.7401,112.0,112.0,112.0,0.0,0.482833,0.517167,0.5,7.368e-05,0.008584,14,1.0,2.0,112.0,14.5892,29,3248,1.9878,222.6305,0.5,0.5
flow_8375,0x100020b7,12,ICMP,48,correlator,112.0,112.0,112.0,0.5283,0.7268,112.0,112.0,112.0,0.0,0.98963,1.01037,1.0,2.688e-05,0.005185,18,1.0,2.0,112.0,36.5494,36,4032,0.985,110.3164,0.5,0.5
flow_8387,0x100020c3,12,ICMP,48,correlator,104.0,104.0,104.0,0.2318,0.4815,104.0,104.0,104.0,0.0,0.99249,1.00751,1.0,1.41e-05,0.003755,8,1.0,2.0,104.0,16.4997,16,1664,0.9697,100.8503,0.5,0.5
flow_8399,0x100020cf,12,ICMP,48,correlator,96.0,96.0,96.0,0.1157,0.3402,96.0,96.0,96.0,0.0,0.979521,1.020479,1.0,0.00010485,0.01024,19,1.0,2.0,96.0,38.8028,38,3648,0.9793,94.0139,0.5,0.5
flow_8411,0x100020db,12,ICMP,48,correlator,104.0,104.0,104.0,0.0789,0.2809,104.0,104.0,104.0,0.0,0.488598,0.511402,0.5,3.25e-05,0.005701,17,1.0,2.0,104.0,17.7994,35,3640,1.9664,204.5013,0.5,0.5
flow_8423,0x100020e7,12,ICMP,48,correlator,96.0,96.0,96.0,0.0478,0.2187,96.0,96.0,96.0,0.0,0.980224,1.019776,1.0,9.777e-05,0.009888,13,1.0,2.0,96.0,27.1461,27,2592,0.9946,95.4832,0.5,0.5
flow_8435,0x100020f3,12,ICMP,48,correlator,112.0,112.0,112.0,0.0563,0.2374,112.0,112.0,112.0,0.0,0.975388,1.024612,1.0,0.00015143,0.012306,5,1.0,2.0,112.0,10.058,10,1120,0.9942,111.3539,0.5,0.5
flow_8447,0x100020ff,12,ICMP,48,correlator,112.0,112.0,112.0,0.0112,0.1057,112.0,112.0,112.0,0.0,0.984694,1.015306,1.0,5.857e-05,0.007653,16,1.0,2.0,112.0,33.8696,33,3696,0.9743,109.1245,0.5,0.5
flow_8459,0x1000210b,12,ICMP,48,correlator,112.0,112.0,112.0,0.2415,0.4914,112.0,112.0,112.0,0.0,0.98845,1.01155,1.0,3.335e-05,0.005775,5,1.0,2.0,112.0,10.2272,10,1120,0.9778,109.5118,0.5,0.5
flow_8471,0x10002117,12,ICMP,48,correlator,104.0,104.0,104.0,0.1875,0.433,104.0,104.0,104.0,0.0,0.979217,1.020783,1.0,0.00010798,0.010391,14,1.0,2.0,104.0,28.8696,28,2912,0.9699,100.8672,0.5,0.5
flow_8483,0x10002123,12,ICMP,48,correlator,104.0,104.0,104.0,0.0485,0.2203,104.0,104.0,104.0,0.0,0.488721,0.511279,0.5,3.18e-05,0.00564,37,1.0,2.0,104.0,37.7154,75,7800,1.9886,206.812,0.5,0.5
flow_8495,0x1000212f,12,ICMP,48,correlator,104.0,104.0,104.0,0.1148,0.3388,104.0,104.0,104.0,0.0,0.983501,1.016499,1.0,6.805e-05,0.008249,18,1.0,2.0,104.0,36.3144,36,3744,0.9913,103.0995,0.5,0.5
flow_8507,0x1000213b,12,ICMP,48,correlator,112.0,112.0,112.0,0.5319,0.7293,112.0,112.0,112.0,0.0,0.480427,0.519573,0.5,9.578e-05,0.009787,11,1.0,2.0,112.0,11.7266,23,2576,1.9614,219.6716,0.5,0.5
flow_8519,0x10002147,12,ICMP,48,correlator,96.0,96.0,96.0,0.1469,0.3833,96.0,96.0,96.0,0.0,0.487386,0.512614,0.5,3.978e-05,0.006307,30,1.0,2.0,96.0,30.4839,60,5760,1.9683,188.9524,0.5,0.5
flow_8531,0x10002153,12,ICMP,48,correlator,96.0,96.0,96.0,0.2791,0.5283,96.0,96.0,96.0,0.0,0.98783,1.01217,1.0,3.703e-05,0.006085,8,1.0,2.0,96.0,17.9518,17,1632,0.947,90.9102,0.5,0.5
flow_8543,0x1000215f,12,ICMP,48,correlator,96.0,96.0,96.0,0.4533,0.6732,96.0,96.0,96.0,0.0,0.48917,0.51083,0.5,2.932e-05,0.005415,26,1.0,2.0,96.0,26.9873,53,5088,1.9639,188.5333,0.5,0.5
flow_8555,0x1000216b,12,ICMP,48,correlator,96.0,96.0,96.0,0.0283,0.1682,96.0,96.0,96.0,0.0,0.978675,1.021325,1.0,0.00011369,0.010662,9,1.0,2.0,96.0,18.4705,18,1728,0.9745,93.5546,0.5,0.5
flow_8567,0x10002177,12,ICMP,48,correlator,112.0,112.0,112.0,0.3483,0.5901,112.0,112.0,112.0,0.0,0.983218,1.016782,1.0,7.041e-05,0.008391,15,1.0,2.0,112.0,31.3819,31,3472,0.9878,110.6372,0.5,0.5
flow_8579,0x10002183,12,ICMP,48,correlator,104.0,104.0,104.0,0.0645,0.2539,104.0,104.0,104.0,0.0,0.483337,0.516663,0.5,6.941e-05,0.008331,35,1.0,2.0,104.0,35.9703,71,7384,1.9739,205.2807,0.5,0.5
flow_8591,0x1000218f,12,ICMP,48,correlator,96.0,96.0,96.0,0.1541,0.3925,96.0,96.0,96.0,0.0,0.487038,0.512962,0.5,4.2e-05,0.006481,26,1.0,2.0,96.0,26.9502,53,5088,1.9666,188.7927,0.5,0.5
flow_8603,0x1000219b,12,ICMP,48,correlator,104.0,104.0,104.0,0.588,0.7668,104.0,104.0,104.0,0.0,0.983379,1.016621,1.0,6.906e-05,0.00831,6,1.0,2.0,104.0,12.0586,12,1248,0.9951,103.4945,0.5,0.5
flow_8615,0x100021a7,12,ICMP,48,correlator,104.0,104.0,104.0,0.4902,0.7001,104.0,104.0,104.0,0.0,0.993777,1.006223,1.0,9.68e-06,0.003111,16,1.0,2.0,104.0,32.8625,32,3328,0.9738,101.2704,0.5,0.5
flow_8627,0x100021b3,12,ICMP,48,correlator,96.0,96.0,96.0,0.0759,0.2756,96.0,96.0,96.0,0.0,0.485043,0.514957,0.5,5.593e-05,0.007478,32,1.0,2.0,96.0,32.6848,65,6240,1.9887,190.9147,0.5,0.5
flow_8639,0x100021bf,12,ICMP,48,correlator,104.0,104.0,104.0,0.0128,0.1134,104.0,104.0,104.0,0.0,0.489815,0.510185,0.5,2.594e-05,0.005093,20,1.0,2.0,104.0,20.0082,40,4160,1.9992,207.9151,0.5,0.5
flow_8651,0x100021cb,12,ICMP,48,correlator,112.0,112.0,112.0,0.1163,0.3411,112.0,112.0,112.0,0.0,0.491796,0.508204,0.5,1.683e-05,0.004102,29,1.0,2.0,112.0,29.2892,58,6496,1.9803,221.7885,0.5,0.5
flow_8663,0x100021d7,12,ICMP,48,correlator,112.0,112.0,112.0,0.0401,0.2003,112.0,112.0,112.0,0.0,0.487878,0.512122,0.5,3.673e-05,0.006061,23,1.0,2.0,112.0,23.3181,46,5152,1.9727,220.9441,0.5,0.5
flow_8675,0x100021e3,12,ICMP,48,correlator,112.0,112.0,112.0,0.1617,0.4021,112.0,112.0,112.0,0.0,0.985564,1.014436,1.0,5.21e-05,0.007218,10,1.0,2.0,112.0,20.9506,20,2240,0.9546,106.918,0.5,0.5
flow_8687,0x100021ef,12,ICMP,48,correlator,104.0,104.0,104.0,0.5116,0.7153,104.0,104.0,104.0,0.0,0.487484,0.512516,0.5,3.916e-05,0.006258,10,1.0,2.0,104.0,10.8128,21,2184,1.9421,201.9834,0.5,0.5
flow_8699,0x100021fb,12,ICMP,48,correlator,96.0,96.0,96.0,0.0637,0.2524,96.0,96.0,96.0,0.0,0.48573,0.51427,0.5,5.091e-05,0.007135,30,1.0,2.0,96.0,30.545,61,5856,1.9971,191.7172,0.5,0.5
flow_8711,0x10002207,12,ICMP,48,correlator,112.0,112.0,112.0,0.1093,0.3306,112.0,112.0,112.0,0.0,0.980586,1.019414,1.0,9.423e-05,0.009707,17,1.0,2.0,112.0,34.4349,34,3808,0.9874,110.5855,0.5,0.5
flow_8723,0x10002213,12,ICMP,48,correlator,112.0,112.0,112.0,0.2555,0.5055,112.0,112.0,112.0,0.0,0.982899,1.017101,1.0,7.311e-05,0.00855,6,1.0,2.0,112.0,13.7447,13,1456,0.9458,105.9314,0.5,0.5
flow_8735,0x1000221f,12,ICMP,48,correlator,104.0,104.0,104.0,0.0815,0.2856,104.0,104.0,104.0,0.0,0.993083,1.006917,1.0,1.196e-05,0.003458,13,1.0,2.0,104.0,27.0125,27,2808,0.9995,103.9518,0.5,0.5
flow_8747,0x1000222b,12,ICMP,48,correlator,104.0,104.0,104.0,0.4442,0.6665,104.0,104.0,104.0,0.0,0.493016,0.506984,0.5,1.219e-05,0.003492,37,1.0,2.0,104.0,37.858,75,7800,1.9811,206.0332,0.5,0.5
flow_8759,0x10002237,12,ICMP,48,correlator,96.0,96.0,96.0,0.5725,0.7566,96.0,96.0,96.0,0.0,0.476633,0.523367,0.5,0.0001365,0.011683,30,1.0,2.0,96.0,30.5347,61,5856,1.9977,191.7818,0.5,0.5
flow_8771,0x10002243,12,ICMP,48,correlator,104.0,104.0,104.0,0.0357,0.1889,104.0,104.0,104.0,0.0,0.479105,0.520895,0.5,0.00010915,0.010447,26,1.0,2.0,104.0,26.1749,52,5408,1.9866,206.6102,0.5,0.5
flow_8783,0x1000224f,12,ICMP,48,correlator,112.0,112.0,112.0,0.5434,0.7372,112.0,112.0,112.0,0.0,0.9793,1.0207,1.0,0.00010712,0.01035,17,1.0,2.0,112.0,35.7491,35,3920,0.979,109.6531,0.5,0.5
flow_8795,0x1000225b,12,ICMP,48,correlator,112.0,112.0,112.0,0.4078,0.6386,112.0,112.0,112.0,0.0,0.979771,1.020229,1.0,0.0001023,0.010115,19,1.0,2.0,112.0,38.5295,38,4256,0.9863,110.4609,0.5,0.5
flow_8807,0x10002267,12,ICMP,48,correlator,104.0,104.0,104.0,0.317,0.563,104.0,104.0,104.0,0.0,0.991456,1.008544,1.0,1.825e-05,0.004272,7,1.0,2.0,104.0,15.9121,15,1560,0.9427,98.0386,0.5,0.5
flow_8819,0x10002273,12,ICMP,48,correlator,96.0,96.0,96.0,0.1922,0.4384,96.0,96.0,96.0,0.0,0.480044,0.519956,0.5,9.956e-05,0.009978,28,1.0,2.0,96.0,28.1695,56,5376,1.988,190.8447,0.5,0.5
flow_8831,0x1000227f,12,ICMP,48,correlator,96.0,96.0,96.0,0.1268,0.356,96.0,96.0,96.0,0.0,0.478399,0.521601,0.5,0.00011665,0.0108,10,1.0,2.0,96.0,10.6524,21,2016,1.9714,189.2528,0.5,0.5
flow_8843,0x1000228b,12,ICMP,48,correlator,96.0,96.0,96.0,0.5734,0.7572,96.0,96.0,96.0,0.0,0.485879,0.514121,0.5,4.985e-05,0.007061,11,1.0,2.0,96.0,11.4421,22,2112,1.9227,184.5821,0.5,0.5
flow_8855,0x10002297,12,ICMP,48,correlator,96.0,96.0,96.0,0.594,0.7707,96.0,96.0,96.0,0.0,0.478892,0.521108,0.5,0.00011139,0.010554,33,1.0,2.0,96.0,33.8207,67,6432,1.981,190.1792,0.5,0.5
flow_8867,0x100022a3,12,ICMP,48,correlator,104.0,104.0,104.0,0.0668,0.2584,104.0,104.0,104.0,0.0,0.989182,1.010818,1.0,2.926e-05,0.005409,18,1.0,2.0,104.0,37.1628,37,3848,0.9956,103.5443,0.5,0.5
flow_8879,0x100022af,12,ICMP,48,correlator,104.0,104.0,104.0,0.0307,0.1753,104.0,104.0,104.0,0.0,0.479083,0.520917,0.5,0.00010938,0.010458,10,1.0,2.0,104.0,10.0802,20,2080,1.9841,206.3458,0.5,0.5
flow_8891,0x100022bb,12,ICMP,48,correlator,112.0,112.0,112.0,0.4454,0.6674,112.0,112.0,112.0,0.0,0.98226,1.01774,1.0,7.868e-05,0.00887,11,1.0,2.0,112.0,22.269,22,2464,0.9879,110.6473,0.5,0.5
flow_8903,0x100022c7,12,ICMP,48,correlator,96.0,96.0,96.0,0.0502,0.2241,96.0,96.0,96.0,0.0,0.489161,0.510839,0.5,2.937e-05,0.005419,37,1.0,2.0,96.0,37.4619,74,7104,1.9753,189.6327,0.5,0.5
flow_8915,0x100022d3,12,ICMP,48,correlator,112.0,112.0,112.0,0.4279,0.6541,112.0,112.0,112.0,0.0,0.484361,0.515639,0.5,6.114e-05,0.007819,17,1.0,2.0,112.0,17.7998,35,3920,1.9663,220.2268,0.5,0.5
flow_8927,0x100022df,12,ICMP,48,correlator,112.0,112.0,112.0,0.2051,0.4529,112.0,112.0,112.0,0.0,0.990643,1.009357,1.0,2.189e-05,0.004678,14,1.0,2.0,112.0,29.0541,29,3248,0.9981,111.7914,0.5,0.5
flow_8939,0x100022eb,12,ICMP,48,correlator,112.0,112.0,112.0,0.3539,0.5949,112.0,112.0,112.0,0.0,0.477797,0.522203,0.5,0.00012324,0.011101,37,1.0,2.0,112.0,37.8466,75,8400,1.9817,221.9485,0.5,0.5
flow_8951,0x100022f7,12,ICMP,48,correlator,112.0,112.0,112.0,0.2104,0.4587,112.0,112.0,112.0,0.0,0.474577,0.525423,0.5,0.00016158,0.012711,30,1.0,2.0,112.0,30.8075,61,6832,1.98,221.7641,0.5,0.5
flow_8963,0x10002303,12,ICMP,48,correlator,96.0,96.0,96.0,0.0955,0.3091,96.0,96.0,96.0,0.0,0.48815,0.51185,0.5,3.511e-05,0.005925,14,1.0,2.0,96.0,14.2573,28,2688,1.9639,188.5344,0.5,0.5
flow_8975,0x1000230f,12,ICMP,48,correlator,104.0,104.0,104.0,0.2571,0.5071,104.0,104.0,104.0,0.0,0.98008,1.01992,1.0,9.921e-05,0.00996,12,1.0,2.0,104.0,25.624,25,2600,0.9756,101.4673,0.5,0.5
flow_8987,0x1000231b,12,ICMP,48,correlator,112.0,112.0,112.0,0.3222,0.5676,112.0,112.0,112.0,0.0,0.49435,0.50565,0.5,7.98e-06,0.002825,26,1.0,2.0,112.0,26.2232,52,5824,1.983,222.0938,0.5,0.5
flow_8999,0x10002327,12,ICMP,48,correlator,96.0,96.0,96.0,0.2537,0.5036,96.0,96.0,96.0,0.0,0.491863,0.508137,0.5,1.655e-05,0.004068,28,1.0,2.0,96.0,28.2421,56,5376,1.9829,190.3541,0.5,0.5
flow_9011,0x10002333,12,ICMP,48,correlator,112.0,112.0,112.0,0.3781,0.6149,112.0,112.0,112.0,0.0,0.98126,1.01874,1.0,8.78e-05,0.00937,19,1.0,2.0,112.0,38.1826,38,4256,0.9952,111.4645,0.5,0.5
flow_9023,0x1000233f,12,ICMP,48,correlator,96.0,96.0,96.0,0.5356,0.7319,96.0,96.0,96.0,0.0,0.989052,1.010948,1.0,2.997e-05,0.005474,12,1.0,2.0,96.0,25.5276,25,2400,0.9793,94.0161,0.5,0.5
flow_9035,0x1000234b,12,ICMP,48,correlator,112.0,112.0,112.0,0.1813,0.4258,112.0,112.0,112.0,0.0,0.992929,1.007071,1.0,1.25e-05,0.003535,5,1.0,2.0,112.0,10.3062,10,1120,0.9703,108.6722,0.5,0.5
flow_9047,0x10002357,12,ICMP,48,correlator,104.0,104.0,104.0,0.5753,0.7585,104.0,104.0,104.0,0.0,0.977759,1.022241,1.0,0.00012366,0.01112,5,1.0,2.0,104.0,11.9826,11,1144,0.918,95.4717,0.5,0.5
flow_9059,0x10002363,12,ICMP,48,correlator,104.0,104.0,104.0,0.1501,0.3874,104.0,104.0,104.0,0.0,0.987317,1.012683,1.0,4.021e-05,0.006342,15,1.0,2.0,104.0,30.8703,30,3120,0.9718,101.068,0.5,0.5
flow_9071,0x1000236f,12,ICMP,48,correlator,96.0,96.0,96.0,0.0712,0.2668,96.0,96.0,96.0,0.0,0.480133,0.519867,0.5,9.867e-05,0.009933,13,1.0,2.0,96.0,13.5583,27,2592,1.9914,191.1744,0.5,0.5
flow_9083,0x1000237b,12,ICMP,48,correlator,112.0,112.0,112.0,0.0345,0.1857,112.0,112.0,112.0,0.0,0.984579,1.015421,1.0,5.945e-05,0.00771,16,1.0,2.0,112.0,33.8611,33,3696,0.9746,109.1518,0.5,0.5
flow_9095,0x10002387,12,ICMP,48,correlator,112.0,112.0,112.0,0.1273,0.3569,112.0,112.0,112.0,0.0,0.983487,1.016513,1.0,6.817e-05,0.008256,18,1.0,2.0,112.0,36.1774,36,4032,0.9951,111.4507,0.5,0.5
flow_9107,0x10002393,12,ICMP,48,correlator,104.0,104.0,104.0,0.0986,0.3141,104.0,104.0,104.0,0.0,0.492154,0.507846,0.5,1.539e-05,0.003923,10,1.0,2.0,104.0,10.6004,21,2184,1.9811,206.0309,0.5,0.5
flow_9119,0x1000239f,12,ICMP,48,correlator,96.0,96.0,96.0,0.0943,0.307,96.0,96.0,96.0,0.0,0.98853,1.01147,1.0,3.289e-05,0.005735,19,1.0,2.0,96.0,38.6445,38,3648,0.9833,94.3991,0.5,0.5
flow_9131,0x100023ab,12,ICMP,48,correlator,112.0,112.0,112.0,0.0345,0.1858,112.0,112.0,112.0,0.0,0.491324,0.508676,0.5,1.882e-05,0.004338,35,1.0,2.0,112.0,35.279,70,7840,1.9842,222.2285,0.5,0.5
flow_9143,0x100023b7,12,ICMP,48,correlator,96.0,96.0,96.0,0.6238,0.7898,96.0,96.0,96.0,0.0,0.991492,1.008508,1.0,1.81e-05,0.004254,11,1.0,2.0,96.0,23.3998,23,2208,0.9829,94.3597,0.5,0.5
flow_9155,0x100023c3,12,ICMP,48,correlator,112.0,112.0,112.0,0.6328,0.7955,112.0,112.0,112.0,0.0,0.992246,1.007754,1.0,1.503e-05,0.003877,17,1.0,2.0,112.0,35.4074,35,3920,0.9885,110.7113,0.5,0.5
flow_9167,0x100023cf,12,ICMP,48,correlator,112.0,112.0,112.0,0.4998,0.707,112.0,112.0,112.0,0.0,0.990979,1.009021,1.0,2.035e-05,0.004511,14,1.0,2.0,112.0,28.4339,28,3136,0.9847,110.2908,0.5,0.5
flow_9179,0x100023db,12,ICMP,48,correlator,104.0,104.0,104.0,0.1439,0.3793,104.0,104.0,104.0,0.0,0.49263,0.50737,0.5,1.358e-05,0.003685,30,1.0,2.0,104.0,30.1371,60,6240,1.9909,207.0541,0.5,0.5
flow_9191,0x100023e7,12,ICMP,48,correlator,96.0,96.0,96.0,0.4482,0.6695,96.0,96.0,96.0,0.0,0.989625,1.010375,1.0,2.691e-05,0.005188,18,1.0,2.0,96.0,37.5815,37,3552,0.9845,94.5146,0.5,0.5
flow_9203,0x100023f3,12,ICMP,48,correlator,104.0,104.0,104.0,0.5038,0.7098,104.0,104.0,104.0,0.0,0.481252,0.518748,0.5,8.787e-05,0.009374,39,1.0,2.0,104.0,39.1918,78,8112,1.9902,206.9822,0.5,0.5
flow_9215,0x100023ff,12,ICMP,48,correlator,104.0,104.0,104.0,0.0747,0.2733,104.0,104.0,104.0,0.0,0.482868,0.517132,0.5,7.337e-05,0.008566,20,1.0,2.0,104.0,20.4439,40,4160,1.9566,203.4841,0.5,0.5
flow_9227,0x1000240b,12,ICMP,48,correlator,96.0,96.0,96.0,0.0853,0.2921,96.0,96.0,96.0,0.0,0.975612,1.024388,1.0,0.00014869,0.012194,16,1.0,2.0,96.0,33.9741,33,3168,0.9713,93.2475,0.5,0.5
flow_9239,0x10002417,12,ICMP,48,correlator,96.0,96.0,96.0,0.1789,0.4229,96.0,96.0,96.0,0.0,0.986505,1.013495,1.0,4.553e-05,0.006747,18,1.0,2.0,96.0,36.0056,36,3456,0.9998,95.9849,0.5,0.5
flow_9251,0x10002423,12,ICMP,48,correlator,112.0,112.0,112.0,0.3224,0.5678,112.0,112.0,112.0,0.0,0.975637,1.024363,1.0,0.00014839,0.012182,10,1.0,2.0,112.0,21.7355,21,2352,0.9662,108.2101,0.5,0.5
flow_9263,0x1000242f,12,ICMP,48,correlator,96.0,96.0,96.0,0.3464,0.5886,96.0,96.0,96.0,0.0,0.984761,1.015239,1.0,5.806e-05,0.007619,10,1.0,2.0,96.0,21.5387,21,2016,0.975,93.5989,0.5,0.5
flow_9275,0x1000243b,12,ICMP,48,correlator,104.0,104.0,104.0,0.0607,0.2463,104.0,104.0,104.0,0.0,0.474589,0.525411,0.5,0.00016143,0.012705,37,1.0,2.0,104.0,37.9983,75,7800,1.9738,205.2723,0.5,0.5
flow_9287,0x10002447,12,ICMP,48,correlator,96.0,96.0,96.0,0.5148,0.7175,96.0,96.0,96.0,0.0,0.9879,1.0121,1.0,3.66e-05,0.00605,10,1.0,2.0,96.0,20.231,20,1920,0.9886,94.9038,0.5,0.5
flow_9299,0x10002453,12,ICMP,48,correlator,96.0,96.0,96.0,0.1835,0.4284,96.0,96.0,96.0,0.0,0.493547,0.506453,0.5,1.041e-05,0.003226,33,1.0,2.0,96.0,33.6135,67,6432,1.9932,191.3514,0.5,0.5
flow_9311,0x1000245f,12,ICMP,48,correlator,112.0,112.0,112.0,0.0729,0.27,112.0,112.0,112.0,0.0,0.977678,1.022322,1.0,0.00012457,0.011161,10,1.0,2.0,112.0,20.6326,20,2240,0.9693,108.566,0.5,0.5
flow_9323,0x1000246b,12,ICMP,48,correlator,96.0,96.0,96.0,0.0171,0.1307,96.0,96.0,96.0,0.0,0.484153,0.515847,0.5,6.278e-05,0.007924,37,1.0,2.0,96.0,37.501,75,7200,1.9999,191.995,0.5,0.5
flow_9335,0x10002477,12,ICMP,48,correlator,96.0,96.0,96.0,0.6264,0.7915,96.0,96.0,96.0,0.0,0.484721,0.515279,0.5,5.836e-05,0.00764,38,1.0,2.0,96.0,38.8232,77,7392,1.9834,190.4016,0.5,0.5
flow_9347,0x10002483,12,ICMP,48,correlator,112.0,112.0,112.0,0.0843,0.2904,112.0,112.0,112.0,0.0,0.47662,0.52338,0.5,0.00013666,0.01169,15,1.0,2.0,112.0,15.3341,30,3360,1.9564,219.1197,0.5,0.5
flow_9359,0x1000248f,12,ICMP,48,correlator,104.0,104.0,104.0,0.0272,0.1651,104.0,104.0,104.0,0.0,0.486647,0.513353,0.5,4.458e-05,0.006677,37,1.0,2.0,104.0,37.8136,75,7800,1.9834,206.2748,0.5,0.5
flow_9371,0x1000249b,12,ICMP,48,correlator,96.0,96.0,96.0,0.1102,0.332,96.0,96.0,96.0,0.0,0.978414,1.021586,1.0,0.00011649,0.010793,19,1.0,2.0,96.0,39.8108,39,3744,0.9796,94.0449,0.5,0.5
flow_9383,0x100024a7,12,ICMP,48,correlator,112.0,112.0,112.0,0.0453,0.2128,112.0,112.0,112.0,0.0,0.977531,1.022469,1.0,0.00012621,0.011235,18,1.0,2.0,112.0,36.3795,36,4032,0.9896,110.8317,0.5,0.5
flow_9395,0x100024b3,12,ICMP,48,correlator,104.0,104.0,104.0,0.1142,0.3379,104.0,104.0,104.0,0.0,0.977418,1.022582,1.0,0.00012749,0.011291,18,1.0,2.0,104.0,37.4465,37,3848,0.9881,102.7598,0.5,0.5
flow_9407,0x100024bf,12,ICMP,48,correlator,112.0,112.0,112.0,0.1797,0.424,112.0,112.0,112.0,0.0,0.992512,1.007488,1.0,1.402e-05,0.003744,12,1.0,2.0,112.0,25.2269,25,2800,0.991,110.9925,0.5,0.5
flow_9419,0x100024cb,12,ICMP,48,correlator,104.0,104.0,104.0,0.0193,0.1388,104.0,104.0,104.0,0.0,0.975848,1.024152,1.0,0.00014584,0.012076,17,1.0,2.0,104.0,35.9461,35,3640,0.9737,101.2627,0.5,0.5
flow_9431,0x100024d7,12,ICMP,48,correlator,104.0,104.0,104.0,0.0241,0.1553,104.0,104.0,104.0,0.0,0.988819,1.011181,1.0,3.125e-05,0.005591,18,1.0,2.0,104.0,37.9829,37,3848,0.9741,101.3087,0.5,0.5
flow_9443,0x100024e3,12,ICMP,48,correlator,112.0,112.0,112.0,0.1618,0.4022,112.0,112.0,112.0,0.0,0.490662,0.509338,0.5,2.18e-05,0.004669,29,1.0,2.0,112.0,29.9885,59,6608,1.9674,220.3508,0.5,0.5
flow_9455,0x100024ef,12,ICMP,48,correlator,112.0,112.0,112.0,0.6015,0.7756,112.0,112.0,112.0,0.0,0.977855,1.022145,1.0,0.0001226,0.011072,18,1.0,2.0,112.0,36.672,36,4032,0.9817,109.9477,0.5,0.5
flow_9467,0x100024fb,12,ICMP,48,correlator,104.0,104.0,104.0,0.6029,0.7765,104.0,104.0,104.0,0.0,0.978165,1.021835,1.0,0.00011919,0.010918,11,1.0,2.0,104.0,22.432,22,2288,0.9807,101.9972,0.5,0.5
flow_9479,0x10002507,12,ICMP,48,correlator,112.0,112.0,112.0,0.3438,0.5864,112.0,112.0,112.0,0.0,0.486577,0.513423,0.5,4.504e-05,0.006711,28,1.0,2.0,112.0,28.9054,57,6384,1.972,220.8585,0.5,0.5
flow_9491,0x10002513,12,ICMP,48,correlator,96.0,96.0,96.0,0.1041,0.3227,96.0,96.0,96.0,0.0,0.983083,1.016917,1.0,7.155e-05,0.008459,18,1.0,2.0,96.0,37.8081,37,3552,0.9786,93.948,0.5,0.5
flow_9503,0x1000251f,12,ICMP,48,correlator,104.0,104.0,104.0,0.0407,0.2017,104.0,104.0,104.0,0.0,0.983055,1.016945,1.0,7.178e-05,0.008472,17,1.0,2.0,104.0,34.3169,34,3536,0.9908,103.0397,0.5,0.5
flow_9515,0x1000252b,12,ICMP,48,correlator,112.0,112.0,112.0,0.0469,0.2165,112.0,112.0,112.0,0.0,0.988614,1.011386,1.0,3.241e-05,0.005693,7,1.0,2.0,112.0,15.6754,15,1680,0.9569,107.1745,0.5,0.5
flow_9527,0x10002537,12,ICMP,48,correlator,112.0,112.0,112.0,0.4717,0.6868,112.0,112.0,112.0,0.0,0.978897,1.021103,1.0,0.00011133,0.010551,19,1.0,2.0,112.0,38.7167,38,4256,0.9815,109.9268,0.5,0.5
flow_9539,0x10002543,12,ICMP,48,correlator,96.0,96.0,96.0,0.5696,0.7547,96.0,96.0,96.0,0.0,0.492728,0.507272,0.5,1.322e-05,0.003636,17,1.0,2.0,96.0,17.4892,34,3264,1.9441,186.6289,0.5,0.5
flow_9551,0x1000254f,12,ICMP,48,correlator,112.0,112.0,112.0,0.4905,0.7004,112.0,112.0,112.0,0.0,0.48689,0.51311,0.5,4.297e-05,0.006555,33,1.0,2.0,112.0,33.7416,67,7504,1.9857,222.3963,0.5,0.5
flow_9563,0x1000255b,12,ICMP,48,correlator,104.0,104.0,104.0,0.0171,0.1309,104.0,104.0,104.0,0.0,0.488766,0.511234,0.5,3.155e-05,0.005617,17,1.0,2.0,104.0,17.2275,34,3536,1.9736,205.2535,0.5,0.5
flow_9575,0x10002567,12,ICMP,48,correlator,96.0,96.0,96.0,0.5301,0.7281,96.0,96.0,96.0,0.0,0.494698,0.505302,0.5,7.03e-06,0.002651,10,1.0,2.0,96.0,10.64,21,2016,1.9737,189.4744,0.5,0.5
flow_9587,0x10002573,12,ICMP,48,correlator,96.0,96.0,96.0,0.0795,0.282,96.0,96.0,96.0,0.0,0.488744,0.511256,0.5,3.167e-05,0.005628,18,1.0,2.0,96.0,18.9571,37,3552,1.9518,187.3708,0.5,0.5
flow_9599,0x1000257f,12,ICMP,48,correlator,112.0,112.0,112.0,0.0412,0.2029,112.0,112.0,112.0,0.0,0.489852,0.510148,0.5,2.574e-05,0.005074,35,1.0,2.0,112.0,35.4526,70,7840,1.9745,221.1405,0.5,0.5
flow_9611,0x1000258b,12,ICMP,48,correlator,112.0,112.0,112.0,0.23,0.4796,112.0,112.0,112.0,0.0,0.991809,1.008191,1.0,1.677e-05,0.004095,13,1.0,2.0,112.0,26.8209,26,2912,0.9694,108.5721,0.5,0.5
flow_9623,0x10002597,12,ICMP,48,correlator,112.0,112.0,112.0,0.4878,0.6984,112.0,112.0,112.0,0.0,0.995081,1.004919,1.0,6.05e-06,0.002459,14,1.0,2.0,112.0,29.0863,29,3248,0.997,111.6678,0.5,0.5
flow_9635,0x100025a3,12,ICMP,48,correlator,104.0,104.0,104.0,0.0312,0.1768,104.0,104.0,104.0,0.0,0.994049,1.005951,1.0,8.85e-06,0.002975,10,1.0,2.0,104.0,20.9822,20,2080,0.9532,99.1317,0.5,0.5
flow_9647,0x100025af,12,ICMP,48,correlator,112.0,112.0,112.0,0.0742,0.2723,112.0,112.0,112.0,0.0,0.990115,1.009885,1.0,2.443e-05,0.004942,5,1.0,2.0,112.0,10.6097,10,1120,0.9425,105.5641,0.5,0.5
flow_9659,0x100025bb,12,ICMP,48,correlator,112.0,112.0,112.0,0.0667,0.2582,112.0,112.0,112.0,0.0,0.978615,1.021385,1.0,0.00011433,0.010692,6,1.0,2.0,112.0,12.7888,12,1344,0.9383,105.0922,0.5,0.5
flow_9671,0x100025c7,12,ICMP,48,correlator,96.0,96.0,96.0,0.0915,0.3024,96.0,96.0,96.0,0.0,0.98319,1.01681,1.0,7.065e-05,0.008405,15,1.0,2.0,96.0,31.3373,31,2976,0.9892,94.9667,0.5,0.5
flow_9683,0x100025d3,12,ICMP,48,correlator,96.0,96.0,96.0,0.0181,0.1344,96.0,96.0,96.0,0.0,0.97932,1.02068,1.0,0.00010692,0.01034,19,1.0,2.0,96.0,39.1184,39,3744,0.997,95.7095,0.5,0.5
flow_9695,0x100025df,12,ICMP,48,correlator,96.0,96.0,96.0,0.0336,0.1833,96.0,96.0,96.0,0.0,0.978823,1.021177,1.0,0.00011212,0.010589,19,1.0,2.0,96.0,38.1897,38,3648,0.995,95.5232,0.5,0.5
flow_9707,0x100025eb,12,ICMP,48,correlator,112.0,112.0,112.0,0.2464,0.4964,112.0,112.0,112.0,0.0,0.986095,1.013905,1.0,4.834e-05,0.006953,17,1.0,2.0,112.0,34.3651,34,3808,0.9894,110.81,0.5,0.5
flow_9719,0x100025f7,12,ICMP,48,correlator,104.0,104.0,104.0,0.5903,0.7683,104.0,104.0,104.0,0.0,0.986371,1.013629,1.0,4.644e-05,0.006814,15,1.0,2.0,104.0,31.9872,31,3224,0.9691,100.7904,0.5,0.5
flow_9731,0x10002603,12,ICMP,48,correlator,104.0,104.0,104.0,0.4216,0.6493,104.0,104.0,104.0,0.0,0.978662,1.021338,1.0,0.00011383,0.010669,6,1.0,2.0,104.0,12.7559,12,1248,0.9407,97.8368,0.5,0.5
flow_9743,0x1000260f,12,ICMP,48,correlator,112.0,112.0,112.0,0.0867,0.2945,112.0,112.0,112.0,0.0,0.984928,1.015072,1.0,5.679e-05,0.007536,16,1.0,2.0,112.0,32.3557,32,3584,0.989,110.7687,0.5,0.5
flow_9755,0x1000261b,12,ICMP,48,correlator,112.0,112.0,112.0,0.5862,0.7656,112.0,112.0,112.0,0.0,0.976391,1.023609,1.0,0.00013934,0.011804,19,1.0,2.0,112.0,39.0724,39,4368,0.9981,111.7924,0.5,0.5
flow_9767,0x10002627,12,ICMP,48,correlator,112.0,112.0,112.0,0.0592,0.2433,112.0,112.0,112.0,0.0,0.493772,0.506228,0.5,9.7e-06,0.003114,10,1.0,2.0,112.0,10.003,20,2240,1.9994,223.9324,0.5,0.5
flow_9779,0x10002633,12,ICMP,48,correlator,104.0,104.0,104.0,0.1952,0.4418,104.0,104.0,104.0,0.0,0.492255,0.507745,0.5,1.5e-05,0.003872,12,1.0,2.0,104.0,12.3119,24,2496,1.9493,202.7314,0.5,0.5
flow_9791,0x1000263f,12,ICMP,48,correlator,96.0,96.0,96.0,0.2863,0.5351,96.0,96.0,96.0,0.0,0.984724,1.015276,1.0,5.834e-05,0.007638,11,1.0,2.0,96.0,22.1922,22,2112,0.9913,95.1685,0.5,0.5
flow_9803,0x1000264b,12,ICMP,48,correlator,112.0,112.0,112.0,0.0819,0.2862,112.0,112.0,112.0,0.0,0.975245,1.024755,1.0,0.0001532,0.012377,7,1.0,2.0,112.0,15.1048,15,1680,0.9931,111.2233,0.5,0.5
flow_9815,0x10002657,12,ICMP,48,correlator,104.0,104.0,104.0,0.5137,0.7167,104.0,104.0,104.0,0.0,0.486955,0.513045,0.5,4.254e-05,0.006522,23,1.0,2.0,104.0,23.0231,46,4784,1.998,207.7912,0.5,0.5
flow_9827,0x10002663,12,ICMP,48,correlator,104.0,104.0,104.0,0.2615,0.5113,104.0,104.0,104.0,0.0,0.487961,0.512039,0.5,3.623e-05,0.006019,11,1.0,2.0,104.0,11.0989,22,2288,1.9822,206.1466,0.5,0.5
flow_9839,0x1000266f,12,ICMP,48,correlator,96.0,96.0,96.0,0.0172,0.131,96.0,96.0,96.0,0.0,0.481758,0.518242,0.5,8.319e-05,0.009121,18,1.0,2.0,96.0,18.9892,37,3552,1.9485,187.0536,0.5,0.5
flow_9851,0x1000267b,12,ICMP,48,correlator,112.0,112.0,112.0,0.1106,0.3326,112.0,112.0,112.0,0.0,0.993135,1.006865,1.0,1.178e-05,0.003432,5,1.0,2.0,112.0,10.5789,10,1120,0.9453,105.8714,0.5,0.5
flow_9863,0x10002687,12,ICMP,48,correlator,104.0,104.0,104.0,0.0127,0.1125,104.0,104.0,104.0,0.0,0.977669,1.022331,1.0,0.00012467,0.011165,18,1.0,2.0,104.0,37.0036,37,3848,0.9999,103.9899,0.5,0.5
flow_9875,0x10002693,12,ICMP,48,correlator,104.0,104.0,104.0,0.3836,0.6194,104.0,104.0,104.0,0.0,0.477264,0.522736,0.5,0.00012923,0.011368,20,1.0,2.0,104.0,20.3625,40,4160,1.9644,204.2967,0.5,0.5
flow_9887,0x1000269f,12,ICMP,48,correlator,104.0,104.0,104.0,0.0459,0.2142,104.0,104.0,104.0,0.0,0.991901,1.008099,1.0,1.64e-05,0.00405,17,1.0,2.0,104.0,35.7777,35,3640,0.9783,101.7394,0.5,0.5
flow_9899,0x100026ab,12,ICMP,48,correlator,104.0,104.0,104.0,0.2411,0.4911,104.0,104.0,104.0,0.0,0.9902,1.0098,1.0,2.401e-05,0.0049,10,1.0,2.0,104.0,20.1386,20,2080,0.9931,103.284,0.5,0.5
flow_9911,0x100026b7,12,ICMP,48,correlator,112.0,112.0,112.0,0.1701,0.4125,112.0,112.0,112.0,0.0,0.990979,1.009021,1.0,2.035e-05,0.004511,18,1.0,2.0,112.0,37.1464,37,4144,0.9961,111.5586,0.5,0.5
flow_9923,0x100026c3,12,ICMP,48,correlator,104.0,104.0,104.0,0.1554,0.3941,104.0,104.0,104.0,0.0,0.993458,1.006542,1.0,1.07e-05,0.003271,8,1.0,2.0,104.0,17.6896,17,1768,0.961,99.9455,0.5,0.5
flow_9935,0x100026cf,12,ICMP,48,correlator,112.0,112.0,112.0,0.1193,0.3455,112.0,112.0,112.0,0.0,0.47789,0.52211,0.5,0.00012221,0.011055,23,1.0,2.0,112.0,23.4764,46,5152,1.9594,219.4547,0.5,0.5
flow_9947,0x100026db,12,ICMP,48,correlator,104.0,104.0,104.0,0.0155,0.1243,104.0,104.0,104.0,0.0,0.480729,0.519271,0.5,9.284e-05,0.009636,11,1.0,2.0,104.0,11.8111,23,2392,1.9473,202.522,0.5,0.5
flow_9959,0x100026e7,12,ICMP,48,correlator,96.0,96.0,96.0,0.3379,0.5813,96.0,96.0,96.0,0.0,0.491388,0.508612,0.5,1.854e-05,0.004306,36,1.0,2.0,96.0,36.5119,73,7008,1.9994,191.9376,0.5,0.5
flow_9971,0x100026f3,12,ICMP,48,correlator,96.0,96.0,96.0,0.4533,0.6733,96.0,96.0,96.0,0.0,0.476511,0.523489,0.5,0.00013793,0.011745,11,1.0,2.0,96.0,11.83,23,2208,1.9442,186.6447,0.5,0.5
flow_9983,0x100026ff,12,ICMP,48,correlator,96.0,96.0,96.0,0.3851,0.6206,96.0,96.0,96.0,0.0,0.989207,1.010793,1.0,2.912e-05,0.005396,16,1.0,2.0,96.0,32.1453,32,3072,0.9955,95.566,0.5,0.5
flow_9995,0x1000270b,12,ICMP,48,correlator,96.0,96.0,96.0,0.1901,0.436,96.0,96.0,96.0,0.0,0.49436,0.50564,0.5,7.95e-06,0.00282,30,1.0,2.0,96.0,30.4984,60,5760,1.9673,188.8624,0.5,0.5
