flow_id,spi,scenario_id,traffic_type,dscp_label,label_source,pkt_len_min,pkt_len_max,pkt_len_mean,pkt_len_var,pkt_len_std,pkt_len_median,pkt_len_q25,pkt_len_q75,pkt_len_iqr,iat_min,iat_max,iat_mean,iat_var,iat_std,burst_count,burst_len_mean,burst_len_max,burst_bytes_mean,flow_duration_s,total_packets,total_bytes,packet_rate_pps,byte_rate_bps,forward_packet_ratio,forward_byte_ratio
flow_0006,0x10000006,07,VoIP,46,auto,84.2488,114.169,96.1539,42.5251,6.5211,94.4666,91.5891,100.7187,9.1296,0.022411,0.03954,0.029263,1.174e-05,0.003426,105,4.0991,6.3293,394.1465,43.5902,1489,143173,34.159,3284.5216,0.5282,0.5393
flow_0018,0x10000012,07,VoIP,46,auto,83.2508,114.886,94.8408,56.2503,7.5,94.1192,89.5907,100.0908,10.5,0.019767,0.043175,0.02913,2.192e-05,0.004682,69,3.7137,7.0813,352.2099,16.7596,575,54533,34.3088,3253.8443,0.473,0.4679
flow_0030,0x1000001e,07,VoIP,46,auto,74.6882,109.1739,89.5883,50.9271,7.1363,89.3991,84.5929,94.5838,9.9909,0.013626,0.031354,0.020717,1.257e-05,0.003546,238,3.7341,8.4989,334.5275,43.0029,2075,185895,48.2526,4322.8475,0.509,0.5266
flow_0042,0x1000002a,07,VoIP,46,auto,109.2417,192.2027,144.3713,371.8977,19.2846,143.5647,130.872,157.8705,26.9985,0.00985,0.03827,0.021218,3.231e-05,0.005684,56,3.8657,9.2906,558.0951,9.8117,462,66699,47.0868,6797.9342,0.4703,0.4709
flow_0054,0x10000036,07,VoIP,46,auto,93.0307,127.7946,107.4326,42.0834,6.4872,107.2815,102.8915,111.9736,9.082,0.007756,0.036246,0.019152,3.247e-05,0.005698,82,4.5087,5.0908,484.385,18.9059,987,106035,52.2058,5608.5541,0.5057,0.495
flow_0066,0x10000042,07,VoIP,46,auto,171.7496,213.1743,193.1397,194.5174,13.9469,192.8839,183.3768,202.9026,19.5257,0.020335,0.042463,0.029186,1.959e-05,0.004426,59,3.8968,6.9646,752.6361,12.7741,437,84402,34.2098,6607.2694,0.5253,0.5181
flow_0078,0x1000004e,07,VoIP,46,auto,182.8612,228.0265,202.508,60.117,7.7535,201.9648,197.0805,207.9354,10.8549,0.021398,0.046039,0.031254,2.429e-05,0.004928,47,2.526,9.1155,511.5432,11.1813,357,72295,31.9282,6465.679,0.4939,0.5135
flow_0090,0x1000005a,07,VoIP,46,auto,123.1951,192.6318,158.547,324.7193,18.02,158.5248,145.9331,171.161,25.228,0.025036,0.039587,0.030856,8.47e-06,0.00291,75,2.643,5.6981,419.0365,25.0839,812,128740,32.3714,5132.3745,0.4813,0.4751
flow_0102,0x10000066,07,VoIP,46,auto,179.289,229.1633,202.4397,157.8656,12.5645,201.8151,193.6446,211.2348,17.5902,0.021295,0.043264,0.030082,1.93e-05,0.004394,88,2.7228,8.7589,551.1991,25.2969,840,170049,33.2056,6722.1206,0.4888,0.4797
flow_0114,0x10000072,07,VoIP,46,auto,176.6061,230.6348,198.1909,38.3855,6.1956,196.6902,193.854,202.5278,8.6738,0.008967,0.039389,0.021136,3.702e-05,0.006084,191,3.0448,9.3255,603.4571,26.3374,1246,246945,47.3092,9376.2146,0.4719,0.4677
flow_0126,0x1000007e,07,VoIP,46,auto,172.6015,209.075,188.2509,113.5038,10.6538,188.0823,180.7933,195.7086,14.9153,0.024384,0.042289,0.031546,1.282e-05,0.003581,96,3.3286,5.359,626.6035,30.443,965,181662,31.6986,5967.2921,0.5182,0.5339
flow_0138,0x1000008a,07,VoIP,46,auto,117.9383,178.2361,147.4593,216.1503,14.7021,148.1962,137.1679,157.7508,20.5829,0.02198,0.04463,0.03104,2.052e-05,0.00453,126,3.0657,6.7443,452.0592,32.9681,1062,156601,32.213,4750.0806,0.513,0.5117
flow_0150,0x10000096,07,VoIP,46,auto,188.223,230.2467,203.8102,134.2481,11.5865,204.7898,195.6996,211.9208,16.2212,0.021801,0.043236,0.030375,1.838e-05,0.004287,132,4.2546,7.5384,867.1224,28.7943,947,193008,32.8884,6702.9841,0.5134,0.5282
flow_0162,0x100000a2,07,VoIP,46,auto,180.5591,231.2722,199.9303,195.4778,13.9813,200.6363,190.1434,209.7173,19.5739,0.016625,0.04908,0.029607,4.213e-05,0.006491,78,2.1472,7.0214,429.2949,25.8109,871,174139,33.7454,6746.726,0.505,0.5084
flow_0174,0x100000ae,07,VoIP,46,auto,182.5959,239.3588,205.8266,169.5156,13.0198,207.1547,196.7127,214.9405,18.2277,0.007055,0.038631,0.019685,3.988e-05,0.006315,150,3.6811,6.713,757.6727,29.1349,1480,304623,50.7982,10455.6091,0.4873,0.477
flow_0186,0x100000ba,07,VoIP,46,auto,80.4348,116.5362,93.8322,63.8867,7.9929,95.2243,88.2372,99.4273,11.1901,0.017806,0.04625,0.029184,3.236e-05,0.005689,51,2.9863,8.6551,280.2149,12.4039,425,39878,34.2634,3214.9583,0.481,0.4677
flow_0198,0x100000c6,07,VoIP,46,auto,179.1387,234.4265,201.3,119.0029,10.9088,201.6574,193.6638,208.9362,15.2724,0.01667,0.048242,0.029299,3.987e-05,0.006314,43,2.1821,7.7444,439.2611,10.4551,356,71662,34.0505,6854.2928,0.4796,0.484
flow_0210,0x100000d2,07,VoIP,46,auto,157.5471,206.3889,181.7074,192.0399,13.8578,180.802,172.0069,191.4079,19.401,0.008694,0.035528,0.019428,2.88e-05,0.005367,127,2.2886,5.9428,415.8506,30.2298,1556,282736,51.4724,9352.8961,0.4746,0.4788
flow_0222,0x100000de,07,VoIP,46,auto,95.6165,127.2859,107.0782,28.7356,5.3606,106.5877,103.3258,110.8306,7.5048,0.021699,0.041134,0.029473,1.511e-05,0.003887,74,4.3866,7.9481,469.7065,26.6108,902,96584,33.896,3629.5005,0.5164,0.5121
flow_0234,0x100000ea,07,VoIP,46,auto,113.7366,196.0212,146.8868,264.0718,16.2503,148.8118,135.5116,158.262,22.7504,0.018147,0.046101,0.029329,3.126e-05,0.005591,92,2.3258,5.7676,341.6235,26.7207,911,133813,34.0934,5007.8435,0.5203,0.5196
flow_0246,0x100000f6,07,VoIP,46,auto,81.3339,113.1913,95.7507,39.6424,6.2962,96.9423,91.3433,100.158,8.8147,0.01268,0.028936,0.019182,1.057e-05,0.003251,87,3.3171,8.671,317.615,20.2572,1056,101112,52.1295,4991.4003,0.5221,0.5324
flow_0258,0x10000102,07,VoIP,46,auto,170.3828,226.2766,192.5576,136.9623,11.7031,191.0804,184.3654,200.7497,16.3843,0.011462,0.037615,0.021923,2.736e-05,0.005231,148,4.7868,6.2739,921.7327,44.515,2030,390891,45.6026,8781.1052,0.4785,0.4851
flow_0270,0x1000010e,07,VoIP,46,auto,179.3341,234.5572,204.0023,53.1792,7.2924,202.9676,198.8977,209.107,10.2094,0.005144,0.040676,0.019356,5.05e-05,0.007106,77,4.7303,5.905,964.986,18.4087,951,194006,51.6605,10538.8434,0.4936,0.4995
flow_0282,0x1000011a,07,VoIP,46,auto,87.4676,124.6639,101.3827,34.8707,5.9051,101.477,97.2491,105.5163,8.2672,0.019997,0.04789,0.031154,3.112e-05,0.005579,205,2.5873,9.001,262.3089,39.6161,1271,128857,32.0829,3252.6406,0.4904,0.4764
flow_0294,0x10000126,07,VoIP,46,auto,177.2703,218.0245,195.3198,119.0009,10.9088,198.3436,187.6837,202.9559,15.2723,0.01331,0.031976,0.020777,1.394e-05,0.003733,98,2.7106,5.1492,529.4303,14.9096,717,140044,48.0898,9392.8681,0.4885,0.5046
flow_0306,0x10000132,07,VoIP,46,auto,121.5488,208.9704,155.895,476.9455,21.8391,156.1355,140.6077,171.1824,30.5747,0.013082,0.033127,0.0211,1.607e-05,0.004009,236,2.3191,9.8663,361.5427,39.7149,1882,293394,47.3878,7387.5104,0.5218,0.514
flow_0318,0x1000013e,07,VoIP,46,auto,136.5904,221.1609,166.2197,440.8162,20.9956,167.524,151.5227,180.9166,29.3939,0.011651,0.037275,0.021901,2.626e-05,0.005125,70,2.4105,8.4228,400.6717,19.7992,904,150262,45.6583,7589.2792,0.4995,0.4801
flow_0330,0x1000014a,07,VoIP,46,auto,184.8517,223.8253,201.4392,97.8293,9.8909,199.9031,194.5156,208.3628,13.8472,0.012946,0.029849,0.019707,1.143e-05,0.003381,124,2.0935,8.1062,421.7064,21.7066,1101,221784,50.7218,10217.3368,0.5076,0.4904
flow_0342,0x10000156,07,VoIP,46,auto,139.3886,217.7848,173.7109,191.2035,13.8276,174.8044,164.0315,183.3902,19.3587,0.010119,0.034805,0.019994,2.437e-05,0.004937,198,4.6829,6.384,813.465,41.1484,2058,357496,50.0141,8687.9621,0.5095,0.493
flow_0354,0x10000162,07,VoIP,46,auto,173.9795,219.3571,189.8443,166.6836,12.9106,189.2443,180.8069,198.8817,18.0748,0.008614,0.035668,0.019436,2.928e-05,0.005411,109,3.3133,6.719,629.0121,30.2842,1558,295777,51.446,9766.7198,0.516,0.5257
flow_0366,0x1000016e,07,VoIP,46,auto,170.935,215.2494,187.647,47.6339,6.9017,187.6339,182.8158,192.4782,9.6624,0.012781,0.034891,0.021625,1.955e-05,0.004422,68,4.3579,7.9574,817.7471,14.2342,658,123471,46.2266,8674.2307,0.4761,0.4776
flow_0378,0x1000017a,07,VoIP,46,auto,167.4257,216.6967,191.1015,54.5599,7.3865,190.0964,185.931,196.272,10.3411,0.021795,0.042961,0.030262,1.792e-05,0.004233,44,4.308,9.4602,823.2633,10.584,349,66694,32.9742,6301.3817,0.5027,0.487
flow_0390,0x10000186,07,VoIP,46,auto,78.3031,106.618,91.3113,43.3497,6.584,89.6008,86.7024,95.9201,9.2177,0.02129,0.045613,0.031019,2.366e-05,0.004865,99,2.3849,5.9757,217.7675,38.5717,1243,113499,32.2257,2942.5438,0.5082,0.4998
flow_0402,0x10000192,07,VoIP,46,auto,125.2349,187.1746,157.0347,374.4626,19.351,156.8725,143.4889,170.5804,27.0915,0.012775,0.031283,0.020178,1.37e-05,0.003702,84,3.2955,7.7252,517.5146,17.848,884,138818,49.5294,7777.7958,0.5209,0.51
flow_0414,0x1000019e,07,VoIP,46,auto,77.5742,106.8588,90.3995,36.4695,6.039,87.8068,86.1722,94.6268,8.4546,0.011217,0.034316,0.020457,2.134e-05,0.00462,122,4.7238,7.4497,427.029,24.7331,1209,109292,48.8818,4418.8534,0.5191,0.5081
flow_0426,0x100001aa,07,VoIP,46,auto,123.2711,191.4231,148.3073,152.1813,12.3362,149.8585,139.672,156.9426,17.2707,0.011274,0.037805,0.021887,2.815e-05,0.005306,184,2.054,8.7928,304.6262,32.0166,1462,216825,45.6638,6772.2704,0.496,0.5139
flow_0438,0x100001b6,07,VoIP,46,auto,142.3026,211.9487,169.9733,171.2868,13.0877,169.9373,160.8119,179.1346,18.3227,0.017977,0.052785,0.0319,4.846e-05,0.006961,102,4.0789,7.174,693.3084,27.0068,846,143797,31.3254,5324.4642,0.5182,0.5382
flow_0450,0x100001c2,07,VoIP,46,auto,185.5172,232.0548,207.2961,124.1688,11.1431,206.2881,199.4959,215.0963,15.6003,0.020609,0.045155,0.030427,2.41e-05,0.004909,80,3.749,7.3234,777.1459,22.5007,739,153191,32.8435,6808.2898,0.5286,0.5293
flow_0462,0x100001ce,07,VoIP,46,auto,127.9934,201.5078,161.9421,371.9786,19.2867,160.7743,148.4414,175.4428,27.0014,0.008525,0.040069,0.021143,3.98e-05,0.006309,170,4.9012,5.596,793.7132,40.9432,1936,313519,47.285,7657.4046,0.5079,0.5166
flow_0474,0x100001da,07,VoIP,46,auto,94.546,126.7966,108.8882,63.8565,7.991,109.655,103.2945,114.4819,11.1874,0.008624,0.038005,0.020377,3.453e-05,0.005876,93,3.9968,5.6523,435.2002,19.2701,945,102899,49.0398,5339.8367,0.4953,0.4877
flow_0486,0x100001e6,07,VoIP,46,auto,143.0049,218.4448,175.1618,238.0654,15.4294,174.3909,164.3612,185.9623,21.6011,0.022948,0.043982,0.031361,1.77e-05,0.004207,75,2.8401,7.0125,497.4809,22.5991,720,126116,31.8597,5580.5786,0.5071,0.4995
flow_0498,0x100001f2,07,VoIP,46,auto,173.8156,220.9077,196.5038,151.8639,12.3233,196.3852,187.8775,205.1301,17.2526,0.020241,0.042286,0.029059,1.944e-05,0.004409,20,4.9999,8.8112,982.5055,8.8012,302,59344,34.3137,6742.7503,0.4765,0.4924
flow_0510,0x100001fe,07,VoIP,46,auto,175.2701,221.8024,199.6221,92.2942,9.607,199.0482,192.8972,206.347,13.4498,0.019327,0.046268,0.030104,2.903e-05,0.005388,59,2.5216,9.6767,503.3706,26.933,894,178462,33.1935,6626.1512,0.4941,0.4928
flow_0522,0x1000020a,07,VoIP,46,auto,73.7473,102.8173,86.7466,26.0779,5.1067,86.7802,83.172,90.3213,7.1493,0.008903,0.036293,0.019859,3.001e-05,0.005478,156,4.5193,7.9062,392.0325,34.0179,1712,148510,50.3265,4365.6479,0.499,0.4895
flow_0534,0x10000216,07,VoIP,46,auto,96.6193,126.1351,108.6852,35.3839,5.9484,108.9673,104.5213,112.8491,8.3278,0.009902,0.038119,0.021189,3.185e-05,0.005644,124,3.0945,7.8232,336.3265,29.8943,1410,153246,47.1662,5126.2642,0.4892,0.4692
flow_0546,0x10000222,07,VoIP,46,auto,166.8433,212.2782,187.7744,80.3707,8.965,188.1793,181.4989,194.0499,12.551,0.021208,0.0432,0.030005,1.935e-05,0.004398,147,4.92,8.339,923.8463,43.5546,1451,272460,33.3145,6255.5904,0.5064,0.4959
flow_0558,0x1000022e,07,VoIP,46,auto,165.1233,205.8281,183.2497,82.5703,9.0868,182.0363,176.8889,189.6105,12.7216,0.020618,0.045944,0.030748,2.566e-05,0.005065,78,3.3049,7.2385,605.6146,28.9397,941,172437,32.5159,5958.5002,0.5121,0.4945
flow_0570,0x1000023a,07,VoIP,46,auto,95.4423,125.8324,106.6774,29.9394,5.4717,106.379,102.8472,110.5076,7.6604,0.009871,0.036108,0.020366,2.754e-05,0.005248,157,4.8311,9.0125,515.3675,37.3794,1835,195753,49.0912,5236.9164,0.494,0.512
flow_0582,0x10000246,07,VoIP,46,auto,110.9394,190.9899,146.8065,219.567,14.8178,147.6623,136.434,157.1789,20.7449,0.022134,0.045724,0.03157,2.226e-05,0.004718,71,3.2417,8.9451,475.909,28.179,892,130951,31.6547,4647.1076,0.5197,0.5052
flow_0594,0x10000252,07,VoIP,46,auto,73.4525,104.5779,85.1749,34.5649,5.8792,86.5949,81.0595,89.2903,8.2309,0.022437,0.046065,0.031888,2.233e-05,0.004726,57,2.8438,5.7068,242.217,20.9722,657,55959,31.3272,2668.2472,0.5277,0.5401
flow_0606,0x1000025e,07,VoIP,46,auto,179.1964,232.4354,201.4993,57.9449,7.6122,202.3893,196.1708,206.8278,10.657,0.011425,0.036446,0.021434,2.504e-05,0.005004,223,3.493,7.3726,703.8371,44.4174,2072,417506,46.6483,9399.5963,0.496,0.5098
flow_0618,0x1000026a,07,VoIP,46,auto,178.6152,227.7264,194.6383,109.9205,10.4843,194.2081,187.2993,201.9773,14.678,0.00933,0.034101,0.019239,2.454e-05,0.004954,168,2.2474,5.7995,437.4237,40.0491,2081,405042,51.9612,10113.6382,0.4935,0.4776
flow_0630,0x10000276,07,VoIP,46,auto,191.9142,232.29,209.2703,120.2751,10.967,209.9001,201.5934,216.9472,15.3538,0.009457,0.035008,0.019678,2.611e-05,0.00511,95,2.2472,6.8243,470.2816,11.5893,588,123050,50.7366,10617.5828,0.5285,0.5304
flow_0642,0x10000282,07,VoIP,46,auto,142.0725,215.2558,174.5396,256.2542,16.0079,173.3797,163.3341,185.7452,22.4111,0.006151,0.041707,0.020373,5.057e-05,0.007111,247,4.0203,9.2842,701.6953,37.6353,1847,322374,49.0762,8565.7248,0.5192,0.5162
flow_0654,0x1000028e,07,VoIP,46,auto,129.7382,208.1725,155.4344,254.5337,15.9541,156.9788,144.2666,166.6023,22.3358,0.008406,0.038755,0.020546,3.684e-05,0.00607,64,4.1323,9.2478,642.3032,16.3054,793,123259,48.6341,7559.3835,0.4705,0.4573
flow_0666,0x1000029a,07,VoIP,46,auto,115.3486,200.7691,146.2855,148.1784,12.1729,144.6443,137.7645,154.8065,17.042,0.012946,0.033519,0.021175,1.693e-05,0.004115,60,4.8057,5.5158,703.0111,9.6253,454,66413,47.1672,6899.8073,0.5081,0.5198
flow_0678,0x100002a6,07,VoIP,46,auto,74.3212,105.7025,87.2203,24.725,4.9724,88.9538,83.7396,90.701,6.9614,0.015506,0.031356,0.021846,1.005e-05,0.00317,86,2.0013,9.6048,174.5582,19.2781,882,76928,45.7513,3990.4279,0.4759,0.4832
flow_0690,0x100002b2,07,VoIP,46,auto,76.5131,109.8246,90.4739,35.9062,5.9922,91.8544,86.2794,94.6684,8.389,0.01071,0.033199,0.019706,2.023e-05,0.004498,74,4.1778,8.8791,377.9781,12.1208,615,55641,50.7393,4590.5437,0.5039,0.4941
flow_0702,0x100002be,07,VoIP,46,auto,139.9057,213.5652,173.7129,278.109,16.6766,174.5076,162.0392,185.3865,23.3472,0.011338,0.037429,0.021774,2.723e-05,0.005218,309,4.3076,9.5983,748.2872,42.3419,1944,337697,45.912,7975.4876,0.4936,0.4766
flow_0714,0x100002ca,07,VoIP,46,auto,96.3638,131.0816,109.9631,50.5241,7.108,110.2668,104.9874,114.9387,9.9512,0.024034,0.040344,0.030558,1.064e-05,0.003262,75,2.7742,7.3173,305.055,34.2476,1120,123158,32.703,3596.1012,0.4917,0.4873
flow_0726,0x100002d6,07,VoIP,46,auto,107.4858,173.2401,142.6486,388.6279,19.7136,144.0456,128.8491,156.4482,27.5991,0.010266,0.037428,0.021131,2.951e-05,0.005432,128,4.7951,9.8215,684.0166,32.3097,1529,218109,47.3233,6750.5764,0.4956,0.5003
flow_0738,0x100002e2,07,VoIP,46,auto,187.6425,238.8164,209.9602,167.3645,12.9369,209.036,200.9044,219.0161,18.1117,0.010429,0.036003,0.020658,2.616e-05,0.005115,170,2.1292,9.0803,447.0574,33.0901,1601,336146,48.383,10158.4932,0.4731,0.48
flow_0750,0x100002ee,07,VoIP,46,auto,112.0484,192.5594,145.4667,112.2755,10.596,144.6242,138.0494,152.8839,14.8344,0.011424,0.032757,0.019957,1.82e-05,0.004267,277,2.1876,6.7651,318.2172,43.4611,2177,316680,50.0908,7286.5228,0.4781,0.4631
flow_0762,0x100002fa,07,VoIP,46,auto,71.6992,103.2005,85.6413,45.706,6.7606,85.0775,80.9088,90.3737,9.4649,0.010958,0.037345,0.021512,2.785e-05,0.005277,147,4.2489,5.1065,363.8844,21.5898,1003,85898,46.4571,3978.64,0.4834,0.4655
flow_0774,0x10000306,07,VoIP,46,auto,97.8606,131.172,109.4613,45.0424,6.7114,109.5583,104.7634,114.1593,9.3959,0.011972,0.031255,0.019685,1.487e-05,0.003857,124,4.3201,8.5492,472.8839,26.0196,1321,144598,50.7694,5557.2728,0.5247,0.5436
flow_0786,0x10000312,07,VoIP,46,auto,132.7696,211.807,160.7369,465.3154,21.5712,162.5619,145.6371,175.8367,30.1996,0.017942,0.052586,0.0318,4.801e-05,0.006929,65,3.9314,6.1863,631.9163,25.9892,817,131322,31.4361,5052.9356,0.4728,0.471
flow_0798,0x1000031e,07,VoIP,46,auto,161.279,215.6615,185.6594,178.7254,13.3688,185.5738,176.3013,195.0176,18.7163,0.012756,0.034793,0.021571,1.942e-05,0.004407,46,2.179,7.0243,404.5427,13.3352,618,114737,46.3435,8604.0612,0.5192,0.5238
flow_0810,0x1000032a,07,VoIP,46,auto,192.0551,239.0082,209.8203,102.998,10.1488,211.9259,202.7161,216.9244,14.2083,0.011186,0.032886,0.019866,1.884e-05,0.00434,241,3.3182,9.4441,696.2292,43.1731,2173,455939,50.3323,10560.7268,0.4899,0.4852
flow_0822,0x10000336,07,VoIP,46,auto,107.4076,182.0773,146.2347,419.815,20.4894,146.1787,131.8921,160.5772,28.6851,0.009689,0.03643,0.020385,2.86e-05,0.005348,79,4.8155,6.1913,704.1862,15.9564,782,114355,49.0084,7166.6961,0.5253,0.5451
flow_0834,0x10000342,07,VoIP,46,auto,90.5819,118.2012,101.398,38.8831,6.2356,101.3963,97.0331,105.7629,8.7299,0.009801,0.036334,0.020414,2.816e-05,0.005307,246,3.6261,9.2718,367.6836,43.2783,2120,214963,48.9853,4966.9949,0.5099,0.5028
flow_0846,0x1000034e,07,VoIP,46,auto,82.3599,115.2609,93.6291,24.2465,4.9241,94.0672,90.1822,97.0759,6.8937,0.013096,0.031705,0.02054,1.385e-05,0.003722,79,4.1993,6.9913,393.178,17.5607,854,79959,48.6314,4553.3022,0.484,0.4758
flow_0858,0x1000035a,07,VoIP,46,auto,95.0553,129.3974,107.32,53.4165,7.3087,107.1567,102.204,112.4361,10.2321,0.009121,0.034711,0.019357,2.619e-05,0.005118,182,3.7541,8.9518,402.8922,29.8371,1541,165380,51.6471,5542.7614,0.491,0.4807
flow_0870,0x10000366,07,VoIP,46,auto,177.1509,220.9471,198.7611,108.5805,10.4202,200.9338,191.4669,206.0552,14.5883,0.005078,0.040007,0.019049,4.88e-05,0.006986,105,4.1687,9.9685,828.5711,26.1927,1374,273097,52.4573,10426.4462,0.4963,0.4934
flow_0882,0x10000372,07,VoIP,46,auto,74.6653,103.603,88.4729,31.6573,5.6265,85.4552,84.5344,92.4115,7.8771,0.024388,0.041199,0.031112,1.13e-05,0.003362,66,2.1401,9.487,189.3423,25.2014,810,71663,32.1411,2843.616,0.4917,0.4783
flow_0894,0x1000037e,07,VoIP,46,auto,184.4677,235.6124,209.0765,77.1848,8.7855,210.0955,202.9266,215.2263,12.2997,0.011078,0.0371,0.021487,2.709e-05,0.005205,108,2.9798,5.5902,623.0053,20.2401,941,196740,46.4919,9720.317,0.5167,0.5009
flow_0906,0x1000038a,07,VoIP,46,auto,113.1525,194.1189,151.9521,301.783,17.3719,150.7178,139.7918,164.1125,24.3207,0.01062,0.038105,0.021614,3.022e-05,0.005497,34,2.0267,8.541,307.954,11.0212,509,77343,46.1839,7017.6775,0.5067,0.5088
flow_0918,0x10000396,07,VoIP,46,auto,179.4526,231.7763,198.852,65.5936,8.099,198.6763,193.1827,204.5213,11.3386,0.009884,0.03454,0.019747,2.432e-05,0.004931,51,2.5181,8.0297,500.7206,9.7888,495,98431,50.5682,10055.5211,0.489,0.4999
flow_0930,0x100003a2,07,VoIP,46,auto,180.8243,228.4523,204.0236,38.3548,6.1931,203.5341,199.6884,208.3588,8.6704,0.006434,0.039124,0.01951,4.274e-05,0.006538,62,4.9154,9.5442,1002.8629,17.6606,905,184641,51.244,10454.968,0.506,0.4967
flow_0942,0x100003ae,07,VoIP,46,auto,168.7283,221.8338,188.1896,41.0518,6.4072,188.4942,183.7045,192.6746,8.97,0.01888,0.050032,0.031341,3.882e-05,0.00623,99,4.8413,7.4913,911.0777,39.51,1260,237118,31.8906,6001.4612,0.5075,0.5214
flow_0954,0x100003ba,07,VoIP,46,auto,115.029,181.2435,149.3093,108.3384,10.4086,148.2719,142.0233,156.5953,14.572,0.006893,0.038085,0.01937,3.892e-05,0.006238,219,3.2826,8.0013,490.1219,38.6826,1997,298170,51.6252,7708.1081,0.4881,0.4854
flow_0966,0x100003c6,07,VoIP,46,auto,138.7201,224.3908,178.2449,309.7404,17.5994,177.8989,165.9253,190.5646,24.6392,0.019123,0.048372,0.030823,3.422e-05,0.00585,45,3.8582,6.5711,687.7135,9.5691,310,55255,32.3959,5774.3117,0.4881,0.4758
flow_0978,0x100003d2,07,VoIP,46,auto,191.6465,238.3872,207.4963,58.2602,7.6328,207.3562,202.1533,212.8392,10.686,0.020867,0.046455,0.031102,2.619e-05,0.005118,122,3.6316,9.857,753.5369,38.8147,1247,258747,32.127,6666.2087,0.5094,0.5129
flow_0990,0x100003de,07,VoIP,46,auto,172.2201,229.6101,196.5744,112.6026,10.6114,195.642,189.1464,204.0024,14.856,0.008268,0.040336,0.021095,4.114e-05,0.006414,179,4.2983,5.0524,844.9286,26.1132,1237,243162,47.3706,9311.8275,0.5159,0.4993
flow_1002,0x100003ea,07,VoIP,46,auto,136.2335,216.8605,173.931,281.2862,16.7716,175.8131,162.1909,185.6711,23.4802,0.018801,0.050821,0.031609,4.101e-05,0.006404,87,2.3413,6.4632,407.2326,38.2871,1211,210630,31.6294,5501.3254,0.5286,0.5304
flow_1014,0x100003f6,07,VoIP,46,auto,86.953,118.9768,101.3753,36.2972,6.0247,100.8165,97.158,105.5926,8.4346,0.022202,0.046041,0.031738,2.273e-05,0.004768,77,2.853,8.0193,289.2225,31.0464,978,99145,31.5013,3193.4476,0.5181,0.5017
flow_1026,0x10000402,07,VoIP,46,auto,186.2101,240.3274,208.3845,143.6246,11.9843,209.8381,199.9955,216.7736,16.7781,0.009982,0.033582,0.019422,2.228e-05,0.00472,221,2.0287,8.3003,422.7474,38.6737,1991,414893,51.482,10728.0379,0.482,0.4837
flow_1038,0x1000040e,07,VoIP,46,auto,136.2759,204.891,161.3184,249.4392,15.7936,161.0784,150.2628,172.3739,22.1111,0.022742,0.038649,0.029105,1.012e-05,0.003182,58,3.9997,6.3913,645.221,20.9266,719,115987,34.3582,5542.5578,0.483,0.4903
flow_1050,0x1000041a,07,VoIP,46,auto,193.7314,238.8853,208.7597,48.2903,6.9491,209.7787,203.8953,213.6241,9.7288,0.023317,0.043875,0.03154,1.691e-05,0.004112,125,3.185,5.0976,664.8956,44.6157,1414,295186,31.6929,6616.1913,0.5052,0.505
flow_1062,0x10000426,07,VoIP,46,auto,88.3536,119.924,99.2427,24.0274,4.9018,99.8494,95.8115,102.674,6.8625,0.021335,0.04716,0.031665,2.668e-05,0.005165,118,2.3737,8.7647,235.577,32.0907,1013,100532,31.5668,3132.7456,0.5041,0.509
flow_1074,0x10000432,07,VoIP,46,auto,94.9095,123.592,106.5992,31.7734,5.6368,108.146,102.6535,110.545,7.8915,0.012762,0.034889,0.021613,1.959e-05,0.004426,45,3.6527,6.8289,389.3728,14.3867,665,70888,46.2233,4927.3356,0.482,0.5018
flow_1086,0x1000043e,07,VoIP,46,auto,131.9195,224.5136,170.4059,120.7207,10.9873,167.9297,162.7148,178.097,15.3822,0.017863,0.050978,0.031109,4.386e-05,0.006623,82,4.4126,8.2722,751.9384,23.2872,748,127463,32.1207,5473.5258,0.482,0.4864
flow_1098,0x1000044a,07,VoIP,46,auto,73.4021,107.81,86.1477,19.6966,4.4381,86.1822,83.041,89.2543,6.2133,0.009818,0.038182,0.021164,3.218e-05,0.005673,253,4.5243,5.8605,389.7595,44.4771,2101,180996,47.2378,4069.4217,0.4779,0.487
flow_1110,0x10000456,07,VoIP,46,auto,191.2071,232.8582,207.3269,102.7014,10.1342,206.9545,200.233,214.4209,14.1878,0.021376,0.046561,0.03145,2.537e-05,0.005037,137,2.8136,8.0495,583.3307,40.7898,1296,268695,31.7727,6587.311,0.4914,0.4963
flow_1122,0x10000462,07,VoIP,46,auto,180.7158,225.6248,196.2485,152.8298,12.3624,196.0801,187.5948,204.9022,17.3074,0.018381,0.046766,0.029735,3.223e-05,0.005677,22,4.4128,9.4399,866.0014,8.8845,298,58482,33.5414,6582.4522,0.4754,0.4597
flow_1134,0x1000046e,07,VoIP,46,auto,108.4509,185.4101,141.8651,201.6673,14.201,141.8227,131.9244,151.8058,19.8813,0.021461,0.047538,0.031892,2.72e-05,0.005215,33,3.3632,8.9761,477.1277,13.3733,419,59441,31.3311,4444.7558,0.4785,0.4601
flow_1146,0x1000047a,07,VoIP,46,auto,121.0857,195.2983,160.2893,257.9102,16.0596,161.629,149.0476,171.531,22.4834,0.021675,0.046155,0.031467,2.397e-05,0.004896,58,2.937,6.2024,470.7734,24.0461,764,122461,31.7723,5092.7585,0.4858,0.4943
flow_1158,0x10000486,07,VoIP,46,auto,88.9821,119.9168,99.1241,57.9079,7.6097,99.0939,93.7973,104.451,10.6536,0.009299,0.039891,0.021536,3.743e-05,0.006118,40,4.2906,7.4552,425.3056,11.9258,553,54815,46.37,4596.3313,0.4847,0.4762
flow_1170,0x10000492,07,VoIP,46,auto,91.9392,125.1798,104.8832,54.625,7.3909,104.7048,99.7096,110.0568,10.3472,0.022414,0.043505,0.03085,1.779e-05,0.004218,33,3.2114,6.6763,336.8262,15.1619,491,51497,32.3837,3396.4634,0.4801,0.5001
flow_1182,0x1000049e,07,VoIP,46,auto,79.2747,114.1037,91.3214,29.7829,5.4574,91.1725,87.5013,95.1416,7.6403,0.022364,0.040777,0.029729,1.356e-05,0.003683,99,4.7992,7.1157,438.2675,31.2638,1051,95978,33.6172,3069.9412,0.4781,0.4713
flow_1194,0x100004aa,07,VoIP,46,auto,191.7227,236.4163,209.0023,47.8433,6.9169,208.6545,204.1605,213.8441,9.6836,0.008799,0.037233,0.020173,3.234e-05,0.005687,190,2.0322,6.0622,424.739,27.55,1365,285288,49.5463,10355.2775,0.5135,0.5266
flow_1206,0x100004b6,07,VoIP,46,auto,82.5711,109.2956,93.7297,26.1157,5.1104,93.8049,90.1525,97.307,7.1545,0.01638,0.050698,0.030108,4.711e-05,0.006864,125,3.5257,6.0839,330.4589,33.6053,1116,104602,33.2091,3112.6676,0.5002,0.5006
flow_1218,0x100004c2,07,VoIP,46,auto,165.4188,224.2411,190.1958,66.3147,8.1434,189.3589,184.4954,195.8962,11.4007,0.023203,0.043787,0.031437,1.695e-05,0.004117,155,2.6168,7.5025,497.7075,35.0822,1115,212068,31.7825,6044.8875,0.5148,0.5243
flow_1230,0x100004ce,07,VoIP,46,auto,174.0107,218.9217,195.3343,181.7251,13.4805,196.1539,185.898,204.7707,18.8728,0.021269,0.045993,0.031159,2.445e-05,0.004945,108,3.3502,8.4108,654.407,31.5661,1013,197873,32.0914,6268.5335,0.5178,0.5118
flow_1242,0x100004da,07,VoIP,46,auto,163.1134,216.0778,186.9345,158.401,12.5857,188.2826,178.1245,195.7445,17.62,0.018033,0.048127,0.030071,3.622e-05,0.006019,141,3.616,8.3274,675.9504,29.3474,975,182261,33.2227,6210.4628,0.4917,0.4917
flow_1254,0x100004e6,07,VoIP,46,auto,87.1702,120.3961,98.1519,18.2815,4.2757,97.9176,95.1589,101.1449,5.986,0.017059,0.047309,0.029159,3.66e-05,0.00605,117,3.2507,5.614,319.0634,33.3791,1144,112285,34.2729,3363.9293,0.4881,0.4859
flow_1266,0x100004f2,07,VoIP,46,auto,90.0705,120.9528,101.0167,41.8845,6.4718,101.6788,96.4865,105.547,9.0606,0.019576,0.044499,0.029545,2.485e-05,0.004985,132,3.9832,7.5744,402.3719,39.7466,1345,135867,33.8394,3418.3287,0.52,0.5204
flow_1278,0x100004fe,07,VoIP,46,auto,134.2761,215.3527,173.3797,135.6494,11.6469,174.8748,165.2269,181.5325,16.3056,0.011219,0.036228,0.021223,2.502e-05,0.005002,155,2.9041,8.1476,503.5066,35.6715,1680,291277,47.0964,8165.5343,0.4933,0.5048
flow_1290,0x1000050a,07,VoIP,46,auto,89.9033,121.922,102.082,30.8656,5.5557,102.3602,98.1931,105.971,7.778,0.016758,0.052148,0.030914,5.01e-05,0.007078,22,3.2529,8.6858,332.0642,9.3764,303,30930,32.3152,3298.7108,0.4724,0.4882
flow_1302,0x10000516,07,VoIP,46,auto,168.0007,208.5765,185.0777,37.3864,6.1144,185.0188,180.7976,189.3578,8.5602,0.025452,0.040353,0.031413,8.88e-06,0.00298,24,2.0204,7.345,373.9328,10.1085,321,59409,31.7555,5877.1417,0.4764,0.4801
flow_1314,0x10000522,07,VoIP,46,auto,95.7768,129.8826,108.9278,43.0174,6.5588,107.9778,104.3367,113.519,9.1823,0.01202,0.032019,0.02002,1.6e-05,0.004,82,2.3629,6.0341,257.383,21.9395,1095,119275,49.91,5436.5484,0.4837,0.4891
flow_1326,0x1000052e,07,VoIP,46,auto,144.4552,223.2509,172.7546,108.8694,10.4341,172.2,165.4507,180.0584,14.6077,0.006777,0.037651,0.019127,3.813e-05,0.006175,40,4.494,7.9721,776.3583,10.7266,560,96742,52.2068,9018.9068,0.4722,0.477
flow_1338,0x1000053a,07,VoIP,46,auto,74.5277,100.9064,85.4037,54.5834,7.3881,85.0819,80.2321,90.5753,10.3433,0.008345,0.035867,0.019354,3.03e-05,0.005504,37,2.945,9.6653,251.5159,10.8597,561,47911,51.6589,4411.8143,0.511,0.5136
flow_1350,0x10000546,07,VoIP,46,auto,163.2726,207.9505,186.0583,74.1499,8.611,185.5707,180.0306,192.086,12.0554,0.006096,0.039192,0.019334,4.381e-05,0.006619,49,4.078,5.288,758.7478,10.2696,531,98796,51.7058,9620.1966,0.508,0.5014
flow_1362,0x10000552,07,VoIP,46,auto,127.087,201.8005,154.4611,438.3466,20.9367,154.6469,139.8054,169.1168,29.3114,0.009156,0.039604,0.021335,3.708e-05,0.006089,154,4.1428,7.0798,639.9059,36.7366,1721,265827,46.847,7236.0278,0.4742,0.4825
flow_1374,0x1000055e,07,VoIP,46,auto,96.2847,129.6615,107.7234,22.0921,4.7002,107.4824,104.4332,111.0135,6.5803,0.008191,0.039185,0.020588,3.842e-05,0.006199,188,3.6008,8.9344,387.8915,44.9733,2184,235267,48.5621,5231.2536,0.4738,0.4862
flow_1386,0x1000056a,07,VoIP,46,auto,123.5322,213.5187,163.5271,444.4825,21.0828,164.547,148.7692,178.285,29.5159,0.012718,0.035003,0.021632,1.987e-05,0.004457,46,3.8044,7.4268,622.1265,12.5939,582,95172,46.213,7557.0102,0.4865,0.4979
flow_1398,0x10000576,07,VoIP,46,auto,169.5427,224.8328,191.1779,149.9936,12.2472,191.5225,182.6048,199.7509,17.1461,0.021751,0.041831,0.029783,1.613e-05,0.004016,90,4.3702,8.7005,835.4773,35.1133,1178,225207,33.5485,6413.7227,0.4839,0.4755
flow_1410,0x10000582,07,VoIP,46,auto,103.1122,175.4333,141.9631,389.8725,19.7452,141.6966,128.1415,155.7847,27.6433,0.022195,0.045321,0.031445,2.139e-05,0.004625,21,2.3047,7.6995,327.1784,8.7043,276,39181,31.7086,4501.3553,0.4899,0.5003
flow_1422,0x1000058e,07,VoIP,46,auto,165.8408,214.5462,181.115,133.7265,11.564,180.1418,173.0202,189.2098,16.1896,0.019859,0.043271,0.029224,2.192e-05,0.004682,103,3.916,8.204,709.239,37.856,1295,234543,34.2086,6195.6621,0.5215,0.5149
flow_1434,0x1000059a,07,VoIP,46,auto,81.4797,108.9307,93.3639,17.301,4.1594,91.7593,90.4523,96.2755,5.8232,0.012037,0.031776,0.019933,1.558e-05,0.003948,71,2.1446,9.7307,200.2316,11.0148,552,51536,50.1144,4678.7946,0.5041,0.4999
flow_1446,0x100005a6,07,VoIP,46,auto,78.5347,110.1238,90.5466,36.257,6.0214,90.2001,86.3316,94.7616,8.4299,0.009454,0.036402,0.020233,2.905e-05,0.00539,263,2.0333,9.2491,184.1128,43.6069,2155,195127,49.4188,4474.6844,0.5273,0.5346
flow_1458,0x100005b2,07,VoIP,46,auto,162.2057,220.4729,186.4427,153.8524,12.4037,186.4639,177.7601,195.1253,17.3652,0.015426,0.050759,0.029559,4.994e-05,0.007067,178,3.3825,5.774,630.6393,41.8108,1414,263629,33.819,6305.2827,0.4987,0.5044
flow_1470,0x100005be,07,VoIP,46,auto,139.641,228.5689,173.7286,391.4565,19.7853,172.6073,159.879,187.5783,27.6994,0.0061,0.039275,0.01937,4.402e-05,0.006635,101,3.3883,6.6566,588.6415,19.3062,996,173033,51.5897,8962.5743,0.4765,0.4645
flow_1482,0x100005ca,07,VoIP,46,auto,135.9872,195.9883,164.9603,126.8742,11.2638,164.8772,157.0756,172.845,15.7694,0.019332,0.05079,0.031915,3.958e-05,0.006292,95,4.7105,8.6773,777.0397,36.6914,1149,189539,31.3153,5165.7639,0.4855,0.4855
flow_1494,0x100005d6,07,VoIP,46,auto,173.4318,210.4628,189.7554,86.7756,9.3153,189.1888,183.2346,196.2761,13.0415,0.010737,0.037999,0.021642,2.973e-05,0.005453,181,2.6719,6.4514,506.9996,39.2157,1812,343836,46.206,8767.8176,0.5213,0.5062
flow_1506,0x100005e2,07,VoIP,46,auto,84.5307,111.8782,96.7651,40.9619,6.4002,97.6118,92.285,101.2452,8.9602,0.018991,0.044053,0.029016,2.512e-05,0.005012,35,2.0116,7.0868,194.6487,8.4601,291,28158,34.3966,3328.3146,0.4986,0.4961
flow_1518,0x100005ee,07,VoIP,46,auto,78.3925,107.6649,90.4046,45.4198,6.7394,91.8022,85.687,95.1222,9.4352,0.020327,0.048909,0.03176,3.268e-05,0.005716,45,4.654,6.4659,420.747,20.9436,659,59576,31.4655,2844.5964,0.499,0.5143
flow_1530,0x100005fa,07,VoIP,46,auto,70.9723,107.3034,85.5516,50.6742,7.1186,87.1531,80.5686,90.5346,9.966,0.00977,0.039645,0.02172,3.57e-05,0.005975,60,3.1874,6.7054,272.6845,10.1519,467,39952,46.0014,3935.434,0.5015,0.4922
flow_1542,0x10000606,07,VoIP,46,auto,80.5013,110.7437,91.8505,31.8414,5.6428,91.9572,87.9006,95.8005,7.8999,0.01065,0.033777,0.019901,2.139e-05,0.004625,88,2.0005,8.7346,183.7482,21.3425,1072,98463,50.2284,4613.47,0.4903,0.4934
flow_1554,0x10000612,07,VoIP,46,auto,92.1657,121.2406,105.6955,48.5895,6.9706,104.4415,100.8161,110.575,9.7589,0.01879,0.044413,0.029039,2.626e-05,0.005124,30,2.2123,6.1902,233.8314,12.8912,443,46823,34.3644,3632.1548,0.5114,0.4969
flow_1566,0x1000061e,07,VoIP,46,auto,176.9674,226.2557,197.9262,60.9862,7.8094,197.6593,192.4597,203.3928,10.9331,0.014099,0.0337,0.02194,1.537e-05,0.00392,194,3.8691,7.4092,765.803,40.3562,1839,363986,45.5692,9019.3345,0.5113,0.5272
flow_1578,0x1000062a,07,VoIP,46,auto,172.8024,214.7496,190.9873,112.3847,10.6012,190.3772,183.5665,198.4081,14.8416,0.016257,0.049018,0.029361,4.293e-05,0.006552,71,4.547,8.5106,868.4197,15.7379,536,102369,34.0579,6504.6192,0.516,0.51
flow_1590,0x10000636,07,VoIP,46,auto,149.3592,212.6351,179.7277,134.3448,11.5907,179.1568,171.6142,187.8412,16.227,0.019565,0.04919,0.031415,3.511e-05,0.005925,105,4.1445,5.7657,744.8805,30.6212,974,175054,31.8081,5716.7625,0.5012,0.4886
flow_1602,0x10000642,07,VoIP,46,auto,97.8735,130.2101,107.9583,25.4186,5.0417,108.4758,104.4291,111.4875,7.0584,0.011751,0.035152,0.021111,2.19e-05,0.00468,173,2.0189,8.6864,217.9597,28.6836,1358,146607,47.3442,5111.1848,0.506,0.5029
flow_1614,0x1000064e,07,VoIP,46,auto,164.1604,208.459,187.633,66.8861,8.1784,189.0266,181.9082,193.3579,11.4497,0.017041,0.050292,0.030341,4.423e-05,0.00665,68,3.7025,6.1633,694.7046,27.6468,911,170933,32.9513,6182.7348,0.5022,0.5116
flow_1626,0x1000065a,07,VoIP,46,auto,180.3028,238.4428,204.2416,83.9072,9.1601,205.6239,197.8295,210.6536,12.8241,0.019674,0.045166,0.029871,2.6e-05,0.005099,50,4.7607,9.0545,972.3352,14.8164,496,101303,33.4765,6837.2332,0.4998,0.4857
flow_1638,0x10000666,07,VoIP,46,auto,126.4722,188.5625,156.072,280.4269,16.746,154.1663,144.3498,167.7942,23.4443,0.008864,0.035096,0.019357,2.752e-05,0.005246,231,3.2772,5.8065,511.4725,37.1265,1918,299346,51.6612,8062.8645,0.4802,0.4904
flow_1650,0x10000672,07,VoIP,46,auto,79.2032,109.5664,92.1355,35.7253,5.9771,92.7203,87.9515,96.3194,8.3679,0.016853,0.05189,0.030868,4.91e-05,0.007007,92,3.0672,8.7908,282.6,20.8948,676,62283,32.3526,2980.7926,0.5172,0.5286
flow_1662,0x1000067e,07,VoIP,46,auto,113.2458,180.7331,141.0707,327.4339,18.0951,140.8945,128.4041,153.7373,25.3332,0.02026,0.0475,0.031156,2.968e-05,0.005448,20,4.4726,6.3553,630.9594,9.149,293,41333,32.0253,4517.749,0.4991,0.4914
flow_1674,0x1000068a,07,VoIP,46,auto,141.555,211.5308,172.4419,385.8073,19.642,172.8147,158.6925,186.1913,27.4988,0.019518,0.04778,0.030823,3.195e-05,0.005652,49,4.9089,6.4543,846.507,15.4597,501,86393,32.4067,5588.2561,0.4863,0.4716
flow_1686,0x10000696,07,VoIP,46,auto,90.1765,126.5702,104.6868,18.0231,4.2454,106.7823,101.715,107.6585,5.9435,0.009392,0.038312,0.02096,3.345e-05,0.005784,206,4.1229,9.515,431.6175,31.2972,1493,156297,47.7039,4993.9533,0.5013,0.5194
flow_1698,0x100006a2,07,VoIP,46,auto,95.4056,128.7031,109.627,56.3029,7.5035,109.1014,104.3745,114.8794,10.5049,0.018251,0.045978,0.029342,3.075e-05,0.005545,109,3.2058,9.2743,351.4401,41.8827,1427,156437,34.0714,3735.1265,0.4979,0.5052
flow_1710,0x100006ae,07,VoIP,46,auto,126.2046,196.3545,151.6962,229.8624,15.1612,153.2279,141.0834,162.3091,21.2257,0.00702,0.039851,0.020153,4.312e-05,0.006566,197,4.9399,7.3106,749.3581,39.3908,1954,296414,49.6055,7524.9542,0.4909,0.4865
flow_1722,0x100006ba,07,VoIP,46,auto,74.8026,109.5789,88.3651,32.7044,5.7188,86.9828,84.3619,92.3682,8.0063,0.022071,0.046253,0.031744,2.339e-05,0.004836,132,3.7839,9.773,334.3664,40.8893,1288,113814,31.4997,2783.4677,0.4774,0.468
flow_1734,0x100006c6,07,VoIP,46,auto,77.7637,112.438,89.114,59.2997,7.7006,87.6362,83.7235,94.5044,10.7809,0.023192,0.041762,0.03062,1.379e-05,0.003714,108,3.437,6.5129,306.2875,37.8974,1237,110234,32.6407,2908.7467,0.4966,0.506
flow_1746,0x100006d2,07,VoIP,46,auto,74.7596,103.9035,86.9728,46.1103,6.7905,87.6097,82.2194,91.7261,9.5066,0.020767,0.048682,0.031933,3.117e-05,0.005583,22,2.6068,5.1201,226.7218,9.9504,311,27048,31.255,2718.2806,0.5029,0.5217
flow_1758,0x100006de,07,VoIP,46,auto,93.731,126.4588,106.9122,54.9525,7.413,106.4358,101.7231,112.1013,10.3782,0.019867,0.046221,0.030409,2.778e-05,0.005271,89,2.9331,6.4635,313.5855,33.3755,1097,117282,32.8684,3514.0112,0.5232,0.5407
flow_1770,0x100006ea,07,VoIP,46,auto,86.946,112.8524,97.4658,22.5401,4.7476,98.4088,94.1424,100.7891,6.6467,0.020577,0.045941,0.030723,2.573e-05,0.005073,29,3.5601,5.8595,346.9871,12.9075,420,40935,32.5391,3171.4019,0.5238,0.5326
flow_1782,0x100006f6,07,VoIP,46,auto,138.6375,222.1589,176.825,145.5282,12.0635,175.913,168.3806,185.2695,16.8889,0.02215,0.044271,0.030998,1.957e-05,0.004424,40,3.5077,6.4856,620.2546,17.8325,575,101674,32.2445,5701.6168,0.4853,0.4766
flow_1794,0x10000702,07,VoIP,46,auto,79.2053,109.5557,90.3905,49.5368,7.0382,91.7943,85.4637,95.3172,9.8535,0.008062,0.038417,0.020204,3.686e-05,0.006071,91,4.8227,6.3464,435.9289,18.9216,936,84605,49.4673,4471.3447,0.5173,0.499
flow_1806,0x1000070e,07,VoIP,46,auto,179.5228,226.6649,201.6658,66.6457,8.1637,200.635,195.9512,207.3804,11.4292,0.011051,0.036466,0.021217,2.584e-05,0.005083,229,4.5189,5.779,911.3079,40.3477,1901,383366,47.1154,9501.5556,0.5144,0.5168
flow_1818,0x1000071a,07,VoIP,46,auto,178.7901,226.6654,199.6946,43.9758,6.6314,199.6335,195.0526,204.3366,9.284,0.011287,0.034578,0.020604,2.17e-05,0.004658,115,3.7107,5.0757,741.0072,15.6537,759,151568,48.4869,9682.5685,0.5205,0.5384
flow_1830,0x10000726,07,VoIP,46,auto,142.0989,200.8072,167.4453,182.9485,13.5258,167.6867,157.9772,176.9134,18.9362,0.020916,0.046729,0.031241,2.665e-05,0.005163,30,4.4244,6.1971,740.843,13.646,436,73006,31.9507,5349.9897,0.4943,0.4914
flow_1842,0x10000732,07,VoIP,46,auto,112.7641,191.6259,152.6956,202.9074,14.2446,153.4206,142.7244,162.6668,19.9424,0.01747,0.051208,0.030965,4.553e-05,0.006748,121,3.1722,9.2946,484.3825,31.0562,1002,153001,32.264,4926.5768,0.4994,0.5077
flow_1854,0x1000073e,07,VoIP,46,auto,171.2907,222.0866,196.2903,183.2374,13.5365,196.3733,186.8147,205.7658,18.9511,0.017129,0.05233,0.031209,4.956e-05,0.00704,144,4.6017,7.6985,903.2698,38.7526,1241,243596,32.0237,6285.9265,0.4727,0.4796
flow_1866,0x1000074a,07,VoIP,46,auto,164.2563,203.8733,180.7046,121.4855,11.022,181.9673,172.9892,188.4201,15.4309,0.017229,0.047423,0.029307,3.647e-05,0.006039,137,2.4493,7.89,442.5976,40.1712,1370,247565,34.104,6162.7431,0.5258,0.5104
flow_1878,0x10000756,07,VoIP,46,auto,184.4792,224.5047,199.7895,87.3687,9.3471,200.0772,193.2465,206.3325,13.086,0.00904,0.041204,0.021905,4.138e-05,0.006433,199,2.1361,7.1281,426.7608,37.557,1714,342439,45.6373,9117.855,0.4878,0.4941
flow_1890,0x10000762,07,VoIP,46,auto,176.1867,222.8374,198.4475,114.4755,10.6993,200.1621,190.958,205.937,14.979,0.018367,0.048424,0.03039,3.614e-05,0.006011,34,3.2516,8.3557,645.2675,14.6497,482,95651,32.9016,6529.1974,0.4982,0.5075
flow_1902,0x1000076e,07,VoIP,46,auto,90.6261,120.3424,101.0865,33.1721,5.7595,100.6657,97.0549,105.1182,8.0633,0.023432,0.043992,0.031656,1.691e-05,0.004112,107,2.0487,6.9083,207.0937,39.2713,1240,125347,31.5753,3191.8259,0.5233,0.5176
flow_1914,0x1000077a,07,VoIP,46,auto,165.5929,213.5958,182.8001,40.0546,6.3289,183.2448,178.3699,187.2303,8.8604,0.007838,0.038951,0.020283,3.872e-05,0.006223,88,4.181,6.896,764.2959,16.2094,799,146057,49.2924,9010.6346,0.5004,0.5128
flow_1926,0x10000786,07,VoIP,46,auto,124.8691,197.2657,154.9205,337.3653,18.3675,156.051,142.0632,167.7777,25.7145,0.011297,0.03111,0.019222,1.57e-05,0.003963,173,3.9715,9.566,615.2725,40.8545,2125,329206,52.0139,8058.011,0.5025,0.4854
flow_1938,0x10000792,07,VoIP,46,auto,184.9596,228.937,207.1252,85.348,9.2384,207.1331,200.6583,213.5921,12.9338,0.016261,0.049917,0.029723,4.531e-05,0.006731,60,2.0712,9.4003,428.995,24.8624,836,173156,33.625,6964.5635,0.5234,0.5295
flow_1950,0x1000079e,07,VoIP,46,auto,181.8482,227.137,203.5183,100.3394,10.017,201.9698,196.5064,210.5302,14.0237,0.016346,0.048537,0.029222,4.145e-05,0.006438,26,2.0952,8.6484,426.4192,11.3831,389,79168,34.1734,6954.8667,0.4873,0.5034
flow_1962,0x100007aa,07,VoIP,46,auto,87.4928,123.9067,100.8358,24.605,4.9603,99.0715,97.3636,104.3081,6.9445,0.01077,0.032955,0.019644,1.969e-05,0.004437,193,3.4707,6.5937,349.9699,38.6682,1968,198444,50.8945,5131.9641,0.4728,0.4605
flow_1974,0x100007b6,07,VoIP,46,auto,86.7061,116.3596,100.3792,49.5869,7.0418,100.4824,95.45,105.3085,9.8585,0.018089,0.051865,0.0316,4.563e-05,0.006755,36,4.0149,8.6956,403.0149,16.5235,522,52397,31.5913,3171.0541,0.4983,0.4925
flow_1986,0x100007c2,07,VoIP,46,auto,166.4617,220.8142,189.9937,155.8693,12.4848,189.3147,181.2543,198.733,17.4787,0.012028,0.036514,0.021822,2.398e-05,0.004897,68,3.2187,8.2154,611.5245,20.2948,930,176694,45.8245,8706.3504,0.5031,0.5178
flow_1998,0x100007ce,07,VoIP,46,auto,75.8069,107.8379,89.2311,54.5357,7.3848,90.9364,84.0617,94.4005,10.3388,0.010129,0.035837,0.020412,2.644e-05,0.005142,51,3.8154,6.2301,340.4522,11.7303,574,51218,48.9331,4366.3003,0.473,0.4744
flow_2010,0x100007da,07,Video,34,auto,218.2255,1377.331,1208.0074,133560.8673,365.4598,1138.4973,804.6899,1367.331,562.6411,0.000688,0.099677,0.009543,0.00121788,0.034898,73,16.7319,68.0758,20212.2427,12.8978,1351,1632018,104.7463,126534.3492,0.8785,0.9748
flow_2022,0x100007e6,07,Video,34,auto,127.9456,1373.1787,996.0803,160930.1243,401.161,1156.7384,786.2155,1363.1787,576.9632,0.000315,0.097254,0.004639,0.00026902,0.016402,375,13.2013,38.9309,13149.5437,52.6556,11351,11306508,215.5707,214725.7481,0.7651,0.9608
flow_2034,0x100007f2,07,Video,34,auto,250.9692,1365.2518,996.9969,186809.1549,432.2142,1098.7417,654.5332,1355.2518,700.7186,0.000414,0.140772,0.005691,0.00063119,0.025124,386,22.5066,56.3921,22439.0508,38.1641,6706,6685861,175.7151,175187.3724,0.8558,0.9522
flow_2046,0x100007fe,07,Video,34,auto,251.0937,1394.5164,1318.971,157518.3763,396.8858,1265.2439,673.4688,1380.0,706.5312,0.000878,0.051125,0.012018,0.0004968,0.022289,191,12.5591,68.0549,16565.1087,56.8505,4730,6238732,83.2007,109739.2426,0.8584,0.9514
flow_2058,0x1000080a,07,Video,34,auto,155.0116,1386.4192,1318.8913,182884.2964,427.6497,1156.983,657.2974,1376.4192,719.1217,0.00084,0.139756,0.009344,0.00141966,0.037678,214,13.248,37.0027,17472.6069,58.5368,6264,8261535,107.0096,141134.0862,0.7503,0.8761
flow_2070,0x10000816,07,Video,34,auto,134.7766,1361.1991,1256.6725,181903.7429,426.5018,1278.0383,788.4281,1351.1991,562.7711,0.000516,0.097438,0.014223,0.00063832,0.025265,62,18.979,88.6062,23850.4151,24.1974,1701,2137599,70.2969,88340.1276,0.7544,0.86
flow_2082,0x10000822,07,Video,34,auto,255.3304,1382.7727,915.577,112423.6396,335.2963,1225.4716,734.974,1372.7727,637.7987,0.000925,0.103763,0.006815,0.00103325,0.032144,495,14.5494,39.8242,13321.1031,57.5141,8439,7726554,146.7293,134341.9854,0.8071,0.9315
flow_2094,0x1000082e,07,Video,34,auto,150.6825,1383.8549,1302.9224,124204.7973,352.427,1263.0952,681.4461,1373.8549,692.4088,0.000121,0.103999,0.010403,0.00126509,0.035568,93,26.3199,72.9539,34292.7915,23.8446,2292,2986298,96.1226,125240.2333,0.8709,0.8775
flow_2106,0x1000083a,07,Video,34,auto,235.9257,1368.166,936.6681,142812.9881,377.9061,1237.7496,725.9421,1358.166,632.2239,0.00078,0.138669,0.005003,0.00061619,0.024823,594,14.4555,68.9342,13540.0347,51.1362,10221,9573684,199.8781,187219.4141,0.862,0.8511
flow_2118,0x10000846,07,Video,34,auto,235.8973,1398.5971,1132.0041,69722.8338,264.0508,1072.2302,699.1752,1380.0,680.8248,0.000258,0.10388,0.008365,0.00164474,0.040555,468,10.9396,49.8452,12383.7232,59.9074,7161,8106281,119.5345,135313.5116,0.765,0.9148
flow_2130,0x10000852,07,Video,34,auto,225.4543,1360.3519,1223.4211,66926.6616,258.7019,1210.721,710.7099,1350.3519,639.642,0.0003,0.076076,0.010594,0.00098352,0.031361,146,27.7233,63.0703,33917.3135,41.3556,3903,4775012,94.3767,115462.372,0.88,0.9452
flow_2142,0x1000085e,07,Video,34,auto,122.1189,1388.3865,1168.3286,161151.4829,401.4368,1204.7684,768.8979,1378.3865,609.4886,0.000558,0.130182,0.01177,0.00072512,0.026928,198,18.3096,79.0418,21391.608,52.2026,4435,5181537,84.9574,99258.1629,0.829,0.9393
flow_2154,0x1000086a,07,Video,34,auto,235.4495,1361.3741,1116.1485,150029.8743,387.3369,1200.3356,803.5481,1351.3741,547.8261,0.000503,0.14201,0.005627,0.00140521,0.037486,306,19.2024,36.2454,21432.6827,50.7321,9015,10062078,177.6983,198337.6389,0.783,0.9364
flow_2166,0x10000876,07,Video,34,auto,240.5509,1396.4835,1089.9564,148007.6375,384.7176,1130.6416,814.6471,1380.0,565.3529,0.000125,0.091635,0.012585,0.00056008,0.023666,127,19.7261,89.214,21500.5557,46.7991,3718,4052457,79.4461,86592.7158,0.7434,0.8706
flow_2178,0x10000882,07,Video,34,auto,237.0015,1382.7225,921.0664,149004.9563,386.0116,1092.0076,829.099,1372.7225,543.6235,0.00024,0.112574,0.004928,0.00016228,0.012739,349,24.9138,80.3519,22947.2879,59.3149,12035,11085034,202.9002,186884.5199,0.8948,0.9187
flow_2190,0x1000088e,07,Video,34,auto,234.9887,1369.9903,1068.8203,201806.963,449.2293,1254.108,716.2296,1359.9903,643.7607,0.000735,0.096968,0.003091,0.00063423,0.025184,591,20.4054,36.0408,21809.687,55.5122,17960,19196012,323.5323,345797.9292,0.7876,0.9143
flow_2202,0x1000089a,07,Video,34,auto,181.8531,1384.4135,1162.0841,78570.8767,280.305,1135.3469,712.9709,1374.4135,661.4426,0.000754,0.089606,0.00501,0.00056255,0.023718,561,28.9626,45.6455,33656.9711,59.1665,11810,13724212,199.6062,231959.1242,0.7842,0.8713
flow_2214,0x100008a6,07,Video,34,auto,249.2526,1379.8129,1012.9503,174373.8184,417.5809,1215.982,865.2964,1369.8129,504.5165,0.00027,0.051807,0.003583,0.00066772,0.02584,419,24.7259,74.9836,25046.1316,45.0698,12579,12741901,279.1004,282714.7807,0.88,0.911
flow_2226,0x100008b2,07,Video,34,auto,193.1014,1383.8538,1183.4423,132750.9673,364.3501,1191.1403,768.78,1373.8538,605.0738,0.000445,0.115347,0.014538,0.00118225,0.034384,57,16.3714,76.5122,19374.6596,12.9808,892,1055630,68.717,81322.5735,0.9051,0.9388
flow_2238,0x100008be,07,Video,34,auto,129.6004,1366.9572,1060.1658,161225.5863,401.5291,1292.9562,758.5702,1356.9572,598.387,0.000719,0.118164,0.005822,0.0009475,0.030781,217,11.2393,48.7507,11915.5617,33.2843,5717,6060967,171.7626,182096.7585,0.9054,0.8554
flow_2250,0x100008ca,07,Video,34,auto,208.6661,1375.8841,1262.1942,102076.8198,319.4946,1053.8145,806.5851,1365.8841,559.299,0.000251,0.087426,0.003311,0.00156225,0.039525,1044,10.0869,40.7,12731.564,57.4216,17342,21888971,302.0116,381197.2606,0.9172,0.9763
flow_2262,0x100008d6,07,Video,34,auto,216.4883,1377.0994,962.5236,179019.3512,423.1068,1227.6546,676.8426,1367.0994,690.2567,0.000181,0.114354,0.003282,0.00017353,0.013173,985,15.6866,82.6218,15098.7677,57.1611,17415,16762348,304.6652,293247.4068,0.8211,0.9055
flow_2274,0x100008e2,07,Video,34,auto,223.5413,1383.3837,1217.5501,178695.1109,422.7234,1058.8314,895.2495,1373.3837,478.1341,0.000382,0.126554,0.014602,0.0001869,0.013671,158,17.0943,66.8416,20813.186,34.9685,2394,2914814,68.4616,83355.4241,0.8959,0.9578
flow_2286,0x100008ee,07,Video,34,auto,183.4333,1376.4741,1100.5452,72649.7201,269.5361,1155.1489,666.0092,1366.4741,700.4649,0.00082,0.092932,0.012311,0.00070458,0.026544,74,14.6772,59.1947,16152.9367,19.3487,1571,1728956,81.194,89357.6332,0.8778,0.8652
flow_2298,0x100008fa,07,Video,34,auto,137.6988,1395.504,1013.084,140763.6401,375.1848,1222.9242,848.349,1380.0,531.651,0.000507,0.057825,0.010549,0.0008374,0.028938,211,29.917,39.3175,30308.4244,40.3722,3827,3877072,94.7929,96033.1184,0.7351,0.9524
flow_2310,0x10000906,07,Video,34,auto,154.3069,1370.3315,1230.9384,108985.5277,330.1296,1194.5033,702.1546,1360.3315,658.1769,0.000275,0.118981,0.007009,0.00062004,0.024901,138,14.9306,56.7833,18378.6592,33.5648,4788,5893733,142.6493,175592.4958,0.9049,0.9652
flow_2322,0x10000912,07,Video,34,auto,128.9609,1361.3294,1294.0997,174442.8515,417.6636,1177.9575,700.0996,1351.3294,651.2298,0.000105,0.073765,0.003482,0.00159248,0.039906,381,12.3412,77.564,15970.7254,44.8273,12873,16658945,287.1685,371624.6379,0.7864,0.9384
flow_2334,0x1000091e,07,Video,34,auto,247.1453,1363.7023,1192.0242,97486.0162,312.2275,1112.8457,660.7203,1353.7023,692.982,0.000925,0.072051,0.007305,0.00036499,0.019105,150,16.4236,77.9982,19577.3372,31.4471,4304,5130472,136.8649,163146.2763,0.8653,0.8546
flow_2346,0x1000092a,07,Video,34,auto,242.949,1376.2353,949.4494,133383.2845,365.2168,1307.9621,667.8991,1366.2353,698.3363,0.000714,0.09175,0.007197,0.00013427,0.011587,277,22.0388,85.0677,20924.7369,57.4714,7985,7581353,138.9386,131915.1701,0.7459,0.9518
flow_2358,0x10000936,07,Video,34,auto,240.0815,1373.3031,1058.5227,65061.769,255.0721,1239.7837,855.0723,1363.3031,508.2308,0.000654,0.123826,0.008419,0.0003813,0.019527,233,17.3666,65.2004,18382.9276,43.4312,5158,5459860,118.7625,125712.8119,0.7587,0.96
flow_2370,0x10000942,07,Video,34,auto,214.5521,1360.1325,1032.802,159771.3314,399.7141,1303.6908,754.1223,1350.1325,596.0103,0.000347,0.064862,0.00336,0.00132002,0.036332,820,22.1057,48.9691,22830.8165,54.2022,16131,16660128,297.608,307370.1001,0.8625,0.9343
flow_2382,0x1000094e,07,Video,34,auto,210.9331,1384.756,972.3372,144618.5205,380.2874,1097.0151,838.7483,1374.756,536.0077,0.000431,0.086772,0.006303,0.00060522,0.024601,211,20.5466,57.0571,19978.2192,46.6053,7394,7189461,158.6515,154262.7766,0.7787,0.9312
flow_2394,0x1000095a,07,Video,34,auto,136.7966,1382.233,994.624,182472.511,427.168,1329.0663,823.493,1372.233,548.74,0.000679,0.091182,0.003117,0.00115298,0.033956,401,11.6707,70.1599,11607.9949,22.9462,7361,7321426,320.7939,319069.228,0.7875,0.9173
flow_2406,0x10000966,07,Video,34,auto,177.6042,1378.6663,935.5959,84575.6284,290.8189,1131.2543,787.8292,1368.6663,580.8371,0.000169,0.050977,0.009201,0.00078858,0.028082,197,27.8336,58.7002,26041.0038,34.2313,3720,3480416,108.6725,101673.514,0.7904,0.9207
flow_2418,0x10000972,07,Video,34,auto,216.8959,1378.9617,1074.8825,202004.4057,449.449,1183.8825,884.8165,1368.9617,484.1452,0.000546,0.137888,0.010795,0.00165897,0.04073,91,22.3437,61.776,24016.8474,28.0266,2596,2790394,92.6264,99562.4761,0.8203,0.8721
flow_2430,0x1000097e,07,Video,34,auto,204.2304,1391.1313,983.7846,110866.8659,332.9668,1301.4379,788.3383,1380.0,591.6617,0.000534,0.079549,0.011519,0.00099253,0.031504,204,21.9474,40.6506,21591.5271,40.6243,3526,3468824,86.7954,85387.9832,0.9004,0.9467
flow_2442,0x1000098a,07,Video,34,auto,206.2721,1369.1372,1304.0153,137783.331,371.1918,1160.97,710.6055,1359.1372,648.5317,0.000184,0.059354,0.010824,0.00029694,0.017232,215,28.8068,62.3208,37564.5104,52.822,4880,6363594,92.3857,120472.3032,0.8583,0.9575
flow_2454,0x10000996,07,Video,34,auto,135.5377,1388.9955,1129.857,98445.4111,313.7601,1253.585,863.8217,1378.9955,515.1738,0.000933,0.073927,0.003186,0.00022456,0.014985,472,24.811,36.7659,28032.8887,47.0779,14774,16692506,313.8203,354572.0792,0.8671,0.975
flow_2466,0x100009a2,07,Video,34,auto,146.9323,1367.1201,1021.3224,86782.2352,294.5882,1153.7103,776.6703,1357.1201,580.4498,0.000102,0.063829,0.004045,0.0013969,0.037375,88,18.213,45.7814,18601.3514,12.4037,3066,3131374,247.1844,252454.9694,0.7437,0.8982
flow_2478,0x100009ae,07,Video,34,auto,223.6001,1394.7526,1137.7297,126020.7313,354.994,1144.1161,700.8213,1380.0,679.1787,0.0003,0.099539,0.004001,0.00097257,0.031186,481,13.3847,75.395,15228.1665,54.7111,13675,15558454,249.9492,284374.6428,0.763,0.9514
flow_2490,0x100009ba,07,Video,34,auto,142.0371,1394.0859,1045.8919,75024.4317,273.9059,1271.0003,806.8901,1380.0,573.1099,0.000808,0.129143,0.008813,0.0005237,0.022885,230,19.3072,84.2837,20193.223,35.5766,4036,4221219,113.4452,118651.4068,0.8368,0.948
flow_2502,0x100009c6,07,Video,34,auto,233.2973,1389.1099,1168.7957,185430.3988,430.6163,1278.5399,661.0036,1379.1099,718.1062,0.00075,0.14679,0.004017,0.00087118,0.029516,153,26.635,84.0343,31130.895,12.16,3027,3537944,248.9317,290950.2501,0.8129,0.9129
flow_2514,0x100009d2,07,Video,34,auto,165.4949,1397.5063,1302.3781,197633.8165,444.5603,1330.541,848.1812,1380.0,531.8188,0.000301,0.13099,0.011895,0.00139301,0.037323,65,18.0366,89.743,23490.5216,17.4474,1466,1909286,84.0239,109430.8655,0.7842,0.9221
flow_2526,0x100009de,07,Video,34,auto,182.2817,1387.076,955.8216,131255.0952,362.2915,1334.1704,662.8324,1377.076,714.2436,0.000963,0.084172,0.009186,0.00133441,0.03653,94,16.3706,61.5422,15647.3544,20.2371,2202,2104719,108.8101,104003.0295,0.8392,0.9499
flow_2538,0x100009ea,07,Video,34,auto,157.334,1374.4372,1178.8359,104693.5892,323.5639,1144.7767,762.6396,1364.4372,601.7976,0.000958,0.121346,0.008497,0.00135923,0.036868,87,13.7923,71.4796,16258.8274,16.2353,1910,2251576,117.6452,138684.3889,0.8396,0.9777
flow_2550,0x100009f6,07,Video,34,auto,150.3659,1384.9483,1086.8178,127166.5896,356.6042,1084.7038,669.6276,1374.9483,705.3207,0.000929,0.1198,0.008809,0.00049677,0.022288,186,10.3813,83.3924,11282.5935,55.047,6249,6791524,113.5212,123376.8175,0.9117,0.9088
flow_2562,0x10000a02,07,Video,34,auto,170.5174,1365.2648,1253.6436,129295.4994,359.5768,1086.3242,890.4122,1355.2648,464.8526,0.00058,0.079202,0.014854,0.0007885,0.02808,71,15.0914,51.7539,18919.2074,36.7758,2475,3102767,67.2998,84369.8771,0.8995,0.9
flow_2574,0x10000a0e,07,Video,34,auto,230.3315,1396.2801,912.6065,185998.4141,431.2753,1105.9187,759.573,1380.0,620.427,0.00022,0.107606,0.013836,0.00031026,0.017614,109,26.1933,84.2074,23904.1528,34.4503,2489,2271477,72.2489,65934.8405,0.9183,0.866
flow_2586,0x10000a1a,07,Video,34,auto,160.7988,1386.1432,950.7513,73698.4459,271.4746,1052.6736,894.5891,1376.1432,481.5542,0.000621,0.111907,0.010861,0.00043495,0.020855,92,20.9456,81.1887,19914.0142,20.7806,1913,1818787,92.0571,87523.3569,0.7459,0.9616
flow_2598,0x10000a26,07,Video,34,auto,233.1177,1377.5992,1033.0985,153087.0069,391.2633,1168.2534,708.553,1367.5992,659.0463,0.000768,0.070094,0.006642,0.00036255,0.019041,308,18.0231,89.8902,18619.6264,58.933,8873,9166683,150.5607,155544.0551,0.7632,0.9492
flow_2610,0x10000a32,07,Video,34,auto,201.7421,1393.9962,1066.5355,87581.3087,295.9414,1103.8475,848.6366,1380.0,531.3634,0.000545,0.07875,0.013596,0.00047162,0.021717,76,12.7595,51.0317,13608.4507,33.8541,2490,2655673,73.5508,78444.5768,0.8591,0.8904
flow_2622,0x10000a3e,07,Video,34,auto,211.7614,1394.6522,1010.7613,200960.4896,448.2862,1290.9471,862.9129,1380.0,517.0871,0.000296,0.100826,0.003139,0.00137569,0.03709,628,14.8725,62.51,15032.5144,45.8057,14594,14751050,318.6066,322035.2028,0.78,0.93
flow_2634,0x10000a4a,07,Video,34,auto,149.0524,1360.8931,1177.2331,128784.689,358.8658,1063.9007,799.4168,1350.8931,551.4763,0.000102,0.083542,0.009039,0.00028577,0.016905,309,28.8886,64.8349,34008.6568,49.4253,5467,6435933,110.6114,130215.4167,0.8717,0.977
flow_2646,0x10000a56,07,Video,34,auto,131.9227,1370.4541,1132.2095,92246.7893,303.7216,1250.8538,812.6032,1360.4541,547.8509,0.000412,0.120905,0.005692,0.00135475,0.036807,230,27.2055,85.5266,30802.2797,24.8315,4362,4938697,175.6638,198888.1912,0.7904,0.8909
flow_2658,0x10000a62,07,Video,34,auto,125.9486,1365.4837,1137.9272,70869.0188,266.2124,1296.8043,850.8294,1355.4837,504.6542,0.000219,0.143617,0.005159,0.00087635,0.029603,365,23.608,35.1396,26864.1942,40.2937,7809,8886073,193.8021,220532.6526,0.7776,0.8804
flow_2670,0x10000a6e,07,Video,34,auto,234.279,1376.7993,1264.9816,115462.32,339.7975,1284.7291,808.3087,1366.7993,558.4906,0.000553,0.134914,0.007656,0.00135263,0.036778,393,27.4225,43.9332,34688.9859,50.9961,6660,8424777,130.5983,165204.4826,0.8828,0.9482
flow_2682,0x10000a7a,07,Video,34,auto,204.8452,1373.9459,1053.9218,72573.0321,269.3938,1218.3115,658.8908,1363.9459,705.0551,0.000883,0.106271,0.003517,0.0013534,0.036789,167,16.9254,74.649,17837.9973,12.8641,3658,3855245,284.3565,299689.4164,0.8824,0.8961
flow_2694,0x10000a86,07,Video,34,auto,221.818,1384.3154,1256.7154,82247.6964,286.7886,1060.4502,886.095,1374.3154,488.2204,0.000753,0.065708,0.011165,0.00052007,0.022805,184,27.539,65.619,34608.7423,58.0031,5195,6528636,89.5642,112556.6573,0.8802,0.8926
flow_2706,0x10000a92,07,Video,34,auto,196.0087,1387.6884,1048.8984,121458.9555,348.5096,1303.1098,843.2645,1377.6884,534.4239,0.000657,0.099802,0.009817,0.0002421,0.015559,100,29.8526,87.3248,31312.3533,33.4504,3407,3573596,101.8524,106832.8196,0.8678,0.9279
flow_2718,0x10000a9e,07,Video,34,auto,177.7458,1367.3145,1294.7311,83126.1603,288.3161,1095.6448,825.4476,1357.3145,531.8669,0.000655,0.143667,0.009517,0.00037553,0.019379,368,27.5356,69.4796,35651.1999,53.0494,5574,7216831,105.0718,136039.7149,0.7734,0.8621
flow_2730,0x10000aaa,07,Video,34,auto,127.2386,1393.4769,906.3159,148035.1489,384.7534,1085.1825,747.09,1380.0,632.91,0.000288,0.105447,0.003149,0.00019894,0.014105,337,22.9795,35.1851,20826.6531,27.9332,8869,8038115,317.508,287762.495,0.8895,0.8575
flow_2742,0x10000ab6,07,Video,34,auto,187.5642,1397.2383,1317.4494,98977.5022,314.6069,1234.7087,793.202,1380.0,586.798,0.000932,0.095387,0.003817,0.00062784,0.025057,313,25.6142,80.5378,33745.3827,34.6862,9087,11971662,261.9774,345141.9364,0.8104,0.9077
flow_2754,0x10000ac2,07,Video,34,auto,131.1848,1389.3102,923.8101,101765.1023,319.0064,1119.0143,656.893,1379.3102,722.4172,0.00022,0.069467,0.003481,0.00059843,0.024463,442,26.0916,47.8022,24103.6693,53.7369,15437,14260856,287.27,265382.9449,0.7552,0.9252
flow_2766,0x10000ace,07,Video,34,auto,181.0211,1380.6192,1234.3855,106529.7654,326.389,1202.7544,657.9437,1370.6192,712.6754,0.000897,0.052105,0.007073,0.00041616,0.0204,214,16.65,49.1404,20552.5497,45.6022,6447,7958083,141.3748,174511.0259,0.753,0.886
flow_2778,0x10000ada,07,Video,34,auto,223.9921,1361.5598,1298.3766,189527.6677,435.3478,1236.7962,811.9345,1351.5598,539.6252,0.000339,0.106374,0.00445,0.00022734,0.015078,386,16.1213,55.1433,20931.4597,55.8343,12546,16289433,224.7007,291746.1572,0.7821,0.9189
flow_2790,0x10000ae6,07,Video,34,auto,197.6976,1374.906,1210.1967,141814.384,376.5825,1136.5159,698.7971,1364.906,666.1089,0.000617,0.062814,0.009532,0.00098687,0.031414,101,12.935,83.586,15653.8605,29.0422,3046,3686259,104.8818,126927.5886,0.8133,0.9529
flow_2802,0x10000af2,07,Video,34,auto,259.0775,1360.0947,1011.5755,91494.2792,302.4802,1128.2972,890.4293,1350.0947,459.6654,0.000545,0.082702,0.013093,0.0009796,0.031299,99,27.252,72.4723,27567.4487,28.0832,2144,2168817,76.3447,77228.3994,0.8014,0.9792
flow_2814,0x10000afe,07,Video,34,auto,244.1652,1399.3518,1014.5308,75021.0784,273.8998,1235.5544,729.5125,1380.0,650.4875,0.000584,0.10376,0.006044,0.00076607,0.027678,238,13.6732,74.6079,13871.9327,26.1235,4321,4383787,165.4069,167810.4087,0.8136,0.911
flow_2826,0x10000b0a,07,Video,34,auto,144.1642,1375.1019,931.7455,99221.2264,314.994,1307.9011,667.1889,1365.1019,697.913,0.000497,0.062296,0.01439,0.00074616,0.027316,41,21.9723,58.8753,20472.5608,15.4261,1072,998831,69.4928,64749.6075,0.7775,0.8517
flow_2838,0x10000b16,07,Video,34,auto,172.7654,1394.7336,1072.2039,177811.5674,421.6771,1344.2411,663.1515,1380.0,716.8485,0.000516,0.128455,0.003741,0.00026353,0.016234,153,13.4232,36.8129,14392.423,16.4967,4409,4727346,267.2651,286562.5793,0.8391,0.9272
flow_2850,0x10000b22,07,Video,34,auto,168.9254,1362.9574,1153.0967,128845.4946,358.9505,1272.7231,717.5506,1352.9574,635.4068,0.000382,0.09361,0.009831,0.00149244,0.038632,339,21.4718,55.3692,24759.0327,59.7228,6074,7003909,101.7033,117273.6891,0.7292,0.9489
flow_2862,0x10000b2e,07,Video,34,auto,159.6014,1387.1346,1085.0441,141144.4607,375.692,1153.3812,894.6522,1377.1346,482.4824,0.000548,0.099195,0.011313,0.00085647,0.029265,138,26.7583,84.7976,29033.9127,26.003,2298,2493431,88.3746,95890.2959,0.9149,0.9025
flow_2874,0x10000b3a,07,Video,34,auto,247.7343,1398.3488,1031.674,183896.6414,428.8317,1312.8481,734.5082,1380.0,645.4918,0.000768,0.111753,0.007358,0.00134503,0.036675,242,11.4951,62.4337,11859.1534,57.739,7846,8094514,135.8873,140191.3708,0.8991,0.8645
flow_2886,0x10000b46,07,Video,34,auto,134.3702,1377.5357,1141.7675,100995.0293,317.7972,1186.1334,715.3455,1367.5357,652.1902,0.000304,0.090501,0.004934,0.00067107,0.025905,181,13.7369,50.7543,15684.3372,30.3492,6151,7023012,202.6741,231406.7085,0.8784,0.8885
flow_2898,0x10000b52,07,Video,34,auto,253.4615,1383.9286,1207.4028,167617.6801,409.4114,1222.7559,742.7954,1373.9286,631.1332,0.000828,0.075827,0.014546,0.00019629,0.01401,81,26.8458,81.7577,32413.7355,41.1772,2830,3416950,68.7274,82981.6004,0.8846,0.909
flow_2910,0x10000b5e,07,Video,34,auto,253.5338,1361.5515,1130.7346,92531.3531,304.1897,1059.7534,790.1857,1351.5515,561.3659,0.000573,0.10157,0.010034,0.00107987,0.032861,140,15.0201,55.6116,16983.7079,26.5982,2650,2996446,99.6307,112655.9048,0.8747,0.8654
flow_2922,0x10000b6a,07,Video,34,auto,231.497,1393.7734,982.373,160812.9092,401.0148,1235.8723,890.3908,1380.0,489.6092,0.000248,0.078136,0.01164,0.00049716,0.022297,107,14.3018,47.8051,14049.7454,35.0467,3010,2956942,85.8853,84371.3746,0.7804,0.9549
flow_2934,0x10000b76,07,Video,34,auto,155.3014,1392.2356,1250.3831,126274.9168,355.3518,1240.9203,720.1105,1380.0,659.8895,0.000828,0.092725,0.012792,0.00075004,0.027387,190,11.8493,87.4133,14816.1885,41.594,3251,4064995,78.1603,97730.297,0.8652,0.8725
flow_2946,0x10000b82,07,Video,34,auto,161.5701,1391.816,1256.8773,150723.7357,388.2315,1332.6358,655.0028,1380.0,724.9972,0.00099,0.094304,0.012486,0.00096586,0.031078,62,16.5139,73.6533,20755.9208,25.4235,2036,2559002,80.0835,100655.1399,0.7864,0.9729
flow_2958,0x10000b8e,07,Video,34,auto,210.6405,1392.7345,960.4728,77329.3469,278.0815,1171.7477,814.7731,1380.0,565.2269,0.000906,0.136822,0.007693,0.00055805,0.023623,154,19.0419,68.1726,18289.2336,34.8318,4527,4348060,129.9675,124830.2692,0.7749,0.9147
flow_2970,0x10000b9a,07,Video,34,auto,158.862,1370.4505,1006.0316,129141.751,359.363,1129.6194,842.9112,1360.4505,517.5393,0.000795,0.093717,0.003629,0.00081778,0.028597,357,16.5559,41.455,16655.7208,27.3276,7531,7576424,275.5824,277244.5569,0.8362,0.9311
flow_2982,0x10000ba6,07,Video,34,auto,181.227,1365.8469,1279.5851,189596.3527,435.4266,1302.7755,681.7198,1355.8469,674.1271,0.000127,0.11723,0.011466,0.000821,0.028653,140,14.314,53.2799,18315.9683,45.4553,3964,5072275,87.2066,111588.228,0.8308,0.868
flow_2994,0x10000bb2,07,Video,34,auto,246.97,1390.3019,904.7863,75439.8602,274.6632,1105.3165,871.4526,1380.0,508.5474,0.00014,0.05355,0.009548,0.00042599,0.020639,143,17.7114,50.8174,16025.0203,39.7206,4160,3763911,104.7314,94759.5604,0.8813,0.9625
flow_3006,0x10000bbe,07,Video,34,auto,252.7179,1365.9767,1183.8687,115783.4818,340.2697,1305.3034,734.0879,1355.9767,621.8888,0.000219,0.064989,0.00833,0.00058515,0.02419,295,28.6217,53.0203,33884.2906,40.3683,4846,5737027,120.0446,142117.0478,0.7842,0.8682
flow_3018,0x10000bca,07,Video,34,auto,225.2158,1365.4778,1037.3032,136076.7395,368.8858,1191.9333,835.8452,1355.4778,519.6325,0.000351,0.089792,0.009503,0.0002941,0.017149,225,16.7486,38.4768,17373.4081,39.457,4152,4306882,105.2284,109153.7331,0.7845,0.9166
flow_3030,0x10000bd6,07,Video,34,auto,128.5005,1391.4936,934.9443,101544.2349,318.6601,1111.8028,896.1121,1380.0,483.8879,0.000142,0.099139,0.008416,0.00056013,0.023667,64,29.6312,53.1269,27703.4902,15.0697,1790,1673550,118.7816,111054.1154,0.8816,0.9755
flow_3042,0x10000be2,07,Video,34,auto,120.0323,1377.4157,1190.9355,67275.3323,259.3749,1107.3423,850.8629,1367.4157,516.5527,0.000633,0.075941,0.01481,0.00154041,0.039248,125,29.7239,65.2006,35399.2282,52.072,3516,4187329,67.5219,80414.1788,0.8252,0.8557
flow_3054,0x10000bee,07,Video,34,auto,135.6076,1396.3144,1050.6079,136778.2113,369.8354,1146.1677,722.3881,1380.0,657.6119,0.000643,0.137832,0.008183,0.00034032,0.018448,278,15.8689,56.0318,16671.9961,55.7163,6808,7152538,122.1904,128374.1884,0.7657,0.9278
flow_3066,0x10000bfa,07,Video,34,auto,157.9554,1367.8855,1072.4915,152887.9286,391.0089,1176.9862,852.5136,1357.8855,505.3718,0.000196,0.06178,0.004159,0.000815,0.028548,377,25.5092,62.9066,27358.3718,26.8274,6450,6917570,240.4261,257854.9321,0.8489,0.8573
flow_3078,0x10000c06,07,Video,34,auto,232.4795,1379.7054,915.9558,95019.3549,308.2521,1129.2193,667.4499,1369.7054,702.2555,0.000634,0.102046,0.014425,0.00083913,0.028968,49,23.3799,41.7981,21414.933,23.9311,1658,1518654,69.2823,63459.4947,0.8124,0.8502
flow_3090,0x10000c12,07,Video,34,auto,220.796,1391.3486,908.3491,124800.4135,353.271,1278.8096,711.2182,1380.0,668.7818,0.000858,0.148813,0.00611,0.00151968,0.038983,335,10.1651,73.8373,9233.4299,35.8762,5871,5332917,163.6459,148647.6112,0.8833,0.9057
flow_3102,0x10000c1e,07,Video,34,auto,242.0023,1360.0071,1033.1805,88902.0665,298.1645,1076.6509,846.3122,1350.0071,503.6949,0.000384,0.121114,0.003679,0.00092597,0.03043,773,22.3943,55.3795,23137.3458,58.3586,15863,16389342,271.8193,280838.4084,0.8219,0.8608
flow_3114,0x10000c2a,07,Video,34,auto,124.5812,1363.5742,1055.7571,118936.9673,344.8724,1218.5735,678.5124,1353.5742,675.0618,0.000919,0.139976,0.010048,0.00134237,0.036638,111,20.7522,39.0347,21909.2905,36.8866,3671,3875684,99.5213,105070.3022,0.9147,0.8503
flow_3126,0x10000c36,07,Video,34,auto,207.9049,1398.6233,1137.762,191293.4438,437.3711,1282.351,679.6792,1380.0,700.3208,0.000765,0.090093,0.014498,0.00121173,0.03481,41,16.6222,60.0738,18912.1584,12.4054,855,972786,68.9214,78416.1528,0.8603,0.9086
flow_3138,0x10000c42,07,Video,34,auto,218.0196,1377.9847,1018.3208,169512.5728,411.719,1196.7043,867.7454,1367.9847,500.2393,0.000969,0.090243,0.010724,0.00042079,0.020513,226,18.3416,75.6057,18677.6017,48.7648,4547,4630304,93.2435,94951.7915,0.8593,0.9721
flow_3150,0x10000c4e,07,Video,34,auto,123.817,1373.9235,1240.0826,178909.2298,422.9766,1143.9408,778.7552,1363.9235,585.1683,0.000685,0.069672,0.009936,0.00092764,0.030457,150,10.3453,68.9836,12829.0688,44.9601,4524,5610133,100.6226,124780.3199,0.8033,0.9651
flow_3162,0x10000c5a,07,Video,34,auto,123.32,1368.2167,1117.8008,172276.7363,415.0623,1278.313,835.9454,1358.2167,522.2712,0.00079,0.138924,0.008656,0.00123822,0.035188,100,10.4316,63.6818,11660.455,23.4944,2714,3033711,115.5169,129124.8774,0.8954,0.946
flow_3174,0x10000c66,07,Video,34,auto,184.9499,1392.49,1313.906,133146.4309,364.8924,1324.1242,870.549,1380.0,509.451,0.000227,0.102702,0.007968,0.00083774,0.028944,164,13.6855,82.6422,17981.4364,32.3509,4059,5333144,125.4679,164852.9909,0.736,0.9516
flow_3186,0x10000c72,07,Video,34,auto,199.1797,1390.7195,1239.6822,101722.9581,318.9404,1099.0378,748.6668,1380.0,631.3332,0.000718,0.080937,0.007943,0.00105177,0.032431,347,29.9293,36.7986,37102.7908,56.6076,7126,8833975,125.8841,156056.264,0.8547,0.9306
flow_3198,0x10000c7e,07,Video,34,auto,242.3821,1387.3957,995.2707,135769.4721,368.4691,1243.008,871.5952,1377.3957,505.8005,0.000168,0.092546,0.012268,0.00143977,0.037944,87,26.2162,62.0908,26092.2282,26.7038,2176,2165709,81.4866,81101.2308,0.727,0.9372
flow_3210,0x10000c8a,07,Video,34,auto,172.7966,1365.3537,1184.6908,156902.9823,396.1098,1103.8413,830.4462,1355.3537,524.9075,0.000275,0.084224,0.0062,0.00017724,0.013313,130,17.1249,85.8523,20287.7674,13.7236,2213,2621720,161.2554,191037.7306,0.8472,0.9715
flow_3222,0x10000c96,07,Video,34,auto,146.5871,1382.4852,1299.6949,151527.0287,389.2647,1226.6369,650.9931,1372.4852,721.4922,0.000556,0.123828,0.008647,0.00112133,0.033486,154,17.3329,80.3952,22527.4789,44.7388,5173,6723321,115.6268,150279.5216,0.7721,0.9225
flow_3234,0x10000ca2,07,Video,34,auto,166.7093,1365.3989,1018.1204,198806.1696,445.8769,1056.4645,786.8229,1355.3989,568.576,0.000598,0.087999,0.013249,0.0001424,0.011933,85,26.2889,60.5449,26765.2594,22.363,1687,1717569,75.4371,76804.0317,0.7292,0.9031
flow_3246,0x10000cae,07,Video,34,auto,120.6161,1376.8566,1287.7631,135844.7432,368.5712,1095.869,681.6466,1366.8566,685.21,0.000945,0.055445,0.007519,0.0009796,0.031299,191,18.4238,78.5653,23725.4482,28.9333,3848,4955312,132.9957,171266.9718,0.7517,0.9715
flow_3258,0x10000cba,07,Video,34,auto,218.4197,1374.6127,1186.913,99188.5815,314.9422,1295.1321,749.4691,1364.6127,615.1436,0.000492,0.055469,0.009617,0.00067484,0.025978,82,26.6288,83.4095,31606.0684,26.8897,2796,3318608,103.9805,123415.7625,0.8626,0.9349
flow_3270,0x10000cc6,07,Video,34,auto,191.8783,1390.4941,1088.2092,82468.3998,287.1731,1321.3419,801.5424,1380.0,578.4576,0.000326,0.098239,0.012782,0.00020681,0.014381,127,16.7457,59.7704,18222.8526,37.739,2952,3212393,78.2215,85121.382,0.7932,0.8552
flow_3282,0x10000cd2,07,Video,34,auto,203.8961,1399.6932,1063.4566,82183.0198,286.6758,1203.1504,803.2802,1380.0,576.7198,0.000846,0.115996,0.006923,0.00054958,0.023443,185,20.095,44.5906,21370.1592,33.6128,4855,5163082,144.439,153604.5827,0.8941,0.8618
flow_3294,0x10000cde,07,Video,34,auto,234.005,1395.0123,972.2588,73224.3007,270.5999,1099.1449,871.6806,1380.0,508.3194,0.000715,0.071812,0.004181,0.0009346,0.030571,173,18.4016,62.471,17891.1325,23.0294,5508,5355201,239.1724,232537.4813,0.7994,0.8738
flow_3306,0x10000cea,07,Video,34,auto,191.8945,1399.1968,1094.7253,152804.5151,390.9022,1275.5061,664.9495,1380.0,715.0505,0.000377,0.125909,0.008251,0.000781,0.027946,207,22.6756,78.6811,24823.5917,54.575,6614,7240512,121.191,132670.8717,0.7665,0.8533
flow_3318,0x10000cf6,07,Video,34,auto,178.4288,1371.926,1089.4419,165413.0056,406.71,1206.1654,835.3468,1361.926,526.5792,0.000351,0.126695,0.01485,0.00110813,0.033289,150,23.1907,61.9718,25264.9454,52.7963,3555,3872966,67.3343,73356.8258,0.7455,0.9447
flow_3330,0x10000d02,07,Video,34,auto,254.7364,1389.9207,992.8635,157778.2716,397.2131,1054.0286,880.4361,1379.9207,499.4846,0.000859,0.097765,0.005387,0.00060697,0.024637,366,21.1081,81.5001,20957.5082,43.8614,8142,8083894,185.63,184305.2579,0.8985,0.9093
flow_3342,0x10000d0e,07,Video,34,auto,143.3561,1371.9341,1229.337,78175.7223,279.5992,1090.7267,651.757,1361.9341,710.1771,0.000506,0.126617,0.007659,0.0005646,0.023761,276,22.1889,44.4176,27277.6766,31.9054,4165,5120188,130.542,160480.1521,0.725,0.9511
flow_3354,0x10000d1a,07,Video,34,auto,153.3456,1395.6548,1015.4887,72745.4827,269.7137,1318.8385,666.3035,1380.0,713.6965,0.000808,0.071998,0.014247,0.00102036,0.031943,168,23.1733,68.0198,23532.2438,41.1608,2889,2933746,70.1882,71275.3149,0.8848,0.9338
flow_3366,0x10000d26,07,Video,34,auto,255.192,1384.082,1319.8531,105547.6146,324.8809,1258.4099,890.1768,1374.082,483.9052,0.00024,0.067606,0.009281,0.00041852,0.020458,282,15.4133,76.0663,20343.2976,52.9963,5710,7536361,107.7433,142205.3348,0.8874,0.8771
flow_3378,0x10000d32,07,Video,34,auto,184.3107,1392.8042,1065.0813,89465.175,299.1073,1212.572,789.8952,1380.0,590.1048,0.000652,0.078397,0.003028,0.00017224,0.013124,979,13.041,37.4551,13889.7014,59.2228,19556,20828730,330.2104,351700.9088,0.8573,0.8878
flow_3390,0x10000d3e,07,Video,34,auto,236.0702,1382.497,919.7319,177003.694,420.7181,1131.1332,693.8639,1372.497,678.6331,0.000629,0.050696,0.006325,0.00082614,0.028743,154,25.0062,47.891,22999.0225,28.4643,4500,4138793,158.093,145403.1287,0.7693,0.9384
flow_3402,0x10000d4a,07,Video,34,auto,208.962,1363.8374,1316.9877,81756.4728,285.9309,1224.8779,843.5008,1353.8374,510.3366,0.000285,0.055678,0.003907,0.00066196,0.025729,196,21.5834,87.4491,28425.041,16.7664,4291,5651194,255.9292,337055.5361,0.9071,0.9634
flow_3414,0x10000d56,07,Video,34,auto,169.459,1394.419,1000.9883,73649.1169,271.3837,1257.621,680.1092,1380.0,699.8908,0.000756,0.089324,0.011034,0.00048627,0.022051,81,23.8012,72.68,23824.6975,18.5683,1682,1683662,90.5843,90673.8426,0.8395,0.892
flow_3426,0x10000d62,07,Video,34,auto,161.2449,1388.2109,968.3726,94272.4642,307.0382,1176.5275,706.4217,1378.2109,671.7892,0.000778,0.135764,0.007047,0.00050185,0.022402,388,26.1951,70.2294,25366.6094,51.5952,7321,7089455,141.8929,137405.2111,0.7676,0.8989
flow_3438,0x10000d6e,07,Video,34,auto,241.9971,1360.1501,927.3288,63665.6333,252.3205,1152.818,688.9253,1350.1501,661.2248,0.000805,0.08682,0.012815,0.00155962,0.039492,92,11.7316,84.698,10879.004,26.0224,2030,1882477,78.0097,72340.6582,0.7688,0.8825
flow_3450,0x10000d7a,07,Video,34,auto,128.8629,1377.2636,996.8546,130822.0816,361.6934,1269.3418,696.3796,1367.2636,670.8839,0.000894,0.141567,0.005633,0.00162311,0.040288,107,16.7988,63.4272,16745.9425,20.4374,3628,3616588,177.5173,176958.9023,0.8113,0.9771
flow_3462,0x10000d86,07,Video,34,auto,256.6727,1375.6174,1280.7646,63258.9538,251.5133,1273.4842,692.1643,1365.6174,673.4531,0.000359,0.123385,0.008646,0.00124882,0.035339,83,18.7804,45.9609,24053.3351,23.5645,2725,3490083,115.6402,148107.8159,0.7307,0.9288
flow_3474,0x10000d92,07,Video,34,auto,170.0382,1398.7137,1233.0437,75533.3032,274.8332,1086.6885,899.7314,1380.0,480.2686,0.000483,0.126115,0.01078,0.00092209,0.030366,315,13.448,82.634,16582.0094,56.5525,5245,6467314,92.7457,114359.4426,0.7358,0.8967
flow_3486,0x10000d9e,07,Video,34,auto,147.3993,1369.0194,1314.7736,153582.6939,391.8963,1131.3698,656.9558,1359.0194,702.0636,0.00038,0.102733,0.012541,0.00084196,0.029017,269,24.6398,82.4514,32395.7844,55.0321,4388,5769226,79.7353,104833.8665,0.8241,0.9749
flow_3498,0x10000daa,07,Video,34,auto,241.9024,1390.5845,1121.6364,155261.4131,394.0322,1329.6594,677.9635,1380.0,702.0365,0.000492,0.122615,0.010077,0.00022821,0.015107,176,26.598,48.4197,29833.3049,30.2546,3002,3367152,99.2245,111293.8267,0.8205,0.8695
flow_3510,0x10000db6,07,Video,34,auto,135.2838,1375.5419,1033.6703,132631.2096,364.1857,1095.7926,676.4388,1365.5419,689.1031,0.00053,0.133844,0.01148,0.00033061,0.018183,154,25.7067,75.6179,26572.2556,30.1704,2628,2716485,87.1053,90038.153,0.842,0.9199
flow_3522,0x10000dc2,07,Video,34,auto,196.6556,1368.7529,1001.1763,146934.0789,383.3198,1151.222,744.1741,1358.7529,614.5788,0.000463,0.143009,0.011426,0.00088238,0.029705,82,25.8738,47.0046,25904.2118,27.756,2429,2431857,87.5126,87615.5041,0.8148,0.8527
flow_3534,0x10000dce,07,Video,34,auto,129.764,1397.2869,1052.6074,107715.5083,328.2004,1336.3368,893.8068,1380.0,486.1932,0.0009,0.098407,0.013096,0.00054867,0.023424,97,14.9615,82.3429,15748.625,42.9147,3276,3448341,76.3374,80353.3053,0.7998,0.9633
flow_3546,0x10000dda,07,Video,34,auto,123.6182,1372.8837,1234.8943,67371.9378,259.561,1080.8728,797.249,1362.8837,565.6347,0.00063,0.147364,0.012083,0.00061609,0.024821,132,14.4375,59.5559,17828.7534,25.502,2110,2605627,82.7385,102173.2959,0.8755,0.9045
flow_3558,0x10000de6,07,Video,34,auto,198.3948,1363.3882,1265.5253,148984.247,385.9848,1250.7067,799.6059,1353.3882,553.7823,0.000132,0.05813,0.003119,0.00056641,0.023799,199,14.3024,59.847,18100.0716,20.4341,6552,8291721,320.6397,405777.6783,0.8953,0.9382
flow_3570,0x10000df2,07,Video,34,auto,194.7209,1395.9297,1289.7037,156693.1787,395.8449,1172.5213,658.7966,1380.0,721.2034,0.000221,0.143515,0.0137,0.00096156,0.031009,165,15.9175,82.2892,20528.8837,35.4537,2587,3336463,72.9684,94107.6497,0.8038,0.955
flow_3582,0x10000dfe,07,Video,34,auto,192.9036,1389.0929,1129.3228,150299.4374,387.6847,1157.5462,826.0974,1379.0929,552.9955,0.000987,0.109184,0.005978,0.00120994,0.034784,244,27.8545,52.9687,31456.7156,30.3171,5071,5726795,167.2653,188896.4396,0.8828,0.9031
flow_3594,0x10000e0a,07,Video,34,auto,157.1976,1361.4399,1102.0573,175408.746,418.8183,1096.7748,739.2173,1351.4399,612.2226,0.000123,0.08223,0.003113,0.00056179,0.023702,494,17.3449,50.5668,19115.066,51.8804,16664,18364683,321.2001,353980.9607,0.8717,0.9407
flow_3606,0x10000e16,07,Video,34,auto,121.2455,1371.9751,1304.4251,184179.6639,429.1616,1075.0752,858.0661,1361.9751,503.909,0.000559,0.070676,0.009552,0.00139919,0.037406,164,20.6134,57.4236,26888.6868,53.1,5558,7249994,104.6705,136534.8026,0.875,0.8609
flow_3618,0x10000e22,07,Video,34,auto,164.4687,1398.9877,1139.1963,190326.5476,436.2643,1242.8898,841.7723,1380.0,538.2277,0.00038,0.091945,0.004162,0.00068195,0.026114,205,20.7181,42.0552,23602.0137,23.3969,5621,6403422,240.2452,273686.4031,0.8659,0.887
flow_3630,0x10000e2e,07,Video,34,auto,177.9053,1398.8368,959.6914,187591.6247,433.1185,1085.5506,788.1665,1380.0,591.8335,0.000577,0.1205,0.004994,0.00062428,0.024986,352,20.4089,52.1832,19586.2608,58.8103,11775,11300366,200.22,192149.4477,0.8274,0.8977
flow_3642,0x10000e3a,07,Video,34,auto,253.5977,1380.6013,1132.428,63777.6157,252.5423,1085.4257,661.5368,1370.6013,709.0645,0.000853,0.094558,0.013838,0.00050067,0.022376,164,27.2025,71.9436,30804.9007,56.1832,4060,4597657,72.2636,81833.3199,0.7732,0.925
flow_3654,0x10000e46,07,Video,34,auto,199.5866,1390.066,1204.1744,96394.6634,310.4749,1254.6726,780.0012,1380.0,599.9988,0.000994,0.075604,0.004066,0.00107849,0.03284,100,15.5766,57.287,18756.9734,12.2184,3004,3617339,245.8584,296056.2819,0.7216,0.8584
flow_3666,0x10000e52,07,Video,34,auto,149.01,1362.0024,985.1429,171855.1431,414.5541,1115.5421,794.8375,1352.0024,557.1649,0.000335,0.096117,0.004515,0.00127509,0.035708,219,15.1689,35.023,14943.5253,27.9322,6186,6094093,221.4648,218174.4054,0.8251,0.9767
flow_3678,0x10000e5e,07,Video,34,auto,178.7613,1392.4595,1019.8734,129422.3668,359.7532,1268.3398,822.8937,1380.0,557.1063,0.000898,0.094537,0.006008,0.00021066,0.014514,266,28.7759,54.4043,29347.8069,51.9587,8648,8819864,166.44,169747.7442,0.8519,0.9275
flow_3690,0x10000e6a,07,Video,34,auto,215.0801,1392.849,915.8698,112205.4242,334.9708,1147.0871,758.3825,1380.0,621.6175,0.000672,0.071048,0.011016,0.00085726,0.029279,164,20.2225,51.2263,18521.1696,35.8179,3251,2977492,90.7648,83128.718,0.7634,0.9722
flow_3702,0x10000e76,07,Video,34,auto,243.3781,1387.0763,982.8226,65681.655,256.2843,1139.4239,865.7817,1377.0763,511.2946,0.00092,0.054221,0.008578,0.00037518,0.01937,190,20.3804,49.5108,20030.3401,50.7148,5912,5810446,116.5735,114571.0539,0.8069,0.896
flow_3714,0x10000e82,07,Video,34,auto,194.9399,1365.0675,1161.5707,169421.5382,411.6085,1199.4018,735.8669,1355.0675,619.2006,0.000968,0.070925,0.01495,0.00043381,0.020828,143,27.86,61.9157,32361.3511,36.8649,2465,2863271,66.8658,77669.3385,0.8968,0.9572
flow_3726,0x10000e8e,07,Video,34,auto,212.3364,1368.7066,1256.4012,179013.7671,423.1002,1218.8251,751.7211,1358.7066,606.9855,0.000508,0.112899,0.006176,0.00037606,0.019392,206,12.5664,41.2098,15788.3863,38.6529,6258,7862558,161.9025,203414.5102,0.9182,0.8911
flow_3738,0x10000e9a,07,Video,34,auto,244.7997,1376.7227,916.8883,151841.2583,389.6681,1192.3477,823.3791,1366.7227,543.3436,0.000848,0.071067,0.014601,0.0016742,0.040917,97,16.9259,54.2144,15519.1174,48.449,3318,3042235,68.4844,62792.5387,0.8156,0.9404
flow_3750,0x10000ea6,07,Video,34,auto,190.8801,1393.3198,1093.5121,90138.5028,300.2307,1110.8733,706.4177,1380.0,673.5823,0.000502,0.118196,0.0143,0.00050061,0.022374,98,17.5829,53.2834,19227.093,42.9833,3005,3286003,69.9108,76448.3305,0.8205,0.9325
flow_3762,0x10000eb2,07,Video,34,auto,221.3927,1384.6091,1051.933,119701.7869,345.9795,1068.3153,717.5735,1374.6091,657.0356,0.00018,0.13286,0.004974,0.00046584,0.021583,293,28.9551,66.0297,30458.8086,47.2131,9492,9984948,201.0458,211486.7169,0.869,0.9137
flow_3774,0x10000ebe,07,Video,34,auto,177.2477,1391.9095,1089.3,90428.4511,300.7132,1258.5163,858.0651,1380.0,521.9349,0.00074,0.116687,0.00989,0.00022439,0.01498,124,19.9038,78.4933,21681.2107,28.4438,2876,3132826,101.1116,110140.8917,0.8561,0.9172
flow_3786,0x10000eca,07,Video,34,auto,144.7966,1370.7387,1066.3176,84844.1553,291.2802,1317.1555,831.7179,1360.7387,529.0209,0.000922,0.109572,0.00345,0.000576,0.024,397,16.0774,56.3612,17143.6363,35.2727,10222,10899898,289.7992,309017.9511,0.7594,0.9424
flow_3798,0x10000ed6,07,Video,34,auto,161.0261,1362.8101,1053.1907,197207.9365,444.081,1310.2122,765.7179,1352.8101,587.0922,0.000793,0.076881,0.013966,0.0011138,0.033374,97,26.7985,64.8178,28223.9528,47.641,3411,3592433,71.598,75406.3535,0.7202,0.899
flow_3810,0x10000ee2,07,Video,34,auto,164.3145,1382.1934,1241.2287,75739.8171,275.2087,1089.4377,710.5299,1372.1934,661.6635,0.000826,0.127362,0.013387,0.00032253,0.017959,126,17.1261,46.8733,21257.4448,41.2515,3081,3824225,74.6882,92705.1615,0.859,0.91
flow_3822,0x10000eee,07,Video,34,auto,163.7154,1396.5124,1161.2033,179935.9334,424.1886,1073.9944,722.9942,1380.0,657.0058,0.000947,0.140514,0.004003,0.00129671,0.03601,299,28.2775,83.6795,32835.9481,29.5069,7371,8559229,249.806,290075.5334,0.7223,0.8733
flow_3834,0x10000efa,07,Video,34,auto,170.3759,1377.1528,1142.5436,177124.3399,420.8614,1290.2102,717.6492,1367.1528,649.5036,0.000291,0.120017,0.014605,0.0003521,0.018764,196,16.5036,39.2519,18856.1209,53.6127,3670,4193134,68.454,78211.6235,0.812,0.9172
flow_3846,0x10000f06,07,Video,34,auto,212.0987,1398.883,1252.0923,172017.8469,414.7503,1185.5761,680.5287,1380.0,699.4713,0.000562,0.053546,0.003998,0.00031827,0.01784,422,27.4373,39.9791,34354.0592,35.045,8765,10974589,250.1068,313156.8543,0.856,0.8606
flow_3858,0x10000f12,07,Video,34,auto,255.9824,1398.7163,972.8573,169717.5707,411.9679,1067.5835,823.0158,1380.0,556.9842,0.00041,0.073913,0.010695,0.0007049,0.02655,158,16.0459,62.9266,15610.3892,28.7715,2690,2616986,93.4952,90957.4678,0.8229,0.925
flow_3870,0x10000f1e,07,Video,34,auto,237.7712,1366.2324,1129.0369,127241.8126,356.7097,1083.9954,666.8871,1356.2324,689.3453,0.000492,0.100758,0.013178,0.00040203,0.020051,34,20.8527,84.9939,23543.4518,13.1436,997,1125649,75.8542,85642.1759,0.7462,0.8719
flow_3882,0x10000f2a,07,Video,34,auto,258.5771,1380.0712,1244.4516,120447.5093,347.0555,1144.525,811.3966,1370.0712,558.6746,0.000292,0.063093,0.014457,0.00069528,0.026368,106,20.284,61.7367,25242.4573,36.8115,2546,3168373,69.1632,86070.244,0.8348,0.8908
flow_3894,0x10000f36,07,Video,34,auto,178.8591,1388.708,1002.1564,167980.7789,409.8546,1308.5183,651.16,1378.708,727.5479,0.000739,0.137694,0.013538,0.00014661,0.012108,50,24.4034,89.1082,24456.0057,23.317,1722,1725713,73.8518,74011.0658,0.7599,0.8667
flow_3906,0x10000f42,07,Video,34,auto,154.1244,1388.5442,1310.3469,134260.3356,366.4155,1208.5224,796.6382,1378.5442,581.906,0.000122,0.115056,0.011794,0.00048514,0.022026,94,28.5474,68.59,37406.9865,34.7471,2946,3860282,84.784,111096.4891,0.839,0.9327
flow_3918,0x10000f4e,07,Video,34,auto,176.6298,1362.8883,1182.4573,90522.2125,300.8691,1086.4718,676.2114,1352.8883,676.6768,0.000788,0.113884,0.009347,0.00045372,0.021301,176,10.0121,47.9353,11838.8442,57.0138,6099,7211807,106.974,126492.236,0.7683,0.9643
flow_3930,0x10000f5a,07,Video,34,auto,161.3147,1394.5499,1029.7122,152071.3667,389.9633,1069.8918,861.4912,1380.0,518.5088,0.000813,0.141427,0.003083,0.00073774,0.027161,533,23.9451,81.3162,24656.6108,42.0951,13653,14058661,324.3371,333973.8861,0.7226,0.9288
flow_3942,0x10000f66,07,Video,34,auto,179.426,1386.6827,932.2678,74682.3905,273.2808,1263.1865,728.9672,1376.6827,647.7155,0.000908,0.080542,0.006514,0.00046163,0.021486,140,24.2094,57.7846,22569.62,20.4917,3145,2931982,153.4767,143081.3832,0.873,0.9387
flow_3954,0x10000f72,07,Video,34,auto,213.1453,1384.366,960.9741,88729.0405,297.8742,1295.8983,892.3701,1374.366,481.9959,0.00056,0.0975,0.00966,0.00039821,0.019955,210,27.6108,88.8082,26533.2248,43.8334,4537,4359939,103.5055,99466.1042,0.9022,0.9785
flow_3966,0x10000f7e,07,Video,34,auto,208.6232,1392.0339,1036.7174,88792.2453,297.9803,1279.8725,731.478,1380.0,648.522,0.000883,0.131674,0.012672,0.00135483,0.036808,129,19.8732,51.0213,20602.8454,55.2163,4357,4516977,78.9079,81805.2085,0.7578,0.9008
flow_3978,0x10000f8a,07,Video,34,auto,247.3635,1381.403,928.4621,201543.7693,448.9363,1207.7574,703.3461,1371.403,668.0569,0.000105,0.133696,0.010595,0.00102036,0.031943,75,21.9201,77.5996,20352.0055,15.4157,1455,1350912,94.384,87631.9817,0.8478,0.9307
flow_3990,0x10000f96,07,Video,34,auto,201.8601,1398.3883,1271.9353,169871.1114,412.1542,1259.2286,668.6777,1380.0,711.3223,0.000728,0.104744,0.00329,0.00147564,0.038414,210,23.7961,47.9062,30267.1375,12.1332,3688,4690897,303.9591,386616.2682,0.7913,0.9578
flow_4002,0x10000fa2,07,Web,0,auto,114.8192,1396.8747,504.6442,141112.2807,375.6491,386.2501,158.6953,1294.3069,1135.6116,0.004857,3.449087,0.084805,0.02598689,0.161205,14,4.9765,28.31,2511.3422,13.2326,156,78724,11.7891,5949.2521,0.3726,0.1229
flow_4014,0x10000fae,07,Web,0,auto,102.5112,1379.2918,698.8488,113633.6383,337.0959,483.3117,104.9159,1339.6948,1234.779,0.004308,0.562311,0.086339,0.1431977,0.378415,34,4.9377,17.9022,3450.726,25.2349,292,204063,11.5713,8086.5436,0.3044,0.3794
flow_4026,0x10000fba,07,Web,0,auto,122.4945,1354.1728,570.5111,150538.0254,387.9923,539.6837,112.5754,1256.518,1143.9427,0.003362,2.017131,0.11621,0.06183171,0.24866,32,8.1028,23.0865,4622.7492,34.5973,297,169441,8.5845,4897.5186,0.4023,0.3313
flow_4038,0x10000fc6,07,Web,0,auto,89.4919,1366.3513,592.7439,143431.0679,378.7229,439.4048,184.0849,1194.8727,1010.7878,0.001984,3.134829,0.148196,0.08824966,0.297068,30,7.56,29.823,4481.1211,25.7217,173,102544,6.7258,3986.6737,0.3746,0.3389
flow_4050,0x10000fd2,07,Web,0,auto,115.5645,1364.5492,723.0229,259448.3619,509.3607,589.6814,119.5195,1344.7568,1225.2373,0.001909,0.709589,0.096472,0.09626141,0.31026,12,5.293,14.4063,3826.9905,15.0576,156,112791,10.3602,7490.6225,0.3797,0.2847
flow_4062,0x10000fde,07,Web,0,auto,104.3584,1365.4644,835.3812,185223.0957,430.3755,480.1622,111.719,1254.4546,1142.7356,0.002515,1.265963,0.175088,0.18799249,0.433581,24,7.0761,18.1595,5911.2578,34.3519,196,163734,5.7057,4766.3772,0.3689,0.1893
flow_4074,0x10000fea,07,Web,0,auto,120.5417,1396.8615,758.4739,215386.5747,464.0976,516.9098,107.3425,1266.5828,1159.2404,0.003696,2.766073,0.139581,0.04300562,0.207378,13,6.225,20.2459,4721.4781,22.8193,163,123631,7.1431,5417.823,0.298,0.2623
flow_4086,0x10000ff6,07,Web,0,auto,87.4125,1377.7163,794.7147,112579.1897,335.5282,607.7992,140.3845,1108.5014,968.1169,0.001334,0.400684,0.122886,0.034784,0.186505,13,5.8063,15.9388,4614.3196,19.5858,159,126359,8.1181,6451.5499,0.4476,0.1737
flow_4098,0x10001002,07,Web,0,auto,108.821,1361.0412,773.8884,228321.6624,477.8302,341.9892,143.2025,1141.5347,998.3322,0.001022,1.319102,0.118485,0.13501576,0.367445,32,3.5189,24.9986,2723.2044,33.547,283,219010,8.4359,6528.443,0.3213,0.2698
flow_4110,0x1000100e,07,Web,0,auto,124.3485,1392.4352,839.9473,159717.806,399.6471,513.2479,104.1937,1350.0,1245.8063,0.001581,2.513941,0.085695,0.09486431,0.308001,35,8.7279,18.185,7330.9694,29.0018,338,283902,11.6545,9789.1307,0.3921,0.3431
flow_4122,0x1000101a,07,Web,0,auto,99.4603,1342.3661,642.4956,247223.4777,497.2157,540.2744,156.5097,1174.9458,1018.4361,0.001987,0.655564,0.051583,0.13557202,0.368201,51,8.6539,13.6622,5560.0639,33.3155,645,414409,19.3604,12438.9201,0.3511,0.1818
flow_4134,0x10001026,07,Web,0,auto,118.0037,1359.7769,607.1372,266388.056,516.1279,491.9384,115.1635,1314.2827,1199.1193,0.003975,3.390659,0.116638,0.09384298,0.306338,12,3.7136,28.4684,2254.69,14.8512,127,77106,8.5515,5191.8967,0.419,0.2975
flow_4146,0x10001032,07,Web,0,auto,128.7909,1341.442,675.9566,227306.4717,476.7667,642.5926,135.8536,1191.3958,1055.5421,0.002694,2.346433,0.101629,0.04298333,0.207324,36,4.5232,31.9236,3057.4587,32.4502,319,215630,9.8305,6644.9551,0.3932,0.3412
flow_4158,0x1000103e,07,Web,0,auto,80.2222,1379.7945,778.9047,114233.1847,337.984,259.3797,150.8516,1350.0,1199.1484,0.00314,3.423107,0.138235,0.04038754,0.200967,8,5.329,16.7742,4150.7849,13.0071,94,73217,7.2268,5629.0051,0.3589,0.2585
flow_4170,0x1000104a,07,Web,0,auto,89.8217,1396.0558,760.6324,248158.6811,498.1553,453.2455,151.1851,1144.2669,993.0818,0.001499,2.448636,0.078436,0.07118001,0.266796,11,3.9279,15.4839,2987.6666,9.5568,121,92036,12.6611,9630.3768,0.3094,0.1558
flow_4182,0x10001056,07,Web,0,auto,111.4749,1381.4171,532.369,241874.076,491.8069,391.3971,121.9171,1325.2506,1203.3335,0.003506,1.018975,0.15657,0.01510378,0.122897,6,6.4736,20.6585,3446.3256,11.5124,73,38862,6.341,3375.6779,0.3104,0.1433
flow_4194,0x10001062,07,Web,0,auto,87.8175,1358.2777,799.0407,137416.3112,370.6971,580.5984,103.2352,1246.5538,1143.3186,0.003963,3.083088,0.043522,0.14571413,0.381725,114,3.7879,16.0851,3026.647,31.8476,731,584098,22.953,18340.3895,0.3274,0.1695
flow_4206,0x1000106e,07,Web,0,auto,80.7749,1381.9484,558.1638,120024.549,346.4456,251.7106,196.4022,1320.1454,1123.7432,0.002373,2.253319,0.164641,0.17808303,0.421999,9,7.6678,22.9403,4279.8769,21.5082,130,72561,6.0442,3373.645,0.3562,0.3635
flow_4218,0x1000107a,07,Web,0,auto,129.6245,1362.2793,451.1285,194620.6217,441.1583,252.9497,190.1519,1280.2083,1090.0564,0.002317,1.440453,0.054503,0.05763046,0.240063,59,7.2309,18.3729,3262.0724,20.5494,377,170075,18.3461,8276.4136,0.2936,0.1843
flow_4230,0x10001086,07,Web,0,auto,122.9783,1355.0529,813.7898,235252.2033,485.028,415.7848,180.961,1290.4134,1109.4523,0.002814,1.985108,0.116812,0.02944263,0.171589,7,3.9774,25.7781,3236.7784,10.4441,89,72427,8.5215,6934.7072,0.4558,0.2335
flow_4242,0x10001092,07,Web,0,auto,110.0517,1349.7784,689.5101,112098.2619,334.8108,540.7375,130.0452,1228.2094,1098.1642,0.001056,2.398489,0.136033,0.16776669,0.409593,17,5.8148,13.4519,4009.3696,27.0997,199,137212,7.3433,5063.2299,0.4089,0.1257
flow_4254,0x1000109e,07,Web,0,auto,93.0946,1391.8676,471.8168,203489.7995,451.0984,417.8307,102.7884,1292.4738,1189.6854,0.00164,1.939403,0.074496,0.01858635,0.136332,11,4.5886,18.1808,2164.9878,9.2345,123,58033,13.3196,6284.3464,0.3204,0.1529
flow_4266,0x100010aa,07,Web,0,auto,114.0408,1378.4042,474.6879,155096.2504,393.8226,504.0777,163.9543,1273.8629,1109.9086,0.002704,0.427854,0.118287,0.03433877,0.185307,13,6.1317,20.6473,2910.6576,16.2217,137,65032,8.4455,4008.95,0.3611,0.3189
flow_4278,0x100010b6,07,Web,0,auto,117.8151,1385.8672,756.372,102766.5909,320.5723,530.4022,165.7472,1220.3713,1054.6241,0.004994,1.791445,0.049842,0.01218455,0.110384,34,8.9949,20.7111,6803.4553,18.3538,368,278344,20.0503,15165.4375,0.3947,0.3392
flow_4290,0x100010c2,07,Web,0,auto,129.15,1349.6686,791.0483,172487.695,415.3164,549.3719,132.9206,1252.6565,1119.7358,0.003384,1.679737,0.105211,0.19859764,0.445643,28,6.1756,30.1039,4885.2333,19.1515,182,143970,9.5032,7517.433,0.3305,0.1994
flow_4302,0x100010ce,07,Web,0,auto,102.4503,1363.3635,532.8349,177820.4575,421.6876,541.4877,161.5829,1331.9554,1170.3725,0.004237,0.821273,0.178871,0.02111675,0.145316,15,6.351,30.0365,3384.0415,27.4207,153,81523,5.5797,2973.0477,0.4379,0.1348
flow_4314,0x100010da,07,Web,0,auto,126.9519,1353.8109,458.7912,123095.4062,350.8495,390.134,108.0532,1343.489,1235.4359,0.003242,3.27265,0.122244,0.0118675,0.108938,30,8.6634,25.1306,3974.6824,21.5538,176,80747,8.1656,3746.3048,0.3496,0.2784
flow_4326,0x100010e6,07,Web,0,auto,118.3433,1369.3219,697.4412,212586.9602,461.0715,496.2171,107.8166,1326.7707,1218.9541,0.002901,0.806687,0.066718,0.02854316,0.168947,45,3.8051,28.0437,2653.8207,31.7216,475,331284,14.974,10443.4788,0.4195,0.2538
flow_4338,0x100010f2,07,Web,0,auto,108.9358,1356.5822,480.537,126505.6005,355.6763,447.6673,106.7115,1216.0029,1109.2914,0.003703,1.987611,0.1175,0.12567664,0.354509,10,5.8239,17.3628,2798.5956,9.5061,80,38442,8.4157,4043.9472,0.3678,0.3523
flow_4350,0x100010fe,07,Web,0,auto,122.8348,1343.3658,561.6675,183758.7987,428.671,307.7836,198.7225,1268.4581,1069.7357,0.004228,1.260917,0.066612,0.15906708,0.398832,22,7.5729,16.6706,4253.4336,12.4025,186,104470,14.997,8423.3263,0.411,0.3686
flow_4362,0x1000110a,07,Web,0,auto,82.2393,1380.2436,772.3108,131713.3351,362.9233,558.4054,145.106,1350.0,1204.894,0.002507,1.398081,0.165013,0.11165144,0.334143,19,6.2076,31.6456,4794.1664,28.3843,172,132837,6.0597,4679.9399,0.3881,0.3141
flow_4374,0x10001116,07,Web,0,auto,86.2502,1389.7477,664.168,243737.5283,493.6978,471.7889,130.821,1212.39,1081.569,0.00482,1.798435,0.111178,0.13623886,0.369105,20,7.3103,17.9596,4855.2884,29.6391,266,176668,8.9746,5960.6453,0.3099,0.2394
flow_4386,0x10001122,07,Web,0,auto,97.2626,1350.8833,575.4218,124657.7028,353.069,315.5378,103.0801,1323.4083,1220.3282,0.002209,2.294319,0.137229,0.11132673,0.333657,20,6.8875,14.6468,3963.2286,32.9912,240,138101,7.2747,4186.0004,0.2842,0.3085
flow_4398,0x1000112e,07,Web,0,auto,111.0795,1361.7782,607.121,164123.4827,405.1216,384.6066,152.9026,1173.1715,1020.269,0.0044,2.990564,0.053056,0.01260638,0.112278,30,6.808,16.1445,4133.3087,18.1102,341,207028,18.8291,11431.539,0.3902,0.1253
flow_4410,0x1000113a,07,Web,0,auto,129.0206,1385.9759,528.5519,143911.594,379.3568,289.4548,198.9069,1224.3231,1025.4162,0.00461,2.786462,0.089633,0.03461781,0.186059,26,6.5618,12.5921,3468.2773,19.2064,214,113110,11.1421,5889.193,0.4046,0.3507
flow_4422,0x10001146,07,Web,0,auto,123.1731,1398.8247,808.1982,205059.598,452.8351,307.8459,108.7321,1123.7196,1014.9874,0.00436,2.771067,0.071156,0.03139843,0.177196,8,4.8813,28.9543,3945.0829,8.8016,123,99408,13.9748,11294.3285,0.433,0.3286
flow_4434,0x10001152,07,Web,0,auto,84.7889,1382.4422,657.104,178019.8358,421.924,497.502,107.5701,1138.1836,1030.6135,0.001706,0.870054,0.102889,0.09708411,0.311583,8,8.1675,13.9328,5366.8714,9.8809,96,63081,9.7157,6384.1427,0.3137,0.216
flow_4446,0x1000115e,07,Web,0,auto,111.5251,1356.2534,754.0904,122755.9619,350.3655,502.1571,162.0057,1170.6217,1008.616,0.001782,0.730927,0.126852,0.04998807,0.22358,25,3.5545,19.4763,2680.3784,34.9628,275,207374,7.8655,5931.282,0.2828,0.2829
flow_4458,0x1000116a,07,Web,0,auto,86.6949,1390.0244,490.0279,142522.7274,377.5218,375.8773,193.2833,1350.0,1156.7167,0.003155,2.018367,0.115643,0.10625545,0.325968,8,6.8651,16.6945,3364.1075,7.9965,69,33811,8.6287,4228.2096,0.4019,0.3542
flow_4470,0x10001176,07,Web,0,auto,111.716,1342.8769,677.5211,186625.5267,432.0018,476.9093,148.5737,1235.1621,1086.5884,0.00446,0.441119,0.092458,0.05778212,0.240379,38,3.991,14.4507,2704.0204,30.0361,324,219516,10.787,7308.4005,0.3041,0.277
flow_4482,0x10001182,07,Web,0,auto,101.4825,1371.1269,831.4768,194933.492,441.5127,419.8929,182.805,1141.7821,958.9771,0.001059,1.192369,0.114593,0.10291767,0.320808,24,4.1388,27.8297,3441.2773,29.2444,255,212026,8.7196,7250.1366,0.2825,0.3034
flow_4494,0x1000118e,07,Web,0,auto,111.0995,1343.1317,741.3899,262703.9441,512.5465,564.6134,172.1733,1159.5847,987.4114,0.002622,0.882644,0.146692,0.13060037,0.361387,5,6.6411,31.6145,4923.6567,9.5727,65,48190,6.7901,5034.0971,0.4779,0.141
flow_4506,0x1000119a,07,Web,0,auto,127.1081,1357.593,840.0553,225488.8059,474.8566,543.3821,110.5986,1239.0197,1128.4211,0.002894,3.174695,0.10865,0.05390931,0.232184,12,6.8761,21.9612,5776.339,18.3068,168,141129,9.1769,7709.0843,0.4328,0.193
flow_4518,0x100011a6,07,Web,0,auto,96.7193,1355.2221,836.6807,213039.4471,461.562,495.2312,128.4794,1350.0,1221.5206,0.003115,1.237164,0.090607,0.05126239,0.226412,8,4.934,21.0457,4128.1634,6.9901,77,64424,11.0156,9216.4979,0.3921,0.2073
flow_4530,0x100011b2,07,Web,0,auto,126.174,1353.4466,593.7171,192640.1791,438.9079,427.2383,111.6629,1146.9696,1035.3067,0.003314,2.286529,0.122399,0.15202341,0.389902,10,6.0603,16.3036,3598.0993,11.5805,94,55809,8.1171,4819.2245,0.4219,0.2012
flow_4542,0x100011be,07,Web,0,auto,88.2002,1381.8147,815.3613,229369.7807,478.9257,313.4607,155.2633,1156.5875,1001.3242,0.002596,3.118547,0.056372,0.18972304,0.435572,26,6.2157,23.0692,5068.0007,15.7773,279,227485,17.6836,14418.4545,0.4054,0.1431
flow_4554,0x100011ca,07,Web,0,auto,127.0796,1376.8141,602.944,184691.1049,429.757,597.381,108.4032,1116.7374,1008.3342,0.004334,0.921033,0.138581,0.18330026,0.428136,6,7.9521,25.6925,4794.6912,12.9851,93,56073,7.162,4318.2479,0.3867,0.1779
flow_4566,0x100011d6,07,Web,0,auto,83.8101,1352.8431,457.0675,182059.4532,426.6843,645.3072,114.6446,1350.0,1235.3554,0.002629,0.555966,0.062446,0.06482668,0.254611,17,4.801,27.4977,2194.4009,11.9391,191,87299,15.9979,7312.0233,0.3219,0.2727
flow_4578,0x100011e2,07,Web,0,auto,126.9234,1388.4345,732.7899,126021.4593,354.995,497.1826,159.2865,1337.1314,1177.8449,0.003317,3.386754,0.067868,0.02187911,0.147916,28,4.8087,13.0768,3523.8026,27.0707,398,291650,14.7022,10773.6279,0.4115,0.3143
flow_4590,0x100011ee,07,Web,0,auto,112.0422,1343.8845,700.1255,262359.7412,512.2106,332.2926,123.0054,1233.498,1110.4926,0.003874,1.903095,0.060879,0.12722989,0.356693,29,4.9399,31.6595,3458.5152,21.3788,351,245744,16.4182,11494.7746,0.312,0.3709
flow_4602,0x100011fa,07,Web,0,auto,126.0343,1352.5449,479.7269,259896.9252,509.8009,618.9668,155.7246,1350.0,1194.2754,0.004897,0.937739,0.070552,0.08127933,0.285095,30,6.2081,12.467,2978.2012,26.4201,374,179417,14.1559,6790.9266,0.2944,0.3376
flow_4614,0x10001206,07,Web,0,auto,122.7099,1375.5031,721.8023,162356.8649,402.9353,360.1258,164.2937,1273.8357,1109.542,0.001139,2.114596,0.128303,0.0496505,0.222824,10,5.5398,17.729,3998.6584,15.9166,124,89503,7.7906,5623.2318,0.4369,0.3761
flow_4626,0x10001212,07,Web,0,auto,91.6705,1385.9821,811.5253,135829.5053,368.5505,372.3383,104.6579,1244.4544,1139.7965,0.004361,0.741514,0.063484,0.13260882,0.364155,56,4.4419,13.4094,3604.6772,24.5051,386,313248,15.7518,12782.9528,0.2835,0.2299
flow_4638,0x1000121e,07,Web,0,auto,101.0031,1383.583,481.8103,106316.267,326.0618,271.0652,170.1432,1117.0178,946.8746,0.003408,1.177141,0.059651,0.12052708,0.34717,28,7.4997,18.4545,3613.4494,21.7738,365,175860,16.7633,8076.696,0.3053,0.2857
flow_4650,0x1000122a,07,Web,0,auto,112.5557,1351.3236,578.7476,211171.0274,459.5335,376.0981,109.1708,1130.0138,1020.843,0.003165,3.495033,0.113245,0.20037571,0.447633,22,5.9595,23.3047,3449.0419,32.2901,285,164943,8.8262,5108.1582,0.407,0.1222
flow_4662,0x10001236,07,Web,0,auto,127.2034,1383.8566,554.7916,105571.3409,324.9174,504.3724,186.8896,1241.0884,1054.1989,0.003664,3.35571,0.107709,0.14791399,0.384596,29,8.1908,30.985,4544.1804,16.0655,149,82663,9.2745,5145.3811,0.2916,0.2888
flow_4674,0x10001242,07,Web,0,auto,122.4687,1388.9667,776.5291,140638.7531,375.0183,556.2491,109.4635,1350.0,1240.5365,0.002985,2.622548,0.176319,0.05774987,0.240312,10,4.0095,25.5323,3113.5147,14.8029,83,64451,5.607,4353.956,0.4792,0.347
flow_4686,0x1000124e,07,Web,0,auto,109.3777,1354.654,730.0413,262098.585,511.9556,290.4649,121.4641,1158.2892,1036.8251,0.004916,2.201072,0.083687,0.05146704,0.226863,29,5.8026,17.6962,4236.1349,29.5804,353,257704,11.9336,8711.9977,0.4715,0.3374
flow_4698,0x1000125a,07,Web,0,auto,110.5896,1373.9588,787.5145,180371.9861,424.7022,348.358,145.1476,1350.0,1204.8524,0.001075,1.684724,0.160134,0.08462302,0.2909,9,6.8776,23.2571,5416.2425,17.4213,108,85051,6.1993,4882.026,0.3263,0.3595
flow_4710,0x10001266,07,Web,0,auto,92.2208,1367.6746,697.6791,193320.5864,439.6824,269.5119,135.2734,1195.5993,1060.3259,0.004872,3.402945,0.090768,0.1449468,0.380719,28,7.8009,31.0421,5442.5135,22.0142,242,168838,10.9929,7669.5155,0.3519,0.1638
flow_4722,0x10001272,07,Web,0,auto,124.9745,1386.3675,670.2537,208316.6865,456.4172,609.0255,159.2036,1116.0565,956.8529,0.002191,1.425056,0.177734,0.13121946,0.362242,12,8.7894,27.3108,5891.1044,18.4134,103,69036,5.5937,3749.2227,0.321,0.2434
flow_4734,0x1000127e,07,Web,0,auto,98.1206,1355.006,836.8683,113382.19,336.7227,589.418,135.6778,1282.2629,1146.5851,0.002267,3.196332,0.049273,0.03367895,0.183518,83,4.8832,17.9357,4086.6362,33.869,687,574928,20.284,16975.0481,0.303,0.2083
flow_4746,0x1000128a,07,Web,0,auto,115.5196,1357.9113,628.8446,122398.8378,349.8555,536.0336,117.5772,1276.1866,1158.6094,0.004302,2.228856,0.124691,0.16915379,0.411283,41,6.1199,19.2501,3848.4951,34.922,280,176076,8.0179,5041.9863,0.294,0.2154
flow_4758,0x10001296,07,Web,0,auto,84.2877,1396.7369,773.3526,201854.3968,449.2821,646.4763,182.1027,1123.8619,941.7592,0.003881,0.770542,0.148439,0.03506988,0.18727,8,4.2231,30.8744,3265.9523,16.1143,108,83522,6.7021,5183.0858,0.3054,0.1266
flow_4770,0x100012a2,07,Web,0,auto,101.5333,1399.9483,644.1293,227151.2851,476.6039,577.3558,105.1851,1350.0,1244.8149,0.003078,2.97158,0.129733,0.06503588,0.255021,15,7.4167,13.5515,4777.3149,13.943,107,68921,7.6741,4943.0666,0.3287,0.2566
flow_4782,0x100012ae,07,Web,0,auto,114.455,1382.2509,677.8595,258181.9953,508.1161,554.3879,142.04,1346.9656,1204.9256,0.001969,1.688001,0.047384,0.17997998,0.42424,49,7.7502,30.897,5253.5166,14.0033,295,199968,21.0665,14280.0959,0.4478,0.2041
flow_4794,0x100012ba,07,Web,0,auto,109.928,1387.8202,753.6445,221466.7551,470.6025,259.7757,173.8931,1303.3067,1129.4136,0.003407,3.05666,0.114058,0.09082207,0.301367,15,8.6183,23.9834,6495.0975,21.0157,184,138670,8.7554,6598.4091,0.3507,0.253
flow_4806,0x100012c6,07,Web,0,auto,113.0267,1398.7439,836.055,147123.2295,383.5665,516.6112,173.2767,1349.6695,1176.3927,0.001343,0.801723,0.081768,0.03492451,0.186881,28,6.0721,21.5124,5076.6393,28.6886,350,292619,12.2,10199.8518,0.3837,0.1283
flow_4818,0x100012d2,07,Web,0,auto,89.4704,1364.5414,541.4612,173572.5444,416.6204,343.4727,130.0854,1157.082,1026.9966,0.003381,2.520675,0.115415,0.20836039,0.456465,23,8.0372,21.0796,4351.85,18.3548,159,86092,8.6626,4690.4409,0.356,0.2599
flow_4830,0x100012de,07,Web,0,auto,88.5138,1373.0485,590.6479,198806.0683,445.8767,567.1009,100.398,1197.3252,1096.9273,0.003185,2.495515,0.082574,0.06794484,0.260662,18,8.2355,22.7814,4864.2969,9.0577,109,64380,12.034,7107.7883,0.3726,0.2337
flow_4842,0x100012ea,07,Web,0,auto,113.7151,1394.3941,492.8415,212860.8854,461.3685,477.3893,171.807,1158.847,987.04,0.00219,3.241735,0.053066,0.1853329,0.430503,69,7.318,29.9918,3606.6251,26.8998,506,249377,18.8106,9270.5965,0.3203,0.2998
flow_4854,0x100012f6,07,Web,0,auto,96.0046,1391.072,773.8222,148147.2439,384.899,402.1233,174.1256,1215.7646,1041.6389,0.001166,1.960052,0.114335,0.04594822,0.214355,7,8.7915,30.598,6803.0884,7.5486,66,51072,8.7433,6765.7153,0.4469,0.2162
flow_4866,0x10001302,07,Web,0,auto,127.0471,1371.1902,570.2741,205505.39,453.327,612.444,199.1084,1166.9394,967.8309,0.003967,1.064715,0.045664,0.02121091,0.14564,101,7.509,31.0743,4282.2044,28.2694,619,352999,21.8964,12486.9547,0.4269,0.1899
flow_4878,0x1000130e,07,Web,0,auto,119.7667,1356.9575,556.1256,136936.9038,370.0499,464.1041,116.1436,1350.0,1233.8564,0.004282,3.44938,0.074291,0.10798152,0.328605,48,6.1651,12.8117,3428.5599,32.3078,434,241358,13.4333,7470.5684,0.4714,0.3129
flow_4890,0x1000131a,07,Web,0,auto,129.9197,1396.6801,703.5729,167605.8758,409.397,396.5654,127.6641,1125.6787,998.0146,0.001838,2.131802,0.078054,0.12805548,0.357848,38,8.4805,28.3056,5966.6813,28.2658,362,254693,12.807,9010.6297,0.2956,0.3286
flow_4902,0x10001326,07,Web,0,auto,110.2666,1341.8423,846.3448,259092.6581,509.0115,400.4344,159.3501,1213.8548,1054.5047,0.004356,0.680468,0.064445,0.12735583,0.356869,14,8.0941,28.5887,6850.3757,13.1075,203,171807,15.4873,13107.5135,0.3135,0.1719
flow_4914,0x10001332,07,Web,0,auto,117.439,1395.7323,464.3974,180234.5147,424.5404,411.7642,162.1598,1132.1883,970.0284,0.001607,2.114433,0.108195,0.11780989,0.343234,19,7.6278,30.9216,3542.3104,26.8491,248,115170,9.2368,4289.5267,0.3997,0.3206
flow_4926,0x1000133e,07,Web,0,auto,109.1624,1346.2331,513.0746,233878.525,483.6099,416.4404,168.1444,1303.0252,1134.8808,0.001852,1.307002,0.140754,0.00903375,0.095046,23,6.3119,21.7627,3238.4622,20.2007,143,73369,7.079,3632.0058,0.3907,0.2117
flow_4938,0x1000134a,07,Web,0,auto,129.4746,1382.1687,491.0583,145054.0664,380.8596,520.9341,169.8287,1217.6291,1047.8005,0.00219,1.192816,0.08525,0.0142641,0.119432,30,4.7121,16.6155,2313.9165,16.5736,194,95265,11.7053,5747.9799,0.3144,0.2507
flow_4950,0x10001356,07,Web,0,auto,85.2529,1372.8847,503.1348,133018.3618,364.7168,493.0522,128.0346,1186.0019,1057.9672,0.00368,2.905755,0.044768,0.03023277,0.173876,36,5.54,17.7756,2787.3806,21.2764,475,238989,22.3252,11232.5958,0.2988,0.1745
flow_4962,0x10001362,07,Web,0,auto,112.0073,1358.6714,810.4458,210150.4588,458.4217,597.9412,177.2294,1240.5872,1063.3578,0.003693,0.832254,0.091167,0.09592537,0.309718,9,5.5794,30.3524,4521.8361,11.0247,120,97253,10.8846,8821.3517,0.4453,0.1903
flow_4974,0x1000136e,07,Web,0,auto,120.4338,1374.5373,762.3576,177603.3764,421.4302,495.0052,136.508,1203.7704,1067.2625,0.003883,1.585801,0.096784,0.03858873,0.19644,24,4.3648,25.7258,3327.5766,29.1024,300,228707,10.3084,7858.6949,0.3291,0.1834
flow_4986,0x1000137a,07,Web,0,auto,101.1847,1385.3341,813.6093,191471.4298,437.5745,449.3545,163.0196,1350.0,1186.9804,0.001324,2.15396,0.10754,0.15478617,0.393429,7,5.1529,27.2195,4192.4789,9.0614,84,68343,9.2701,7542.2127,0.2932,0.3382
flow_4998,0x10001386,07,Web,0,auto,98.3513,1383.1597,579.8957,135573.8244,368.2035,570.6406,124.6707,1161.1304,1036.4597,0.003777,2.54663,0.040217,0.08526787,0.292007,14,7.5607,26.6937,4384.4024,7.8362,194,112499,24.757,14356.393,0.428,0.1682
flow_5010,0x10001392,07,Web,0,auto,118.5081,1342.7626,723.0732,248195.5177,498.1922,474.3161,123.2936,1350.0,1226.7064,0.003023,0.954293,0.097763,0.13515537,0.367635,23,3.7278,20.3969,2695.4712,22.6875,232,167752,10.2259,7394.0342,0.4174,0.1643
flow_5022,0x1000139e,07,Web,0,auto,116.2958,1371.5085,744.0137,224316.4884,473.6206,387.6338,169.2493,1262.7161,1093.4668,0.004825,2.079084,0.149304,0.016859,0.129842,27,7.1868,18.5316,5347.0472,24.6832,165,122762,6.6847,4973.5102,0.407,0.2329
flow_5034,0x100013aa,07,Web,0,auto,108.7353,1374.8741,516.5968,104963.8112,323.9812,492.5695,153.8296,1350.0,1196.1704,0.003393,1.020499,0.144122,0.00882418,0.093937,14,4.4364,17.4926,2291.8287,26.4228,183,94537,6.9258,3577.8592,0.2993,0.1712
flow_5046,0x100013b6,07,Web,0,auto,88.3671,1356.8036,602.6345,122066.1524,349.3797,266.139,137.4908,1162.1812,1024.6905,0.003686,0.400688,0.130684,0.08338675,0.288768,16,6.4824,22.1317,3906.5017,21.1759,162,97626,7.6502,4610.2489,0.3693,0.2084
flow_5058,0x100013c2,07,Web,0,auto,84.0805,1375.8428,689.8697,149311.8651,386.4089,375.6342,103.5935,1299.7548,1196.1613,0.002002,1.867185,0.110876,0.14281489,0.377909,15,6.9763,19.1444,4812.749,24.3625,219,151081,8.9892,6201.3634,0.454,0.2541
flow_5070,0x100013ce,07,Web,0,auto,88.4394,1390.2744,816.5758,268762.4737,518.4231,256.4438,148.1327,1337.2269,1189.0942,0.004684,1.997148,0.073744,0.04813354,0.219394,19,8.6373,21.1835,7053.0018,17.7266,240,195978,13.539,11055.5945,0.4717,0.3
flow_5082,0x100013da,07,Web,0,auto,105.1012,1396.3713,568.5443,128210.1221,358.0644,375.5707,178.7516,1189.392,1010.6404,0.003604,1.575776,0.095777,0.13147871,0.3626,11,6.6365,28.1249,3773.1626,11.4139,119,67656,10.4259,5927.4932,0.4627,0.1572
flow_5094,0x100013e6,07,Web,0,auto,122.5052,1368.794,763.4558,188784.6272,434.4935,333.9723,124.882,1141.0782,1016.1962,0.001404,2.294883,0.150665,0.11467667,0.338639,16,8.7027,27.3885,6644.1537,32.2013,213,162616,6.6146,5049.9888,0.3756,0.2104
flow_5106,0x100013f2,07,Web,0,auto,123.9764,1380.8242,489.7586,164456.3606,405.5322,354.2973,148.4034,1224.9145,1076.5111,0.004107,2.160105,0.101773,0.02218428,0.148944,42,3.8415,17.9316,1881.404,33.4171,328,160640,9.8153,4807.1139,0.3167,0.2154
flow_5118,0x100013fe,07,Web,0,auto,113.6129,1340.4425,694.8681,241261.2718,491.1835,441.2397,108.0224,1156.9958,1048.9734,0.003462,2.312074,0.060375,0.10097996,0.317773,41,6.5548,25.6844,4554.745,14.9179,247,171632,16.5573,11505.0859,0.3325,0.3218
flow_5130,0x1000140a,07,Web,0,auto,118.1799,1359.8218,759.0707,243465.8967,493.4226,269.1592,126.4402,1350.0,1223.5598,0.001374,0.802707,0.042141,0.03405677,0.184545,75,8.8278,21.2153,6700.9164,23.0988,548,415970,23.7242,18008.313,0.4024,0.1796
flow_5142,0x10001416,07,Web,0,auto,111.9938,1355.9943,666.413,169605.0073,411.8313,353.0381,153.9584,1303.3846,1149.4263,0.003744,0.965404,0.042866,0.14420024,0.379737,64,6.9855,29.7112,4655.2033,25.1405,586,390518,23.309,15533.4426,0.353,0.2361
flow_5154,0x10001422,07,Web,0,auto,111.1301,1391.8632,504.4197,207354.7248,455.3622,520.2604,155.0284,1350.0,1194.9716,0.003118,0.889252,0.133961,0.05823007,0.241309,21,4.2533,19.4663,2145.4407,34.7474,259,130644,7.4538,3759.8241,0.3114,0.3552
flow_5166,0x1000142e,07,Web,0,auto,116.4034,1373.954,656.4797,171102.4446,413.6453,632.8074,177.7098,1265.9083,1088.1985,0.002308,0.473665,0.13488,0.02055292,0.143363,13,8.3456,23.5541,5478.6887,10.5549,78,51205,7.3899,4851.3075,0.4406,0.1239
flow_5178,0x1000143a,07,Web,0,auto,80.9898,1386.6968,744.1424,122630.9679,350.187,312.7493,176.769,1138.4258,961.6568,0.004186,1.085713,0.107562,0.02437688,0.156131,12,8.1883,23.8331,6093.2296,13.396,124,92273,9.2565,6888.1179,0.3222,0.2638
flow_5190,0x10001446,07,Web,0,auto,99.3089,1347.0003,571.3164,108953.242,330.0807,459.7297,100.3704,1152.3884,1052.018,0.004983,3.314913,0.124269,0.20560236,0.453434,16,5.9388,12.7163,3392.9148,19.4433,156,89125,8.0233,4583.8362,0.3484,0.2567
flow_5202,0x10001452,07,Web,0,auto,87.4954,1379.6953,769.0964,141997.9724,376.8262,518.3263,195.6912,1350.0,1154.3088,0.001592,0.753738,0.082651,0.01276495,0.112982,14,3.5689,13.3971,2744.832,10.083,121,93060,12.0004,9229.3781,0.473,0.307
flow_5214,0x1000145e,07,Web,0,auto,105.1354,1378.8641,725.6113,111035.3341,333.2196,349.5386,182.5278,1255.7192,1073.1914,0.004258,1.192705,0.171389,0.06717678,0.259185,15,7.8646,25.9371,5706.6587,20.1106,117,84896,5.8178,4221.4501,0.4529,0.2302
flow_5226,0x1000146a,07,Web,0,auto,85.2236,1398.9264,507.8698,107219.4348,327.4438,616.0156,192.8836,1237.3569,1044.4734,0.003475,1.002036,0.173836,0.16049876,0.400623,14,6.548,18.6417,3325.5569,31.7252,182,92432,5.7368,2913.5185,0.4787,0.2235
flow_5238,0x10001476,07,Web,0,auto,124.2755,1376.2125,703.3518,131611.358,362.7828,548.8625,181.9703,1350.0,1168.0297,0.001883,2.122139,0.176007,0.12740098,0.356933,16,8.8815,24.8218,6246.8522,15.6228,88,61894,5.6328,3961.7704,0.4442,0.1407
flow_5250,0x10001482,07,Web,0,auto,100.9094,1351.7309,479.0101,151754.5211,389.5568,480.6086,170.3304,1293.0046,1122.6742,0.001727,1.915395,0.147759,0.14548284,0.381422,25,5.9303,12.0019,2840.6563,23.3276,157,75204,6.7302,3223.8139,0.4169,0.2186
flow_5262,0x1000148e,07,Web,0,auto,81.7105,1357.4485,467.6492,131833.5453,363.0889,586.0633,137.4657,1125.2829,987.8172,0.004911,1.772154,0.065884,0.04882411,0.220962,12,5.4939,30.3443,2569.2218,7.1892,109,50973,15.1616,7090.2222,0.4088,0.2834
flow_5274,0x1000149a,07,Web,0,auto,82.8335,1342.8196,705.1726,146624.5251,382.9158,615.9723,181.0228,1244.4978,1063.475,0.002893,2.922077,0.146215,0.105429,0.324698,13,3.9856,16.069,2810.509,25.784,176,124110,6.826,4813.4594,0.3437,0.2158
flow_5286,0x100014a6,07,Web,0,auto,127.6502,1358.41,634.1301,191554.3844,437.6693,491.3987,183.3639,1203.1899,1019.826,0.003434,0.670642,0.155114,0.1125655,0.335508,27,3.7751,13.6861,2393.9285,23.3978,150,95119,6.4109,4065.2952,0.3263,0.2313
flow_5298,0x100014b2,07,Web,0,auto,123.0869,1378.5281,653.0923,220275.2764,469.3349,274.6398,137.8487,1204.1383,1066.2897,0.004684,1.40927,0.082094,0.18789893,0.433473,31,3.8069,16.9575,2486.2573,29.9785,365,238378,12.1754,7951.631,0.3196,0.3408
flow_5310,0x100014be,07,Web,0,auto,117.3113,1375.78,508.3745,114283.9619,338.0591,256.7801,149.3244,1181.4564,1032.132,0.001679,1.201356,0.175108,0.02990523,0.172931,8,4.2444,16.8361,2157.7681,21.3154,121,61513,5.6766,2885.8437,0.3981,0.3089
flow_5322,0x100014ca,07,Web,0,auto,91.3101,1379.5476,651.2521,113718.684,337.222,392.2764,140.5699,1290.2052,1149.6354,0.002044,0.415028,0.04902,0.01055926,0.102758,118,5.0511,18.9801,3289.5522,29.8966,609,396612,20.3702,13266.1431,0.4423,0.3217
flow_5334,0x100014d6,07,Web,0,auto,88.9345,1349.1521,450.4479,136897.3683,369.9964,584.3854,171.9397,1145.038,973.0982,0.004734,2.383777,0.110864,0.01879611,0.137099,27,4.2567,21.6461,1917.4023,31.7929,286,128828,8.9957,4052.1042,0.2874,0.1398
flow_5346,0x100014e2,07,Web,0,auto,110.8605,1360.411,586.0787,155286.6132,394.0642,537.7824,138.7913,1350.0,1211.2087,0.001797,0.415516,0.064563,0.19336314,0.439731,36,8.8767,21.0668,5202.4335,24.5919,380,222709,15.4522,9056.1784,0.3426,0.1226
flow_5358,0x100014ee,07,Web,0,auto,125.3671,1392.3305,600.7991,257752.575,507.6934,282.3282,106.5132,1263.3218,1156.8086,0.003768,1.249884,0.122159,0.01207486,0.109886,26,8.6939,23.6302,5223.2624,32.0674,262,157409,8.1703,4908.692,0.4495,0.367
flow_5370,0x100014fa,07,Web,0,auto,101.6235,1380.7645,494.0327,218559.4984,467.5035,361.4842,166.6255,1239.7839,1073.1584,0.002012,2.786082,0.162838,0.08971982,0.299533,14,4.8346,24.1983,2388.4414,30.3162,186,91890,6.1353,3031.0535,0.4786,0.1498
flow_5382,0x10001506,07,Web,0,auto,120.862,1341.3191,676.5293,117583.1928,342.9041,285.9483,133.9232,1121.2704,987.3472,0.004718,2.548343,0.13037,0.02301884,0.15172,31,4.9498,29.8002,3348.6562,30.6716,235,158984,7.6618,5183.424,0.405,0.2936
flow_5394,0x10001512,07,Web,0,auto,120.4124,1378.5784,700.0456,211474.7293,459.8638,262.5214,141.0387,1243.8339,1102.7953,0.003636,2.198973,0.145776,0.08117993,0.284921,32,7.0029,22.2307,4902.3496,24.339,166,116207,6.8203,4774.5111,0.3626,0.3012
flow_5406,0x1000151e,07,Web,0,auto,97.8094,1354.6727,515.9169,144637.3411,380.3122,431.3881,159.9724,1350.0,1190.0276,0.003538,2.093455,0.088411,0.06150063,0.247993,25,4.662,28.1983,2405.1947,24.6995,279,143940,11.2958,5827.6437,0.4459,0.3752
flow_5418,0x1000152a,07,Web,0,auto,128.4108,1378.7032,745.6335,120643.3473,347.3375,400.5286,124.1795,1105.4426,981.2632,0.003623,0.43299,0.161724,0.10864401,0.329612,14,5.9008,18.2697,4399.8239,21.4377,132,98423,6.1574,4591.1198,0.4141,0.278
flow_5430,0x10001536,07,Web,0,auto,88.0356,1379.4796,550.4372,225358.9505,474.7199,403.5968,141.9627,1267.5982,1125.6355,0.003465,0.456578,0.097982,0.14945419,0.386593,32,8.6129,31.3701,4740.8398,23.6978,241,132655,10.1697,5597.771,0.373,0.2103
flow_5442,0x10001542,07,Web,0,auto,105.0027,1347.418,633.1652,262953.5543,512.79,466.0649,199.0777,1159.1283,960.0505,0.003295,0.707033,0.144111,0.03840036,0.19596,44,6.6045,26.076,4181.7248,33.795,234,148160,6.9241,4384.0753,0.3662,0.371
flow_5454,0x1000154e,07,Web,0,auto,97.8628,1362.7838,577.6612,163373.5496,404.1949,478.6302,119.3947,1160.1633,1040.7687,0.001567,1.321954,0.130311,0.07529748,0.274404,7,6.9848,17.3918,4034.8335,14.329,109,62965,7.607,4394.2356,0.2892,0.1812
flow_5466,0x1000155a,07,Web,0,auto,123.859,1389.3721,630.0788,152723.448,390.7985,476.0751,120.5236,1232.2904,1111.7668,0.00153,1.330396,0.138648,0.01380095,0.117477,43,4.8946,31.1636,3083.981,32.7041,235,148068,7.1856,4527.5024,0.4542,0.1451
flow_5478,0x10001566,07,Web,0,auto,128.9884,1367.1561,601.1185,219840.0591,468.871,275.7062,149.1782,1350.0,1200.8218,0.00206,1.957683,0.062689,0.19227522,0.438492,41,4.3082,22.0728,2589.7408,30.6193,488,293345,15.9377,9580.3949,0.3228,0.3587
flow_5490,0x10001572,07,Web,0,auto,114.0903,1362.1326,846.6474,179334.8328,423.4794,415.2984,196.278,1185.545,989.2671,0.00488,2.801091,0.116548,0.04948865,0.22246,5,7.0054,22.5035,5931.0625,7.9865,68,57572,8.5144,7208.6906,0.4107,0.3508
flow_5502,0x1000157e,07,Web,0,auto,95.4799,1348.2919,466.3816,144538.8148,380.1826,536.7865,146.9545,1350.0,1203.0455,0.001913,3.227467,0.155273,0.1412659,0.375854,32,7.7352,16.1589,3607.5454,26.1856,168,78352,6.4157,2992.1832,0.3401,0.1773
flow_5514,0x1000158a,07,Web,0,auto,88.2909,1345.537,802.2369,129011.3576,359.1815,595.3435,193.7224,1224.7094,1030.987,0.00213,2.878496,0.177011,0.01960868,0.140031,7,3.5291,19.5779,2831.2064,15.7954,89,71399,5.6345,4520.2322,0.3046,0.3318
flow_5526,0x10001596,07,Web,0,auto,85.2071,1350.7383,509.2396,174505.7624,417.7389,333.7615,125.6113,1166.9068,1041.2956,0.003569,3.25839,0.07885,0.0307716,0.175418,8,8.0316,19.3091,4089.9987,9.5915,121,61617,12.6153,6424.1142,0.2844,0.2576
flow_5538,0x100015a2,07,Web,0,auto,116.8493,1343.2172,597.9477,119866.4807,346.2174,512.6662,121.8158,1204.7449,1082.9291,0.002639,1.712006,0.117074,0.01627582,0.127577,25,6.4512,17.609,3857.5098,29.4507,251,150084,8.5227,5096.1114,0.281,0.2783
flow_5550,0x100015ae,07,Web,0,auto,120.6556,1363.8356,790.2805,167526.6102,409.3001,505.7814,101.1843,1286.2094,1185.0251,0.002177,2.885023,0.040196,0.01655732,0.128675,81,4.9749,12.3804,3931.5998,29.7147,739,584017,24.8699,19654.1537,0.3518,0.3265
flow_5562,0x100015ba,07,Web,0,auto,109.7713,1385.2711,522.4435,207206.807,455.1997,637.2602,122.3819,1322.269,1199.887,0.002629,0.711302,0.165268,0.06321218,0.25142,7,3.5709,23.797,1865.5728,16.0543,97,50677,6.042,3156.6061,0.2906,0.3649
flow_5574,0x100015c6,07,Web,0,auto,127.4063,1373.1635,498.7727,129152.8238,359.3784,332.2962,118.6235,1255.7019,1137.0784,0.004236,0.904539,0.047056,0.00938972,0.096901,29,5.7537,26.8473,2869.764,9.6311,204,101749,21.1813,10564.5807,0.2849,0.1935
flow_5586,0x100015d2,07,Web,0,auto,118.6713,1387.8969,470.3306,217733.2827,466.619,340.8491,183.4488,1216.1467,1032.6979,0.002196,1.302818,0.135782,0.11408724,0.337768,12,5.1944,24.2732,2443.0626,23.4233,172,80896,7.3431,3453.6501,0.3682,0.2675
flow_5598,0x100015de,07,Web,0,auto,101.9372,1347.2095,471.5189,175189.7432,418.5567,355.8504,135.014,1288.1021,1153.0882,0.002863,2.156997,0.134235,0.11037107,0.332221,21,7.3932,17.3512,3486.033,26.0032,193,91003,7.4222,3499.6862,0.4327,0.3265
flow_5610,0x100015ea,07,Web,0,auto,107.9628,1359.1713,711.1126,145471.6282,381.4074,426.1137,148.7503,1188.1728,1039.4225,0.002313,3.162042,0.097108,0.03686515,0.192003,34,6.605,28.8148,4696.8825,20.6852,213,151466,10.2972,7322.4209,0.3762,0.1241
flow_5622,0x100015f6,07,Web,0,auto,116.4634,1352.3843,562.9286,175663.1838,419.1219,625.7988,168.1136,1350.0,1181.8864,0.003954,2.734394,0.159944,0.04236315,0.205823,14,7.5736,25.6428,4263.4193,28.9354,180,101327,6.2208,3501.8343,0.3177,0.3691
flow_5634,0x10001602,07,Web,0,auto,126.2253,1392.7964,703.1285,267603.6191,517.3042,255.7602,135.0972,1174.4694,1039.3721,0.001569,2.779851,0.111471,0.18270193,0.427436,11,7.0113,19.3532,4929.8355,17.4889,156,109688,8.9199,6271.8672,0.4099,0.351
flow_5646,0x1000160e,07,Web,0,auto,96.073,1383.1477,670.2365,191693.2239,437.8278,608.8944,116.5967,1197.7692,1081.1726,0.004041,1.937691,0.164178,0.02141592,0.146342,9,6.9486,14.9172,4657.1744,19.2269,117,78417,6.0852,4078.5021,0.4198,0.2618
flow_5658,0x1000161a,07,Web,0,auto,98.6277,1360.1667,535.8067,243410.1701,493.3662,481.1809,157.0849,1172.473,1015.3881,0.002414,0.644249,0.084344,0.20273504,0.450261,25,6.8764,25.1022,3684.4148,23.6923,280,150025,11.8182,6332.2245,0.4619,0.3609
flow_5670,0x10001626,07,Web,0,auto,88.8234,1357.7048,683.0266,227406.6449,476.8717,333.3317,143.0764,1317.0232,1173.9468,0.004439,1.047835,0.157662,0.0604598,0.245886,17,7.5984,26.4186,5189.9257,24.7709,157,107235,6.3381,4329.0661,0.3836,0.368
flow_5682,0x10001632,07,Web,0,auto,82.0298,1373.0012,473.7349,236571.3862,486.386,313.2934,159.9952,1350.0,1190.0048,0.003658,1.646273,0.091289,0.19570112,0.442381,18,3.8378,28.217,1818.1196,23.0376,252,119381,10.9386,5182.0038,0.3172,0.2086
flow_5694,0x1000163e,07,Web,0,auto,108.8489,1342.5068,549.2292,227617.9361,477.0932,298.8525,168.5978,1235.982,1067.3841,0.001322,2.678934,0.15863,0.08086498,0.284368,24,8.7373,29.5661,4798.7992,21.7975,137,75244,6.2851,3451.9492,0.4787,0.3121
flow_5706,0x1000164a,07,Web,0,auto,104.258,1353.1715,783.8895,150496.5622,387.9389,485.0058,148.8716,1292.994,1144.1225,0.003613,0.993728,0.07372,0.04170823,0.204226,45,6.9465,19.3554,5445.321,29.0237,393,308068,13.5407,10614.3608,0.2803,0.2606
flow_5718,0x10001656,07,Web,0,auto,119.4073,1343.322,474.6194,117065.6989,342.1487,433.5681,118.0312,1310.2679,1192.2367,0.004591,0.468547,0.144102,0.01080031,0.103925,6,8.9974,17.9367,4270.3395,8.2516,57,27053,6.9078,3278.5251,0.3824,0.3741
flow_5730,0x10001662,07,Web,0,auto,128.427,1383.8468,527.8565,170504.5371,412.922,450.3105,191.4998,1266.9076,1075.4078,0.003746,0.906626,0.09676,0.02382319,0.154348,15,8.2,15.0203,4328.4047,19.0388,196,103459,10.2948,5434.1273,0.3629,0.3677
flow_5742,0x1000166e,07,Web,0,auto,119.6067,1354.6215,586.8798,185809.0707,431.0558,575.7714,119.4368,1350.0,1230.5632,0.002855,1.392087,0.070007,0.0408502,0.202114,17,5.7748,18.4776,3389.108,15.1286,216,126766,14.2776,8379.2095,0.3106,0.2827
flow_5754,0x1000167a,07,Web,0,auto,127.0261,1377.9273,607.5368,138531.4832,372.1982,553.2118,168.9572,1246.5553,1077.598,0.003491,2.393433,0.101817,0.0274698,0.16574,19,4.2176,19.9383,2562.344,12.3291,121,73511,9.8142,5962.3947,0.3241,0.1322
flow_5766,0x10001686,07,Web,0,auto,94.3063,1366.6561,474.0412,128928.168,359.0657,292.1774,194.5141,1253.6213,1059.1072,0.003349,2.936749,0.088047,0.01475826,0.121484,10,8.7103,21.0031,4129.0276,10.9004,123,58307,11.284,5349.0525,0.3417,0.3492
flow_5778,0x10001692,07,Web,0,auto,129.6564,1381.5254,733.7486,184997.9772,430.1139,273.7462,158.744,1242.8678,1084.1237,0.002664,1.843265,0.159346,0.16451367,0.405603,19,7.6128,17.3689,5585.8561,31.1239,195,143080,6.2653,4597.1053,0.311,0.2839
flow_5790,0x1000169e,07,Web,0,auto,129.2295,1354.1704,823.0302,239948.0412,489.8449,453.1255,159.7891,1103.1091,943.3199,0.004496,1.1314,0.111282,0.11633384,0.341077,21,7.0125,18.1925,5771.4873,29.3285,263,216456,8.9674,7380.3889,0.4484,0.1962
flow_5802,0x100016aa,07,Web,0,auto,87.7707,1349.1199,629.9604,182413.9969,427.0995,627.5825,131.2148,1130.4849,999.27,0.002833,2.048983,0.123317,0.1673172,0.409044,27,8.4071,20.0214,5296.114,18.5444,150,94494,8.0887,5095.546,0.2845,0.1947
flow_5814,0x100016b6,07,Web,0,auto,99.9079,1354.5126,463.4494,117776.3093,343.1855,501.4029,127.287,1350.0,1222.713,0.001801,0.880446,0.094365,0.10187981,0.319186,27,6.951,18.9913,3221.4149,30.915,327,151547,10.5774,4902.0616,0.4782,0.1872
flow_5826,0x100016c2,07,Web,0,auto,109.5956,1390.2559,835.6731,165884.772,407.2895,346.7039,149.6278,1163.5636,1013.9358,0.002095,0.853563,0.130182,0.11886368,0.344766,25,6.8229,16.7036,5701.6867,16.6522,127,106130,7.6266,6373.3209,0.303,0.2485
flow_5838,0x100016ce,07,Web,0,auto,104.3723,1381.6236,650.3921,235747.7615,485.5386,314.5119,111.1032,1216.7593,1105.6561,0.003078,2.320967,0.073053,0.13713863,0.370322,39,6.0967,26.359,3965.2527,27.3252,374,243246,13.687,8901.9082,0.4795,0.2184
flow_5850,0x100016da,07,Web,0,auto,82.3023,1382.8643,616.6869,111324.9503,333.6539,280.2395,101.9576,1252.8112,1150.8536,0.004146,2.712007,0.076495,0.11328193,0.336574,35,5.8336,26.5742,3597.5083,33.6166,439,270725,13.059,8053.3208,0.3128,0.3226
flow_5862,0x100016e6,07,Web,0,auto,108.5624,1394.7238,490.3958,117425.2027,342.6736,526.5758,100.8786,1291.8947,1191.016,0.00347,2.297041,0.064147,0.18359921,0.428485,56,6.7919,19.9445,3330.7121,27.2875,425,208418,15.5749,7637.8623,0.4323,0.2487
flow_5874,0x100016f2,07,Web,0,auto,104.857,1360.9841,822.4608,160271.3552,400.3391,516.9718,184.1706,1347.2218,1163.0512,0.001735,2.649397,0.127947,0.06463448,0.254233,28,3.8339,12.4134,3153.2091,30.0676,235,193278,7.8157,6428.1163,0.4073,0.2403
flow_5886,0x100016fe,07,Web,0,auto,121.8363,1371.7008,461.6421,190220.5291,436.1428,393.1244,120.5783,1251.7926,1131.2143,0.004993,1.335603,0.05518,0.0171314,0.130887,27,4.2176,27.0805,1947.0116,15.3321,277,127874,18.0666,8340.2631,0.4679,0.3779
flow_5898,0x1000170a,07,Web,0,auto,103.8494,1383.2618,456.8563,138259.3858,371.8325,517.1445,140.8703,1100.7932,959.9229,0.003817,1.037248,0.078271,0.07193195,0.268201,46,3.8854,20.8403,1775.054,32.4175,414,189138,12.7709,5834.4494,0.3532,0.1503
flow_5910,0x10001716,07,Web,0,auto,87.6954,1374.9948,479.8952,186801.2421,432.2051,258.3589,122.7441,1350.0,1227.2559,0.00462,2.53791,0.053313,0.1778963,0.421778,44,5.4175,15.2315,2599.8504,13.5881,254,121893,18.6929,8970.6,0.4212,0.2045
flow_5922,0x10001722,07,Web,0,auto,111.0599,1349.2731,778.7566,174655.5189,417.9181,295.3165,106.8921,1350.0,1243.1079,0.001056,3.097989,0.057578,0.11895068,0.344892,21,3.6725,28.8897,2859.994,12.2562,212,165096,17.2974,13470.4523,0.3311,0.3227
flow_5934,0x1000172e,07,Web,0,auto,125.7235,1346.6672,610.4871,163647.3124,404.5335,273.7481,137.3972,1191.9614,1054.5642,0.004366,2.075227,0.049449,0.06052727,0.246023,42,6.0791,18.4243,3711.1834,14.0978,285,173988,20.2159,12341.507,0.3748,0.2378
flow_5946,0x1000173a,07,Web,0,auto,107.3689,1354.3158,814.7995,174044.8504,417.1868,373.8045,186.7947,1231.613,1044.8183,0.002254,2.780895,0.090509,0.05050202,0.224727,29,4.7266,13.9015,3851.1955,31.1855,344,280291,11.0308,8987.8552,0.3658,0.2485
flow_5958,0x10001746,07,Web,0,auto,104.2765,1376.4463,706.6837,208920.8759,457.0786,551.5284,130.51,1350.0,1219.49,0.003407,3.439019,0.117809,0.15093698,0.388506,14,4.5478,16.9125,3213.8818,8.946,75,53001,8.3836,5924.5571,0.4498,0.1885
flow_5970,0x10001752,07,Web,0,auto,122.4167,1379.849,622.1945,165871.4521,407.2732,556.7326,126.6568,1217.3501,1090.6933,0.004121,3.134073,0.157813,0.0919589,0.303247,17,8.054,17.485,5011.1391,30.6608,194,120705,6.3273,3936.7911,0.2932,0.3723
flow_5982,0x1000175e,07,Web,0,auto,123.2306,1389.1029,764.9965,213966.7722,462.5654,566.3988,183.7091,1296.7891,1113.08,0.001589,2.075702,0.047216,0.11132073,0.333648,72,5.2106,20.3558,3986.1157,32.6558,691,528612,21.1601,16187.4083,0.4401,0.2583
flow_5994,0x1000176a,07,Web,0,auto,96.4587,1384.5008,794.4053,181924.3125,426.5259,580.6162,188.3156,1198.9895,1010.6739,0.002182,0.721782,0.058086,0.0832538,0.288537,13,6.0652,29.2648,4818.2261,9.0799,156,123927,17.1807,13648.445,0.4133,0.2159
flow_6006,0x10001776,07,Email,0,auto,116.8454,1087.1132,406.2209,56149.952,236.9598,278.4978,111.5144,520.1164,408.6019,0.03928,6.049449,0.462056,2.18255759,1.477348,5,4.8378,13.0145,1965.2001,17.4689,37,15030,2.118,860.385,0.4914,0.6148
flow_6018,0x10001782,07,Email,0,auto,135.0925,919.4182,267.9307,25427.1077,159.4588,226.4022,114.2397,461.4746,347.2349,0.040818,4.918347,0.56756,1.94869183,1.395956,14,4.6927,6.2022,1257.3132,27.973,49,13128,1.7517,469.3101,0.4984,0.6141
flow_6030,0x1000178e,07,Email,0,auto,107.8941,913.1919,355.4077,45234.579,212.6842,260.0772,101.2436,406.3823,305.1387,0.054607,9.938637,0.902871,1.13663815,1.066132,5,3.5653,13.7361,1267.1229,26.6146,29,10306,1.0896,387.2304,0.4949,0.5186
flow_6042,0x1000179a,07,Email,0,auto,99.8746,1003.9731,278.219,18444.988,135.8123,183.9709,113.9314,494.2347,380.3034,0.045722,10.735285,0.590535,1.39914791,1.182856,7,4.8883,5.7272,1360.0138,18.4486,31,8624,1.6803,467.4604,0.5551,0.4934
flow_6054,0x100017a6,07,Email,0,auto,118.7283,834.4818,354.3883,25891.1997,160.9074,226.5811,156.8496,451.9306,295.081,0.046008,8.608307,0.712473,1.83068377,1.353028,2,2.7827,11.1483,986.1557,14.4241,20,7087,1.3866,491.3293,0.5134,0.4894
flow_6066,0x100017b2,07,Email,0,auto,101.6742,783.4491,225.458,31020.2321,176.1256,226.1895,153.954,376.8786,222.9246,0.035121,7.508532,0.605072,0.48838192,0.698843,6,2.627,9.299,592.2854,11.7586,19,4283,1.6158,364.2438,0.5615,0.4553
flow_6078,0x100017be,07,Email,0,auto,92.2188,1009.1754,253.1014,29902.1024,172.9222,177.8362,114.5568,469.4179,354.8611,0.057538,6.115491,0.696915,2.67705088,1.63617,3,4.0549,7.031,1026.3058,14.5271,20,5062,1.3767,348.4525,0.4924,0.5912
flow_6090,0x100017ca,07,Email,0,auto,90.5303,1129.2596,406.6357,13680.2843,116.9627,190.4772,118.1587,458.2155,340.0568,0.034248,6.099826,0.437297,2.67003537,1.634024,12,4.2893,7.8614,1744.1978,18.7205,42,17078,2.2435,912.262,0.5727,0.5709
flow_6102,0x100017d6,07,Email,0,auto,81.1025,685.6238,237.1091,38507.1187,196.2323,290.2947,108.1916,486.2641,378.0725,0.036249,9.156212,0.377127,0.57607945,0.758999,11,4.7899,6.926,1135.728,26.2369,69,16360,2.6299,623.5489,0.5078,0.4641
flow_6114,0x100017e2,07,Email,0,auto,84.395,1126.194,284.7967,16284.8183,127.612,272.988,133.7925,535.9827,402.1902,0.047898,4.654495,0.425039,1.43569544,1.198205,9,3.609,13.9393,1027.845,20.143,47,13385,2.3333,664.5003,0.48,0.4694
flow_6126,0x100017ee,07,Email,0,auto,88.1906,1111.766,329.2772,9643.3336,98.2005,197.725,129.8403,453.1809,323.3405,0.047091,7.75191,0.800405,2.53181993,1.591169,6,3.9659,8.9416,1305.8809,21.3587,26,8561,1.2173,400.8202,0.3984,0.493
flow_6138,0x100017fa,07,Email,0,auto,124.1219,641.4444,341.1937,36796.82,191.825,229.4462,153.5183,516.6598,363.1414,0.055112,10.156954,0.725302,3.12883586,1.768852,2,2.8095,6.7396,958.5997,15.1294,20,6823,1.3219,450.9754,0.5895,0.6085
flow_6150,0x10001806,07,Email,0,auto,123.3867,652.1634,251.2638,36187.257,190.2295,281.9394,133.7622,522.2346,388.4723,0.026926,4.541996,0.912569,0.60241714,0.776155,3,3.5381,7.7704,888.9986,14.6567,16,4020,1.0917,274.2772,0.4416,0.4253
flow_6162,0x10001812,07,Email,0,auto,107.3402,864.5334,349.1602,22943.6373,151.4716,251.0368,118.0305,529.4325,411.402,0.055632,9.03912,0.654827,1.90211495,1.379172,5,3.5276,7.7622,1231.7109,16.3817,25,8729,1.5261,532.851,0.4464,0.5087
flow_6174,0x1000181e,07,Email,0,auto,90.0791,1022.9591,220.63,35521.1284,188.4705,218.9162,153.6653,458.5278,304.8625,0.048116,7.843299,0.667212,0.78324516,0.885011,3,4.9471,8.5263,1091.4729,15.987,23,5074,1.4387,317.3835,0.5039,0.4275
flow_6186,0x1000182a,07,Email,0,auto,105.9645,731.5727,255.4747,11876.7007,108.9803,258.4528,142.7845,491.5509,348.7664,0.055264,10.758153,0.293154,0.6814489,0.825499,8,3.0883,12.6567,788.9782,11.0879,37,9452,3.337,852.4596,0.5024,0.561
flow_6198,0x10001836,07,Email,0,auto,98.6459,724.6903,376.8738,19262.002,138.7876,216.8248,133.1234,546.7659,413.6425,0.027346,8.551225,0.889738,0.90172389,0.949591,4,4.3288,12.3175,1631.3948,25.3945,28,10552,1.1026,415.5226,0.4863,0.3904
flow_6210,0x10001842,07,Email,0,auto,85.3722,1008.4992,374.867,15574.4421,124.7976,258.9169,124.4288,417.8768,293.4479,0.044937,10.308426,0.663328,1.49788896,1.223883,6,4.3796,11.7862,1641.7534,18.1991,27,10121,1.4836,556.1268,0.5653,0.6131
flow_6222,0x1000184e,07,Email,0,auto,123.5388,1021.6417,329.6607,46364.5307,215.3242,258.7704,130.1486,463.6117,333.4631,0.048404,4.659913,0.422229,0.92440705,0.961461,7,2.1948,6.9284,723.5321,22.4863,53,17472,2.357,777.008,0.4244,0.3719
flow_6234,0x1000185a,07,Email,0,auto,95.6336,772.0507,221.0254,48176.9931,219.4926,175.2973,119.2905,421.2864,301.9959,0.052041,2.671669,0.342297,2.90272533,1.703739,9,3.6745,7.0991,812.1592,12.8154,37,8177,2.8871,638.0598,0.5399,0.6195
flow_6246,0x10001866,07,Email,0,auto,125.8368,1035.602,331.8388,53494.4525,231.2887,284.1653,114.3567,352.3546,237.9979,0.053309,2.744672,0.6971,2.58907149,1.609059,3,4.4177,11.4868,1465.9663,8.2811,15,4977,1.8113,601.0055,0.4472,0.4431
flow_6258,0x10001872,07,Email,0,auto,87.7246,925.3579,300.4086,10089.0749,100.4444,227.8646,144.6689,479.2404,334.5715,0.050209,11.330476,0.786537,1.77354071,1.331743,5,2.7248,6.2244,818.5416,22.2237,28,8411,1.2599,378.4692,0.5299,0.6477
flow_6270,0x1000187e,07,Email,0,auto,127.8366,710.2149,312.1274,44824.4876,211.7179,219.9163,147.3135,479.7702,332.4566,0.027016,11.444745,0.652873,1.83473501,1.354524,3,3.0641,5.9522,956.3959,10.8003,16,4994,1.4814,462.3936,0.4446,0.5234
flow_6282,0x1000188a,07,Email,0,auto,118.9004,1041.3052,227.2107,40675.3828,201.6814,168.0954,130.4233,350.4016,219.9783,0.017862,8.244278,0.52292,0.80637856,0.897986,3,3.7298,12.329,847.45,12.6111,24,5453,1.9031,432.397,0.5261,0.3821
flow_6294,0x10001896,07,Email,0,auto,100.8382,952.1426,377.1881,29347.7049,171.3117,206.2215,118.8955,504.046,385.1505,0.011686,4.35922,0.660211,1.83868871,1.355983,9,4.992,13.1573,1882.9205,22.783,34,12824,1.4923,562.8747,0.5377,0.4337
flow_6306,0x100018a2,07,Email,0,auto,103.1263,949.2793,311.9652,29409.7721,171.4928,237.249,150.0596,515.5461,365.4866,0.03166,7.299555,0.632997,2.08336168,1.443385,4,3.0258,10.5487,943.9387,19.4019,30,9358,1.5462,482.3235,0.6074,0.4625
flow_6318,0x100018ae,07,Email,0,auto,91.6647,817.2182,394.7716,46735.1337,216.1831,235.9121,125.3479,365.2439,239.896,0.022848,7.408732,0.371503,1.88861249,1.374268,19,3.7034,8.9024,1461.9841,25.8271,69,27239,2.6716,1054.6682,0.4964,0.3723
flow_6330,0x100018ba,07,Email,0,auto,112.87,767.2436,381.9459,13420.9916,115.849,277.699,108.0996,518.7565,410.6569,0.054004,5.578933,0.831146,0.76382985,0.873974,3,4.976,8.5482,1900.5748,17.8648,21,8020,1.1755,448.9269,0.4223,0.6303
flow_6342,0x100018c6,07,Email,0,auto,91.0604,609.5388,324.8638,8944.597,94.5759,255.9371,106.7636,525.105,418.3414,0.024224,3.313731,0.685331,2.12487164,1.457694,3,2.8412,10.6514,923.0023,10.2417,15,4872,1.4646,475.7023,0.4528,0.4018
flow_6354,0x100018d2,07,Email,0,auto,119.976,739.1631,275.8529,43604.4452,208.8168,297.225,105.0175,510.5681,405.5505,0.036945,7.078803,0.417414,3.27262153,1.809039,4,4.1231,12.5927,1137.38,12.8965,30,8275,2.3262,641.6453,0.4619,0.4861
flow_6366,0x100018de,07,Email,0,auto,117.6753,923.801,252.544,24998.2831,158.1085,196.1612,114.5551,468.6269,354.0718,0.018242,5.970489,0.761481,2.35237298,1.533745,5,2.456,7.3346,620.245,27.5015,36,9091,1.309,330.5643,0.4831,0.6031
flow_6378,0x100018ea,07,Email,0,auto,119.8928,684.3226,354.1765,57578.917,239.9561,190.6292,131.2672,438.1258,306.8586,0.032582,9.638594,0.403967,3.05553256,1.748008,7,2.6249,12.6994,929.6715,18.5137,45,15937,2.4306,860.8219,0.4839,0.476
flow_6390,0x100018f6,07,Email,0,auto,101.5718,836.5517,360.5006,26678.5515,163.3357,188.0,110.6843,412.49,301.8057,0.031477,5.963245,0.660981,2.16751062,1.472247,8,3.3762,13.5741,1217.106,24.5115,37,13338,1.5095,544.1521,0.5289,0.5307
flow_6402,0x10001902,07,Email,0,auto,83.1602,692.5343,379.0146,11332.7739,106.4555,225.8001,105.8691,490.7922,384.9232,0.013858,8.418588,0.718416,0.67248907,0.820054,2,2.3534,12.2881,891.9658,12.8569,17,6443,1.3222,501.1325,0.5492,0.4135
flow_6414,0x1000190e,07,Email,0,auto,104.6487,733.3947,260.6134,45964.5038,214.3933,230.0988,107.6839,459.5851,351.9013,0.044176,4.160375,0.94181,0.6504351,0.806496,6,4.4608,6.0455,1162.5511,19.4245,20,5212,1.0296,268.3208,0.5507,0.4403
flow_6426,0x1000191a,07,Email,0,auto,92.6962,671.9726,292.4111,12368.9446,111.2158,228.6496,151.7283,524.0557,372.3274,0.055493,6.992191,0.280511,1.48912711,1.220298,9,3.4049,11.5434,995.6395,17.8388,63,18421,3.5316,1032.6369,0.6159,0.5566
flow_6438,0x10001926,07,Email,0,auto,128.0203,1034.9666,410.4075,16453.6533,128.2718,274.117,131.4842,413.2017,281.7175,0.036244,7.833552,0.337997,2.08122676,1.442646,7,3.6093,5.4903,1481.2982,12.1491,35,14364,2.8809,1182.3134,0.4725,0.5407
flow_6450,0x10001932,07,Email,0,auto,87.5117,723.9597,247.1251,11967.7839,109.3974,260.4559,148.046,471.1448,323.0988,0.03036,4.754769,0.333842,1.8861117,1.373358,10,3.6221,7.6967,895.1167,23.5323,70,17298,2.9746,735.0737,0.437,0.5459
flow_6462,0x1000193e,07,Email,0,auto,115.2565,1017.9266,394.753,24796.0886,157.4677,196.8666,157.8163,534.404,376.5877,0.028478,2.881447,0.511168,0.56305605,0.750371,3,2.8055,9.2742,1107.484,8.2585,16,6316,1.9374,764.7888,0.5063,0.5291
flow_6474,0x1000194a,07,Email,0,auto,106.6834,629.9345,235.302,38262.9414,195.6092,198.1655,151.5552,438.8138,287.2586,0.030388,7.050093,0.60586,3.17419654,1.781627,2,4.333,9.1042,1019.5621,8.8251,15,3529,1.6997,399.8844,0.5703,0.4633
flow_6486,0x10001956,07,Email,0,auto,108.465,1125.2622,358.3307,47110.0655,217.0485,167.4458,100.0792,505.3308,405.2516,0.037143,3.441805,0.378218,0.644366,0.802724,4,3.6096,13.8029,1293.429,12.7398,33,11824,2.5903,928.1136,0.4274,0.4912
flow_6498,0x10001962,07,Email,0,auto,108.734,886.0038,373.6678,8591.7198,92.6915,261.5325,109.4213,433.596,324.1747,0.028765,11.879166,0.817705,0.68099892,0.825227,3,4.0453,12.5719,1511.5863,11.2407,15,5605,1.3344,498.6336,0.4951,0.5813
flow_6510,0x1000196e,07,Email,0,auto,87.2138,931.2782,342.972,18550.1689,136.199,178.3974,130.4646,511.7873,381.3226,0.032274,8.599843,0.371815,0.73603361,0.857924,4,3.3446,11.5602,1147.1014,9.4947,25,8574,2.633,903.0261,0.5994,0.3655
flow_6522,0x1000197a,07,Email,0,auto,101.7223,690.2853,260.1539,22839.4921,151.1274,216.4204,151.0031,445.5004,294.4973,0.017054,11.586046,0.457981,0.755651,0.869282,12,2.5823,8.6133,671.7863,29.8909,65,16910,2.1746,565.7242,0.4428,0.4733
flow_6534,0x10001986,07,Email,0,auto,118.3698,1121.0643,257.5203,22908.2735,151.3548,293.5775,125.9308,507.8429,381.9121,0.019098,7.331943,0.449121,0.7626889,0.873321,8,3.5558,8.3988,915.6794,26.0075,57,14678,2.1917,564.3763,0.5798,0.5145
flow_6546,0x10001992,07,Email,0,auto,118.3936,1100.7154,357.7343,18191.496,134.8759,172.8786,138.793,424.9928,286.1998,0.04027,3.16186,0.36268,0.56369254,0.750795,8,2.956,8.4813,1057.4721,20.5646,56,20033,2.7231,974.1504,0.5389,0.6287
flow_6558,0x1000199e,07,Email,0,auto,122.7427,948.0074,408.1974,12396.8395,111.3411,215.6622,100.3736,513.9385,413.5649,0.046414,10.971685,0.75382,1.63413625,1.278333,7,2.9718,13.5103,1213.0979,24.5905,32,13062,1.3013,531.1811,0.4339,0.3981
flow_6570,0x100019aa,07,Email,0,auto,131.6576,980.9278,357.3847,39522.7457,198.8033,175.2017,117.2519,499.8849,382.6329,0.058474,11.535451,0.342192,1.60017188,1.264979,5,3.7941,6.7545,1355.9606,10.4194,30,10721,2.8792,1028.9473,0.616,0.4266
flow_6582,0x100019b6,07,Email,0,auto,137.1336,914.2559,252.1425,14207.5919,119.1956,276.1646,100.7311,371.3389,270.6078,0.040475,10.560833,0.749352,0.65747044,0.810846,7,3.7759,11.6891,952.0759,28.446,37,9329,1.3007,327.9544,0.5147,0.6027
flow_6594,0x100019c2,07,Email,0,auto,122.1688,1077.3698,264.1311,22646.0323,150.486,205.928,124.2225,543.1171,418.8945,0.030524,6.724738,0.847221,1.52786916,1.23607,5,4.1477,11.1871,1095.528,17.4544,20,5282,1.1458,302.6168,0.595,0.5193
flow_6606,0x100019ce,07,Email,0,auto,99.4605,1181.2213,273.7485,45591.6725,213.5221,207.7508,106.5259,403.1256,296.5997,0.02308,11.402602,0.346444,0.8904348,0.943629,14,3.172,6.3804,868.3279,19.53,56,15329,2.8674,784.8953,0.5217,0.45
flow_6618,0x100019da,07,Email,0,auto,101.2256,797.896,280.6192,32483.542,180.2319,223.0525,134.1151,515.4629,381.3478,0.027937,3.081951,0.76189,1.0821275,1.040254,6,2.105,6.9361,590.6993,17.2944,22,6173,1.2721,356.9361,0.4575,0.563
flow_6630,0x100019e6,07,Email,0,auto,114.9475,1023.0154,395.1611,35149.6546,187.4824,202.2025,115.3843,414.8761,299.4918,0.016038,10.458619,0.35618,0.60580087,0.778332,6,4.7254,5.6024,1867.2858,10.3796,29,11459,2.7939,1103.9918,0.6184,0.6146
flow_6642,0x100019f2,07,Email,0,auto,80.2567,643.2384,412.7666,36626.4069,191.3803,253.6126,100.4489,417.7499,317.301,0.037319,4.131279,0.323129,2.22736184,1.492435,5,3.5379,6.0431,1460.3412,12.0196,37,15272,3.0783,1270.5931,0.515,0.4595
flow_6654,0x100019fe,07,Email,0,auto,80.8565,766.8124,335.9135,29321.6008,171.2355,195.9048,104.6846,392.0645,287.3799,0.038354,2.686384,0.34622,2.35517403,1.534658,4,4.4901,10.7243,1508.2842,8.5414,24,8061,2.8098,943.7554,0.5462,0.3896
flow_6666,0x10001a0a,07,Email,0,auto,88.5365,1112.8124,284.4939,53503.3348,231.3079,187.143,131.5664,491.3705,359.8041,0.018901,3.652806,0.476746,3.20214751,1.789455,8,3.1074,13.9609,884.0502,17.179,36,10241,2.0956,596.1345,0.4018,0.355
flow_6678,0x10001a16,07,Email,0,auto,81.5227,1072.9955,367.3451,39789.2724,199.4725,249.502,153.2141,466.687,313.4729,0.04052,10.117987,0.855185,2.60593956,1.614292,7,3.2246,9.053,1184.5541,22.8527,26,9550,1.1377,417.8937,0.5373,0.5626
flow_6690,0x10001a22,07,Email,0,auto,113.0307,718.444,275.8462,35356.5825,188.0335,162.8511,158.5322,440.4644,281.9322,0.053414,10.498821,0.736297,2.68315998,1.638035,2,3.2716,11.8923,902.4512,12.0718,16,4413,1.3254,365.564,0.5906,0.4488
flow_6702,0x10001a2e,07,Email,0,auto,125.2641,1089.8652,279.6617,37694.8912,194.1517,274.8128,134.3519,501.4575,367.1055,0.017061,9.501157,0.77424,1.89233143,1.37562,3,2.5528,9.8126,713.9259,15.1929,19,5313,1.2506,349.7017,0.5794,0.5258
flow_6714,0x10001a3a,07,Email,0,auto,110.6618,706.5785,369.0549,53989.5204,232.3565,179.733,137.7886,498.516,360.7274,0.034246,9.118918,0.390624,1.91655628,1.384397,10,3.3376,8.1891,1231.7683,23.7268,60,22143,2.5288,933.2477,0.4078,0.3925
flow_6726,0x10001a46,07,Email,0,auto,109.696,611.3235,245.5586,41264.3592,203.1363,263.443,120.3425,477.1688,356.8263,0.022921,2.764701,0.72218,1.62889442,1.276281,11,4.1947,12.6796,1030.0368,24.9768,34,8348,1.3613,334.2295,0.4324,0.4193
flow_6738,0x10001a52,07,Email,0,auto,113.5029,753.7862,399.491,51319.7412,226.5386,207.6162,127.9789,409.4094,281.4305,0.016272,4.731018,0.886162,1.64350927,1.281994,8,4.2142,8.5323,1683.5373,25.6792,28,11185,1.0904,435.5664,0.4993,0.6029
flow_6750,0x10001a5e,07,Email,0,auto,112.226,955.007,329.3132,51584.967,227.1232,235.7718,105.6223,511.562,405.9396,0.027334,3.00159,0.546018,2.54813299,1.596287,10,4.8418,12.3132,1594.463,19.205,35,11525,1.8224,600.1045,0.4453,0.5656
flow_6762,0x10001a6a,07,Email,0,auto,86.2873,1184.0505,260.728,41185.1,202.9411,217.9257,125.8526,544.2557,418.4032,0.038333,9.799681,0.806068,2.40878755,1.552027,2,4.6287,10.9548,1206.8313,10.0547,15,3910,1.4918,388.8746,0.4429,0.4787
flow_6774,0x10001a76,07,Email,0,auto,91.2516,1013.3725,323.8022,40541.6422,201.3496,261.4074,121.1148,549.5199,428.4051,0.056232,6.762261,0.496766,1.28595929,1.134001,4,4.7953,6.7491,1552.7168,11.0665,22,7123,1.988,643.657,0.5514,0.5319
flow_6786,0x10001a82,07,Email,0,auto,80.2211,792.4461,360.8147,16389.6186,128.0219,176.2538,109.0743,375.5488,266.4745,0.025618,8.287023,0.253961,2.43677857,1.561018,5,4.6738,8.7055,1686.3815,8.8421,34,12267,3.8453,1387.3444,0.4775,0.4604
flow_6798,0x10001a8e,07,Email,0,auto,126.7418,1015.9681,252.5751,25871.3772,160.8458,230.1799,117.5237,461.027,343.5033,0.048956,7.045225,0.535637,2.20622336,1.485336,14,3.2728,8.602,826.6206,25.3981,47,11871,1.8505,467.3969,0.5692,0.6383
flow_6810,0x10001a9a,07,Email,0,auto,83.1647,1044.1221,287.1847,22079.7689,148.5926,199.1297,112.9057,419.6285,306.7228,0.011856,8.781942,0.633659,1.07593973,1.037275,3,2.6062,5.1263,748.4656,14.3712,22,6318,1.5308,439.6289,0.4167,0.5086
flow_6822,0x10001aa6,07,Email,0,auto,86.7074,1115.2233,248.8558,17223.0283,131.2365,281.3635,148.8773,474.3489,325.4717,0.027634,2.995472,0.811326,0.53358095,0.730466,3,3.8464,5.2959,957.1907,17.8305,21,5225,1.1778,293.0365,0.3817,0.5815
flow_6834,0x10001ab2,07,Email,0,auto,131.9313,726.9418,272.7903,23108.18,152.0137,274.2032,117.3922,356.4231,239.0309,0.051185,7.617537,0.368138,2.6278343,1.62106,15,4.5457,8.3918,1240.035,27.4243,74,20186,2.6983,736.0624,0.5932,0.445
flow_6846,0x10001abe,07,Email,0,auto,127.3102,719.476,355.6359,14358.3098,119.8262,182.2681,110.1377,381.9775,271.8399,0.013186,6.196168,0.460751,2.95721635,1.719656,14,3.5397,9.7191,1258.847,26.9087,58,20626,2.1554,766.5181,0.4761,0.4795
flow_6858,0x10001aca,07,Email,0,auto,118.5124,1068.1344,220.8521,34102.6374,184.669,289.4561,127.3727,499.0942,371.7215,0.029511,3.74164,0.492133,2.09637083,1.447885,4,2.1779,12.8698,480.9881,10.0292,20,4417,1.9942,440.4125,0.5959,0.4777
flow_6870,0x10001ad6,07,Email,0,auto,128.6765,648.5833,327.6587,16925.7247,130.0989,229.619,104.7852,435.5429,330.7578,0.027896,11.246908,0.312543,0.54089945,0.735459,8,4.3451,7.889,1423.7135,17.9862,57,18676,3.1691,1038.3537,0.5515,0.3738
flow_6882,0x10001ae2,07,Email,0,auto,120.9728,952.8294,324.8785,12075.2979,109.8877,228.5618,110.5927,455.3998,344.8071,0.025789,6.980774,0.372117,0.89378214,0.945401,14,3.5198,13.135,1143.5196,21.0861,56,18193,2.6558,862.7944,0.3801,0.5634
flow_6894,0x10001aee,07,Email,0,auto,90.382,728.2874,303.1942,16794.1726,129.5923,210.2779,154.7563,482.9448,328.1885,0.042627,10.145633,0.635028,1.46544407,1.210555,2,4.1671,11.1383,1263.4332,12.9552,20,6063,1.5438,467.9983,0.4609,0.4095
flow_6906,0x10001afa,07,Email,0,auto,113.5042,700.9846,329.3762,23312.4468,152.6841,165.9477,144.1976,416.6025,272.4049,0.018053,3.323082,0.731607,1.24761019,1.116965,5,2.5805,5.896,849.9471,29.1534,39,12845,1.3378,440.601,0.5001,0.4055
flow_6918,0x10001b06,07,Email,0,auto,94.0634,1178.1376,327.7578,49947.9784,223.4904,241.5248,118.7283,530.1831,411.4549,0.033786,2.552571,0.517615,3.07860434,1.754595,4,2.3846,10.5055,781.5786,8.6543,16,5244,1.8488,605.9414,0.5734,0.3524
flow_6930,0x10001b12,07,Email,0,auto,117.816,1022.3695,284.8531,15679.9476,125.2196,181.1468,109.9825,394.2571,284.2746,0.022474,9.649436,0.443192,2.89254153,1.700747,6,2.8084,9.5475,799.9725,16.3873,36,10254,2.1968,625.7273,0.3912,0.3863
flow_6942,0x10001b1e,07,Email,0,auto,98.7392,814.6328,263.9565,37218.9642,192.9222,244.053,124.6165,401.9683,277.3519,0.029073,9.600872,0.844395,0.88340786,0.939898,9,2.4063,11.1493,635.1572,28.4491,33,8710,1.16,306.161,0.4675,0.4329
flow_6954,0x10001b2a,07,Email,0,auto,87.3338,947.4045,245.4618,35116.5653,187.3941,212.0213,145.1102,440.7408,295.6306,0.048675,8.360029,0.769165,2.85174015,1.68871,6,3.9324,7.6541,965.2535,20.8386,27,6627,1.2957,318.0158,0.4804,0.4249
flow_6966,0x10001b36,07,Email,0,auto,88.5066,764.8332,310.3069,9642.166,98.1945,219.2574,150.3074,526.1149,375.8075,0.024311,9.776933,0.765299,2.10136662,1.449609,5,3.8111,11.5196,1182.6219,26.0906,34,10550,1.3031,404.3597,0.3838,0.3933
flow_6978,0x10001b42,07,Email,0,auto,114.6629,932.6927,233.5147,25806.1065,160.6428,206.4097,150.3409,432.5128,282.1719,0.022306,4.032268,0.833713,0.66944545,0.818196,7,3.1178,11.1177,728.0417,27.737,33,7705,1.1897,277.7881,0.3848,0.44
flow_6990,0x10001b4e,07,Email,0,auto,134.4263,620.8867,393.6503,37185.5593,192.8356,168.9937,107.5627,547.5979,440.0353,0.034787,6.668554,0.397452,0.68163541,0.825612,4,4.0195,10.9332,1582.269,8.2148,20,7873,2.4346,958.3951,0.5536,0.5607
flow_7002,0x10001b5a,07,Email,0,auto,125.4325,1197.9387,222.2369,26950.4858,164.166,160.5115,135.3722,362.828,227.4558,0.044707,4.668352,0.797618,2.43273376,1.559722,6,2.7344,7.9756,607.6919,28.7885,36,8000,1.2505,277.8886,0.5667,0.4973
flow_7014,0x10001b66,07,Email,0,auto,97.2966,612.6789,349.7166,50378.4088,224.4514,283.2217,104.6495,510.4403,405.7908,0.02509,4.123497,0.82244,0.58273288,0.763369,6,3.7574,5.8859,1314.0377,18.6217,22,7693,1.1814,413.1192,0.3899,0.5845
flow_7026,0x10001b72,07,Email,0,auto,102.6774,695.119,326.4532,10748.0839,103.673,235.1363,123.4332,530.4242,406.991,0.048204,3.758978,0.907029,2.51532985,1.585979,6,3.9506,10.0404,1289.6863,24.8345,27,8814,1.0872,354.91,0.3925,0.581
flow_7038,0x10001b7e,07,Email,0,auto,114.529,950.365,247.6322,30076.7064,173.4264,267.5832,112.6747,390.7005,278.0258,0.046821,10.677311,0.801069,1.08268333,1.040521,4,3.26,5.1659,807.2903,17.4532,21,5200,1.2032,297.9394,0.4586,0.5909
flow_7050,0x10001b8a,07,Email,0,auto,132.6242,771.6168,301.998,10988.1605,104.8244,180.9689,119.5217,476.6787,357.157,0.046497,4.36612,0.871384,1.07120049,1.034988,7,3.616,12.8781,1092.0347,24.2966,27,8153,1.1113,335.5618,0.5045,0.4875
flow_7062,0x10001b96,07,Email,0,auto,123.3927,1167.8803,288.164,9972.9582,99.8647,200.7495,112.8901,394.714,281.8239,0.045171,2.650753,0.532899,0.68414258,0.827129,17,4.669,11.0232,1345.4433,29.0333,54,15560,1.8599,535.9371,0.5462,0.3725
flow_7074,0x10001ba2,07,Email,0,auto,120.7287,810.1114,280.4105,31113.9613,176.3915,185.7116,145.2564,513.6757,368.4193,0.051555,4.749124,0.401319,0.47949061,0.692453,4,4.7451,10.4581,1330.5799,9.1798,22,6169,2.3966,672.018,0.5393,0.3593
flow_7086,0x10001bae,07,Email,0,auto,122.3316,860.8104,349.2024,11956.6795,109.3466,202.5864,142.9948,535.6225,392.6277,0.035403,3.588985,0.522224,3.27862604,1.810698,4,3.715,13.3644,1297.3044,13.3428,25,8730,1.8737,654.2858,0.5106,0.593
flow_7098,0x10001bba,07,Email,0,auto,137.9913,778.5656,291.6201,40487.4181,201.2149,259.048,113.8408,475.0401,361.1994,0.034265,11.150352,0.942532,0.62638309,0.791444,3,4.5594,13.9446,1329.6264,12.0931,15,4374,1.2404,361.6947,0.5379,0.6113
flow_7110,0x10001bc6,07,Email,0,auto,126.4849,839.7041,364.2656,30876.906,175.7183,194.5079,124.9594,472.0776,347.1182,0.052481,4.776468,0.341105,2.74678361,1.657342,26,4.8868,11.6785,1780.1088,28.9514,84,30598,2.9014,1056.8761,0.6015,0.3574
flow_7122,0x10001bd2,07,Email,0,auto,100.2065,684.4379,309.3905,40840.4507,202.0902,299.3953,149.1692,520.4287,371.2595,0.028565,10.160086,0.719354,1.01142016,1.005694,3,2.6227,11.6241,811.4419,16.7233,23,7115,1.3753,425.4537,0.5051,0.4009
flow_7134,0x10001bde,07,Email,0,auto,113.3665,1092.109,281.2285,40076.6205,200.1915,261.2576,143.1827,467.7351,324.5524,0.016008,11.338407,0.93808,2.83182002,1.682801,4,2.6922,6.4674,757.1111,28.1636,30,8436,1.0652,299.536,0.4038,0.3774
flow_7146,0x10001bea,07,Email,0,auto,132.317,713.3572,328.4363,9101.8648,95.4037,265.1467,122.6269,377.3957,254.7688,0.025192,10.891603,0.345288,0.39703691,0.630109,12,3.5513,5.0316,1166.3864,22.2553,64,21019,2.8757,944.451,0.5037,0.5135
flow_7158,0x10001bf6,07,Email,0,auto,108.8613,909.676,377.3269,18259.4172,135.1274,184.6352,121.5984,389.7195,268.1211,0.039346,9.354578,0.582517,3.01437369,1.736195,4,2.4524,6.1369,925.3655,14.5132,24,9055,1.6537,623.914,0.3847,0.5841
flow_7170,0x10001c02,07,Email,0,auto,120.4782,1092.9298,231.6942,21022.7394,144.9922,204.0027,110.4422,381.4355,270.9932,0.056361,3.72388,0.636681,0.44134207,0.664336,13,2.2609,5.795,523.844,28.6816,45,10426,1.5689,363.5082,0.5763,0.5445
flow_7182,0x10001c0e,07,Email,0,auto,105.5765,907.5307,234.5025,27063.4749,164.5098,226.0502,135.9673,516.6831,380.7158,0.056374,10.919315,0.631608,3.0348364,1.742078,13,2.4025,10.4738,563.3992,29.6069,46,10787,1.5537,364.3407,0.5716,0.5339
flow_7194,0x10001c1a,07,Email,0,auto,119.2192,956.2363,352.9498,14481.3967,120.3387,249.3066,143.1921,523.1198,379.9277,0.055149,11.859187,0.613236,2.27498912,1.508307,6,3.611,8.6677,1274.4869,27.9873,45,15882,1.6079,567.4724,0.4445,0.5531
flow_7206,0x10001c26,07,Email,0,auto,87.6066,873.6002,346.3123,55790.4714,236.2001,180.1832,147.9444,511.3944,363.4501,0.044473,6.475856,0.945887,2.9040459,1.704126,3,2.1496,5.3677,744.4269,16.4033,17,5887,1.0364,358.8907,0.5678,0.4568
flow_7218,0x10001c32,07,Email,0,auto,107.9017,969.7879,327.1495,56078.4993,236.809,281.3382,137.4908,391.4533,253.9625,0.040797,11.444942,0.34793,1.86118554,1.364253,25,3.1841,7.8684,1041.6806,28.1836,81,26499,2.874,940.2272,0.4566,0.3698
flow_7230,0x10001c3e,07,Email,0,auto,91.9431,987.1167,237.5726,49107.1572,221.6013,202.3077,152.0231,445.9541,293.931,0.034343,7.582633,0.562074,0.37982299,0.616298,8,2.7144,9.1238,644.8642,26.2275,46,10928,1.7539,416.6616,0.5733,0.6456
flow_7242,0x10001c4a,07,Email,0,auto,90.1974,644.9572,395.6235,8315.3772,91.1887,297.7891,159.9797,399.6099,239.6302,0.052822,6.706736,0.885052,1.14212357,1.068702,3,3.864,6.8841,1528.6706,19.3696,21,8308,1.0842,428.9196,0.475,0.4941
flow_7254,0x10001c56,07,Email,0,auto,113.7787,834.0775,290.0034,20704.3355,143.89,199.7546,132.648,392.8482,260.2002,0.019044,3.227351,0.75099,1.65677196,1.287157,4,4.198,9.16,1217.4406,21.9862,29,8410,1.319,382.5121,0.4273,0.3688
flow_7266,0x10001c62,07,Email,0,auto,102.7063,723.436,266.3851,11321.8018,106.404,207.9122,139.4055,513.4841,374.0786,0.024297,7.193203,0.658285,1.51389816,1.230406,7,4.8025,11.7575,1279.3195,28.0696,42,11188,1.4963,398.5811,0.414,0.3923
flow_7278,0x10001c6e,07,Email,0,auto,120.6739,722.8904,352.7652,43048.587,207.4815,217.2299,153.9539,463.1364,309.1825,0.049308,3.53436,0.378615,2.72691358,1.651337,7,4.8409,5.3496,1707.7005,9.016,23,8113,2.551,899.8416,0.5225,0.5103
flow_7290,0x10001c7a,07,Email,0,auto,126.5995,1178.0765,396.1691,35716.2353,188.9874,240.8533,156.9949,426.0944,269.0995,0.032614,4.72873,0.774156,1.60852788,1.268278,5,3.3782,10.5452,1338.3446,17.5268,22,8715,1.2552,497.2396,0.5481,0.6216
flow_7302,0x10001c86,07,Email,0,auto,110.7979,900.5471,259.7186,46479.0783,215.5901,205.0051,158.4156,427.427,269.0115,0.012706,8.105127,0.801896,1.80582668,1.343811,2,4.2244,6.8134,1097.1615,9.3,15,3895,1.6129,418.818,0.5604,0.3649
flow_7314,0x10001c92,07,Email,0,auto,128.0169,1168.2181,246.5471,11198.5729,105.8233,278.5811,110.3519,362.1692,251.8174,0.040914,5.670278,0.900259,0.40794105,0.638703,5,4.2449,13.9025,1046.5796,18.3129,20,4930,1.0921,269.2094,0.5585,0.4267
flow_7326,0x10001c9e,07,Email,0,auto,84.8056,1093.9307,327.5447,30427.9954,174.4362,163.6875,125.127,499.8962,374.7692,0.034716,8.282195,0.447962,0.89405782,0.945546,8,3.207,12.4328,1050.4256,12.6011,28,9171,2.222,727.7939,0.5957,0.5087
flow_7338,0x10001caa,07,Email,0,auto,136.4529,626.0473,233.7763,41941.6694,204.7967,277.7138,136.3306,409.7548,273.4242,0.03109,9.161927,0.830736,3.06716116,1.751331,5,4.4693,10.211,1044.815,27.9574,33,7714,1.1804,275.92,0.619,0.3885
flow_7350,0x10001cb6,07,Email,0,auto,113.2979,1182.8735,288.0506,8908.2038,94.3833,265.1294,100.7394,407.9333,307.1939,0.038979,2.932727,0.732944,0.99385833,0.996924,4,4.418,6.4443,1272.6053,12.2197,16,4608,1.3094,377.0972,0.5996,0.3733
flow_7362,0x10001cc2,07,Email,0,auto,84.0349,651.3935,398.8311,33445.6699,182.8816,167.7661,155.938,484.7267,328.7886,0.026137,9.087214,0.912298,0.52032933,0.721339,5,3.0426,10.6738,1213.4814,26.5736,29,11566,1.0913,435.2448,0.5535,0.6162
flow_7374,0x10001cce,07,Email,0,auto,107.4289,1020.8604,349.8739,15022.948,122.5681,262.3303,104.2656,521.0014,416.7357,0.021951,3.034805,0.905008,2.48933963,1.577764,3,4.1571,10.6051,1454.4667,17.4722,19,6647,1.0874,380.4336,0.4672,0.4468
flow_7386,0x10001cda,07,Email,0,auto,91.5368,756.0469,283.5586,25037.1447,158.2313,165.7364,107.9906,436.9659,328.9753,0.04216,10.659157,0.318929,0.48067015,0.693304,16,2.4723,5.8774,701.0423,17.3754,54,15312,3.1078,881.2438,0.4802,0.5225
flow_7398,0x10001ce6,07,Email,0,auto,138.0795,692.9882,386.9622,12159.462,110.27,214.2398,127.2333,476.8793,349.646,0.032504,5.01597,0.524882,2.42379296,1.556854,3,4.1277,5.1314,1597.2486,10.2655,19,7352,1.8509,716.1825,0.5056,0.3855
flow_7410,0x10001cf2,07,Email,0,auto,118.4932,815.1087,291.6824,48621.7533,220.5034,247.7245,109.9378,528.0109,418.0731,0.045045,4.699826,0.8225,1.23171786,1.109828,5,2.8602,11.9761,834.2765,28.9979,35,10208,1.207,352.026,0.4393,0.6021
flow_7422,0x10001cfe,07,Email,0,auto,130.9425,727.1106,399.9871,20704.5386,143.8907,240.9252,152.87,388.7557,235.8857,0.058304,10.782871,0.280916,2.26354066,1.504507,17,3.583,11.3248,1433.1642,26.3463,93,37198,3.5299,1411.8881,0.4253,0.5717
flow_7434,0x10001d0a,07,Email,0,auto,139.3706,849.323,261.4935,14178.6577,119.0742,173.805,116.5557,492.818,376.2623,0.026399,8.862675,0.334658,1.24461277,1.115622,6,4.2355,11.168,1107.5495,12.1782,36,9413,2.9561,772.9368,0.3947,0.5956
flow_7446,0x10001d16,07,Email,0,auto,105.2003,877.498,351.7469,47145.624,217.1304,209.9918,141.0053,486.1304,345.1251,0.023622,4.390948,0.878538,0.78255994,0.884624,4,4.5353,12.8735,1595.2796,9.8957,15,5276,1.5158,533.1631,0.5865,0.459
flow_7458,0x10001d22,07,Email,0,auto,102.4115,671.9241,276.2556,38212.3317,195.4797,206.8377,112.9705,544.4715,431.501,0.031264,4.451626,0.410043,0.58450508,0.764529,9,4.059,12.4877,1121.3078,22.8383,55,15194,2.4082,665.2873,0.5694,0.4513
flow_7470,0x10001d2e,07,Email,0,auto,135.85,780.9082,362.312,55304.3687,235.1688,290.8586,154.3453,529.7676,375.4224,0.017767,6.159538,0.942374,0.72503925,0.851492,2,2.5041,5.9334,907.2762,14.183,15,5434,1.0576,383.1335,0.3996,0.4316
flow_7482,0x10001d3a,07,Email,0,auto,107.8161,1192.0233,242.0593,52376.1349,228.8583,237.4268,159.8805,485.2733,325.3928,0.04335,4.48842,0.54161,0.80812748,0.898959,5,3.4392,10.7539,832.4896,14.6608,27,6535,1.8416,445.7461,0.4999,0.5386
flow_7494,0x10001d46,07,Email,0,auto,116.3913,1190.8768,318.6911,37873.3773,194.6108,246.8959,115.8576,465.016,349.1584,0.039947,11.355676,0.842075,1.18754411,1.089745,7,3.4437,12.4376,1097.483,27.6212,32,10198,1.1585,369.2093,0.5217,0.5397
flow_7506,0x10001d52,07,Email,0,auto,86.9615,627.4888,371.5865,24278.3219,155.815,272.3194,151.9827,495.1578,343.1751,0.039679,11.55094,0.66577,3.20389558,1.789943,8,2.2601,8.7,839.8215,28.0141,42,15606,1.4992,557.0773,0.5531,0.4499
flow_7518,0x10001d5e,07,Email,0,auto,132.4294,885.6993,246.5903,9466.7102,97.297,215.4052,129.6395,379.1138,249.4744,0.011116,3.477577,0.765793,0.7230731,0.850337,4,2.9873,10.8127,736.6513,25.8422,33,8137,1.277,314.8725,0.4493,0.567
flow_7530,0x10001d6a,07,Email,0,auto,104.8256,808.2479,294.2641,11558.5335,107.5106,243.2111,112.9199,431.1905,318.2706,0.043981,8.625797,0.929867,2.22876515,1.492905,4,2.1159,5.0571,622.6287,11.9788,15,4413,1.2522,368.4002,0.5641,0.5058
flow_7542,0x10001d76,07,Email,0,auto,135.0975,747.6514,331.1281,19817.0657,140.7731,270.5756,159.2116,454.5896,295.378,0.035594,7.478754,0.543281,2.17726801,1.475557,8,2.1918,7.4648,725.7759,24.8603,45,14900,1.8101,599.3482,0.5136,0.3799
flow_7554,0x10001d82,07,Email,0,auto,132.4595,1133.1583,347.6986,14219.2035,119.2443,256.9888,135.5247,352.2428,216.7181,0.024,3.141439,0.605182,0.60100495,0.775245,6,4.8801,6.7208,1696.8111,15.2287,25,8692,1.6416,570.7645,0.4648,0.3789
flow_7566,0x10001d8e,07,Email,0,auto,89.1424,1124.8152,282.23,13153.9993,114.6909,233.9781,123.8578,404.2185,280.3607,0.05832,3.825393,0.37582,2.75711003,1.660455,5,3.6379,6.3508,1026.7367,10.9231,29,8184,2.6549,749.2408,0.5435,0.6338
flow_7578,0x10001d9a,07,Email,0,auto,120.224,1064.3763,392.35,15777.7392,125.6095,262.9126,143.5859,508.905,365.3191,0.027507,10.554259,0.338059,2.37340382,1.540586,9,4.4339,8.5986,1739.6355,11.3303,33,12947,2.9125,1142.688,0.5356,0.5345
flow_7590,0x10001da6,07,Email,0,auto,97.552,761.2454,330.7208,35720.1507,188.9978,209.1309,107.2636,447.8673,340.6037,0.02593,9.19429,0.702902,1.73042155,1.315455,13,2.6187,5.2942,866.0442,29.4558,41,13559,1.3919,460.3168,0.6169,0.3762
flow_7602,0x10001db2,07,Email,0,auto,84.9375,1053.0947,242.9952,20032.8505,141.5375,175.9058,110.7178,406.7382,296.0204,0.023156,11.642443,0.618385,1.0644761,1.031735,11,3.8575,12.0341,937.3557,25.631,41,9962,1.5996,388.6695,0.5357,0.5854
flow_7614,0x10001dbe,07,Email,0,auto,120.7805,896.3463,303.266,17547.128,132.4656,197.0222,126.7586,355.4797,228.7211,0.015016,4.015303,0.819808,2.59060767,1.609536,3,2.0651,7.3481,626.2662,12.897,15,4548,1.1631,352.6395,0.52,0.5166
flow_7626,0x10001dca,07,Email,0,auto,86.2384,1088.9505,303.7677,33854.0857,183.9948,214.8706,123.133,536.7016,413.5686,0.052961,10.207959,0.653137,1.25965195,1.122342,4,2.8895,9.6063,877.7256,17.5531,26,7897,1.4812,449.8918,0.4053,0.4947
flow_7638,0x10001dd6,07,Email,0,auto,114.7825,632.6893,242.6329,39595.8331,198.987,213.6697,128.0574,447.5531,319.4957,0.057057,6.53914,0.327535,1.80813112,1.344668,12,3.485,8.5216,845.5773,15.748,48,11646,3.048,739.5217,0.5387,0.4506
flow_7650,0x10001de2,07,Email,0,auto,126.786,986.5287,395.6667,11935.3004,109.2488,177.2872,114.5211,527.5924,413.0713,0.057529,9.531695,0.558431,1.46593715,1.210759,4,4.9314,6.5343,1951.1873,13.3538,23,9100,1.7224,681.453,0.4324,0.4736
flow_7662,0x10001dee,07,Email,0,auto,121.6234,747.1308,272.3432,10657.2322,103.2339,212.9694,140.3991,380.5651,240.1659,0.033163,2.516889,0.884339,1.5166534,1.231525,3,2.9679,7.3383,808.2939,21.398,24,6536,1.1216,305.4487,0.3905,0.5685
flow_7674,0x10001dfa,07,Email,0,auto,107.8725,929.3173,305.6367,38411.2614,195.9879,288.8816,152.347,410.4213,258.0743,0.045145,7.917099,0.923018,3.02336304,1.738782,6,3.1632,5.0737,966.79,18.6793,20,6112,1.0707,327.2073,0.5855,0.4767
flow_7686,0x10001e06,07,Email,0,auto,111.3469,638.381,275.3578,26643.0015,163.2268,260.7896,108.8316,408.8324,300.0009,0.054822,6.248588,0.848558,0.75698578,0.870049,2,3.4289,9.964,944.1825,9.1734,15,4130,1.6352,450.216,0.4594,0.6226
flow_7698,0x10001e12,07,Email,0,auto,95.5615,855.3395,333.6512,35888.2897,189.442,171.5792,143.9489,364.7576,220.8087,0.027788,6.624414,0.314925,0.47461164,0.688921,11,4.3524,11.3523,1452.1778,16.3162,51,17016,3.1257,1042.887,0.4409,0.4884
flow_7710,0x10001e1e,07,Email,0,auto,139.1221,774.3258,326.7466,52857.7142,229.9081,162.7031,101.4155,413.4897,312.0743,0.043431,4.837465,0.733806,2.24540619,1.498468,2,2.6354,13.5723,861.1073,10.1329,15,4901,1.4803,483.6718,0.5343,0.5932
flow_7722,0x10001e2a,07,Email,0,auto,130.9173,664.2321,366.8784,53798.663,231.9454,160.1702,107.9044,491.8497,383.9453,0.053586,7.743164,0.717738,0.99561234,0.997804,5,3.4479,8.1383,1264.9748,12.5741,17,6236,1.352,495.9385,0.4478,0.5964
flow_7734,0x10001e36,07,Email,0,auto,88.5497,848.528,348.3631,47335.1776,217.5665,240.8151,119.4125,511.7622,392.3498,0.019409,9.561552,0.750043,2.11158574,1.45313,3,2.3006,7.3985,801.4332,13.0705,17,5922,1.3006,453.082,0.4635,0.3859
flow_7746,0x10001e42,07,Email,0,auto,107.7338,1098.5593,258.0837,21826.4313,147.7377,210.3709,107.9763,465.1291,357.1529,0.044241,4.328591,0.825589,1.7723536,1.331298,5,2.8496,11.8991,735.4236,27.3677,33,8516,1.2058,311.1695,0.4214,0.4077
flow_7758,0x10001e4e,07,Email,0,auto,110.0341,919.4431,248.6699,46812.493,216.3619,251.6127,138.3972,395.7355,257.3383,0.020248,10.354253,0.310844,1.54104162,1.241387,10,2.6165,5.0747,650.6562,21.2247,68,16909,3.2038,796.6657,0.4782,0.4418
flow_7770,0x10001e5a,07,Email,0,auto,90.9446,1049.5987,378.7156,52889.7974,229.9778,169.6327,155.1907,478.0126,322.8219,0.042972,2.881159,0.85587,0.8483921,0.921082,4,2.5349,5.6336,960.0196,17.5837,20,7574,1.1374,430.7387,0.5909,0.5172
flow_7782,0x10001e66,07,Email,0,auto,133.4747,901.4395,281.0425,15146.2402,123.0701,176.1106,115.7265,358.798,243.0715,0.029876,4.925344,0.902627,1.18394401,1.088092,5,3.6795,12.2075,1034.103,25.8824,28,7869,1.0818,304.0285,0.4985,0.493
flow_7794,0x10001e72,07,Email,0,auto,102.1648,786.398,409.9204,35413.8114,188.1856,247.8418,107.9564,547.861,439.9046,0.017869,10.011369,0.91845,0.65717296,0.810662,6,3.0314,6.9117,1242.6505,26.3182,28,11477,1.0639,436.0853,0.5194,0.368
flow_7806,0x10001e7e,07,Email,0,auto,134.6423,682.2331,328.232,18292.2,135.2487,268.4967,108.9131,356.4005,247.4875,0.017863,10.642427,0.874948,1.03546199,1.017577,9,4.2643,6.0127,1399.6673,27.8457,31,10175,1.1133,365.4068,0.3983,0.6278
flow_7818,0x10001e8a,07,Email,0,auto,105.4045,953.4504,399.157,18815.8392,137.1708,274.1978,155.0962,514.0563,358.9601,0.015773,7.827354,0.42721,0.62945732,0.793383,14,2.6703,7.1131,1065.8531,29.297,68,27142,2.3211,926.4416,0.5579,0.604
flow_7830,0x10001e96,07,Email,0,auto,81.8706,1039.4078,349.862,9728.2364,98.6318,251.3454,124.369,467.1942,342.8251,0.01886,9.733898,0.519446,2.78103836,1.667645,5,3.7185,12.3119,1300.976,17.9996,34,11895,1.8889,660.8488,0.4752,0.5448
flow_7842,0x10001ea2,07,Email,0,auto,139.8361,863.0058,313.058,19239.371,138.7061,169.6872,148.1062,491.9503,343.8441,0.045026,3.003095,0.864323,2.38834031,1.545426,2,2.5042,10.217,783.9528,8.9881,15,4695,1.6689,522.3602,0.4323,0.5047
flow_7854,0x10001eae,07,Email,0,auto,137.7224,698.8408,404.1998,54932.3318,234.3765,242.5354,159.9162,513.8539,353.9377,0.030427,5.896032,0.89202,2.74796864,1.6577,5,2.2861,5.9396,924.0277,19.9935,22,8892,1.1004,444.7445,0.408,0.53
flow_7866,0x10001eba,07,Email,0,auto,136.7517,1179.928,240.9712,13718.8421,117.1275,169.2043,154.4965,532.3787,377.8822,0.010837,10.176459,0.457314,0.54515373,0.738345,15,3.4633,7.5628,834.5491,27.8334,60,14458,2.1557,519.4484,0.541,0.6471
flow_7878,0x10001ec6,07,Email,0,auto,112.1773,901.5975,328.813,14378.1958,119.9091,177.8075,129.3307,401.3781,272.0474,0.05848,3.891168,0.265651,2.97946141,1.726112,15,3.0416,12.5304,1000.124,19.7429,74,24332,3.7482,1232.4461,0.4724,0.4251
flow_7890,0x10001ed2,07,Email,0,auto,113.1405,739.8274,271.1264,8482.5119,92.1006,245.2513,109.961,515.6843,405.7234,0.033715,6.595308,0.661053,2.52669429,1.589558,4,4.457,10.7329,1208.4038,15.8197,23,6235,1.4539,394.1276,0.4202,0.4152
flow_7902,0x10001ede,07,Email,0,auto,104.0713,760.8929,297.2678,36838.5227,191.9336,189.0982,158.8203,433.5946,274.7742,0.019618,2.579329,0.602298,1.46992284,1.212404,4,4.6688,6.2067,1387.8971,13.7721,22,6539,1.5974,474.8019,0.5585,0.6387
flow_7914,0x10001eea,07,Email,0,auto,97.3288,809.1911,376.2599,54858.3818,234.2187,238.4439,112.4098,472.421,360.0113,0.043739,8.391293,0.933015,0.67590417,0.822134,4,2.618,8.5747,985.0357,8.3739,15,5643,1.7913,673.8776,0.4188,0.4768
flow_7926,0x10001ef6,07,Email,0,auto,131.8005,1081.402,330.9899,57411.7974,239.6076,175.7641,132.6605,352.8845,220.224,0.022403,5.454528,0.600248,3.15181744,1.775336,8,3.1077,12.9877,1028.6105,22.7997,37,12246,1.6228,537.1122,0.4848,0.4861
flow_7938,0x10001f02,07,Email,0,auto,121.9248,839.7902,330.3211,52575.9975,229.2946,250.2856,157.426,468.7888,311.3628,0.0179,10.399127,0.929688,0.4305739,0.656181,3,2.2951,6.2333,758.1261,11.3465,15,4954,1.322,436.6115,0.4069,0.5621
flow_7950,0x10001f0e,07,Email,0,auto,124.5222,697.191,309.0985,26051.5513,161.4049,188.6144,102.4371,435.8742,333.4372,0.026701,8.274977,0.82075,0.84236291,0.917803,6,4.0877,12.3136,1263.5031,15.9719,19,5872,1.1896,367.645,0.3976,0.5566
flow_7962,0x10001f1a,07,Email,0,auto,134.246,786.7973,258.6782,16070.0116,126.7675,257.0901,133.1997,495.6628,362.4631,0.030067,4.584977,0.67636,1.87443553,1.3691,10,3.5162,8.6643,909.5586,27.7587,41,10605,1.477,382.0418,0.5518,0.5485
flow_7974,0x10001f26,07,Email,0,auto,135.7074,1092.8933,305.1123,41600.2645,203.9614,202.8188,156.2953,395.976,239.6807,0.052024,6.625339,0.470845,2.26476139,1.504912,2,3.4958,10.3792,1066.5974,8.563,18,5492,2.1021,641.3647,0.4566,0.6033
flow_7986,0x10001f32,07,Email,0,auto,125.4699,748.1477,237.6322,27562.8109,166.0205,295.1832,108.7022,479.8278,371.1256,0.030383,6.802825,0.274959,1.0163656,1.00815,9,3.6528,12.3347,868.0175,14.5951,53,12594,3.6314,862.8934,0.46,0.59
flow_7998,0x10001f3e,07,Email,0,auto,80.1937,979.3354,292.5344,12741.6243,112.8788,220.2591,116.9172,387.9229,271.0057,0.059536,3.952924,0.634055,2.49918168,1.58088,4,2.2099,8.4763,646.4587,20.4397,32,9361,1.5656,457.9804,0.4048,0.4185
flow_8010,0x10001f4a,07,ICMP,48,auto,112.0,112.0,112.0,0.1702,0.4126,112.0,112.0,112.0,0.0,0.486773,0.513227,0.5,4.374e-05,0.006613,24,1.0,2.0,112.0,24.8094,49,5488,1.9751,221.2062,0.5,0.5
flow_8022,0x10001f56,07,ICMP,48,auto,96.0,96.0,96.0,0.0588,0.2426,96.0,96.0,96.0,0.0,0.481971,0.518029,0.5,8.127e-05,0.009015,26,1.0,2.0,96.0,26.401,52,4992,1.9696,189.0839,0.5,0.5
flow_8034,0x10001f62,07,ICMP,48,auto,112.0,112.0,112.0,0.2865,0.5353,112.0,112.0,112.0,0.0,0.985671,1.014329,1.0,5.133e-05,0.007165,12,1.0,2.0,112.0,25.7532,25,2800,0.9708,108.7244,0.5,0.5
flow_8046,0x10001f6e,07,ICMP,48,auto,96.0,96.0,96.0,0.6043,0.7774,96.0,96.0,96.0,0.0,0.989997,1.010003,1.0,2.501e-05,0.005001,9,1.0,2.0,96.0,18.8932,18,1728,0.9527,91.4617,0.5,0.5
flow_8058,0x10001f7a,07,ICMP,48,auto,96.0,96.0,96.0,0.0254,0.1595,96.0,96.0,96.0,0.0,0.989833,1.010167,1.0,2.584e-05,0.005083,17,1.0,2.0,96.0,34.4201,34,3264,0.9878,94.8283,0.5,0.5
flow_8070,0x10001f86,07,ICMP,48,auto,112.0,112.0,112.0,0.1282,0.358,112.0,112.0,112.0,0.0,0.980609,1.019391,1.0,9.4e-05,0.009696,5,1.0,2.0,112.0,10.7898,10,1120,0.9268,103.8017,0.5,0.5
flow_8082,0x10001f92,07,ICMP,48,auto,96.0,96.0,96.0,0.0253,0.1592,96.0,96.0,96.0,0.0,0.983157,1.016843,1.0,7.092e-05,0.008422,8,1.0,2.0,96.0,17.8938,17,1632,0.95,91.2047,0.5,0.5
flow_8094,0x10001f9e,07,ICMP,48,auto,112.0,112.0,112.0,0.2577,0.5076,112.0,112.0,112.0,0.0,0.974751,1.025249,1.0,0.00015937,0.012624,12,1.0,2.0,112.0,24.3662,24,2688,0.985,110.317,0.5,0.5
flow_8106,0x10001faa,07,ICMP,48,auto,96.0,96.0,96.0,0.594,0.7707,96.0,96.0,96.0,0.0,0.49258,0.50742,0.5,1.377e-05,0.00371,26,1.0,2.0,96.0,26.9468,53,5088,1.9668,188.8165,0.5,0.5
flow_8118,0x10001fb6,07,ICMP,48,auto,104.0,104.0,104.0,0.0396,0.1989,104.0,104.0,104.0,0.0,0.987711,1.012289,1.0,3.776e-05,0.006145,11,1.0,2.0,104.0,22.7939,22,2288,0.9652,100.3777,0.5,0.5
flow_8130,0x10001fc2,07,ICMP,48,auto,104.0,104.0,104.0,0.0216,0.1468,104.0,104.0,104.0,0.0,0.487563,0.512437,0.5,3.867e-05,0.006218,33,1.0,2.0,104.0,33.0686,66,6864,1.9959,207.5686,0.5,0.5
flow_8142,0x10001fce,07,ICMP,48,auto,96.0,96.0,96.0,0.1466,0.3829,96.0,96.0,96.0,0.0,0.474983,0.525017,0.5,0.00015647,0.012509,23,1.0,2.0,96.0,23.8606,47,4512,1.9698,189.098,0.5,0.5
flow_8154,0x10001fda,07,ICMP,48,auto,112.0,112.0,112.0,0.1072,0.3274,112.0,112.0,112.0,0.0,0.988495,1.011505,1.0,3.309e-05,0.005752,17,1.0,2.0,112.0,35.2584,35,3920,0.9927,111.1793,0.5,0.5
flow_8166,0x10001fe6,07,ICMP,48,auto,104.0,104.0,104.0,0.4104,0.6406,104.0,104.0,104.0,0.0,0.980776,1.019224,1.0,9.239e-05,0.009612,8,1.0,2.0,104.0,17.5499,17,1768,0.9687,100.741,0.5,0.5
flow_8178,0x10001ff2,07,ICMP,48,auto,112.0,112.0,112.0,0.5884,0.7671,112.0,112.0,112.0,0.0,0.983763,1.016237,1.0,6.591e-05,0.008119,17,1.0,2.0,112.0,34.6638,34,3808,0.9809,109.8552,0.5,0.5
flow_8190,0x10001ffe,07,ICMP,48,auto,104.0,104.0,104.0,0.0535,0.2313,104.0,104.0,104.0,0.0,0.977927,1.022073,1.0,0.00012181,0.011037,17,1.0,2.0,104.0,34.6116,34,3536,0.9823,102.1623,0.5,0.5
flow_8202,0x1000200a,07,ICMP,48,auto,96.0,96.0,96.0,0.171,0.4135,96.0,96.0,96.0,0.0,0.989333,1.010667,1.0,2.844e-05,0.005333,9,1.0,2.0,96.0,18.7705,18,1728,0.959,92.0592,0.5,0.5
flow_8214,0x10002016,07,ICMP,48,auto,112.0,112.0,112.0,0.0664,0.2576,112.0,112.0,112.0,0.0,0.984823,1.015177,1.0,5.759e-05,0.007589,14,1.0,2.0,112.0,29.1051,29,3248,0.9964,111.5957,0.5,0.5
flow_8226,0x10002022,07,ICMP,48,auto,112.0,112.0,112.0,0.495,0.7035,112.0,112.0,112.0,0.0,0.979947,1.020053,1.0,0.00010053,0.010026,15,1.0,2.0,112.0,31.0524,31,3472,0.9983,111.811,0.5,0.5
flow_8238,0x1000202e,07,ICMP,48,auto,112.0,112.0,112.0,0.4957,0.7041,112.0,112.0,112.0,0.0,0.493042,0.506958,0.5,1.21e-05,0.003479,25,1.0,2.0,112.0,25.2061,50,5600,1.9836,222.1686,0.5,0.5
flow_8250,0x1000203a,07,ICMP,48,auto,96.0,96.0,96.0,0.0849,0.2914,96.0,96.0,96.0,0.0,0.974738,1.025262,1.0,0.00015955,0.012631,18,1.0,2.0,96.0,36.7232,36,3456,0.9803,94.1094,0.5,0.5
flow_8262,0x10002046,07,ICMP,48,auto,112.0,112.0,112.0,0.0218,0.1477,112.0,112.0,112.0,0.0,0.488125,0.511875,0.5,3.525e-05,0.005937,35,1.0,2.0,112.0,35.5683,71,7952,1.9962,223.5699,0.5,0.5
flow_8274,0x10002052,07,ICMP,48,auto,112.0,112.0,112.0,0.0627,0.2503,112.0,112.0,112.0,0.0,0.976697,1.023303,1.0,0.00013576,0.011652,18,1.0,2.0,112.0,36.2814,36,4032,0.9922,111.1313,0.5,0.5
flow_8286,0x1000205e,07,ICMP,48,auto,96.0,96.0,96.0,0.5008,0.7077,96.0,96.0,96.0,0.0,0.990987,1.009013,1.0,2.031e-05,0.004506,13,1.0,2.0,96.0,26.8771,26,2496,0.9674,92.867,0.5,0.5
flow_8298,0x1000206a,07,ICMP,48,auto,104.0,104.0,104.0,0.4488,0.6699,104.0,104.0,104.0,0.0,0.481488,0.518512,0.5,8.567e-05,0.009256,13,1.0,2.0,104.0,13.6541,27,2808,1.9774,205.6522,0.5,0.5
flow_8310,0x10002076,07,ICMP,48,auto,104.0,104.0,104.0,0.0326,0.1805,104.0,104.0,104.0,0.0,0.476802,0.523198,0.5,0.00013454,0.011599,35,1.0,2.0,104.0,35.3283,70,7280,1.9814,206.0672,0.5,0.5
flow_8322,0x10002082,07,ICMP,48,auto,112.0,112.0,112.0,0.5732,0.7571,112.0,112.0,112.0,0.0,0.983658,1.016342,1.0,6.676e-05,0.008171,9,1.0,2.0,112.0,19.6759,19,2128,0.9657,108.1528,0.5,0.5
flow_8334,0x1000208e,07,ICMP,48,auto,112.0,112.0,112.0,0.0821,0.2865,112.0,112.0,112.0,0.0,0.475693,0.524307,0.5,0.0001477,0.012153,23,1.0,2.0,112.0,23.6228,47,5264,1.9896,222.8357,0.5,0.5
flow_8346,0x1000209a,07,ICMP,48,auto,104.0,104.0,104.0,0.4565,0.6757,104.0,104.0,104.0,0.0,0.490354,0.509646,0.5,2.326e-05,0.004823,24,1.0,2.0,104.0,24.7701,49,5096,1.9782,205.7319,0.5,0.5
flow_8358,0x100020a6,07,ICMP,48,auto,96.0,96.0,96.0,0.136,0.3688,96.0,96.0,96.0,0.0,0.987929,1.012071,1.0,3.643e-05,0.006035,8,1.0,2.0,96.0,17.7649,17,1632,0.9569,91.8667,0.5,0.5
flow_8370,0x100020b2,07,ICMP,48,auto,96.0,96.0,96.0,0.5716,0.756,96.0,96.0,96.0,0.0,0.478913,0.521087,0.5,0.00011117,0.010544,19,1.0,2.0,96.0,19.8175,39,3744,1.968,188.9244,0.5,0.5
flow_8382,0x100020be,07,ICMP,48,auto,112.0,112.0,112.0,0.0434,0.2083,112.0,112.0,112.0,0.0,0.479078,0.520922,0.5,0.00010943,0.010461,16,1.0,2.0,112.0,16.9082,33,3696,1.9517,218.5917,0.5,0.5
flow_8394,0x100020ca,07,ICMP,48,auto,96.0,96.0,96.0,0.0409,0.2022,96.0,96.0,96.0,0.0,0.984347,1.015653,1.0,6.125e-05,0.007826,15,1.0,2.0,96.0,30.4011,30,2880,0.9868,94.7335,0.5,0.5
flow_8406,0x100020d6,07,ICMP,48,auto,112.0,112.0,112.0,0.5749,0.7582,112.0,112.0,112.0,0.0,0.981921,1.018079,1.0,8.171e-05,0.009039,6,1.0,2.0,112.0,12.7356,12,1344,0.9422,105.5309,0.5,0.5
flow_8418,0x100020e2,07,ICMP,48,auto,104.0,104.0,104.0,0.3558,0.5965,104.0,104.0,104.0,0.0,0.483002,0.516998,0.5,7.224e-05,0.008499,26,1.0,2.0,104.0,26.7682,53,5512,1.98,205.9162,0.5,0.5
flow_8430,0x100020ee,07,ICMP,48,auto,112.0,112.0,112.0,0.0439,0.2095,112.0,112.0,112.0,0.0,0.974703,1.025297,1.0,0.00015999,0.012649,11,1.0,2.0,112.0,23.7446,23,2576,0.9686,108.4877,0.5,0.5
flow_8442,0x100020fa,07,ICMP,48,auto,104.0,104.0,104.0,0.0138,0.1176,104.0,104.0,104.0,0.0,0.987604,1.012396,1.0,3.841e-05,0.006198,18,1.0,2.0,104.0,37.8622,37,3848,0.9772,101.6318,0.5,0.5
flow_8454,0x10002106,07,ICMP,48,auto,104.0,104.0,104.0,0.2228,0.472,104.0,104.0,104.0,0.0,0.488189,0.511811,0.5,3.487e-05,0.005905,34,1.0,2.0,104.0,34.6981,69,7176,1.9886,206.8127,0.5,0.5
flow_8466,0x10002112,07,ICMP,48,auto,112.0,112.0,112.0,0.0633,0.2517,112.0,112.0,112.0,0.0,0.475887,0.524113,0.5,0.00014536,0.012057,13,1.0,2.0,112.0,13.4928,26,2912,1.927,215.8194,0.5,0.5
flow_8478,0x1000211e,07,ICMP,48,auto,112.0,112.0,112.0,0.2461,0.4961,112.0,112.0,112.0,0.0,0.992258,1.007742,1.0,1.499e-05,0.003871,9,1.0,2.0,112.0,19.1425,19,2128,0.9926,111.1662,0.5,0.5
flow_8490,0x1000212a,07,ICMP,48,auto,112.0,112.0,112.0,0.2167,0.4655,112.0,112.0,112.0,0.0,0.481926,0.518074,0.5,8.166e-05,0.009037,25,1.0,2.0,112.0,25.6191,51,5712,1.9907,222.9582,0.5,0.5
flow_8502,0x10002136,07,ICMP,48,auto,104.0,104.0,104.0,0.0336,0.1834,104.0,104.0,104.0,0.0,0.47413,0.52587,0.5,0.00016731,0.012935,26,1.0,2.0,104.0,26.8543,53,5512,1.9736,205.2556,0.5,0.5
flow_8514,0x10002142,07,ICMP,48,auto,96.0,96.0,96.0,0.024,0.1548,96.0,96.0,96.0,0.0,0.483316,0.516684,0.5,6.959e-05,0.008342,27,1.0,2.0,96.0,27.9828,55,5280,1.9655,188.6872,0.5,0.5
flow_8526,0x1000214e,07,ICMP,48,auto,96.0,96.0,96.0,0.0729,0.27,96.0,96.0,96.0,0.0,0.491779,0.508221,0.5,1.69e-05,0.004111,20,1.0,2.0,96.0,20.9465,41,3936,1.9574,187.9075,0.5,0.5
flow_8538,0x1000215a,07,ICMP,48,auto,112.0,112.0,112.0,0.0139,0.1179,112.0,112.0,112.0,0.0,0.48327,0.51673,0.5,6.998e-05,0.008365,28,1.0,2.0,112.0,28.9448,57,6384,1.9693,220.5579,0.5,0.5
flow_8550,0x10002166,07,ICMP,48,auto,112.0,112.0,112.0,0.2921,0.5404,112.0,112.0,112.0,0.0,0.980492,1.019508,1.0,9.514e-05,0.009754,6,1.0,2.0,112.0,12.3112,12,1344,0.9747,109.1686,0.5,0.5
flow_8562,0x10002172,07,ICMP,48,auto,96.0,96.0,96.0,0.0104,0.1018,96.0,96.0,96.0,0.0,0.485761,0.514239,0.5,5.069e-05,0.00712,18,1.0,2.0,96.0,18.3357,36,3456,1.9634,188.485,0.5,0.5
flow_8574,0x1000217e,07,ICMP,48,auto,96.0,96.0,96.0,0.3231,0.5684,96.0,96.0,96.0,0.0,0.983156,1.016844,1.0,7.093e-05,0.008422,18,1.0,2.0,96.0,37.386,37,3552,0.9897,95.0089,0.5,0.5
flow_8586,0x1000218a,07,ICMP,48,auto,104.0,104.0,104.0,0.036,0.1898,104.0,104.0,104.0,0.0,0.491679,0.508321,0.5,1.731e-05,0.004161,15,1.0,2.0,104.0,15.558,31,3224,1.9925,207.2241,0.5,0.5
flow_8598,0x10002196,07,ICMP,48,auto,112.0,112.0,112.0,0.2474,0.4974,112.0,112.0,112.0,0.0,0.977881,1.022119,1.0,0.00012232,0.01106,5,1.0,2.0,112.0,11.9107,11,1232,0.9235,103.4365,0.5,0.5
flow_8610,0x100021a2,07,ICMP,48,auto,112.0,112.0,112.0,0.5168,0.7189,112.0,112.0,112.0,0.0,0.985811,1.014189,1.0,5.033e-05,0.007095,11,1.0,2.0,112.0,22.0126,22,2464,0.9994,111.936,0.5,0.5
flow_8622,0x100021ae,07,ICMP,48,auto,104.0,104.0,104.0,0.0329,0.1813,104.0,104.0,104.0,0.0,0.47304,0.52696,0.5,0.00018171,0.01348,26,1.0,2.0,104.0,26.1575,52,5408,1.988,206.7474,0.5,0.5
flow_8634,0x100021ba,07,ICMP,48,auto,104.0,104.0,104.0,0.0954,0.3089,104.0,104.0,104.0,0.0,0.983436,1.016564,1.0,6.859e-05,0.008282,19,1.0,2.0,104.0,38.2232,38,3952,0.9942,103.3926,0.5,0.5
flow_8646,0x100021c6,07,ICMP,48,auto,96.0,96.0,96.0,0.5994,0.7742,96.0,96.0,96.0,0.0,0.98249,1.01751,1.0,7.665e-05,0.008755,6,1.0,2.0,96.0,13.8347,13,1248,0.9397,90.208,0.5,0.5
flow_8658,0x100021d2,07,ICMP,48,auto,96.0,96.0,96.0,0.2547,0.5047,96.0,96.0,96.0,0.0,0.473893,0.526107,0.5,0.00017039,0.013053,25,1.0,2.0,96.0,25.7935,51,4896,1.9772,189.8151,0.5,0.5
flow_8670,0x100021de,07,ICMP,48,auto,112.0,112.0,112.0,0.5271,0.726,112.0,112.0,112.0,0.0,0.480199,0.519801,0.5,9.802e-05,0.0099,28,1.0,2.0,112.0,28.0215,56,6272,1.9985,223.8282,0.5,0.5
flow_8682,0x100021ea,07,ICMP,48,auto,112.0,112.0,112.0,0.116,0.3405,112.0,112.0,112.0,0.0,0.482337,0.517663,0.5,7.799e-05,0.008831,28,1.0,2.0,112.0,28.4183,56,6272,1.9706,220.7027,0.5,0.5
flow_8694,0x100021f6,07,ICMP,48,auto,96.0,96.0,96.0,0.0135,0.1161,96.0,96.0,96.0,0.0,0.974239,1.025761,1.0,0.00016591,0.012881,15,1.0,2.0,96.0,31.8524,31,2976,0.9732,93.4311,0.5,0.5
flow_8706,0x10002202,07,ICMP,48,auto,96.0,96.0,96.0,0.5701,0.755,96.0,96.0,96.0,0.0,0.974079,1.025921,1.0,0.00016798,0.012961,13,1.0,2.0,96.0,26.018,26,2496,0.9993,95.9335,0.5,0.5
flow_8718,0x1000220e,07,ICMP,48,auto,112.0,112.0,112.0,0.1584,0.398,112.0,112.0,112.0,0.0,0.989178,1.010822,1.0,2.928e-05,0.005411,16,1.0,2.0,112.0,33.1326,33,3696,0.996,111.5519,0.5,0.5
flow_8730,0x1000221a,07,ICMP,48,auto,112.0,112.0,112.0,0.0492,0.2219,112.0,112.0,112.0,0.0,0.488116,0.511884,0.5,3.531e-05,0.005942,11,1.0,2.0,112.0,11.8635,23,2576,1.9387,217.1373,0.5,0.5
flow_8742,0x10002226,07,ICMP,48,auto,112.0,112.0,112.0,0.4124,0.6422,112.0,112.0,112.0,0.0,0.480163,0.519837,0.5,9.838e-05,0.009919,27,1.0,2.0,112.0,27.8182,55,6160,1.9771,221.4378,0.5,0.5
flow_8754,0x10002232,07,ICMP,48,auto,96.0,96.0,96.0,0.4053,0.6367,96.0,96.0,96.0,0.0,0.984819,1.015181,1.0,5.762e-05,0.007591,15,1.0,2.0,96.0,30.3822,30,2880,0.9874,94.7924,0.5,0.5
flow_8766,0x1000223e,07,ICMP,48,auto,112.0,112.0,112.0,0.0722,0.2687,112.0,112.0,112.0,0.0,0.487818,0.512182,0.5,3.71e-05,0.006091,13,1.0,2.0,112.0,13.8663,27,3024,1.9472,218.0829,0.5,0.5
flow_8778,0x1000224a,07,ICMP,48,auto,112.0,112.0,112.0,0.051,0.2258,112.0,112.0,112.0,0.0,0.483261,0.516739,0.5,7.005e-05,0.008369,38,1.0,2.0,112.0,38.7557,77,8624,1.9868,222.5221,0.5,0.5
flow_8790,0x10002256,07,ICMP,48,auto,112.0,112.0,112.0,0.0106,0.103,112.0,112.0,112.0,0.0,0.978378,1.021622,1.0,0.00011688,0.010811,6,1.0,2.0,112.0,13.7596,13,1456,0.9448,105.8168,0.5,0.5
flow_8802,0x10002262,07,ICMP,48,auto,96.0,96.0,96.0,0.0519,0.2277,96.0,96.0,96.0,0.0,0.476429,0.523571,0.5,0.0001389,0.011786,39,1.0,2.0,96.0,39.2379,78,7488,1.9879,190.8359,0.5,0.5
flow_8814,0x1000226e,07,ICMP,48,auto,112.0,112.0,112.0,0.4612,0.6791,112.0,112.0,112.0,0.0,0.489932,0.510068,0.5,2.534e-05,0.005034,20,1.0,2.0,112.0,20.9425,41,4592,1.9577,219.2667,0.5,0.5
flow_8826,0x1000227a,07,ICMP,48,auto,112.0,112.0,112.0,0.3675,0.6062,112.0,112.0,112.0,0.0,0.984816,1.015184,1.0,5.764e-05,0.007592,17,1.0,2.0,112.0,34.8746,34,3808,0.9749,109.1911,0.5,0.5
flow_8838,0x10002286,07,ICMP,48,auto,104.0,104.0,104.0,0.1052,0.3243,104.0,104.0,104.0,0.0,0.977213,1.022787,1.0,0.00012981,0.011393,16,1.0,2.0,104.0,33.0281,33,3432,0.9991,103.9115,0.5,0.5
flow_8850,0x10002292,07,ICMP,48,auto,104.0,104.0,104.0,0.4295,0.6554,104.0,104.0,104.0,0.0,0.977547,1.022453,1.0,0.00012604,0.011227,14,1.0,2.0,104.0,28.0354,28,2912,0.9987,103.8687,0.5,0.5
flow_8862,0x1000229e,07,ICMP,48,auto,104.0,104.0,104.0,0.1326,0.3641,104.0,104.0,104.0,0.0,0.476933,0.523067,0.5,0.00013302,0.011533,28,1.0,2.0,104.0,28.8699,57,5928,1.9744,205.3348,0.5,0.5
flow_8874,0x100022aa,07,ICMP,48,auto,112.0,112.0,112.0,0.0906,0.301,112.0,112.0,112.0,0.0,0.480607,0.519393,0.5,9.403e-05,0.009697,11,1.0,2.0,112.0,11.0204,22,2464,1.9963,223.5859,0.5,0.5
flow_8886,0x100022b6,07,ICMP,48,auto,112.0,112.0,112.0,0.2383,0.4882,112.0,112.0,112.0,0.0,0.985476,1.014524,1.0,5.273e-05,0.007262,17,1.0,2.0,112.0,34.5025,34,3808,0.9854,110.3689,0.5,0.5
flow_8898,0x100022c2,07,ICMP,48,auto,96.0,96.0,96.0,0.4577,0.6765,96.0,96.0,96.0,0.0,0.975585,1.024415,1.0,0.00014902,0.012208,15,1.0,2.0,96.0,31.3743,31,2976,0.9881,94.8547,0.5,0.5
flow_8910,0x100022ce,07,ICMP,48,auto,104.0,104.0,104.0,0.4044,0.6359,104.0,104.0,104.0,0.0,0.980889,1.019111,1.0,9.131e-05,0.009555,14,1.0,2.0,104.0,29.5868,29,3016,0.9802,101.9374,0.5,0.5
flow_8922,0x100022da,07,ICMP,48,auto,112.0,112.0,112.0,0.0421,0.2053,112.0,112.0,112.0,0.0,0.990096,1.009904,1.0,2.452e-05,0.004952,15,1.0,2.0,112.0,30.3912,30,3360,0.9871,110.5584,0.5,0.5
flow_8934,0x100022e6,07,ICMP,48,auto,96.0,96.0,96.0,0.5328,0.7299,96.0,96.0,96.0,0.0,0.484084,0.515916,0.5,6.333e-05,0.007958,32,1.0,2.0,96.0,32.2264,64,6144,1.9859,190.6509,0.5,0.5
flow_8946,0x100022f2,07,ICMP,48,auto,96.0,96.0,96.0,0.0938,0.3063,96.0,96.0,96.0,0.0,0.487473,0.512527,0.5,3.923e-05,0.006263,23,1.0,2.0,96.0,23.5692,47,4512,1.9941,191.4359,0.5,0.5
flow_8958,0x100022fe,07,ICMP,48,auto,96.0,96.0,96.0,0.1783,0.4222,96.0,96.0,96.0,0.0,0.973382,1.026618,1.0,0.00017712,0.013309,7,1.0,2.0,96.0,15.4706,15,1440,0.9696,93.0798,0.5,0.5
flow_8970,0x1000230a,07,ICMP,48,auto,104.0,104.0,104.0,0.1257,0.3546,104.0,104.0,104.0,0.0,0.481988,0.518012,0.5,8.111e-05,0.009006,34,1.0,2.0,104.0,34.6896,69,7176,1.9891,206.8632,0.5,0.5
flow_8982,0x10002316,07,ICMP,48,auto,96.0,96.0,96.0,0.1573,0.3966,96.0,96.0,96.0,0.0,0.983817,1.016183,1.0,6.547e-05,0.008091,10,1.0,2.0,96.0,21.2065,21,2016,0.9903,95.0653,0.5,0.5
flow_8994,0x10002322,07,ICMP,48,auto,112.0,112.0,112.0,0.0183,0.1354,112.0,112.0,112.0,0.0,0.99133,1.00867,1.0,1.879e-05,0.004335,13,1.0,2.0,112.0,26.9668,26,2912,0.9641,107.9846,0.5,0.5
flow_9006,0x1000232e,07,ICMP,48,auto,104.0,104.0,104.0,0.2407,0.4906,104.0,104.0,104.0,0.0,0.981494,1.018506,1.0,8.562e-05,0.009253,16,1.0,2.0,104.0,33.3175,33,3432,0.9905,103.0088,0.5,0.5
flow_9018,0x1000233a,07,ICMP,48,auto,112.0,112.0,112.0,0.0184,0.1357,112.0,112.0,112.0,0.0,0.973374,1.026626,1.0,0.00017723,0.013313,6,1.0,2.0,112.0,12.4582,12,1344,0.9632,107.8805,0.5,0.5
flow_9030,0x10002346,07,ICMP,48,auto,112.0,112.0,112.0,0.2727,0.5222,112.0,112.0,112.0,0.0,0.992673,1.007327,1.0,1.342e-05,0.003664,18,1.0,2.0,112.0,36.5914,36,4032,0.9838,110.1898,0.5,0.5
flow_9042,0x10002352,07,ICMP,48,auto,104.0,104.0,104.0,0.0324,0.1799,104.0,104.0,104.0,0.0,0.489937,0.510063,0.5,2.532e-05,0.005032,17,1.0,2.0,104.0,17.7779,35,3640,1.9687,204.7491,0.5,0.5
flow_9054,0x1000235e,07,ICMP,48,auto,112.0,112.0,112.0,0.02,0.1416,112.0,112.0,112.0,0.0,0.48915,0.51085,0.5,2.943e-05,0.005425,37,1.0,2.0,112.0,37.7172,75,8400,1.9885,222.7101,0.5,0.5
flow_9066,0x1000236a,07,ICMP,48,auto,112.0,112.0,112.0,0.3736,0.6112,112.0,112.0,112.0,0.0,0.483057,0.516943,0.5,7.176e-05,0.008471,33,1.0,2.0,112.0,33.252,66,7392,1.9848,222.3024,0.5,0.5
flow_9078,0x10002376,07,ICMP,48,auto,104.0,104.0,104.0,0.0502,0.2242,104.0,104.0,104.0,0.0,0.986615,1.013385,1.0,4.479e-05,0.006693,13,1.0,2.0,104.0,27.0504,27,2808,0.9981,103.8061,0.5,0.5
flow_9090,0x10002382,07,ICMP,48,auto,96.0,96.0,96.0,0.5832,0.7637,96.0,96.0,96.0,0.0,0.979504,1.020496,1.0,0.00010502,0.010248,9,1.0,2.0,96.0,19.0322,19,1824,0.9983,95.8377,0.5,0.5
flow_9102,0x1000238e,07,ICMP,48,auto,104.0,104.0,104.0,0.0509,0.2257,104.0,104.0,104.0,0.0,0.49395,0.50605,0.5,9.15e-06,0.003025,25,1.0,2.0,104.0,25.3755,50,5200,1.9704,204.9219,0.5,0.5
flow_9114,0x1000239a,07,ICMP,48,auto,96.0,96.0,96.0,0.1689,0.4109,96.0,96.0,96.0,0.0,0.479639,0.520361,0.5,0.00010365,0.010181,39,1.0,2.0,96.0,39.905,79,7584,1.9797,190.0513,0.5,0.5
flow_9126,0x100023a6,07,ICMP,48,auto,112.0,112.0,112.0,0.1189,0.3448,112.0,112.0,112.0,0.0,0.475433,0.524567,0.5,0.00015088,0.012283,14,1.0,2.0,112.0,14.8303,29,3248,1.9555,219.0109,0.5,0.5
flow_9138,0x100023b2,07,ICMP,48,auto,104.0,104.0,104.0,0.3389,0.5821,104.0,104.0,104.0,0.0,0.983453,1.016547,1.0,6.845e-05,0.008273,5,1.0,2.0,104.0,10.543,10,1040,0.9485,98.6437,0.5,0.5
flow_9150,0x100023be,07,ICMP,48,auto,96.0,96.0,96.0,0.274,0.5235,96.0,96.0,96.0,0.0,0.476961,0.523039,0.5,0.0001327,0.01152,30,1.0,2.0,96.0,30.4946,60,5760,1.9676,188.8857,0.5,0.5
flow_9162,0x100023ca,07,ICMP,48,auto,112.0,112.0,112.0,0.0132,0.115,112.0,112.0,112.0,0.0,0.489424,0.510576,0.5,2.797e-05,0.005288,35,1.0,2.0,112.0,35.2395,70,7840,1.9864,222.4776,0.5,0.5
flow_9174,0x100023d6,07,ICMP,48,auto,104.0,104.0,104.0,0.4598,0.6781,104.0,104.0,104.0,0.0,0.983127,1.016873,1.0,7.117e-05,0.008436,14,1.0,2.0,104.0,29.0748,29,3016,0.9974,103.7323,0.5,0.5
flow_9186,0x100023e2,07,ICMP,48,auto,104.0,104.0,104.0,0.3136,0.56,104.0,104.0,104.0,0.0,0.48796,0.51204,0.5,3.624e-05,0.00602,23,1.0,2.0,104.0,23.0108,46,4784,1.9991,207.9023,0.5,0.5
flow_9198,0x100023ee,07,ICMP,48,auto,112.0,112.0,112.0,0.0221,0.1486,112.0,112.0,112.0,0.0,0.489853,0.510147,0.5,2.574e-05,0.005073,21,1.0,2.0,112.0,21.5733,43,4816,1.9932,223.239,0.5,0.5
flow_9210,0x100023fa,07,ICMP,48,auto,96.0,96.0,96.0,0.4975,0.7053,96.0,96.0,96.0,0.0,0.477984,0.522016,0.5,0.00012117,0.011008,20,1.0,2.0,96.0,20.3117,40,3840,1.9693,189.0537,0.5,0.5
flow_9222,0x10002406,07,ICMP,48,auto,112.0,112.0,112.0,0.5792,0.761,112.0,112.0,112.0,0.0,0.984467,1.015533,1.0,6.032e-05,0.007766,14,1.0,2.0,112.0,28.6884,28,3136,0.976,109.3126,0.5,0.5
flow_9234,0x10002412,07,ICMP,48,auto,104.0,104.0,104.0,0.5792,0.7611,104.0,104.0,104.0,0.0,0.473854,0.526146,0.5,0.00017091,0.013073,30,1.0,2.0,104.0,30.0321,60,6240,1.9979,207.7776,0.5,0.5
flow_9246,0x1000241e,07,ICMP,48,auto,112.0,112.0,112.0,0.0259,0.1609,112.0,112.0,112.0,0.0,0.987912,1.012088,1.0,3.653e-05,0.006044,16,1.0,2.0,112.0,32.083,32,3584,0.9974,111.7103,0.5,0.5
flow_9258,0x1000242a,07,ICMP,48,auto,104.0,104.0,104.0,0.1008,0.3175,104.0,104.0,104.0,0.0,0.990175,1.009825,1.0,2.413e-05,0.004912,8,1.0,2.0,104.0,17.3918,17,1768,0.9775,101.6568,0.5,0.5
flow_9270,0x10002436,07,ICMP,48,auto,112.0,112.0,112.0,0.0873,0.2954,112.0,112.0,112.0,0.0,0.484429,0.515571,0.5,6.061e-05,0.007786,13,1.0,2.0,112.0,13.7586,27,3024,1.9624,219.7897,0.5,0.5
flow_9282,0x10002442,07,ICMP,48,auto,104.0,104.0,104.0,0.53,0.728,104.0,104.0,104.0,0.0,0.97919,1.02081,1.0,0.00010826,0.010405,10,1.0,2.0,104.0,21.652,21,2184,0.9699,100.8683,0.5,0.5
flow_9294,0x1000244e,07,ICMP,48,auto,112.0,112.0,112.0,0.3756,0.6129,112.0,112.0,112.0,0.0,0.984792,1.015208,1.0,5.782e-05,0.007604,13,1.0,2.0,112.0,27.555,27,3024,0.9799,109.7443,0.5,0.5
flow_9306,0x1000245a,07,ICMP,48,auto,104.0,104.0,104.0,0.3064,0.5535,104.0,104.0,104.0,0.0,0.479069,0.520931,0.5,0.00010953,0.010466,23,1.0,2.0,104.0,23.0673,46,4784,1.9942,207.3933,0.5,0.5
flow_9318,0x10002466,07,ICMP,48,auto,104.0,104.0,104.0,0.0961,0.3099,104.0,104.0,104.0,0.0,0.994345,1.005655,1.0,7.99e-06,0.002827,8,1.0,2.0,104.0,17.4944,17,1768,0.9717,101.0611,0.5,0.5
flow_9330,0x10002472,07,ICMP,48,auto,104.0,104.0,104.0,0.2715,0.5211,104.0,104.0,104.0,0.0,0.983046,1.016954,1.0,7.186e-05,0.008477,15,1.0,2.0,104.0,30.968,30,3120,0.9687,100.7493,0.5,0.5
flow_9342,0x1000247e,07,ICMP,48,auto,96.0,96.0,96.0,0.0528,0.2297,96.0,96.0,96.0,0.0,0.490751,0.509249,0.5,2.138e-05,0.004624,26,1.0,2.0,96.0,26.0272,52,4992,1.9979,191.7994,0.5,0.5
flow_9354,0x1000248a,07,ICMP,48,auto,112.0,112.0,112.0,0.4059,0.6371,112.0,112.0,112.0,0.0,0.987444,1.012556,1.0,3.942e-05,0.006278,8,1.0,2.0,112.0,17.8331,17,1904,0.9533,106.7679,0.5,0.5
flow_9366,0x10002496,07,ICMP,48,auto,104.0,104.0,104.0,0.1003,0.3167,104.0,104.0,104.0,0.0,0.474804,0.525196,0.5,0.00015871,0.012598,20,1.0,2.0,104.0,20.3652,40,4160,1.9641,204.2699,0.5,0.5
flow_9378,0x100024a2,07,ICMP,48,auto,104.0,104.0,104.0,0.4189,0.6472,104.0,104.0,104.0,0.0,0.491485,0.508515,0.5,1.813e-05,0.004258,38,1.0,2.0,104.0,38.6121,77,8008,1.9942,207.3961,0.5,0.5
flow_9390,0x100024ae,07,ICMP,48,auto,96.0,96.0,96.0,0.0206,0.1435,96.0,96.0,96.0,0.0,0.985763,1.014237,1.0,5.067e-05,0.007118,15,1.0,2.0,96.0,31.6791,31,2976,0.9786,93.9419,0.5,0.5
flow_9402,0x100024ba,07,ICMP,48,auto,96.0,96.0,96.0,0.2397,0.4896,96.0,96.0,96.0,0.0,0.480726,0.519274,0.5,9.287e-05,0.009637,28,1.0,2.0,96.0,28.0349,56,5376,1.9975,191.7611,0.5,0.5
flow_9414,0x100024c6,07,ICMP,48,auto,96.0,96.0,96.0,0.326,0.571,96.0,96.0,96.0,0.0,0.485645,0.514355,0.5,5.152e-05,0.007178,32,1.0,2.0,96.0,32.1881,64,6144,1.9883,190.8783,0.5,0.5
flow_9426,0x100024d2,07,ICMP,48,auto,104.0,104.0,104.0,0.0468,0.2164,104.0,104.0,104.0,0.0,0.486042,0.513958,0.5,4.871e-05,0.006979,17,1.0,2.0,104.0,17.1526,34,3536,1.9822,206.1489,0.5,0.5
flow_9438,0x100024de,07,ICMP,48,auto,96.0,96.0,96.0,0.0163,0.1276,96.0,96.0,96.0,0.0,0.491267,0.508733,0.5,1.907e-05,0.004367,39,1.0,2.0,96.0,39.026,78,7488,1.9987,191.8719,0.5,0.5
flow_9450,0x100024ea,07,ICMP,48,auto,96.0,96.0,96.0,0.3822,0.6183,96.0,96.0,96.0,0.0,0.976571,1.023429,1.0,0.00013723,0.011714,10,1.0,2.0,96.0,20.1075,20,1920,0.9947,95.4869,0.5,0.5
flow_9462,0x100024f6,07,ICMP,48,auto,112.0,112.0,112.0,0.6178,0.786,112.0,112.0,112.0,0.0,0.97897,1.02103,1.0,0.00011056,0.010515,17,1.0,2.0,112.0,35.1039,35,3920,0.997,111.6686,0.5,0.5
flow_9474,0x10002502,07,ICMP,48,auto,96.0,96.0,96.0,0.0253,0.1592,96.0,96.0,96.0,0.0,0.973766,1.026234,1.0,0.00017206,0.013117,12,1.0,2.0,96.0,25.306,25,2400,0.9879,94.8391,0.5,0.5
flow_9486,0x1000250e,07,ICMP,48,auto,104.0,104.0,104.0,0.0194,0.1395,104.0,104.0,104.0,0.0,0.977091,1.022909,1.0,0.00013121,0.011454,11,1.0,2.0,104.0,22.3621,22,2288,0.9838,102.3162,0.5,0.5
flow_9498,0x1000251a,07,ICMP,48,auto,104.0,104.0,104.0,0.3639,0.6032,104.0,104.0,104.0,0.0,0.482696,0.517304,0.5,7.486e-05,0.008652,23,1.0,2.0,104.0,23.9785,47,4888,1.9601,203.849,0.5,0.5
flow_9510,0x10002526,07,ICMP,48,auto,104.0,104.0,104.0,0.5982,0.7735,104.0,104.0,104.0,0.0,0.992222,1.007778,1.0,1.513e-05,0.003889,6,1.0,2.0,104.0,12.7263,12,1248,0.9429,98.0643,0.5,0.5
flow_9522,0x10002532,07,ICMP,48,auto,96.0,96.0,96.0,0.1651,0.4064,96.0,96.0,96.0,0.0,0.993273,1.006727,1.0,1.131e-05,0.003363,14,1.0,2.0,96.0,28.9575,28,2688,0.9669,92.8257,0.5,0.5
flow_9534,0x1000253e,07,ICMP,48,auto,104.0,104.0,104.0,0.5085,0.7131,104.0,104.0,104.0,0.0,0.984849,1.015151,1.0,5.739e-05,0.007575,9,1.0,2.0,104.0,18.8184,18,1872,0.9565,99.477,0.5,0.5
flow_9546,0x1000254a,07,ICMP,48,auto,112.0,112.0,112.0,0.3478,0.5897,112.0,112.0,112.0,0.0,0.982523,1.017477,1.0,7.636e-05,0.008739,8,1.0,2.0,112.0,16.1282,16,1792,0.992,111.1094,0.5,0.5
flow_9558,0x10002556,07,ICMP,48,auto,104.0,104.0,104.0,0.4978,0.7056,104.0,104.0,104.0,0.0,0.483291,0.516709,0.5,6.98e-05,0.008355,16,1.0,2.0,104.0,16.2429,32,3328,1.9701,204.8901,0.5,0.5
flow_9570,0x10002562,07,ICMP,48,auto,112.0,112.0,112.0,0.3679,0.6065,112.0,112.0,112.0,0.0,0.988292,1.011708,1.0,3.427e-05,0.005854,5,1.0,2.0,112.0,10.5549,10,1120,0.9474,106.1115,0.5,0.5
flow_9582,0x1000256e,07,ICMP,48,auto,112.0,112.0,112.0,0.1768,0.4205,112.0,112.0,112.0,0.0,0.987612,1.012388,1.0,3.837e-05,0.006194,8,1.0,2.0,112.0,16.9277,16,1792,0.9452,105.8622,0.5,0.5
flow_9594,0x1000257a,07,ICMP,48,auto,104.0,104.0,104.0,0.4666,0.6831,104.0,104.0,104.0,0.0,0.486085,0.513915,0.5,4.84e-05,0.006957,12,1.0,2.0,104.0,12.0586,24,2496,1.9903,206.9884,0.5,0.5
flow_9606,0x10002586,07,ICMP,48,auto,96.0,96.0,96.0,0.4608,0.6788,96.0,96.0,96.0,0.0,0.491342,0.508658,0.5,1.874e-05,0.004329,10,1.0,2.0,96.0,10.2479,20,1920,1.9516,187.3562,0.5,0.5
flow_9618,0x10002592,07,ICMP,48,auto,104.0,104.0,104.0,0.3405,0.5835,104.0,104.0,104.0,0.0,0.988567,1.011433,1.0,3.268e-05,0.005716,9,1.0,2.0,104.0,19.8933,19,1976,0.9551,99.33,0.5,0.5
flow_9630,0x1000259e,07,ICMP,48,auto,96.0,96.0,96.0,0.2153,0.464,96.0,96.0,96.0,0.0,0.992835,1.007165,1.0,1.283e-05,0.003583,16,1.0,2.0,96.0,33.6828,33,3168,0.9797,94.054,0.5,0.5
flow_9642,0x100025aa,07,ICMP,48,auto,96.0,96.0,96.0,0.6328,0.7955,96.0,96.0,96.0,0.0,0.492036,0.507964,0.5,1.586e-05,0.003982,12,1.0,2.0,96.0,12.206,24,2304,1.9662,188.7591,0.5,0.5
flow_9654,0x100025b6,07,ICMP,48,auto,104.0,104.0,104.0,0.5489,0.7409,104.0,104.0,104.0,0.0,0.986279,1.013721,1.0,4.707e-05,0.006861,16,1.0,2.0,104.0,33.8975,33,3432,0.9735,101.2464,0.5,0.5
flow_9666,0x100025c2,07,ICMP,48,auto,104.0,104.0,104.0,0.1438,0.3793,104.0,104.0,104.0,0.0,0.480762,0.519238,0.5,9.252e-05,0.009619,23,1.0,2.0,104.0,23.836,47,4888,1.9718,205.068,0.5,0.5
flow_9678,0x100025ce,07,ICMP,48,auto,112.0,112.0,112.0,0.0749,0.2737,112.0,112.0,112.0,0.0,0.479067,0.520933,0.5,0.00010955,0.010467,36,1.0,2.0,112.0,36.6735,73,8176,1.9905,222.9402,0.5,0.5
flow_9690,0x100025da,07,ICMP,48,auto,104.0,104.0,104.0,0.0124,0.1111,104.0,104.0,104.0,0.0,0.490583,0.509417,0.5,2.217e-05,0.004709,18,1.0,2.0,104.0,18.3799,36,3744,1.9587,203.7012,0.5,0.5
flow_9702,0x100025e6,07,ICMP,48,auto,96.0,96.0,96.0,0.1053,0.3246,96.0,96.0,96.0,0.0,0.478199,0.521801,0.5,0.00011882,0.0109,36,1.0,2.0,96.0,36.4328,72,6912,1.9762,189.7192,0.5,0.5
flow_9714,0x100025f2,07,ICMP,48,auto,104.0,104.0,104.0,0.459,0.6775,104.0,104.0,104.0,0.0,0.98087,1.01913,1.0,9.149e-05,0.009565,19,1.0,2.0,104.0,38.333,38,3952,0.9913,103.0966,0.5,0.5
flow_9726,0x100025fe,07,ICMP,48,auto,112.0,112.0,112.0,0.2077,0.4557,112.0,112.0,112.0,0.0,0.983598,1.016402,1.0,6.726e-05,0.008201,12,1.0,2.0,112.0,24.9268,24,2688,0.9628,107.8357,0.5,0.5
flow_9738,0x1000260a,07,ICMP,48,auto,112.0,112.0,112.0,0.039,0.1976,112.0,112.0,112.0,0.0,0.478943,0.521057,0.5,0.00011084,0.010528,22,1.0,2.0,112.0,22.6729,45,5040,1.9847,222.2917,0.5,0.5
flow_9750,0x10002616,07,ICMP,48,auto,96.0,96.0,96.0,0.257,0.5069,96.0,96.0,96.0,0.0,0.981068,1.018932,1.0,8.961e-05,0.009466,16,1.0,2.0,96.0,32.6047,32,3072,0.9815,94.2194,0.5,0.5
flow_9762,0x10002622,07,ICMP,48,auto,104.0,104.0,104.0,0.1918,0.4379,104.0,104.0,104.0,0.0,0.489259,0.510741,0.5,2.884e-05,0.00537,17,1.0,2.0,104.0,17.9759,35,3640,1.9471,202.4939,0.5,0.5
flow_9774,0x1000262e,07,ICMP,48,auto,96.0,96.0,96.0,0.2152,0.4638,96.0,96.0,96.0,0.0,0.488552,0.511448,0.5,3.276e-05,0.005724,30,1.0,2.0,96.0,30.9921,61,5856,1.9682,188.9516,0.5,0.5
flow_9786,0x1000263a,07,ICMP,48,auto,112.0,112.0,112.0,0.1685,0.4105,112.0,112.0,112.0,0.0,0.984222,1.015778,1.0,6.224e-05,0.007889,7,1.0,2.0,112.0,14.1837,14,1568,0.9871,110.5496,0.5,0.5
flow_9798,0x10002646,07,ICMP,48,auto,112.0,112.0,112.0,0.0169,0.1301,112.0,112.0,112.0,0.0,0.482972,0.517028,0.5,7.249e-05,0.008514,24,1.0,2.0,112.0,24.7245,49,5488,1.9818,221.9662,0.5,0.5
flow_9810,0x10002652,07,ICMP,48,auto,96.0,96.0,96.0,0.3634,0.6028,96.0,96.0,96.0,0.0,0.991246,1.008754,1.0,1.916e-05,0.004377,10,1.0,2.0,96.0,20.2458,20,1920,0.9879,94.8345,0.5,0.5
flow_9822,0x1000265e,07,ICMP,48,auto,112.0,112.0,112.0,0.4297,0.6555,112.0,112.0,112.0,0.0,0.485143,0.514857,0.5,5.518e-05,0.007428,28,1.0,2.0,112.0,28.226,56,6272,1.984,222.2065,0.5,0.5
flow_9834,0x1000266a,07,ICMP,48,auto,112.0,112.0,112.0,0.4986,0.7061,112.0,112.0,112.0,0.0,0.973859,1.026141,1.0,0.00017084,0.01307,18,1.0,2.0,112.0,37.297,37,4144,0.992,111.1081,0.5,0.5
flow_9846,0x10002676,07,ICMP,48,auto,104.0,104.0,104.0,0.1758,0.4193,104.0,104.0,104.0,0.0,0.97874,1.02126,1.0,0.000113,0.01063,16,1.0,2.0,104.0,32.8128,32,3328,0.9752,101.4237,0.5,0.5
flow_9858,0x10002682,07,ICMP,48,auto,96.0,96.0,96.0,0.3257,0.5707,96.0,96.0,96.0,0.0,0.981205,1.018795,1.0,8.831e-05,0.009397,12,1.0,2.0,96.0,25.3166,25,2400,0.9875,94.7996,0.5,0.5
flow_9870,0x1000268e,07,ICMP,48,auto,112.0,112.0,112.0,0.0475,0.2179,112.0,112.0,112.0,0.0,0.993781,1.006219,1.0,9.67e-06,0.003109,17,1.0,2.0,112.0,34.7104,34,3808,0.9795,109.7078,0.5,0.5
flow_9882,0x1000269a,07,ICMP,48,auto,112.0,112.0,112.0,0.1498,0.3871,112.0,112.0,112.0,0.0,0.489695,0.510305,0.5,2.655e-05,0.005153,25,1.0,2.0,112.0,25.9532,51,5712,1.9651,220.0887,0.5,0.5
flow_9894,0x100026a6,07,ICMP,48,auto,104.0,104.0,104.0,0.0238,0.1543,104.0,104.0,104.0,0.0,0.976692,1.023308,1.0,0.00013581,0.011654,18,1.0,2.0,104.0,37.5046,37,3848,0.9865,102.6008,0.5,0.5
flow_9906,0x100026b2,07,ICMP,48,auto,112.0,112.0,112.0,0.459,0.6775,112.0,112.0,112.0,0.0,0.989481,1.010519,1.0,2.766e-05,0.005259,13,1.0,2.0,112.0,26.526,26,2912,0.9802,109.7791,0.5,0.5
flow_9918,0x100026be,07,ICMP,48,auto,104.0,104.0,104.0,0.0633,0.2517,104.0,104.0,104.0,0.0,0.974215,1.025785,1.0,0.00016622,0.012893,11,1.0,2.0,104.0,23.5233,23,2392,0.9778,101.6864,0.5,0.5
flow_9930,0x100026ca,07,ICMP,48,auto,104.0,104.0,104.0,0.0261,0.1615,104.0,104.0,104.0,0.0,0.472736,0.527264,0.5,0.00018583,0.013632,38,1.0,2.0,104.0,38.8954,77,8008,1.9797,205.8855,0.5,0.5
flow_9942,0x100026d6,07,ICMP,48,auto,96.0,96.0,96.0,0.6198,0.7873,96.0,96.0,96.0,0.0,0.973945,1.026055,1.0,0.00016972,0.013027,15,1.0,2.0,96.0,31.249,31,2976,0.992,95.235,0.5,0.5
flow_9954,0x100026e2,07,ICMP,48,auto,96.0,96.0,96.0,0.343,0.5857,96.0,96.0,96.0,0.0,0.479317,0.520683,0.5,0.00010695,0.010342,18,1.0,2.0,96.0,18.4721,36,3456,1.9489,187.0931,0.5,0.5
flow_9966,0x100026ee,07,ICMP,48,auto,96.0,96.0,96.0,0.0688,0.2623,96.0,96.0,96.0,0.0,0.480694,0.519306,0.5,9.318e-05,0.009653,18,1.0,2.0,96.0,18.1138,36,3456,1.9874,190.7935,0.5,0.5
flow_9978,0x100026fa,07,ICMP,48,auto,112.0,112.0,112.0,0.5532,0.7438,112.0,112.0,112.0,0.0,0.477659,0.522341,0.5,0.00012478,0.01117,35,1.0,2.0,112.0,35.5244,71,7952,1.9986,223.8461,0.5,0.5
flow_9990,0x10002706,07,ICMP,48,auto,112.0,112.0,112.0,0.272,0.5215,112.0,112.0,112.0,0.0,0.488219,0.511781,0.5,3.47e-05,0.00589,16,1.0,2.0,112.0,16.7893,33,3696,1.9655,220.1407,0.5,0.5
