flow_id,spi,scenario_id,traffic_type,dscp_label,label_source,pkt_len_min,pkt_len_max,pkt_len_mean,pkt_len_var,pkt_len_std,pkt_len_median,pkt_len_q25,pkt_len_q75,pkt_len_iqr,iat_min,iat_max,iat_mean,iat_var,iat_std,burst_count,burst_len_mean,burst_len_max,burst_bytes_mean,flow_duration_s,total_packets,total_bytes,packet_rate_pps,byte_rate_bps,forward_packet_ratio,forward_byte_ratio
flow_0000,0x10000000,01,VoIP,46,auto,92.9781,122.4067,106.4649,62.4493,7.9025,106.5928,100.9332,111.9967,11.0635,0.01759,0.02701,0.021358,3.55e-06,0.001884,123,4.7803,8.2193,508.9339,24.6643,1154,122860,46.7883,4981.2928,0.5194,0.5171
flow_0012,0x1000000c,01,VoIP,46,auto,166.7577,219.4028,189.4779,80.8068,8.9893,189.9066,183.1854,195.7704,12.585,0.026789,0.037918,0.03124,4.95e-06,0.002226,167,2.3683,9.1556,448.7355,42.6621,1365,258637,31.9956,6062.4555,0.4792,0.4664
flow_0024,0x10000018,01,VoIP,46,auto,81.5936,117.1775,95.4652,28.4574,5.3346,95.6981,91.731,99.1994,7.4684,0.026876,0.037905,0.031288,4.87e-06,0.002206,77,2.4728,5.7389,236.0697,21.4751,686,65489,31.944,3049.5311,0.5262,0.5237
flow_0036,0x10000024,01,VoIP,46,auto,84.2433,112.0066,96.2061,49.2989,7.0213,96.4644,91.2912,101.1211,9.8298,0.016506,0.026262,0.020408,3.81e-06,0.001951,50,2.1339,6.1643,205.2988,14.6943,720,69268,48.9986,4713.9411,0.4875,0.4871
flow_0048,0x10000030,01,VoIP,46,auto,112.9522,173.2814,141.6432,239.0553,15.4614,141.4421,130.8202,152.4662,21.646,0.016537,0.025039,0.019938,2.89e-06,0.0017,64,2.1816,8.4909,309.0067,12.1292,608,86119,50.1269,7100.1305,0.4824,0.4745
flow_0060,0x1000003c,01,VoIP,46,auto,179.6205,221.236,199.5756,64.3122,8.0195,199.3546,193.9619,205.1892,11.2273,0.023813,0.042517,0.031294,1.399e-05,0.003741,88,4.9471,9.765,987.3203,41.3607,1321,263639,31.9385,6374.1351,0.4743,0.4598
flow_0072,0x10000048,01,VoIP,46,auto,133.3297,218.8644,169.7997,248.6075,15.7673,168.4223,158.7626,180.8368,22.0742,0.023362,0.039258,0.029721,1.011e-05,0.003179,75,3.7579,7.0499,638.0875,18.7048,629,106803,33.6277,5709.911,0.4831,0.4958
flow_0084,0x10000054,01,VoIP,46,auto,187.4823,238.8652,204.1857,99.7824,9.9891,204.2722,197.1933,211.1781,13.9848,0.024124,0.039296,0.030193,9.21e-06,0.003034,47,2.5796,5.5164,526.7226,12.7379,421,85962,33.0509,6748.4974,0.522,0.5255
flow_0096,0x10000060,01,VoIP,46,auto,85.3005,115.4491,98.4305,51.8736,7.2023,100.6602,93.3888,103.4721,10.0833,0.023741,0.043369,0.031592,1.541e-05,0.003926,96,2.6778,7.1892,263.5758,20.8723,660,64964,31.6208,3112.4462,0.5267,0.5219
flow_0108,0x1000006c,01,VoIP,46,auto,168.7101,211.8158,185.6651,96.7338,9.8353,184.2551,178.7804,192.5498,13.7695,0.01435,0.030792,0.020927,1.081e-05,0.003288,218,3.2101,9.6167,595.9967,44.3705,2120,393609,47.7795,8870.9565,0.4848,0.4939
flow_0120,0x10000078,01,VoIP,46,auto,84.1258,112.0381,96.171,23.9069,4.8895,95.2532,92.7483,99.5936,6.8453,0.016925,0.027684,0.021229,4.63e-06,0.002152,167,4.2813,7.3628,411.7334,38.7007,1823,175319,47.105,4530.1193,0.5,0.5047
flow_0132,0x10000084,01,VoIP,46,auto,175.9147,223.0468,200.7878,44.9868,6.7072,200.0356,196.0927,205.4829,9.3901,0.01652,0.025268,0.020019,3.06e-06,0.001749,99,2.8554,6.6752,573.3229,25.5863,1278,256606,49.9486,10029.0359,0.5207,0.5215
flow_0144,0x10000090,01,VoIP,46,auto,127.1217,199.6016,157.0388,225.3878,15.0129,157.1065,146.5298,167.5479,21.0181,0.026672,0.036262,0.030508,3.68e-06,0.001918,62,3.2402,9.1196,508.8411,21.0214,689,108199,32.7761,5147.0863,0.4854,0.5042
flow_0156,0x1000009c,01,VoIP,46,auto,147.0873,204.0151,173.4212,113.9656,10.6755,172.5312,165.9484,180.894,14.9457,0.023906,0.038401,0.029704,8.4e-06,0.002899,60,3.4667,7.5033,601.1984,23.771,800,138736,33.6544,5836.3465,0.5293,0.5154
flow_0168,0x100000a8,01,VoIP,46,auto,138.6633,221.8817,176.0996,304.215,17.4418,176.3113,163.8904,188.3088,24.4185,0.027924,0.035793,0.031071,2.48e-06,0.001574,124,4.3444,6.8864,765.0467,43.4494,1398,246187,32.1753,5666.0588,0.4707,0.4711
flow_0180,0x100000b4,01,VoIP,46,auto,79.8967,112.1767,90.7487,62.2202,7.888,89.6913,85.2271,96.2703,11.0432,0.025955,0.035441,0.029749,3.6e-06,0.001897,166,3.5095,9.9544,318.4858,39.8409,1339,121512,33.6087,3049.9348,0.4707,0.473
flow_0192,0x100000c0,01,VoIP,46,auto,97.9926,124.8028,108.5342,21.0331,4.5862,110.3763,105.3238,111.7445,6.4207,0.014729,0.030038,0.020853,9.37e-06,0.003062,314,4.9235,6.0201,534.3683,44.5078,2134,231611,47.9466,5203.8255,0.5074,0.5042
flow_0204,0x100000cc,01,VoIP,46,auto,111.3033,188.4892,147.2777,103.9398,10.1951,148.5267,140.1412,154.4143,14.2731,0.014735,0.031516,0.021447,1.126e-05,0.003356,132,3.0125,8.0548,443.6696,40.1564,1872,275703,46.6177,6865.7301,0.5065,0.4972
flow_0216,0x100000d8,01,VoIP,46,auto,180.263,231.1458,204.0572,189.6369,13.7709,204.9203,194.4176,213.6968,19.2792,0.014262,0.028139,0.019813,7.7e-06,0.002775,35,2.3043,6.5437,470.2101,9.3805,473,96519,50.4239,10289.3446,0.5039,0.4856
flow_0228,0x100000e4,01,VoIP,46,auto,136.2745,225.6792,175.1389,280.5738,16.7503,174.7937,163.4137,186.8641,23.4505,0.017611,0.028467,0.021954,4.71e-06,0.002171,44,2.9864,6.6117,523.0272,10.8101,492,86168,45.513,7971.0718,0.4704,0.4743
flow_0240,0x100000f0,01,VoIP,46,auto,77.3642,108.9196,90.6445,41.7329,6.4601,90.5323,86.1224,95.1665,9.0441,0.01426,0.030629,0.020808,1.072e-05,0.003274,139,2.9618,9.8214,268.4664,21.5236,1034,93726,48.0402,4354.5645,0.5073,0.4984
flow_0252,0x100000fc,01,VoIP,46,auto,139.6024,206.0451,167.9258,105.668,10.2795,167.7472,160.7301,175.1214,14.3913,0.014359,0.030179,0.020687,1.001e-05,0.003164,118,3.2458,6.3675,545.0609,32.0097,1547,259781,48.329,8115.6866,0.4709,0.4592
flow_0264,0x10000108,01,VoIP,46,auto,159.7618,206.475,184.3003,103.5326,10.1751,185.7069,177.1777,191.4228,14.2451,0.015152,0.025345,0.019229,4.16e-06,0.002039,71,3.4805,8.2591,641.4483,10.0266,521,96020,51.9616,9576.4864,0.4752,0.4729
flow_0276,0x10000114,01,VoIP,46,auto,127.8773,200.0729,156.6271,232.7553,15.2563,157.3406,145.9477,167.3066,21.3588,0.017592,0.025469,0.020743,2.48e-06,0.001575,301,3.3528,6.0369,525.1354,41.5847,2004,313880,48.1907,7547.9596,0.5014,0.4926
flow_0288,0x10000120,01,VoIP,46,auto,97.5002,132.4063,108.0091,18.237,4.2705,109.4168,105.0197,110.9984,5.9787,0.028045,0.036734,0.031521,3.02e-06,0.001738,44,3.5338,9.058,381.6836,8.6745,275,29702,31.7019,3424.0394,0.4776,0.4626
flow_0300,0x1000012c,01,VoIP,46,auto,80.0901,113.1923,93.035,56.3957,7.5097,91.3374,87.7782,98.2918,10.5136,0.024772,0.036198,0.029343,5.22e-06,0.002285,93,4.2896,6.2263,399.0794,23.955,816,75916,34.0639,3169.1149,0.4751,0.4716
flow_0312,0x10000138,01,VoIP,46,auto,90.8567,120.6605,103.2148,47.7213,6.9081,103.9758,98.3792,108.0505,9.6713,0.023762,0.039857,0.0302,1.036e-05,0.003219,73,3.5747,8.8786,368.9653,22.8078,755,77927,33.1026,3416.6753,0.5287,0.5264
flow_0324,0x10000144,01,VoIP,46,auto,179.7258,222.7281,199.06,133.7962,11.567,198.4512,190.9631,207.1569,16.1938,0.014712,0.029327,0.020558,8.54e-06,0.002923,64,3.1625,6.8173,629.5277,16.2103,788,156859,48.611,9676.4877,0.479,0.4829
flow_0336,0x10000150,01,VoIP,46,auto,150.8269,219.752,179.2098,278.9825,16.7028,180.9412,167.5178,190.9017,23.3839,0.016944,0.02821,0.02145,5.08e-06,0.002253,120,3.8079,5.2774,682.4169,28.323,1320,236556,46.6053,8352.0854,0.4801,0.4666
flow_0348,0x1000015c,01,VoIP,46,auto,76.8961,115.0517,90.8973,31.6269,5.6238,90.7093,86.9607,94.834,7.8733,0.014952,0.030415,0.021137,9.56e-06,0.003093,100,3.3128,7.8241,301.1278,14.8132,700,63628,47.2552,4295.362,0.4783,0.4701
flow_0360,0x10000168,01,VoIP,46,auto,143.7098,222.0921,172.7245,195.2837,13.9744,171.9589,162.9424,182.5066,19.5642,0.015773,0.029296,0.021182,7.31e-06,0.002705,29,2.4433,6.767,422.011,9.1573,432,74616,47.1757,8148.2904,0.4931,0.4927
flow_0372,0x10000174,01,VoIP,46,auto,88.2092,123.2542,100.3428,40.176,6.3385,100.1817,95.9059,104.7798,8.8738,0.014462,0.030081,0.02071,9.76e-06,0.003124,207,3.7234,7.375,373.6168,41.8647,2021,202792,48.2746,4843.9894,0.5019,0.4846
flow_0384,0x10000180,01,VoIP,46,auto,89.6502,127.4153,103.6568,24.7129,4.9712,104.103,100.177,107.1367,6.9597,0.016371,0.024619,0.01967,2.72e-06,0.00165,158,4.1718,5.4381,432.4337,34.1895,1738,180155,50.8343,5269.3022,0.5297,0.5495
flow_0396,0x1000018c,01,VoIP,46,auto,89.5661,120.8586,101.3012,34.0104,5.8318,100.8881,97.2189,105.3835,8.1646,0.013969,0.029774,0.020291,9.99e-06,0.003161,208,4.0042,6.5443,405.6271,28.2039,1389,140707,49.2485,4988.9141,0.4709,0.4571
flow_0408,0x10000198,01,VoIP,46,auto,176.9845,223.1875,199.2357,74.5382,8.6335,197.1118,193.1922,205.2792,12.087,0.017856,0.027892,0.021871,4.03e-06,0.002007,67,2.5679,5.7835,511.6211,14.7777,675,134484,45.677,9100.4798,0.4758,0.4814
flow_0420,0x100001a4,01,VoIP,46,auto,134.5575,207.6553,173.838,334.9747,18.3023,173.9105,161.0263,186.6496,25.6232,0.013941,0.030575,0.020594,1.107e-05,0.003327,111,2.6927,6.8925,468.094,26.0834,1266,220078,48.5366,8437.4741,0.5219,0.5063
flow_0432,0x100001b0,01,VoIP,46,auto,87.3741,118.2245,101.6199,54.6345,7.3915,101.7846,96.4458,106.7939,10.3481,0.014817,0.02859,0.020326,7.59e-06,0.002755,95,4.7445,6.6349,482.1383,21.8414,1074,109139,49.1728,4996.8966,0.5048,0.5199
flow_0444,0x100001bc,01,VoIP,46,auto,175.9496,225.5463,195.3005,50.3757,7.0976,194.6528,190.3322,200.2688,9.9366,0.018408,0.026576,0.021675,2.67e-06,0.001634,96,4.6631,7.9689,910.7122,24.9215,1149,224400,46.1047,9004.2668,0.5195,0.5084
flow_0456,0x100001c8,01,VoIP,46,auto,137.2526,201.8569,168.3692,197.2093,14.0431,169.1885,158.539,178.1993,19.6604,0.01576,0.026321,0.019984,4.46e-06,0.002112,76,4.7173,5.4261,794.243,12.1568,608,102368,50.0133,8420.6582,0.4895,0.4906
flow_0468,0x100001d4,01,VoIP,46,auto,79.6286,106.909,90.248,42.2975,6.5037,88.953,85.6954,94.8005,9.1051,0.01373,0.032443,0.021216,1.401e-05,0.003743,166,2.5922,5.4265,233.9399,42.2837,1993,179864,47.134,4253.7386,0.4839,0.5024
flow_0480,0x100001e0,01,VoIP,46,auto,132.3282,216.7314,166.3497,117.0542,10.8192,167.4479,158.7763,173.9231,15.1468,0.02667,0.037863,0.031147,5.01e-06,0.002239,61,2.5944,7.6189,431.5814,15.239,489,81345,32.0886,5337.9359,0.4781,0.4845
flow_0492,0x100001ec,01,VoIP,46,auto,164.0995,219.3142,186.4827,173.8676,13.1859,186.3976,177.2526,195.7128,18.4602,0.011883,0.032071,0.019958,1.63e-05,0.004038,168,2.7643,6.6065,515.4968,36.4656,1827,340703,50.102,9343.1352,0.5009,0.5026
flow_0504,0x100001f8,01,VoIP,46,auto,163.677,202.4005,182.2698,191.8078,13.8495,182.1617,172.5752,191.9644,19.3893,0.025878,0.033893,0.029084,2.57e-06,0.001603,88,4.5408,5.8024,827.6501,21.5779,741,135061,34.3407,6259.2365,0.5174,0.5196
flow_0516,0x10000204,01,VoIP,46,auto,138.3817,216.7249,176.1127,437.1446,20.908,177.3787,161.4771,190.7483,29.2712,0.014209,0.026396,0.019084,5.94e-06,0.002438,165,4.8262,6.2736,849.9558,28.9211,1515,266810,52.3839,9225.4377,0.4869,0.4923
flow_0528,0x10000210,01,VoIP,46,auto,165.3937,211.443,182.1001,71.3231,8.4453,182.9543,176.1884,188.0118,11.8234,0.025533,0.035917,0.029687,4.31e-06,0.002077,139,3.0881,8.4394,562.3468,31.0455,1045,190294,33.6603,6129.5225,0.5008,0.5047
flow_0540,0x1000021c,01,VoIP,46,auto,95.0251,124.9325,108.6639,60.0753,7.7508,107.8339,103.2383,114.0895,10.8512,0.014935,0.027598,0.02,6.41e-06,0.002533,185,3.7362,8.5525,405.9937,34.84,1741,189183,49.9713,5430.0568,0.4817,0.4995
flow_0552,0x10000228,01,VoIP,46,auto,133.2359,205.5687,158.3649,224.4223,14.9807,158.1512,147.8784,168.8515,20.973,0.026697,0.034538,0.029833,2.46e-06,0.001568,56,3.1793,6.0959,503.496,20.7464,695,110063,33.4999,5305.1716,0.4978,0.5079
flow_0564,0x10000234,01,VoIP,46,auto,177.2398,216.7407,192.4954,61.6843,7.8539,193.1095,186.9976,197.9932,10.9955,0.025852,0.037092,0.030348,5.05e-06,0.002248,202,2.5228,9.1348,485.6183,37.9961,1252,241004,32.9508,6342.8647,0.503,0.514
flow_0576,0x10000240,01,VoIP,46,auto,98.8934,127.93,109.4918,23.3471,4.8319,110.5575,106.1095,112.8741,6.7646,0.024572,0.039325,0.030473,8.71e-06,0.002951,92,2.8359,9.9606,310.504,23.7491,779,85294,32.8012,3591.4586,0.5254,0.5085
flow_0588,0x1000024c,01,VoIP,46,auto,74.4149,106.156,87.2549,18.7181,4.3264,87.4359,84.2264,90.2834,6.057,0.027266,0.037085,0.031194,3.86e-06,0.001964,141,2.4122,5.7368,210.4754,33.6942,1080,94235,32.053,2796.7756,0.5059,0.5171
flow_0600,0x10000258,01,VoIP,46,auto,146.1008,229.9447,175.5892,405.398,20.1345,174.8398,161.4951,189.6834,28.1883,0.023525,0.040151,0.030176,1.106e-05,0.003325,144,4.9785,9.5431,874.1693,38.1992,1265,222120,33.1159,5814.7889,0.4991,0.508
flow_0612,0x10000264,01,VoIP,46,auto,86.4362,117.8209,97.1669,24.8117,4.9811,96.5117,93.6801,100.6537,6.9736,0.016582,0.026369,0.020497,3.83e-06,0.001957,212,3.0568,5.146,297.0235,43.6081,2127,206674,48.7754,4739.3537,0.5206,0.5256
flow_0624,0x10000270,01,VoIP,46,auto,180.0364,232.1908,197.2095,54.7218,7.3974,198.8705,192.0313,202.3877,10.3564,0.024074,0.03768,0.029516,7.4e-06,0.002721,76,4.784,7.3916,943.4405,23.4984,796,156978,33.8746,6680.3662,0.5009,0.5163
flow_0636,0x1000027c,01,VoIP,46,auto,169.1776,209.8335,184.383,123.5801,11.1167,184.1707,176.6014,192.1647,15.5633,0.014536,0.030756,0.021024,1.052e-05,0.003244,96,3.8761,8.2661,714.6823,13.1864,627,115608,47.5489,8767.1957,0.5034,0.4932
flow_0648,0x10000288,01,VoIP,46,auto,73.9754,102.1669,86.9242,22.2948,4.7217,84.0947,83.619,90.2294,6.6104,0.015277,0.029531,0.020979,8.13e-06,0.002851,94,3.9302,9.0174,341.6258,22.1987,1058,91965,47.6605,4142.8143,0.5176,0.5242
flow_0660,0x10000294,01,VoIP,46,auto,118.7537,192.5395,152.2177,127.5886,11.2955,151.9166,144.3108,160.1245,15.8137,0.013868,0.028233,0.019614,8.25e-06,0.002873,240,2.2871,9.8584,348.1427,30.0078,1529,232740,50.9535,7755.9883,0.5099,0.4912
flow_0672,0x100002a0,01,VoIP,46,auto,184.4504,234.369,199.8125,50.6382,7.1161,197.8353,194.8312,204.7937,9.9625,0.024956,0.042378,0.031925,1.214e-05,0.003484,100,3.9552,6.4228,790.299,42.6533,1336,266949,31.3223,6258.5724,0.4896,0.5075
flow_0684,0x100002ac,01,VoIP,46,auto,74.6378,108.05,88.3587,17.5166,4.1853,90.4999,85.429,91.2883,5.8594,0.013708,0.031973,0.021014,1.335e-05,0.003653,78,2.5986,5.9257,229.6066,24.213,1152,101789,47.5778,4203.9021,0.5234,0.5391
flow_0696,0x100002b8,01,VoIP,46,auto,183.1363,226.0246,203.4072,84.0603,9.1684,203.4275,196.9893,209.8251,12.8358,0.015541,0.031488,0.02192,1.017e-05,0.003189,31,2.7526,9.3108,559.8975,8.5992,392,79735,45.5855,9272.3515,0.493,0.481
flow_0708,0x100002c4,01,VoIP,46,auto,157.475,215.5567,182.1649,107.7913,10.3823,181.4643,174.8973,189.4325,14.5352,0.023814,0.042015,0.031094,1.325e-05,0.00364,80,3.9106,6.6061,712.3679,37.0865,1192,217140,32.1411,5854.9619,0.4999,0.5125
flow_0720,0x100002d0,01,VoIP,46,auto,73.0696,109.0577,86.791,25.6037,5.06,88.5336,83.249,90.333,7.084,0.01823,0.027335,0.021872,3.32e-06,0.001821,68,2.8463,8.245,247.033,14.7764,675,58583,45.6808,3964.6217,0.5114,0.5125
flow_0732,0x100002dc,01,VoIP,46,auto,93.9509,128.3378,105.6993,38.0956,6.1722,105.952,101.3788,110.0198,8.641,0.028135,0.036318,0.031408,2.68e-06,0.001637,87,4.2265,5.5996,446.7349,40.5332,1290,136352,31.8258,3363.9575,0.5184,0.5243
flow_0744,0x100002e8,01,VoIP,46,auto,128.9407,207.8539,160.3217,443.0964,21.0499,161.055,145.5868,175.0566,29.4698,0.026448,0.034532,0.029682,2.61e-06,0.001617,75,2.1979,6.9879,352.3751,30.9072,1041,166894,33.6815,5399.8447,0.5264,0.5265
flow_0756,0x100002f4,01,VoIP,46,auto,164.5378,218.5664,184.7254,57.8096,7.6033,186.5648,179.4031,190.0477,10.6446,0.01611,0.029525,0.021476,7.2e-06,0.002683,216,3.8826,9.6166,717.2141,40.6566,1893,349685,46.5607,8600.9383,0.4803,0.4923
flow_0768,0x10000300,01,VoIP,46,auto,75.1549,112.1779,89.1041,54.2959,7.3686,88.5405,83.9461,94.2621,10.316,0.012975,0.031247,0.020284,1.335e-05,0.003654,86,3.7677,6.736,335.7208,21.4391,1056,94093,49.2558,4388.8467,0.4866,0.4927
flow_0780,0x1000030c,01,VoIP,46,auto,135.0948,223.3412,168.7557,124.0044,11.1357,167.9614,160.9607,176.5507,15.59,0.016102,0.027791,0.020778,5.46e-06,0.002338,72,3.3609,8.4624,567.1632,9.7373,468,78977,48.0628,8110.7948,0.512,0.4992
flow_0792,0x10000318,01,VoIP,46,auto,79.4789,115.9137,91.395,19.4025,4.4048,92.4614,88.3116,94.4784,6.1668,0.015903,0.027073,0.020371,4.99e-06,0.002234,72,3.8535,9.0642,352.1934,18.3047,898,82072,49.0583,4483.6468,0.4943,0.4986
flow_0804,0x10000324,01,VoIP,46,auto,99.1191,128.6747,109.7502,57.8795,7.6079,109.7306,104.4247,115.0757,10.651,0.013428,0.029785,0.019971,1.07e-05,0.003271,158,3.8854,5.7629,426.4266,40.7879,2042,224109,50.0638,5494.4936,0.4744,0.479
flow_0816,0x10000330,01,VoIP,46,auto,110.4879,189.2515,140.1685,225.3364,15.0112,138.382,129.6607,150.6764,21.0157,0.026225,0.036603,0.030376,4.31e-06,0.002076,164,3.5218,5.8498,493.6389,34.6915,1142,160072,32.9187,4614.1584,0.4728,0.4585
flow_0828,0x1000033c,01,VoIP,46,auto,107.5599,181.0741,140.7278,404.4915,20.112,140.6006,126.6495,154.8062,28.1568,0.016065,0.026641,0.020296,4.47e-06,0.002115,170,4.001,8.0286,563.0574,25.7756,1270,178724,49.2714,6933.8386,0.5186,0.5166
flow_0840,0x10000348,01,VoIP,46,auto,111.2635,199.0753,151.0212,373.9104,19.3368,151.2076,137.4854,164.5569,27.0715,0.012948,0.032458,0.020752,1.523e-05,0.003902,133,2.8211,6.4087,426.0505,29.6014,1426,215356,48.1734,7275.1975,0.5142,0.5076
flow_0852,0x10000354,01,VoIP,46,auto,175.3888,230.7424,196.7566,126.3635,11.2412,195.2861,188.8878,204.6254,15.7376,0.013124,0.028915,0.01944,9.97e-06,0.003158,57,4.7621,9.7433,936.967,15.9779,821,161537,51.3834,10110.0092,0.4876,0.4963
flow_0864,0x10000360,01,VoIP,46,auto,108.8914,181.3867,145.9743,119.6353,10.9378,144.8315,138.3179,153.6308,15.3129,0.013603,0.030054,0.020183,1.083e-05,0.00329,327,3.883,6.0908,566.8239,41.7211,2067,301728,49.5433,7232.0266,0.4984,0.4954
flow_0876,0x1000036c,01,VoIP,46,auto,75.7453,102.9173,85.8593,53.4432,7.3105,85.4164,80.742,90.9767,10.2347,0.023616,0.039215,0.029856,9.73e-06,0.00312,56,3.4007,6.1405,291.9851,14.817,496,42586,33.4751,2874.1342,0.5295,0.5161
flow_0888,0x10000378,01,VoIP,46,auto,165.0814,202.687,181.2393,42.1714,6.4939,182.093,176.6935,185.785,9.0915,0.022095,0.040535,0.029471,1.36e-05,0.003688,100,3.8441,8.6175,696.7054,38.6446,1311,237604,33.9245,6148.4348,0.5143,0.5299
flow_0900,0x10000384,01,VoIP,46,auto,176.12,229.753,197.2189,106.7348,10.3313,196.8734,189.987,204.4507,14.4638,0.016221,0.025132,0.019785,3.18e-06,0.001782,255,3.8174,7.9847,752.8707,35.2292,1780,351049,50.5263,9964.7171,0.5171,0.5001
flow_0912,0x10000390,01,VoIP,46,auto,72.1776,104.5862,86.5304,19.1943,4.3811,86.7267,83.4636,89.5972,6.1336,0.01242,0.029795,0.01937,1.208e-05,0.003475,52,4.8315,5.7948,418.0697,10.2784,530,45861,51.5645,4461.8882,0.4821,0.4861
flow_0924,0x1000039c,01,VoIP,46,auto,167.7921,212.6657,189.7377,96.5902,9.828,189.3049,182.8581,196.6173,13.7592,0.024584,0.039401,0.030511,8.78e-06,0.002963,103,4.0876,5.7687,775.5718,44.6646,1463,277586,32.7553,6214.9004,0.5251,0.5408
flow_0936,0x100003a8,01,VoIP,46,auto,118.0341,194.9661,146.1215,212.5893,14.5804,144.6212,135.9152,156.3278,20.4126,0.012932,0.03259,0.020795,1.546e-05,0.003931,146,4.2315,8.5965,618.3125,35.9894,1730,252790,48.0698,7024.0214,0.5114,0.5113
flow_0948,0x100003b4,01,VoIP,46,auto,116.2606,192.7557,142.2646,164.9228,12.8422,142.9883,133.2751,151.2542,17.9791,0.014797,0.02988,0.02083,9.1e-06,0.003017,184,3.3488,8.6944,476.4168,23.1896,1113,158340,47.9957,6828.0634,0.4841,0.4924
flow_0960,0x100003c0,01,VoIP,46,auto,95.2314,127.1176,108.0634,60.3454,7.7682,106.6502,102.6257,113.5012,10.8755,0.016692,0.025779,0.020327,3.3e-06,0.001817,64,4.099,6.6945,442.95,12.6206,620,66999,49.1262,5308.7144,0.5114,0.5236
flow_0972,0x100003cc,01,VoIP,46,auto,88.6901,123.6301,103.0374,59.3727,7.7054,103.2654,97.6436,108.4311,10.7875,0.027297,0.037922,0.031547,4.52e-06,0.002125,69,4.9283,5.0582,507.7998,27.6636,876,90260,31.6662,3262.7742,0.4896,0.4833
flow_0984,0x100003d8,01,VoIP,46,auto,127.9326,206.699,162.2665,391.2557,19.7802,161.3736,148.4204,176.1127,27.6923,0.012786,0.031437,0.020247,1.391e-05,0.00373,192,3.6739,8.8195,596.1511,40.8832,2019,327616,49.3846,8013.4616,0.5168,0.5323
flow_0996,0x100003e4,01,VoIP,46,auto,122.3971,180.7779,149.3984,471.7718,21.7203,149.644,134.1942,164.6026,30.4084,0.014186,0.031693,0.021189,1.226e-05,0.003501,75,4.8845,8.7088,729.7295,21.0357,992,148203,47.1579,7045.299,0.5127,0.51
flow_1008,0x100003f0,01,VoIP,46,auto,84.2886,114.4756,99.0129,33.6252,5.7987,98.4007,94.9538,103.072,8.1182,0.01144,0.031139,0.019319,1.552e-05,0.00394,256,4.8401,5.1759,479.2374,43.574,2255,223274,51.751,5124.0183,0.5289,0.5423
flow_1020,0x100003fc,01,VoIP,46,auto,180.6721,226.6541,201.7502,43.6954,6.6103,202.4392,197.123,206.3773,9.2544,0.015473,0.026654,0.019945,5e-06,0.002236,52,2.797,9.2143,564.2872,11.7372,588,118629,50.0972,10107.1092,0.511,0.4911
flow_1032,0x10000408,01,VoIP,46,auto,124.3841,204.1534,163.7377,481.9989,21.9545,163.2838,148.3696,179.1059,30.7363,0.013663,0.032977,0.021388,1.492e-05,0.003863,223,2.9796,5.4283,487.8769,33.458,1564,256085,46.7452,7653.9218,0.5061,0.526
flow_1044,0x10000414,01,VoIP,46,auto,134.8444,196.6952,165.9872,384.9962,19.6213,165.9794,152.2523,179.7221,27.4698,0.021984,0.04163,0.029842,1.544e-05,0.003929,77,4.9201,5.4297,816.6756,19.1689,642,106563,33.4918,5559.1731,0.4796,0.4772
flow_1056,0x10000420,01,VoIP,46,auto,79.9245,113.4137,94.3323,62.1779,7.8853,94.4802,88.8126,99.852,11.0394,0.023774,0.037563,0.02929,7.61e-06,0.002758,35,4.7461,6.161,447.7147,9.84,335,31601,34.0448,3211.4955,0.527,0.511
flow_1068,0x1000042c,01,VoIP,46,auto,177.8275,218.7942,194.7319,153.3801,12.3847,194.8678,186.0626,203.4012,17.3385,0.025678,0.037467,0.030394,5.56e-06,0.002358,104,4.1543,7.23,808.9817,41.3253,1359,264640,32.8854,6403.8219,0.5289,0.5373
flow_1080,0x10000438,01,VoIP,46,auto,128.0318,211.3413,160.7507,231.0968,15.2019,161.4583,150.1094,171.392,21.2826,0.014374,0.033322,0.021953,1.436e-05,0.00379,54,2.4139,9.267,388.0362,16.9646,772,124099,45.5066,7315.1819,0.481,0.478
flow_1092,0x10000444,01,VoIP,46,auto,77.8549,112.5191,91.9391,35.545,5.962,91.5118,87.7658,96.1125,8.3467,0.024863,0.037486,0.029912,6.37e-06,0.002525,117,2.4615,8.7993,226.3083,36.2499,1211,111338,33.407,3071.4026,0.5098,0.5278
flow_1104,0x10000450,01,VoIP,46,auto,190.841,238.1249,205.9747,191.8129,13.8497,205.6229,196.2799,215.6695,19.3895,0.023125,0.043249,0.031175,1.62e-05,0.004025,113,4.6545,8.5397,958.7029,37.4934,1202,247581,32.059,6603.3244,0.4875,0.4765
flow_1116,0x1000045c,01,VoIP,46,auto,140.5754,201.3222,170.37,445.3801,21.104,172.672,155.5971,185.1428,29.5456,0.022818,0.039226,0.029381,1.077e-05,0.003282,109,4.9943,9.6661,850.8794,23.7304,807,137488,34.007,5793.7445,0.529,0.5147
flow_1128,0x10000468,01,VoIP,46,auto,88.6354,124.5275,99.7501,60.2011,7.7589,100.9836,94.3188,105.1813,10.8625,0.026766,0.039189,0.031735,6.17e-06,0.002485,67,4.6213,9.1332,460.973,16.4288,517,51570,31.4692,3139.0036,0.5289,0.5428
flow_1140,0x10000474,01,VoIP,46,auto,116.9666,205.4835,150.8011,181.7644,13.482,151.4779,141.3637,160.2385,18.8748,0.013343,0.029964,0.019991,1.105e-05,0.003324,163,4.8086,5.8196,725.1373,22.1242,1106,166786,49.9906,7538.6327,0.5267,0.5108
flow_1152,0x10000480,01,VoIP,46,auto,128.9485,212.7891,160.8132,438.3144,20.936,159.4105,146.158,175.4683,29.3103,0.014478,0.03298,0.021879,1.369e-05,0.003701,156,2.5948,5.9761,417.2805,42.3225,1934,311012,45.6967,7348.6228,0.5245,0.5248
flow_1164,0x1000048c,01,VoIP,46,auto,125.3606,194.9117,164.2682,273.1887,16.5284,164.2577,152.6983,175.8381,23.1398,0.01388,0.030893,0.020685,1.158e-05,0.003403,135,4.3368,5.3631,712.3933,35.2118,1702,279584,48.3361,7940.0732,0.5006,0.491
flow_1176,0x10000498,01,VoIP,46,auto,92.3999,120.694,103.4625,28.7502,5.3619,102.6478,99.7091,107.2158,7.5067,0.014148,0.03013,0.020541,1.022e-05,0.003196,140,3.1818,6.3289,329.199,29.7753,1449,149917,48.6645,5034.9424,0.5126,0.5053
flow_1188,0x100004a4,01,VoIP,46,auto,84.5544,116.9437,98.3036,58.9878,7.6804,99.3982,92.9274,103.6799,10.7525,0.02354,0.037873,0.029273,8.22e-06,0.002867,73,2.6872,6.1301,264.1584,25.4205,868,85327,34.1457,3356.6239,0.5149,0.5066
flow_1200,0x100004b0,01,VoIP,46,auto,87.7011,126.2411,101.9386,40.4459,6.3597,102.5694,97.4868,106.3904,8.9036,0.014212,0.030368,0.020675,1.044e-05,0.003231,59,2.688,9.5568,274.0087,18.0821,874,89094,48.3351,4927.1945,0.4955,0.4755
flow_1212,0x100004bc,01,VoIP,46,auto,118.8309,182.9121,144.0299,400.9719,20.0243,144.6853,130.0129,158.0469,28.034,0.01595,0.024038,0.019185,2.62e-06,0.001618,56,2.6146,6.1541,376.5875,13.8756,723,104133,52.1058,7504.7441,0.5233,0.5383
flow_1224,0x100004c8,01,VoIP,46,auto,177.228,222.3186,198.244,185.1996,13.6088,197.3636,188.7178,207.7701,19.0523,0.014195,0.032239,0.021413,1.302e-05,0.003609,67,2.6456,9.5983,524.4692,11.6421,543,107646,46.6411,9246.2734,0.4911,0.5045
flow_1236,0x100004d4,01,VoIP,46,auto,106.2004,185.2756,140.2527,307.3239,17.5307,140.3825,127.9813,152.5242,24.5429,0.015873,0.029774,0.021433,7.73e-06,0.00278,146,3.2482,8.3981,455.5707,36.2084,1689,236886,46.6467,6542.3026,0.5045,0.5049
flow_1248,0x100004e0,01,VoIP,46,auto,146.2996,230.7002,177.903,222.25,14.9081,179.2426,167.4674,188.3387,20.8713,0.014479,0.026587,0.019322,5.86e-06,0.002422,77,4.7597,5.1097,846.7732,20.4685,1059,188399,51.738,9204.3383,0.4759,0.4816
flow_1260,0x100004ec,01,VoIP,46,auto,78.9175,106.8174,89.863,59.676,7.725,88.1256,84.4555,95.2706,10.815,0.026362,0.038588,0.031252,5.98e-06,0.002445,114,3.7995,8.7616,341.4351,40.3103,1289,115833,31.977,2873.5347,0.5164,0.5237
flow_1272,0x100004f8,01,VoIP,46,auto,91.0291,117.5407,101.3519,44.1697,6.646,101.8046,96.6996,106.0041,9.3044,0.027383,0.037676,0.0315,4.24e-06,0.002059,42,3.9112,7.4298,396.4075,12.4527,395,40033,31.7201,3214.8139,0.4759,0.4588
flow_1284,0x10000504,01,VoIP,46,auto,123.017,202.9409,151.5828,333.8355,18.2712,153.6446,138.793,164.3726,25.5796,0.026047,0.035495,0.029826,3.57e-06,0.001889,22,3.7802,5.2291,573.0067,9.3846,314,47597,33.4591,5071.8283,0.4795,0.4707
flow_1296,0x10000510,01,VoIP,46,auto,166.1496,216.6852,182.1808,63.1074,7.944,183.8187,176.62,187.7416,11.1216,0.016409,0.027994,0.021043,5.37e-06,0.002317,81,3.3062,5.3738,602.3344,22.1979,1054,192018,47.4819,8650.2655,0.4838,0.4982
flow_1308,0x1000051c,01,VoIP,46,auto,169.2765,214.7074,184.636,169.0568,13.0022,184.1107,175.5345,193.7375,18.2031,0.017175,0.024956,0.020288,2.42e-06,0.001556,134,3.7226,9.5426,687.326,23.2756,1147,211777,49.279,9098.6595,0.5004,0.5074
flow_1320,0x10000528,01,VoIP,46,auto,94.2722,126.5416,105.7133,62.6395,7.9145,106.5862,100.1732,111.2535,11.0803,0.01272,0.031232,0.020125,1.371e-05,0.003703,110,3.8952,6.5178,411.7701,32.0493,1592,168295,49.6735,5251.132,0.5183,0.5287
flow_1332,0x10000534,01,VoIP,46,auto,115.8307,190.1766,149.7968,311.5463,17.6507,150.0289,137.4413,162.1522,24.7109,0.01786,0.02662,0.021364,3.07e-06,0.001752,82,3.0883,7.5189,462.6152,24.3028,1137,170318,46.7847,7008.1652,0.4713,0.4603
flow_1344,0x10000540,01,VoIP,46,auto,96.9229,130.8046,107.5058,19.7113,4.4397,108.8905,104.398,110.6136,6.2156,0.025501,0.039367,0.031048,7.69e-06,0.002773,54,3.9826,7.9145,428.1566,20.5767,662,71168,32.1724,3458.6768,0.5017,0.5099
flow_1356,0x1000054c,01,VoIP,46,auto,78.2059,112.8912,89.626,20.1203,4.4856,89.1957,86.4861,92.7659,6.2798,0.026792,0.039557,0.031898,6.52e-06,0.002553,141,2.6605,7.2999,238.4529,32.3412,1013,90791,31.3222,2807.2829,0.5105,0.5022
flow_1368,0x10000558,01,VoIP,46,auto,187.6234,231.1474,203.725,117.434,10.8367,202.7199,196.1393,211.3107,15.1714,0.023019,0.043203,0.031093,1.63e-05,0.004037,34,3.5371,7.8119,720.5985,11.5695,372,75785,32.1534,6550.3885,0.48,0.4856
flow_1380,0x10000564,01,VoIP,46,auto,85.2416,117.6492,98.4886,30.0251,5.4795,99.5039,94.6529,102.3242,7.6713,0.01337,0.031027,0.020433,1.247e-05,0.003531,67,4.4711,6.3385,440.3522,18.6254,911,89723,48.9116,4817.2273,0.5094,0.5166
flow_1392,0x10000570,01,VoIP,46,auto,80.6239,113.9281,90.8965,55.6595,7.4605,89.1952,85.6741,96.1189,10.4447,0.027978,0.035689,0.031063,2.38e-06,0.001542,109,4.3774,6.9652,397.8948,34.6825,1116,101440,32.1776,2924.8139,0.4911,0.5047
flow_1404,0x1000057c,01,VoIP,46,auto,89.6166,121.7479,101.3492,25.3794,5.0378,102.5878,97.8227,104.8756,7.0529,0.022744,0.041652,0.030307,1.43e-05,0.003782,134,4.19,7.8612,424.6517,44.1868,1457,147665,32.9737,3341.8384,0.4755,0.4936
flow_1416,0x10000588,01,VoIP,46,auto,175.4154,226.7763,194.8034,72.1532,8.4943,195.7277,188.8574,200.7494,11.892,0.015132,0.026923,0.019848,5.56e-06,0.002358,160,2.9509,6.9764,574.8462,43.1246,2172,423113,50.3657,9811.4085,0.5205,0.504
flow_1428,0x10000594,01,VoIP,46,auto,178.3611,224.3812,202.0155,117.0872,10.8207,201.7809,194.4411,209.59,15.149,0.026841,0.036107,0.030547,3.43e-06,0.001853,33,3.4928,9.6478,705.6044,11.6602,381,76967,32.6751,6600.8031,0.52,0.529
flow_1440,0x100005a0,01,VoIP,46,auto,119.0317,200.0603,156.7973,130.0824,11.4054,155.8107,148.8135,164.781,15.9675,0.012347,0.029962,0.019393,1.241e-05,0.003523,179,2.4862,5.6173,389.8326,30.2702,1560,244603,51.5359,8080.6638,0.5145,0.5299
flow_1452,0x100005ac,01,VoIP,46,auto,112.1721,188.2943,144.6445,198.0283,14.0723,145.4821,134.7939,154.4951,19.7012,0.022207,0.039605,0.029166,1.211e-05,0.003479,103,4.6171,6.0112,667.8407,31.9032,1093,158096,34.2599,4955.4885,0.518,0.5056
flow_1464,0x100005b8,01,VoIP,46,auto,164.4157,208.7392,180.798,43.7437,6.6139,182.2034,176.1682,185.4277,9.2595,0.01295,0.028962,0.019354,1.026e-05,0.003202,30,3.1424,6.6829,568.1321,8.7163,450,81359,51.6277,9334.174,0.4985,0.4992
flow_1476,0x100005c4,01,VoIP,46,auto,174.8221,234.0856,199.2116,78.4661,8.8581,198.6872,193.0109,205.4122,12.4014,0.013226,0.032253,0.020837,1.448e-05,0.003805,68,2.2237,9.022,442.9911,9.0305,433,86258,47.9485,9551.8209,0.4783,0.4653
flow_1488,0x100005d0,01,VoIP,46,auto,177.3982,234.6615,201.608,134.7619,11.6087,201.8841,193.4819,209.7341,16.2522,0.025874,0.037807,0.030647,5.7e-06,0.002387,96,2.9421,8.3585,593.1533,40.7737,1330,268138,32.6191,6576.2491,0.4903,0.4974
flow_1500,0x100005dc,01,VoIP,46,auto,135.1348,200.4137,168.902,154.7257,12.4389,168.6769,160.1948,177.6093,17.4144,0.024367,0.041607,0.031263,1.189e-05,0.003448,20,3.3174,8.4683,560.3131,8.5629,273,46110,31.8816,5384.8299,0.4863,0.4971
flow_1512,0x100005e8,01,VoIP,46,auto,113.8469,188.2976,142.8385,470.4233,21.6892,144.3661,127.6561,158.021,30.3649,0.013723,0.029829,0.020165,1.038e-05,0.003221,122,3.3896,6.3352,484.1691,29.2591,1450,207115,49.5572,7078.6464,0.499,0.4942
flow_1524,0x100005f4,01,VoIP,46,auto,119.453,185.76,153.1439,258.1482,16.067,153.2275,141.897,164.3908,22.4938,0.025606,0.037465,0.03035,5.63e-06,0.002372,91,2.3471,7.4785,359.44,19.5053,642,98318,32.9141,5040.5693,0.4783,0.4673
flow_1536,0x10000600,01,VoIP,46,auto,86.8455,125.162,100.7448,29.3757,5.4199,100.4695,96.9508,104.5387,7.5879,0.01149,0.031488,0.019489,1.6e-05,0.004,138,3.486,6.0489,351.2005,39.4347,2023,203806,51.3,5168.187,0.5044,0.4993
flow_1548,0x1000060c,01,VoIP,46,auto,187.0879,239.7037,205.2376,38.3356,6.1916,204.1854,200.9035,209.5717,8.6682,0.012606,0.029432,0.019337,1.132e-05,0.003365,80,4.6181,6.8404,947.8095,21.4565,1109,227608,51.686,10607.8973,0.5186,0.5258
flow_1560,0x10000618,01,VoIP,46,auto,160.2681,204.1043,183.0245,178.651,13.366,182.8229,173.6683,192.3807,18.7125,0.017382,0.026649,0.021089,3.44e-06,0.001853,58,3.5613,7.8775,651.8058,11.3117,536,98101,47.3846,8672.5272,0.4898,0.4807
flow_1572,0x10000624,01,VoIP,46,auto,131.6304,206.1124,170.5598,425.061,20.617,169.8477,156.1279,184.9917,28.8638,0.024806,0.041759,0.031587,1.149e-05,0.00339,40,3.7986,8.7031,647.8963,17.9057,566,96536,31.6101,5391.3578,0.4823,0.4686
flow_1584,0x10000630,01,VoIP,46,auto,158.8595,202.0826,182.0212,110.0924,10.4925,182.036,174.6764,189.3659,14.6895,0.013644,0.029646,0.020045,1.024e-05,0.003201,127,2.472,6.4737,449.9634,28.2511,1409,256467,49.8742,9078.1322,0.5126,0.4935
flow_1596,0x1000063c,01,VoIP,46,auto,162.7492,212.27,187.0899,117.4515,10.8375,188.0219,179.5037,194.6762,15.1725,0.027885,0.037072,0.03156,3.38e-06,0.001837,178,2.4336,9.3113,455.3004,40.7165,1290,241346,31.6825,5927.4672,0.4854,0.4899
flow_1608,0x10000648,01,VoIP,46,auto,181.4672,220.7162,199.8885,188.8479,13.7422,198.9372,190.269,209.5081,19.2391,0.016158,0.02554,0.019911,3.52e-06,0.001876,221,3.8164,8.8954,762.847,35.2034,1768,353402,50.2225,10038.8689,0.4863,0.4777
flow_1620,0x10000654,01,VoIP,46,auto,89.2478,124.1948,99.6498,58.2189,7.6301,100.6361,94.3087,104.9908,10.6822,0.013889,0.03164,0.020989,1.26e-05,0.00355,53,4.5514,7.5336,453.5421,12.5128,596,59391,47.6312,4746.422,0.5254,0.5073
flow_1632,0x10000660,01,VoIP,46,auto,172.3536,224.9844,194.4452,171.2885,13.0877,194.4061,185.2838,203.6066,18.3228,0.026804,0.038478,0.031474,5.45e-06,0.002335,116,4.3211,9.2944,840.2124,44.0061,1398,271834,31.7683,6177.1907,0.4774,0.4709
flow_1644,0x1000066c,01,VoIP,46,auto,132.4539,204.606,168.652,122.8003,11.0815,168.8476,160.8949,176.409,15.5141,0.027117,0.036677,0.030941,3.66e-06,0.001912,99,2.0875,8.6253,352.0661,44.9701,1453,245051,32.3104,5449.2004,0.4856,0.4793
flow_1656,0x10000678,01,VoIP,46,auto,80.6591,113.5758,91.7922,48.4227,6.9586,92.6467,86.9211,96.6633,9.7421,0.014443,0.033244,0.021963,1.414e-05,0.00376,50,4.7254,6.1013,433.7576,11.2209,510,46814,45.4511,4172.0522,0.4927,0.5106
flow_1668,0x10000684,01,VoIP,46,auto,181.3805,234.1337,199.5785,100.1758,10.0088,199.6579,192.5723,206.5846,14.0123,0.021228,0.040704,0.029018,1.517e-05,0.003895,47,2.1307,5.7346,425.2378,18.4037,634,126532,34.4496,6875.3628,0.5214,0.5412
flow_1680,0x10000690,01,VoIP,46,auto,95.2059,128.2691,107.7016,37.9394,6.1595,106.696,103.39,112.0133,8.6233,0.014548,0.031544,0.021347,1.155e-05,0.003399,48,4.8711,9.3558,524.6231,11.5443,540,58158,46.7763,5037.8035,0.5076,0.4955
flow_1692,0x1000069c,01,VoIP,46,auto,81.339,119.6699,95.9077,49.6961,7.0495,94.5141,90.973,100.8424,9.8694,0.025503,0.039722,0.03119,8.09e-06,0.002844,93,3.9929,6.6239,382.9476,28.4395,911,87371,32.0329,3072.1698,0.5144,0.5146
flow_1704,0x100006a8,01,VoIP,46,auto,93.7122,125.8783,106.3966,35.9865,5.9989,106.2547,102.1974,110.5959,8.3984,0.012927,0.028956,0.019338,1.028e-05,0.003206,171,4.5224,9.2239,481.1635,40.5752,2098,223220,51.7064,5501.3847,0.4719,0.4828
flow_1716,0x100006b4,01,VoIP,46,auto,88.1231,119.2886,102.124,18.516,4.303,101.3048,99.1119,105.1361,6.0242,0.013796,0.031884,0.021031,1.309e-05,0.003618,62,4.7473,8.8959,484.8134,18.0923,860,87826,47.5341,4854.3394,0.4705,0.4539
flow_1728,0x100006c0,01,VoIP,46,auto,169.5975,224.9662,193.3824,72.9448,8.5408,194.1068,187.4038,199.3609,11.9571,0.015629,0.031462,0.021962,1.003e-05,0.003167,233,2.3149,6.4723,447.6642,33.3648,1519,293747,45.5271,8804.1097,0.5205,0.5369
flow_1740,0x100006cc,01,VoIP,46,auto,107.5211,197.1146,146.8999,356.2393,18.8743,145.5688,133.6878,160.1119,26.424,0.015104,0.026787,0.019777,5.46e-06,0.002337,71,4.4338,5.9371,651.3289,15.5615,786,115463,50.5094,7419.7984,0.4703,0.4553
flow_1752,0x100006d8,01,VoIP,46,auto,114.2616,174.1007,143.9115,241.7881,15.5495,145.8903,133.0268,154.7962,21.7693,0.017073,0.027776,0.021354,4.58e-06,0.00214,72,4.9511,6.5605,712.5258,11.9088,557,80158,46.7722,6730.9913,0.4958,0.4788
flow_1764,0x100006e4,01,VoIP,46,auto,131.6123,209.3494,159.5145,457.9773,21.4004,159.0752,144.5342,174.4948,29.9606,0.013538,0.03358,0.021555,1.607e-05,0.004008,147,4.43,7.8193,706.6547,35.41,1642,261922,46.3711,7396.8399,0.496,0.4773
flow_1776,0x100006f0,01,VoIP,46,auto,172.0039,225.8156,195.9352,151.5942,12.3124,194.6978,187.3166,204.5539,17.2373,0.022596,0.039597,0.029397,1.156e-05,0.0034,34,4.8291,6.4146,946.1816,13.6824,465,91109,33.9852,6658.8356,0.5157,0.5132
flow_1788,0x100006fc,01,VoIP,46,auto,113.2893,196.482,143.2173,118.6614,10.8932,142.1774,135.5921,150.8426,15.2505,0.015394,0.026043,0.019653,4.54e-06,0.00213,178,4.7594,9.2881,681.6251,43.3208,2204,315651,50.8763,7286.3641,0.5075,0.5099
flow_1800,0x10000708,01,VoIP,46,auto,127.1128,214.695,159.8059,237.9758,15.4265,159.7376,149.0074,170.6044,21.597,0.026205,0.038516,0.031129,6.06e-06,0.002462,47,4.8631,6.564,777.1525,17.1959,552,88212,32.1006,5129.8152,0.4923,0.491
flow_1812,0x10000714,01,VoIP,46,auto,173.1542,223.5142,192.6089,167.7025,12.95,191.7759,183.5439,201.6739,18.13,0.014523,0.031029,0.021126,1.09e-05,0.003301,153,2.0441,8.2793,393.7109,36.3771,1721,331479,47.31,9112.3088,0.5067,0.5112
flow_1824,0x10000720,01,VoIP,46,auto,173.6987,224.0574,189.1467,71.0359,8.4283,188.8328,183.247,195.0465,11.7996,0.026353,0.039425,0.031581,6.84e-06,0.002614,62,3.4421,5.3355,651.0672,29.3287,928,175528,31.6413,5984.8463,0.5115,0.5199
flow_1836,0x1000072c,01,VoIP,46,auto,80.2994,112.2638,91.8859,38.3111,6.1896,91.2057,87.5532,96.2186,8.6654,0.025684,0.036884,0.030164,5.02e-06,0.00224,80,4.9778,8.0915,457.389,30.505,1011,92896,33.1421,3045.271,0.4994,0.4848
flow_1848,0x10000738,01,VoIP,46,auto,85.2843,112.2295,95.8351,46.774,6.8392,96.23,91.0477,100.6225,9.5748,0.022114,0.041938,0.030044,1.572e-05,0.003965,73,2.3116,6.6519,221.5367,29.5043,982,94110,33.2833,3189.7021,0.5237,0.5362
flow_1860,0x10000744,01,VoIP,46,auto,119.9639,196.4322,147.5587,185.6421,13.6251,146.9833,138.0212,157.0963,19.0751,0.015942,0.026822,0.020294,4.74e-06,0.002176,79,3.0017,5.8743,442.9256,21.6641,1067,157445,49.2521,7267.5648,0.4839,0.4653
flow_1872,0x10000750,01,VoIP,46,auto,160.4931,204.9328,180.8669,47.5944,6.8989,179.5713,176.0377,185.6961,9.6584,0.016838,0.027602,0.021143,4.63e-06,0.002153,114,3.5,5.6653,633.0264,32.3755,1531,276907,47.2889,8552.983,0.5069,0.4897
flow_1884,0x1000075c,01,VoIP,46,auto,179.5026,227.2064,199.9652,164.5222,12.8266,199.5855,190.9865,208.9438,17.9573,0.013006,0.032293,0.020721,1.488e-05,0.003857,105,2.21,6.7459,441.9226,24.4966,1182,236358,48.2516,9648.612,0.4725,0.4754
flow_1896,0x10000768,01,VoIP,46,auto,99.1214,128.0717,109.8372,35.3118,5.9424,109.2433,105.6775,113.9968,8.3193,0.022278,0.039896,0.029325,1.241e-05,0.003523,135,4.3213,7.8744,474.6351,34.7493,1184,130047,34.0726,3742.4326,0.4803,0.4717
flow_1908,0x10000774,01,VoIP,46,auto,121.0881,195.2218,146.1547,103.842,10.1903,146.2236,139.0215,153.2879,14.2664,0.022799,0.042272,0.030588,1.517e-05,0.003895,85,4.2315,7.8831,618.4469,36.5587,1195,174654,32.6872,4777.3592,0.4804,0.4895
flow_1920,0x10000780,01,VoIP,46,auto,145.7684,222.6943,175.2847,130.2763,11.4139,175.5304,167.295,183.2744,15.9794,0.01329,0.03317,0.021242,1.581e-05,0.003976,195,2.703,6.0635,473.786,26.5814,1251,219281,47.0631,8249.4288,0.5261,0.5229
flow_1932,0x1000078c,01,VoIP,46,auto,178.4366,227.1592,197.3158,177.4262,13.3201,197.8089,187.9917,206.6399,18.6482,0.023448,0.039661,0.029933,1.052e-05,0.003243,109,3.7725,5.4287,744.3791,38.829,1297,255918,33.4028,6590.893,0.496,0.5116
flow_1944,0x10000798,01,VoIP,46,auto,175.8159,223.6775,194.8895,152.309,12.3414,193.517,186.2506,203.5285,17.2779,0.025662,0.041471,0.031986,1e-05,0.003162,46,2.4523,9.6789,477.9273,19.3999,606,118103,31.2372,6087.8014,0.4904,0.4978
flow_1956,0x100007a4,01,VoIP,46,auto,125.788,212.3739,159.2827,202.2891,14.2228,158.3736,149.3267,169.2387,19.912,0.015103,0.031764,0.021768,1.11e-05,0.003332,95,4.6364,7.1884,738.4908,20.1486,925,147336,45.9088,7312.4508,0.4851,0.486
flow_1968,0x100007b0,01,VoIP,46,auto,187.7691,233.1262,206.1443,185.6201,13.6242,206.5665,196.6074,215.6813,19.0739,0.012986,0.032516,0.020798,1.526e-05,0.003906,125,4.8741,7.7991,1004.766,17.7821,854,176047,48.0257,9900.2142,0.528,0.5426
flow_1980,0x100007bc,01,VoIP,46,auto,191.6013,234.0329,208.0718,92.7902,9.6328,207.7574,201.3288,214.8147,13.4859,0.014649,0.030115,0.020835,9.57e-06,0.003093,215,3.4694,9.8199,721.8922,42.7952,2053,427171,47.9727,9981.7508,0.4777,0.4956
flow_1992,0x100007c8,01,VoIP,46,auto,88.2803,119.8851,99.361,32.3183,5.6849,99.8771,95.3815,103.3404,7.9589,0.015295,0.030008,0.02118,8.66e-06,0.002943,150,3.7134,5.2153,368.9628,42.3116,1997,198423,47.1975,4689.5679,0.5151,0.5171
flow_2004,0x100007d4,01,Video,34,auto,145.5377,1472.3073,1316.9149,154141.0268,392.608,1411.502,774.2389,1462.3073,688.0684,0.000631,0.099674,0.014547,0.00013113,0.011451,44,13.0694,38.3445,17211.3439,12.127,833,1096990,68.6899,90458.8076,0.9096,0.9755
flow_2016,0x100007e0,01,Video,34,auto,163.1341,1464.8832,1243.4127,122943.5049,350.633,1288.7102,651.5486,1454.8832,803.3346,0.000387,0.144715,0.014084,0.00015718,0.012537,132,27.2583,38.3694,33893.3425,47.1789,3349,4164189,70.9851,88263.8194,0.7353,0.8702
flow_2028,0x100007ec,01,Video,34,auto,204.3969,1495.3633,1196.0766,167518.4196,409.2901,1335.7587,706.2254,1480.0,773.7746,0.000828,0.115358,0.00904,0.00014981,0.01224,368,20.203,74.8206,24164.2806,58.9964,6525,7804399,110.6,132286.0692,0.8935,0.9609
flow_2040,0x100007f8,01,Video,34,auto,135.3311,1489.4618,1257.6231,101832.3563,319.1118,1076.5649,733.4653,1479.4618,745.9966,0.000533,0.077965,0.011766,0.00066698,0.025826,120,17.8005,61.9331,22386.2619,32.0607,2724,3425765,84.9638,106852.4812,0.8111,0.8633
flow_2052,0x10000804,01,Video,34,auto,258.3153,1462.3846,1194.189,151010.2414,388.6004,1149.5092,854.6761,1452.3846,597.7085,0.000767,0.08719,0.00969,0.00043205,0.020786,119,22.7917,88.4152,27217.6318,32.6114,3365,4018446,103.1847,123222.0067,0.8326,0.8917
flow_2064,0x10000810,01,Video,34,auto,153.4878,1479.9055,1344.0392,82814.7273,287.7755,1265.92,678.971,1469.9055,790.9345,0.000824,0.103132,0.003674,0.00045301,0.021284,463,28.8106,46.6537,38722.6309,26.0943,7103,9546710,272.2054,365854.7768,0.8349,0.852
flow_2076,0x1000081c,01,Video,34,auto,177.8859,1479.7941,1273.2298,174784.7779,418.0727,1273.6622,825.5311,1469.7941,644.263,0.000145,0.115371,0.008554,0.00019656,0.01402,182,21.2481,53.832,27053.7762,44.1222,5157,6566045,116.8799,148814.9094,0.7684,0.8585
flow_2088,0x10000828,01,Video,34,auto,129.5354,1488.5015,1017.6212,189116.1206,434.8748,1188.3854,689.7907,1478.5015,788.7109,0.000602,0.114774,0.004181,0.00061538,0.024807,856,13.9534,47.8603,14199.2965,57.9858,13870,14114406,239.1966,243411.5709,0.8054,0.8657
flow_2100,0x10000834,01,Video,34,auto,255.4513,1477.3782,1207.0109,83684.6116,289.2829,1426.3733,714.1694,1467.3782,753.2087,0.000865,0.089887,0.011231,0.00070009,0.026459,146,18.7284,85.3777,22605.3809,45.4063,4042,4878737,89.0185,107446.2654,0.7704,0.8792
flow_2112,0x10000840,01,Video,34,auto,130.635,1489.0906,961.2931,116911.012,341.9225,1228.8356,776.4377,1479.0906,702.6529,0.000959,0.067269,0.008702,0.00064514,0.0254,203,13.9997,89.3018,13457.7801,29.1582,3350,3220331,114.8905,110443.4158,0.7279,0.8778
flow_2124,0x1000084c,01,Video,34,auto,239.6739,1470.5457,1019.7974,124356.8739,352.6427,1374.0327,834.5321,1460.5457,626.0136,0.000198,0.119932,0.009914,0.00062194,0.024939,250,12.4862,88.4053,12733.3703,41.3724,4173,4255614,100.8643,102861.09,0.7556,0.9665
flow_2136,0x10000858,01,Video,34,auto,237.206,1475.6356,1098.1064,186458.8312,431.8088,1368.1426,694.7049,1465.6356,770.9307,0.000541,0.0696,0.013621,0.00017779,0.013334,64,25.3028,65.4741,27785.1709,30.5502,2242,2461954,73.3874,80587.168,0.9071,0.8968
flow_2148,0x10000864,01,Video,34,auto,156.9916,1468.8467,1300.661,105936.5265,325.4789,1117.3776,741.1356,1458.8467,717.7111,0.000146,0.137212,0.010407,0.00018249,0.013509,66,10.9429,70.7961,14232.9788,23.4826,2256,2934291,96.0712,124956.0978,0.853,0.8703
flow_2160,0x10000870,01,Video,34,auto,212.7327,1477.2447,1287.4554,83847.7544,289.5648,1198.0467,745.0751,1467.2447,722.1696,0.000786,0.075334,0.003912,0.0002935,0.017132,381,14.4794,57.5316,18641.5934,50.9239,13016,16757519,255.597,329069.6866,0.7463,0.94
flow_2172,0x1000087c,01,Video,34,auto,177.2802,1464.1752,1288.8576,79773.2882,282.4417,1079.1168,754.7122,1454.1752,699.463,0.000824,0.134592,0.010588,0.00014988,0.012242,224,20.322,46.78,26192.2234,37.0846,3502,4513579,94.4327,121710.318,0.8092,0.9488
flow_2184,0x10000888,01,Video,34,auto,157.8817,1467.363,1144.0228,125640.7361,354.4584,1382.8042,858.135,1457.363,599.228,0.000899,0.081475,0.003085,0.00020423,0.014291,397,20.8671,35.2677,23872.4875,34.9299,11321,12951482,324.1065,370785.278,0.7613,0.8631
flow_2196,0x10000894,01,Video,34,auto,195.6061,1461.9236,1061.0831,185089.8638,430.2207,1206.1693,730.4494,1451.9236,721.4743,0.0006,0.065207,0.011687,0.00045826,0.021407,161,25.0976,48.507,26630.6138,30.0092,2567,2723800,85.5403,90765.3475,0.7441,0.9266
flow_2208,0x100008a0,01,Video,34,auto,190.9129,1483.4896,1336.6638,70818.8068,266.118,1211.585,719.5143,1473.4896,753.9753,0.000337,0.096296,0.004465,0.0005994,0.024483,182,14.0051,84.3315,18720.1062,18.5563,4156,5555174,223.9676,299369.3793,0.8245,0.9539
flow_2220,0x100008ac,01,Video,34,auto,230.0399,1488.2609,1233.8267,73387.6285,270.9015,1188.3267,661.045,1478.2609,817.2159,0.000487,0.107889,0.012434,0.00027191,0.01649,43,24.5457,50.7336,30285.0936,12.0265,967,1193110,80.4056,99206.583,0.8341,0.977
flow_2232,0x100008b8,01,Video,34,auto,241.5275,1474.3139,1282.8526,153657.0107,391.9911,1165.6894,849.4781,1464.3139,614.8358,0.000582,0.107134,0.005779,0.00019885,0.014101,184,24.1822,44.912,31022.2551,28.8638,4994,6406565,173.0198,221958.8351,0.7777,0.941
flow_2244,0x100008c4,01,Video,34,auto,181.5535,1485.0559,992.726,149220.0942,386.2902,1307.6541,786.8315,1475.0559,688.2244,0.000875,0.071702,0.012773,0.00041216,0.020302,238,13.2024,68.1869,13106.3483,58.1667,4553,4519881,78.2751,77705.6973,0.7386,0.8718
flow_2256,0x100008d0,01,Video,34,auto,203.2326,1480.7672,907.6292,179234.5758,423.361,1270.3655,858.592,1470.7672,612.1752,0.000128,0.121153,0.014565,0.00077786,0.02789,156,15.4085,44.2863,13985.2422,39.0466,2680,2432446,68.636,62295.9867,0.905,0.9534
flow_2268,0x100008dc,01,Video,34,auto,159.6275,1488.0664,1110.7015,158528.0045,398.1558,1100.9537,680.4271,1478.0664,797.6393,0.000966,0.065861,0.005693,0.00021034,0.014503,168,14.0582,55.2796,15614.487,17.0474,2994,3325440,175.6276,195069.8651,0.7594,0.8614
flow_2280,0x100008e8,01,Video,34,auto,140.6987,1489.0461,1136.5166,178107.0399,422.0273,1060.733,831.8951,1479.0461,647.151,0.000939,0.128271,0.013565,0.00087569,0.029592,110,10.6368,36.023,12088.8929,36.8651,2717,3087915,73.7011,83762.5286,0.8479,0.8858
flow_2292,0x100008f4,01,Video,34,auto,162.7446,1465.8216,1244.9631,110652.116,332.6441,1364.4481,887.2883,1455.8216,568.5333,0.000177,0.057173,0.003905,0.00074289,0.027256,379,23.2594,74.3866,28957.1391,25.2369,6462,8044951,256.0534,318777.0022,0.8479,0.9248
flow_2304,0x10000900,01,Video,34,auto,135.0,1465.2597,914.3217,154374.0249,392.9046,1147.6608,830.4892,1455.2597,624.7706,0.000154,0.080531,0.010993,0.00049234,0.022189,36,16.1727,40.2222,14787.0249,13.3015,1209,1105414,90.892,83104.4121,0.7205,0.9295
flow_2316,0x1000090c,01,Video,34,auto,216.8564,1495.1471,906.5382,147647.2393,384.2489,1309.4385,650.0069,1480.0,829.9931,0.000364,0.148658,0.00791,8.378e-05,0.009153,251,17.337,56.8049,15716.6906,57.1336,7223,6547925,126.4229,114607.172,0.7276,0.894
flow_2328,0x10000918,01,Video,34,auto,244.5852,1491.507,1006.0665,166841.3853,408.4622,1109.8277,685.2318,1480.0,794.7682,0.000988,0.130398,0.008141,0.00028387,0.016848,379,24.2792,68.2356,24426.508,54.7314,6722,6762778,122.818,123563.1034,0.7398,0.9532
flow_2340,0x10000924,01,Video,34,auto,228.4001,1499.7491,1149.288,126272.9772,355.3491,1387.4969,800.2167,1480.0,679.7833,0.000265,0.145952,0.007071,0.00037536,0.019374,266,17.1978,84.8846,19765.1772,43.3059,6124,7038239,141.4126,162523.7791,0.7921,0.9483
flow_2352,0x10000930,01,Video,34,auto,187.8965,1484.8712,945.3778,105553.8614,324.8905,1079.4447,744.7924,1474.8712,730.0789,0.000407,0.078115,0.009394,0.00034746,0.01864,196,29.878,65.5437,28246.0131,30.3251,3228,3051679,106.4465,100632.1824,0.8472,0.8738
flow_2364,0x1000093c,01,Video,34,auto,127.3565,1471.289,1238.0429,126415.1809,355.5491,1120.9029,873.3435,1461.289,587.9455,0.000605,0.087328,0.014205,0.00101559,0.031868,61,22.2434,47.4604,27538.2988,19.7705,1391,1722117,70.3573,87105.3166,0.8128,0.9245
flow_2376,0x10000948,01,Video,34,auto,181.5004,1464.9895,1308.2202,142187.6821,377.0778,1271.6088,898.6611,1454.9895,556.3284,0.000213,0.068458,0.003271,0.00028114,0.016767,248,15.4421,71.5301,20201.7202,22.3682,6839,8946917,305.7463,399983.4868,0.8676,0.9022
flow_2388,0x10000954,01,Video,34,auto,133.2535,1465.9838,913.625,163884.4316,404.8264,1385.4597,859.9584,1455.9838,596.0254,0.000787,0.083671,0.014276,0.00052652,0.022946,113,18.7121,37.4071,17095.8045,48.7958,3418,3122770,70.047,63996.7136,0.7733,0.9651
flow_2400,0x10000960,01,Video,34,auto,237.1941,1467.2362,917.9658,74450.4096,272.856,1297.0971,669.3417,1457.2362,787.8945,0.000116,0.087716,0.009495,0.00055565,0.023572,41,14.3064,72.9341,13132.8171,13.3695,1408,1292495,105.3146,96675.107,0.8548,0.9504
flow_2412,0x1000096c,01,Video,34,auto,205.0319,1470.5195,1062.4424,95841.4016,309.5826,1192.0278,825.3989,1460.5195,635.1205,0.000103,0.102667,0.005383,9.479e-05,0.009736,169,27.6198,51.1512,29344.4781,24.0008,4458,4736368,185.7435,197341.8108,0.7567,0.8502
flow_2424,0x10000978,01,Video,34,auto,127.3732,1484.2329,907.2913,91310.0612,302.1755,1161.2426,676.0921,1474.2329,798.1408,0.000752,0.130617,0.004378,0.00015886,0.012604,168,14.6731,83.4032,13312.7302,20.717,4731,4292394,228.3628,207191.4926,0.7738,0.8669
flow_2436,0x10000984,01,Video,34,auto,166.7334,1490.7082,1282.6358,129382.9733,359.6984,1253.924,822.968,1480.0,657.032,0.000251,0.092191,0.008154,0.00101934,0.031927,63,15.4059,58.3984,19760.1639,15.1135,1853,2376724,122.606,157258.8191,0.8973,0.8742
flow_2448,0x10000990,01,Video,34,auto,124.1725,1492.2067,1056.6348,113235.9548,336.5055,1088.7082,837.9053,1480.0,642.0947,0.000668,0.083902,0.009275,6.679e-05,0.008173,271,10.0242,39.7753,10591.9076,46.889,5055,5341288,107.8078,113913.4343,0.8081,0.9472
flow_2460,0x1000099c,01,Video,34,auto,248.3503,1462.9093,981.8392,149192.6203,386.2546,1348.7122,710.3096,1452.9093,742.5997,0.000498,0.098668,0.004352,0.00081554,0.028558,555,11.943,87.6757,11726.1419,48.5693,11160,10957325,229.7746,225601.712,0.8599,0.9348
flow_2472,0x100009a8,01,Video,34,auto,143.8761,1486.0812,1084.9423,148525.2969,385.3898,1381.2277,737.7016,1476.0812,738.3796,0.000914,0.107517,0.011034,0.00016442,0.012823,193,28.8108,74.6059,31258.0822,48.8928,4431,4807379,90.6268,98324.8649,0.7507,0.9215
flow_2484,0x100009b4,01,Video,34,auto,217.8842,1461.0857,982.4839,115168.4743,339.3648,1252.7681,811.845,1451.0857,639.2408,0.000892,0.145505,0.012492,0.00048676,0.022063,220,10.6435,74.3688,10457.0509,58.8502,4710,4627499,80.0336,78631.7655,0.7704,0.9498
flow_2496,0x100009c0,01,Video,34,auto,189.5464,1485.1029,1105.8033,121654.7282,348.7904,1190.1176,768.6693,1475.1029,706.4337,0.00029,0.147096,0.005524,0.00012779,0.011305,358,26.7438,40.6961,29573.409,59.553,10780,11920559,181.0154,200167.3917,0.7446,0.862
flow_2508,0x100009cc,01,Video,34,auto,228.929,1497.9611,1045.3115,86633.8516,294.3363,1253.3771,670.6498,1480.0,809.3502,0.000755,0.112569,0.009622,0.00032847,0.018124,83,16.2223,48.6726,16957.3131,23.833,2476,2588191,103.8897,108597.1023,0.8037,0.8705
flow_2520,0x100009d8,01,Video,34,auto,181.4875,1496.4212,905.9694,89684.4998,299.4737,1423.0506,679.5049,1480.0,800.4951,0.000877,0.096039,0.003163,0.00111479,0.033389,145,26.3352,50.7339,23858.9197,12.259,3875,3510631,316.0953,286372.659,0.7545,0.9676
flow_2532,0x100009e4,01,Video,34,auto,143.1532,1464.7352,1045.9596,65396.3548,255.7271,1353.6562,862.2638,1454.7352,592.4714,0.000736,0.107461,0.011558,0.00031271,0.017684,226,27.4943,54.1774,28757.9632,43.7926,3788,3962094,86.4987,90474.0835,0.7738,0.9008
flow_2544,0x100009f0,01,Video,34,auto,133.562,1490.4227,1236.0189,195662.5846,442.3376,1382.2444,873.5426,1480.0,606.4574,0.000322,0.104492,0.00391,0.00050178,0.0224,392,29.8319,87.6695,36872.8152,45.9161,11744,14515805,255.771,316137.8139,0.7694,0.969
flow_2556,0x100009fc,01,Video,34,auto,194.9271,1474.9626,1248.7365,85131.2245,291.7726,1278.8649,843.9395,1464.9626,621.0231,0.000123,0.050641,0.003626,0.00022448,0.014983,331,17.6608,69.1598,22053.6701,34.9256,9632,12027829,275.7861,344384.0908,0.7583,0.9587
flow_2568,0x10000a08,01,Video,34,auto,204.3698,1499.0522,907.7629,125314.5179,353.9979,1423.5301,896.1062,1480.0,583.8938,0.000513,0.089801,0.006909,0.00085086,0.029169,343,18.5275,48.5592,16818.6184,48.3933,7004,6357971,144.7308,131381.2646,0.7485,0.8993
flow_2580,0x10000a14,01,Video,34,auto,143.9389,1494.7089,1214.9705,101562.461,318.6887,1395.6225,783.3328,1480.0,696.6672,0.000318,0.133817,0.01219,0.00015953,0.012631,99,24.5107,44.3328,29779.8045,30.9713,2540,3086025,82.0115,99641.5877,0.7805,0.8923
flow_2592,0x10000a20,01,Video,34,auto,126.6659,1481.0126,986.8325,68234.1601,261.2167,1118.5206,777.1053,1471.0126,693.9073,0.000641,0.124795,0.01325,0.00066413,0.025771,135,26.3073,52.0601,25960.8688,42.7158,3223,3180561,75.4523,74458.7404,0.9056,0.8651
flow_2604,0x10000a2c,01,Video,34,auto,229.9879,1463.8452,950.2277,105801.6585,325.2717,1323.2225,713.4087,1453.8452,740.4365,0.000722,0.139127,0.00436,0.00086374,0.029389,595,22.7727,80.2379,21639.2439,42.7945,9815,9326484,229.3518,217936.4015,0.7367,0.8676
flow_2616,0x10000a38,01,Video,34,auto,221.9345,1491.5821,1021.3144,77716.5725,278.7769,1061.0386,820.9561,1480.0,659.0439,0.000737,0.134478,0.009466,0.00073096,0.027036,107,18.7153,73.9302,19114.2568,31.9664,3376,3447957,105.6109,107861.966,0.8302,0.9698
flow_2628,0x10000a44,01,Video,34,auto,209.7803,1475.8519,1041.6024,120882.2028,347.6812,1275.5071,702.4949,1465.8519,763.357,0.000633,0.097811,0.011897,0.00062715,0.025043,95,25.3146,73.8306,26367.7818,29.5107,2480,2583174,84.0374,87533.5447,0.8675,0.8772
flow_2640,0x10000a50,01,Video,34,auto,143.2333,1498.9547,1094.3887,90742.2245,301.2345,1245.9544,841.7236,1480.0,638.2764,0.00056,0.063185,0.010917,0.00055205,0.023496,86,26.4105,38.5607,28903.3096,31.3202,2869,3139801,91.6023,100248.5118,0.8881,0.9576
flow_2652,0x10000a5c,01,Video,34,auto,140.8659,1464.98,1337.7618,71461.9353,267.3237,1105.297,701.4235,1454.98,753.5565,0.000812,0.091893,0.012455,0.00035407,0.018817,122,18.9459,89.2502,25345.1186,50.1473,4026,5385829,80.2835,107400.2558,0.9066,0.852
flow_2664,0x10000a68,01,Video,34,auto,171.9757,1469.8361,1027.6863,152243.4188,390.1838,1090.6468,863.4183,1459.8361,596.4178,0.000664,0.085421,0.004786,0.00024727,0.015725,288,15.1804,64.4031,15600.7268,36.4826,7623,7834052,208.9491,214734.1268,0.9079,0.8503
flow_2676,0x10000a74,01,Video,34,auto,202.3286,1474.5131,1203.2273,67603.5308,260.0068,1305.2661,849.929,1464.5131,614.5841,0.00057,0.147138,0.003265,9.46e-05,0.009726,1046,25.2176,78.6325,30342.5153,58.7158,17983,21637636,306.2721,368514.9838,0.8954,0.8557
flow_2688,0x10000a80,01,Video,34,auto,125.9241,1486.4611,1051.1487,200206.9983,447.445,1422.6945,896.0379,1476.4611,580.4232,0.000615,0.057485,0.012887,0.00046708,0.021612,129,24.1659,56.0411,25402.0022,50.0772,3885,4083712,77.5802,81548.3518,0.7732,0.9553
flow_2700,0x10000a8c,01,Video,34,auto,259.0807,1486.5255,1024.7892,198138.3026,445.1273,1345.0977,863.8498,1476.5255,612.6756,0.000553,0.060577,0.01263,7.62e-05,0.008729,216,10.664,84.8702,10928.3211,44.327,3509,3595985,79.1617,81124.0516,0.9034,0.9311
flow_2712,0x10000a98,01,Video,34,auto,122.784,1496.1073,1146.3279,194567.9865,441.0986,1370.5635,704.8278,1480.0,775.1722,0.000172,0.109936,0.005411,0.00082304,0.028689,135,17.5883,57.8235,20161.9846,23.2369,4294,4922331,184.7921,211832.3493,0.8789,0.8615
flow_2724,0x10000aa4,01,Video,34,auto,181.5977,1487.2054,966.7978,166863.3239,408.4891,1057.4053,757.6595,1477.2054,719.546,0.000596,0.065543,0.004528,7.758e-05,0.008808,137,26.8727,61.7096,25980.4902,15.2888,3376,3263909,220.8147,213483.1544,0.7359,0.8896
flow_2736,0x10000ab0,01,Video,34,auto,181.8813,1497.2034,1183.1837,191913.3567,438.0792,1342.8492,876.3992,1480.0,603.6008,0.000333,0.124148,0.012985,0.00010427,0.010211,135,16.2632,69.1575,19242.326,54.7219,4214,4985935,77.0075,91113.9997,0.8523,0.9069
flow_2748,0x10000abc,01,Video,34,auto,188.8154,1494.0595,1231.1137,185767.0118,431.007,1205.0986,872.2332,1480.0,607.7668,0.000375,0.073423,0.006929,0.00110162,0.033191,201,25.363,75.7067,31224.6838,46.5994,6725,8279239,144.3151,177668.2545,0.9146,0.9225
flow_2760,0x10000ac8,01,Video,34,auto,154.6615,1478.3419,1199.3456,174695.576,417.966,1283.3127,705.9945,1468.3419,762.3475,0.000245,0.075351,0.012353,0.00112313,0.033513,101,12.5397,37.7858,15039.4664,37.4207,3029,3632817,80.9445,97080.4081,0.8334,0.9536
flow_2772,0x10000ad4,01,Video,34,auto,180.889,1469.4848,1132.3717,71529.4869,267.45,1209.2965,688.091,1459.4848,771.3938,0.000541,0.09342,0.00579,0.00031496,0.017747,121,10.7844,48.7933,12211.9654,15.4358,2665,3017770,172.6504,195504.412,0.737,0.8718
flow_2784,0x10000ae0,01,Video,34,auto,176.266,1469.8349,925.1085,66690.1114,258.2443,1340.8236,734.7734,1459.8349,725.0615,0.000704,0.115337,0.011489,0.00010696,0.010342,234,21.0223,84.5651,19447.9511,51.4298,4476,4140785,87.0312,80513.2852,0.764,0.8662
flow_2796,0x10000aec,01,Video,34,auto,124.9561,1466.2691,993.2141,180840.8262,425.2538,1175.8501,820.9921,1456.2691,635.277,0.000571,0.074537,0.00577,0.00045756,0.021391,262,12.0135,58.7409,11931.9783,30.5954,5302,5266020,173.2943,172118.2895,0.8327,0.8617
flow_2808,0x10000af8,01,Video,34,auto,243.3322,1491.2614,942.8983,119964.6654,346.3592,1336.5978,801.2597,1480.0,678.7403,0.000298,0.14224,0.009484,0.00034379,0.018542,182,11.7074,41.142,11038.9037,47.2381,4980,4695633,105.4233,99403.4402,0.8065,0.8663
flow_2820,0x10000b04,01,Video,34,auto,187.8341,1498.8516,1198.5292,184644.1156,429.7024,1328.2459,891.0493,1480.0,588.9507,0.000234,0.135241,0.005947,0.0001386,0.011773,78,19.2821,73.0177,23110.1703,14.5362,2444,2929205,168.1315,201510.5277,0.8691,0.9052
flow_2832,0x10000b10,01,Video,34,auto,190.3139,1461.1081,953.7515,99239.8689,315.0236,1329.585,787.5709,1451.1081,663.5372,0.000532,0.148564,0.011801,0.00085348,0.029214,110,16.3697,76.938,15612.6278,21.7006,1838,1752995,84.6982,80780.9903,0.7392,0.9107
flow_2844,0x10000b1c,01,Video,34,auto,191.1291,1483.4827,1329.7108,201271.1788,448.6326,1065.6709,691.3703,1473.4827,782.1124,0.000352,0.086707,0.009644,0.00113885,0.033747,69,13.0771,66.051,17388.8038,23.0909,2394,3183327,103.6773,137860.8214,0.7246,0.9282
flow_2856,0x10000b28,01,Video,34,auto,160.2818,1473.7964,1246.8756,139586.4178,373.6127,1246.1171,760.0551,1463.7964,703.7413,0.000238,0.055104,0.008597,0.00094078,0.030672,57,26.3601,71.9034,32867.7398,12.2856,1429,1781785,116.3155,145030.9291,0.9181,0.9293
flow_2868,0x10000b34,01,Video,34,auto,157.9946,1463.62,967.8261,133240.161,365.0208,1326.3591,716.2957,1453.62,737.3243,0.000421,0.074288,0.012385,0.00016537,0.01286,78,24.7359,46.3168,23940.0921,33.8084,2729,2641197,80.7197,78122.5739,0.9133,0.9386
flow_2880,0x10000b40,01,Video,34,auto,129.4412,1485.1998,926.5941,149951.4484,387.2356,1341.0376,727.6037,1475.1998,747.5961,0.000453,0.113188,0.004943,0.00019793,0.014069,137,14.9775,79.5261,13878.0333,21.0106,4250,3938024,202.2791,187430.6122,0.9048,0.8713
flow_2892,0x10000b4c,01,Video,34,auto,234.5007,1469.6459,992.8053,135514.3416,368.1227,1358.9735,848.3001,1459.6459,611.3458,0.000867,0.135094,0.003615,0.00032507,0.01803,685,18.0853,87.8634,17955.2266,42.5476,11768,11683332,276.584,274594.0767,0.7413,0.9542
flow_2904,0x10000b58,01,Video,34,auto,179.6974,1478.9815,1118.6425,168129.9988,410.0366,1318.9486,660.5595,1468.9815,808.422,0.000756,0.148669,0.008935,0.0001312,0.011454,206,11.4463,53.2913,12804.3012,41.7025,4667,5220704,111.9118,125189.2408,0.8251,0.9645
flow_2916,0x10000b64,01,Video,34,auto,205.893,1483.218,1134.6102,86534.2987,294.1671,1274.6841,813.4317,1473.218,659.7863,0.000622,0.113833,0.003623,0.00120999,0.034785,376,23.1369,78.9534,26251.3506,39.3447,10859,12320732,275.9963,313148.2579,0.7523,0.8713
flow_2928,0x10000b70,01,Video,34,auto,129.9912,1491.3332,1074.1466,110310.6418,332.1305,1286.0072,753.8832,1480.0,726.1168,0.000963,0.101873,0.014529,0.00087629,0.029602,52,11.6245,85.9894,12486.3915,26.5073,1824,1959243,68.8113,73913.4065,0.7392,0.9549
flow_2940,0x10000b7c,01,Video,34,auto,256.2665,1463.8195,1014.0581,167524.3766,409.2974,1054.6577,714.1252,1453.8195,739.6943,0.000773,0.080802,0.007045,0.00097955,0.031298,226,20.2404,62.9338,20524.9581,49.7992,7068,7167362,141.93,143925.3022,0.8219,0.8718
flow_2952,0x10000b88,01,Video,34,auto,165.5537,1462.3255,1212.6784,98429.3006,313.7344,1194.3875,883.874,1452.3255,568.4515,0.00094,0.100851,0.007165,0.00051297,0.022649,157,27.9779,83.7099,33928.2022,20.1674,2814,3412477,139.5321,169207.6082,0.7702,0.931
flow_2964,0x10000b94,01,Video,34,auto,228.3951,1469.4234,1045.7041,126675.6057,355.9152,1128.8767,703.1169,1459.4234,756.3065,0.000555,0.119319,0.010045,0.0005668,0.023808,223,11.1099,49.832,11617.6788,42.5772,4238,4431694,99.5368,104086.0025,0.8062,0.8771
flow_2976,0x10000ba0,01,Video,34,auto,246.8176,1493.9282,1038.8002,171210.7168,413.7762,1396.1799,693.1939,1480.0,786.8061,0.000113,0.112577,0.007617,0.00084485,0.029066,165,18.3673,45.7464,19079.978,31.9028,4188,4350495,131.2736,136367.0282,0.7897,0.9619
flow_2988,0x10000bac,01,Video,34,auto,245.0206,1497.137,1079.7031,190632.2987,436.6146,1073.2659,815.5826,1480.0,664.4174,0.000524,0.074057,0.011178,0.00094744,0.030781,51,19.0655,54.6012,20585.0743,14.1206,1263,1363665,89.4438,96572.7894,0.8473,0.9191
flow_3000,0x10000bb8,01,Video,34,auto,250.1051,1484.8304,974.9074,162907.2629,403.6177,1207.2446,772.3825,1474.8304,702.4479,0.000154,0.088818,0.010971,0.00085831,0.029297,172,16.8338,37.2292,16411.4012,48.719,4440,4328588,91.1348,88847.9609,0.7215,0.9053
flow_3012,0x10000bc4,01,Video,34,auto,169.5086,1481.8389,987.0645,147876.6412,384.5473,1250.2477,830.2125,1471.8389,641.6264,0.000595,0.131334,0.009074,0.00088643,0.029773,123,27.0638,48.9765,26713.7493,38.3865,4230,4175282,110.1949,108769.4551,0.8656,0.8672
flow_3024,0x10000bd0,01,Video,34,auto,146.4055,1471.6554,1242.9145,170031.8147,412.3491,1259.2443,736.2137,1461.6554,725.4417,0.000443,0.089166,0.013011,0.00068791,0.026228,57,12.6963,48.6003,15780.4593,12.1174,931,1157153,76.8316,95495.0729,0.9052,0.9568
flow_3036,0x10000bdc,01,Video,34,auto,138.9466,1464.34,1321.2375,152288.8004,390.242,1253.7754,691.1628,1454.34,763.1772,0.000455,0.120445,0.009709,9.616e-05,0.009806,141,12.3168,76.7229,16273.4637,39.2797,4045,5344405,102.9795,136060.3457,0.9113,0.968
flow_3048,0x10000be8,01,Video,34,auto,134.5946,1480.9869,1229.5576,103227.9767,321.2911,1128.0216,652.0128,1470.9869,818.9741,0.00043,0.065331,0.004019,0.00020989,0.014487,502,29.0933,66.064,35771.8595,38.1592,9494,11673419,248.7996,305913.4406,0.8793,0.9048
flow_3060,0x10000bf4,01,Video,34,auto,124.8077,1473.9156,1087.3617,179569.2462,423.7561,1284.6929,798.2663,1463.9156,665.6493,0.000262,0.084102,0.005686,0.00058477,0.024182,442,16.2283,39.8688,17645.9964,40.0555,7044,7659375,175.8561,191219.1207,0.7528,0.8958
flow_3072,0x10000c00,01,Video,34,auto,223.0798,1486.3605,1142.3165,118435.5264,344.1446,1136.361,670.9994,1476.3605,805.3611,0.000414,0.120841,0.003496,0.00074925,0.027372,434,22.5785,45.0793,25791.8394,36.3795,10407,11888087,286.0677,326779.8462,0.9159,0.8929
flow_3084,0x10000c0c,01,Video,34,auto,253.427,1486.5317,1330.1567,124472.5401,352.8067,1269.9717,824.5083,1476.5317,652.0234,0.000748,0.094727,0.013024,0.00079639,0.02822,145,13.184,67.9107,17536.7418,53.7096,4123,5484236,76.7647,102109.0691,0.7821,0.8764
flow_3096,0x10000c18,01,Video,34,auto,249.733,1497.762,1268.0956,78666.9188,280.4762,1405.6604,726.4527,1480.0,753.5473,0.000308,0.069975,0.009841,0.00118491,0.034423,352,13.4846,53.003,17099.8018,52.8928,5374,6814745,101.6017,128840.7094,0.8677,0.9125
flow_3108,0x10000c24,01,Video,34,auto,249.9713,1468.88,1196.0833,113049.8673,336.2289,1066.0961,801.7927,1458.88,657.0872,0.000813,0.118703,0.007536,0.00088098,0.029681,178,19.9412,59.8794,23851.3167,24.8555,3298,3944682,132.6871,158704.8073,0.8546,0.9193
flow_3120,0x10000c30,01,Video,34,auto,127.7191,1464.4319,1041.4773,144481.2031,380.1068,1271.2623,681.6529,1454.4319,772.779,0.000887,0.143166,0.004103,0.00017277,0.013144,273,12.628,71.1478,13151.7794,37.0372,9026,9400373,243.7009,253808.9156,0.8498,0.9084
flow_3132,0x10000c3c,01,Video,34,auto,137.5789,1495.2588,1041.9875,96524.6142,310.6841,1440.4071,893.6077,1480.0,586.3923,0.000261,0.05601,0.011305,0.00020817,0.014428,39,22.0703,45.9068,22996.9959,14.9425,1321,1376465,88.4058,92117.6665,0.8763,0.8599
flow_3144,0x10000c48,01,Video,34,auto,223.5579,1473.5211,1083.0965,169632.2589,411.8644,1079.8159,711.8579,1463.5211,751.6632,0.000697,0.120162,0.006401,7.631e-05,0.008736,160,29.0746,75.5186,31490.6052,31.8428,4974,5387322,156.2048,169184.8439,0.8547,0.9085
flow_3156,0x10000c54,01,Video,34,auto,241.5712,1489.9058,992.4789,65475.1839,255.8812,1287.511,895.3206,1479.9058,584.5852,0.000885,0.103806,0.011146,0.00022169,0.014889,202,11.2134,66.8616,11129.0709,36.4684,3271,3246398,89.694,89019.4186,0.8813,0.9479
flow_3168,0x10000c60,01,Video,34,auto,155.9741,1477.7612,1133.798,81838.5316,286.0743,1339.0597,729.818,1467.7612,737.9432,0.00065,0.079052,0.014792,0.00063255,0.025151,83,27.1134,88.8792,30741.1563,20.5635,1390,1575979,67.5955,76639.6732,0.7631,0.9791
flow_3180,0x10000c6c,01,Video,34,auto,160.6564,1483.1789,1231.095,117865.8754,343.316,1265.0823,740.2326,1473.1789,732.9463,0.000556,0.139564,0.011118,0.00011847,0.010884,64,27.701,47.6737,34102.6021,23.2888,2094,2577912,89.9144,110693.0877,0.7361,0.9494
flow_3192,0x10000c78,01,Video,34,auto,174.2331,1479.2494,1087.2042,104527.9802,323.3079,1210.8583,745.3084,1469.2494,723.941,0.000882,0.149408,0.004916,0.0005487,0.023424,154,14.8218,66.1795,16114.3524,17.6308,3586,3898714,203.3941,221130.8865,0.7921,0.9641
flow_3204,0x10000c84,01,Video,34,auto,227.1387,1463.8283,1195.3347,116435.622,341.2266,1326.7053,781.2795,1453.8283,672.5488,0.000303,0.094058,0.014187,0.001107,0.033272,70,14.4619,63.1555,17286.7678,21.529,1517,1813322,70.4632,84227.0807,0.7201,0.9529
flow_3216,0x10000c90,01,Video,34,auto,254.544,1478.5189,1171.0742,134989.1154,367.4086,1186.7316,858.6788,1468.5189,609.84,0.000943,0.076993,0.010023,0.0006203,0.024906,159,11.2677,74.7284,13195.3073,49.9638,4984,5836633,99.7523,116817.3167,0.8861,0.9197
flow_3228,0x10000c9c,01,Video,34,auto,236.8005,1464.0636,980.5675,90099.8158,300.1663,1400.3884,843.7756,1454.0636,610.288,0.000539,0.13925,0.006863,0.00065403,0.025574,200,12.9828,48.7425,12730.4686,38.8941,5667,5556875,145.7033,142871.9415,0.7253,0.9265
flow_3240,0x10000ca8,01,Video,34,auto,141.3731,1470.3717,1073.5278,186336.784,431.6674,1188.1258,718.0411,1460.3717,742.3306,0.000433,0.124932,0.014497,0.00075085,0.027402,91,12.2202,64.6923,13118.7019,42.6501,2942,3158318,68.9798,74051.7659,0.8604,0.9797
flow_3252,0x10000cb4,01,Video,34,auto,176.8933,1499.1246,1162.6136,71657.3335,267.6889,1301.1357,875.0003,1480.0,604.9997,0.000539,0.094998,0.010911,0.00066376,0.025764,86,22.8944,51.4792,26617.3629,29.7515,2726,3169284,91.6256,106525.1746,0.8236,0.865
flow_3264,0x10000cc0,01,Video,34,auto,251.0984,1463.1851,1104.5966,109122.5618,330.337,1407.9715,756.9369,1453.1851,696.2482,0.000496,0.118566,0.007018,0.00018799,0.013711,422,23.8466,35.3647,26340.8617,55.8766,7961,8793693,142.4747,157377.0623,0.8802,0.8864
flow_3276,0x10000ccc,01,Video,34,auto,138.7826,1496.0482,946.9884,185661.7024,430.8848,1311.6102,892.2555,1480.0,587.7445,0.000516,0.073831,0.011524,0.00083821,0.028952,153,19.3945,63.3626,18366.3759,39.3187,3412,3231124,86.7779,82177.6934,0.7253,0.9291
flow_3288,0x10000cd8,01,Video,34,auto,190.8673,1471.6776,1186.7848,82109.1232,286.5469,1329.1872,748.6575,1461.6776,713.0201,0.00015,0.066156,0.011445,0.0001522,0.012337,59,19.8513,77.0213,23559.2414,20.6658,1805,2142146,87.3422,103656.3465,0.8694,0.8819
flow_3300,0x10000ce4,01,Video,34,auto,123.5018,1464.1346,979.9987,64428.5218,253.8277,1300.4533,747.2114,1454.1346,706.9231,0.000355,0.061453,0.009338,0.00044068,0.020992,126,24.9941,86.2309,24494.1494,38.0301,4072,3990554,107.073,104931.3548,0.7912,0.9599
flow_3312,0x10000cf0,01,Video,34,auto,223.396,1484.387,1181.5458,149664.8574,386.8654,1306.0508,881.6163,1474.387,592.7707,0.000908,0.14004,0.011837,0.00052269,0.022862,78,29.6494,46.3765,35032.0784,28.8727,2439,2881790,84.4742,99810.1863,0.7994,0.904
flow_3324,0x10000cfc,01,Video,34,auto,147.5029,1496.1546,996.075,120350.4219,346.9156,1176.6814,691.6357,1480.0,788.3643,0.000766,0.122608,0.014828,0.00024362,0.015608,77,20.6936,82.3566,20612.4198,23.7397,1601,1594716,67.4397,67174.9679,0.8679,0.8894
flow_3336,0x10000d08,01,Video,34,auto,229.625,1472.1798,1155.2925,111806.5447,334.3749,1212.0983,775.5794,1462.1798,686.6004,0.000538,0.082185,0.014938,0.00068872,0.026244,72,14.3794,54.0014,16612.4624,36.1826,2422,2798118,66.9383,77333.3302,0.733,0.9318
flow_3348,0x10000d14,01,Video,34,auto,167.0962,1484.8181,976.7724,139438.1796,373.4142,1396.5087,837.8808,1474.8181,636.9373,0.000522,0.052113,0.00495,0.00016292,0.012764,130,12.134,65.0695,11852.1742,12.9958,2625,2564027,201.989,197297.2253,0.7287,0.8817
flow_3360,0x10000d20,01,Video,34,auto,180.1552,1462.7408,1242.7962,165492.9518,406.8082,1247.0435,867.9722,1452.7408,584.7686,0.000814,0.12286,0.012057,0.00087852,0.02964,259,20.0752,80.3991,24949.3202,53.0994,4403,5472031,82.92,103052.5915,0.7419,0.8702
flow_3372,0x10000d2c,01,Video,34,auto,194.0798,1488.1729,1013.4997,126686.1095,355.9299,1418.1988,745.9231,1478.1729,732.2498,0.000261,0.074471,0.008083,0.00046074,0.021465,306,22.0902,56.224,22388.4328,45.1653,5587,5662422,123.7012,125371.1576,0.7813,0.9215
flow_3384,0x10000d38,01,Video,34,auto,250.0822,1498.6596,1290.3169,76016.6042,275.7111,1316.7667,872.6074,1480.0,607.3926,0.000284,0.118985,0.004651,0.00065219,0.025538,285,19.7144,76.7376,25437.8052,43.081,9261,11949625,214.967,277375.5872,0.7584,0.9335
flow_3396,0x10000d44,01,Video,34,auto,254.6835,1495.1495,1118.5239,71232.6131,266.8944,1149.9342,838.0391,1480.0,641.9609,0.000432,0.12884,0.003003,0.00025694,0.016029,430,23.432,78.171,26209.2138,32.9782,10982,12283629,333.0074,372476.7276,0.7876,0.8723
flow_3408,0x10000d50,01,Video,34,auto,183.8536,1491.2722,1009.9691,194515.3874,441.039,1346.9975,750.6632,1480.0,729.3368,0.000752,0.138399,0.006274,0.00076964,0.027742,72,15.635,88.604,15790.82,12.6303,2013,2033067,159.3786,160967.3966,0.725,0.9134
flow_3420,0x10000d5c,01,Video,34,auto,185.7051,1475.8742,1015.5075,71559.4558,267.506,1417.303,722.9865,1465.8742,742.8877,0.000234,0.060215,0.009145,9.37e-05,0.00968,56,10.3384,60.1278,10498.7153,14.4543,1580,1604501,109.3098,111004.8356,0.853,0.8972
flow_3432,0x10000d68,01,Video,34,auto,166.4372,1476.0632,1047.5469,79640.3944,282.2063,1133.7666,782.3548,1466.0632,683.7084,0.000763,0.148885,0.004909,0.00093023,0.0305,297,11.5103,54.2476,12057.6166,27.2036,5541,5804457,203.6865,213371.1863,0.9042,0.9269
flow_3444,0x10000d74,01,Video,34,auto,228.8779,1494.2592,1051.0971,183906.4103,428.8431,1243.9926,766.1008,1480.0,713.8992,0.00013,0.067523,0.011652,0.00115,0.033912,182,27.1736,54.3306,28562.049,50.6538,4347,4569119,85.8178,90202.8746,0.9151,0.8781
flow_3456,0x10000d80,01,Video,34,auto,169.6313,1489.9467,1114.021,85945.7463,293.165,1096.7143,737.9533,1479.9467,741.9933,0.000247,0.062398,0.008914,0.00015299,0.012369,209,12.9105,71.37,14382.6144,54.0363,6062,6753195,112.1838,124975.0549,0.8172,0.9235
flow_3468,0x10000d8c,01,Video,34,auto,188.6613,1472.5428,1155.3567,142545.7919,377.5524,1322.5612,864.2624,1462.5428,598.2803,0.000223,0.111372,0.01028,0.00011977,0.010944,148,20.3732,68.0214,23538.3523,46.0219,4476,5171376,97.2581,112367.7637,0.9149,0.8953
flow_3480,0x10000d98,01,Video,34,auto,203.5229,1464.0831,959.1102,62760.0779,250.5196,1097.5981,716.6619,1454.0831,737.4211,0.000927,0.124226,0.011129,0.00029108,0.017061,188,10.4278,43.1885,10001.3933,59.3986,5337,5118770,89.8506,86176.5942,0.7739,0.9414
flow_3492,0x10000da4,01,Video,34,auto,163.9779,1486.3418,1256.6358,174707.1844,417.9799,1282.9927,803.8741,1476.3418,672.4677,0.000176,0.130233,0.005309,0.00097886,0.031287,356,11.228,89.3667,14109.5239,32.0953,6045,7596363,188.3454,236681.5715,0.8338,0.9078
flow_3504,0x10000db0,01,Video,34,auto,201.1725,1485.444,1176.7355,147595.1672,384.1812,1388.1351,818.7707,1475.444,656.6733,0.00095,0.130825,0.011651,0.00035379,0.018809,143,10.3783,89.2575,12212.5456,39.9728,3430,4036202,85.8084,100973.7542,0.7483,0.9162
flow_3516,0x10000dbc,01,Video,34,auto,234.9436,1486.8217,1065.3177,81981.6178,286.3243,1097.1144,685.6323,1476.8217,791.1894,0.00081,0.130446,0.009288,0.00058684,0.024225,310,24.9062,38.9999,26533.054,52.4534,5647,6015848,107.6574,114689.353,0.8961,0.9183
flow_3528,0x10000dc8,01,Video,34,auto,143.4151,1489.5955,1163.194,157398.9652,396.7354,1074.0156,823.9304,1479.5955,655.6651,0.00035,0.065367,0.003137,0.00089947,0.029991,245,15.7628,60.7832,18335.2045,18.2572,5819,6768626,318.7242,370738.1098,0.8891,0.8636
flow_3540,0x10000dd4,01,Video,34,auto,146.2635,1498.1427,920.3417,101255.9935,318.2075,1431.6975,760.7531,1480.0,719.2469,0.000221,0.144109,0.006764,0.00104346,0.032303,331,25.7474,76.5864,23696.4138,50.8319,7514,6915447,147.8205,136045.3934,0.836,0.9516
flow_3552,0x10000de0,01,Video,34,auto,156.7073,1471.7061,1117.2207,157214.078,396.5023,1051.4564,692.7776,1461.7061,768.9285,0.00087,0.063323,0.012292,0.00031163,0.017653,151,13.3698,35.6789,14936.9993,51.0237,4151,4637583,81.3544,90890.7632,0.8963,0.8876
flow_3564,0x10000dec,01,Video,34,auto,153.7432,1475.9932,931.4044,162783.9127,403.4649,1089.2786,812.3264,1465.9932,653.6668,0.000371,0.057545,0.008139,0.00010076,0.010038,182,27.8953,50.739,25981.7853,42.2044,5185,4829331,122.8544,114427.0699,0.7552,0.9117
flow_3576,0x10000df8,01,Video,34,auto,144.9659,1474.2729,1060.2094,89754.8382,299.5911,1385.6496,896.9352,1464.2729,567.3376,0.000248,0.106569,0.005086,0.00013371,0.011563,357,18.4411,87.748,19551.4653,54.3399,10685,11328336,196.6328,208471.9059,0.8277,0.952
flow_3588,0x10000e04,01,Video,34,auto,196.4719,1482.4767,1085.4138,103828.5445,322.2244,1083.3256,848.1197,1472.4767,624.3569,0.000546,0.140354,0.008358,0.00104579,0.032339,257,25.949,40.7159,28165.3858,56.3524,6742,7317859,119.64,129858.8979,0.7434,0.941
flow_3600,0x10000e10,01,Video,34,auto,135.3222,1471.8599,943.1321,103543.7158,321.7821,1330.8042,749.4226,1461.8599,712.4372,0.000893,0.083039,0.009827,0.00013285,0.011526,97,29.3923,69.6499,27720.8176,21.0871,2145,2023018,101.7211,95936.4042,0.7442,0.8711
flow_3612,0x10000e1c,01,Video,34,auto,125.5438,1461.0567,1263.6227,79993.3857,282.831,1398.9257,665.0418,1451.0567,786.0149,0.000671,0.125678,0.012675,0.00012517,0.011188,68,25.6146,44.3928,32367.1534,22.8538,1803,2278311,78.8928,99690.7207,0.8245,0.9192
flow_3624,0x10000e28,01,Video,34,auto,150.1048,1493.7523,1065.1168,142478.5341,377.4633,1366.427,796.7688,1480.0,683.2312,0.000546,0.106224,0.00734,6.725e-05,0.0082,144,25.7568,36.9554,27433.9491,29.2557,3985,4244490,136.2126,145082.2961,0.8823,0.9268
flow_3636,0x10000e34,01,Video,34,auto,173.8655,1460.8916,1307.225,75949.3621,275.5891,1318.6137,730.805,1450.8916,720.0866,0.00067,0.093369,0.009112,0.00105837,0.032533,256,10.2458,69.0235,13393.523,45.4603,4988,6520438,109.7222,143431.6258,0.8922,0.9409
flow_3648,0x10000e40,01,Video,34,auto,206.6803,1476.4421,1247.0459,80668.9649,284.0228,1164.6427,771.3906,1466.4421,695.0514,0.000544,0.116145,0.010598,0.00060939,0.024686,57,21.4489,51.842,26747.7436,13.0083,1227,1530125,94.3241,117626.4012,0.9083,0.9753
flow_3660,0x10000e4c,01,Video,34,auto,234.1806,1497.8647,1247.3614,77336.4413,278.0943,1442.5923,849.0608,1480.0,630.9392,0.000869,0.110883,0.013111,0.00080709,0.028409,39,14.967,52.1185,18669.239,12.63,963,1201209,76.2473,95107.9564,0.7751,0.9321
flow_3672,0x10000e58,01,Video,34,auto,128.6644,1465.5672,1172.8392,195044.5099,441.6384,1213.7445,709.2487,1455.5672,746.3185,0.000778,0.09535,0.007521,0.00047817,0.021867,269,12.4118,41.2856,14557.0039,56.4765,7509,8806849,132.9581,155938.41,0.8303,0.9544
flow_3684,0x10000e64,01,Video,34,auto,164.4239,1478.6035,1316.6989,64118.7878,253.2169,1170.0362,737.4368,1468.6035,731.1667,0.000865,0.143445,0.011556,6.568e-05,0.008104,177,11.0141,49.214,14502.3189,35.2374,3049,4014615,86.5273,113930.3531,0.7469,0.9154
flow_3696,0x10000e70,01,Video,34,auto,166.803,1491.1368,1008.9742,114445.3663,338.2977,1180.0891,853.5585,1480.0,626.4415,0.000343,0.103827,0.006302,0.00035909,0.01895,153,26.1257,76.2337,26360.161,26.6936,4235,4273005,158.6522,160075.9058,0.7803,0.9235
flow_3708,0x10000e7c,01,Video,34,auto,243.4585,1489.7288,1248.9088,176487.4195,420.1041,1380.0614,897.3305,1479.7288,582.3982,0.0002,0.135755,0.00736,0.00030539,0.017475,372,22.3014,48.4716,27852.3879,56.6658,7698,9614100,135.8492,169663.315,0.8924,0.8509
flow_3720,0x10000e88,01,Video,34,auto,228.0984,1481.6091,1259.9631,86512.7602,294.1305,1130.0521,717.8344,1471.6091,753.7746,0.000588,0.137987,0.007736,0.00079783,0.028246,215,20.4129,57.6949,25719.4669,45.5284,5884,7413622,129.238,162835.1177,0.7892,0.8727
flow_3732,0x10000e94,01,Video,34,auto,217.7882,1489.2331,1303.6039,147924.662,384.6098,1361.433,777.3591,1479.2331,701.874,0.000541,0.129834,0.005847,0.00011158,0.010563,440,14.7842,59.2589,19272.6806,40.0001,6841,8917954,171.0245,222948.203,0.8004,0.9407
flow_3744,0x10000ea0,01,Video,34,auto,138.6804,1474.5223,1268.5166,96247.0623,310.2371,1189.434,835.6142,1464.5223,628.9081,0.000146,0.071826,0.010169,0.00058308,0.024147,71,14.4941,55.5305,18386.0175,25.2257,2480,3145921,98.3123,124710.8254,0.7585,0.9116
flow_3756,0x10000eac,01,Video,34,auto,254.5104,1470.4184,1235.4136,77130.9365,277.7246,1160.1818,874.1525,1460.4184,586.266,0.000738,0.060081,0.012956,0.00030948,0.017592,44,20.8675,42.4907,25779.9402,19.15,1478,1825941,77.1801,95349.3017,0.8181,0.9103
flow_3768,0x10000eb8,01,Video,34,auto,221.5322,1497.2608,1159.5518,134455.2714,366.6814,1059.2748,763.4379,1480.0,716.5621,0.000623,0.08771,0.014056,0.00042144,0.020529,56,11.7018,66.8219,13568.8223,17.0417,1212,1405376,71.1199,82467.1112,0.9164,0.8972
flow_3780,0x10000ec4,01,Video,34,auto,201.6031,1489.0238,951.4371,95630.6996,309.2421,1116.806,664.735,1479.0238,814.2888,0.000286,0.120077,0.01379,0.00016976,0.013029,86,11.1314,85.9716,10590.792,27.4585,1991,1894311,72.5093,68988.0292,0.9193,0.8979
flow_3792,0x10000ed0,01,Video,34,auto,163.2371,1471.1021,1083.5374,137760.7946,371.1614,1286.0735,668.9479,1461.1021,792.1542,0.000852,0.121544,0.014437,9.097e-05,0.009538,66,20.9923,71.6815,22745.9395,25.8956,1793,1942782,69.2395,75023.5618,0.8675,0.9169
flow_3804,0x10000edc,01,Video,34,auto,228.6781,1471.6051,983.8315,158788.2929,398.4825,1335.5248,869.9555,1461.6051,591.6495,0.000708,0.12837,0.014607,0.00079697,0.028231,48,28.1881,59.9276,27732.3418,21.0831,1443,1419668,68.4436,67336.8912,0.7244,0.8938
flow_3816,0x10000ee8,01,Video,34,auto,177.5088,1490.5549,1048.2845,113225.9478,336.4906,1390.5331,813.2772,1480.0,666.7228,0.000725,0.137559,0.003112,0.0002071,0.014391,452,15.6217,42.7048,16375.9703,37.8277,12154,12740849,321.2987,336812.3844,0.8075,0.92
flow_3828,0x10000ef4,01,Video,34,auto,154.8951,1484.5544,1021.9733,111606.9764,334.0763,1136.5403,884.8673,1474.5544,589.6871,0.000534,0.106108,0.009936,9.834e-05,0.009916,90,20.4172,48.1381,20865.8538,29.2142,2940,3004601,100.636,102847.2881,0.8282,0.944
flow_3840,0x10000f00,01,Video,34,auto,256.6241,1473.7527,1153.9297,108816.3779,329.8733,1375.9906,827.0676,1463.7527,636.6852,0.000475,0.059858,0.011552,0.00060588,0.024615,157,19.0509,85.8182,21983.4375,42.4349,3673,4238383,86.5561,99879.6342,0.8642,0.9516
flow_3852,0x10000f0c,01,Video,34,auto,197.4898,1486.3174,1153.9809,186113.1855,431.4084,1265.1966,795.081,1476.3174,681.2364,0.000623,0.124676,0.010936,0.00047772,0.021857,152,23.3579,49.7787,26954.58,55.9335,5114,5901458,91.43,105508.4715,0.8934,0.9402
flow_3864,0x10000f18,01,Video,34,auto,231.405,1466.567,1343.3521,84675.6272,290.9908,1116.7314,691.343,1456.567,765.224,0.000559,0.08302,0.003526,0.000946,0.030757,338,12.2009,71.6416,16390.0575,22.0502,6254,8401323,283.6259,381009.426,0.8519,0.8666
flow_3876,0x10000f24,01,Video,34,auto,145.9059,1485.1162,904.6803,77166.8056,277.7891,1098.0145,780.7514,1475.1162,694.3648,0.00017,0.132034,0.008271,0.00061222,0.024743,72,23.8578,66.2361,21583.6947,17.2285,2082,1883544,120.846,109327.0158,0.755,0.9297
flow_3888,0x10000f30,01,Video,34,auto,174.8407,1479.0262,1230.2699,171171.5852,413.7289,1349.4441,794.9275,1469.0262,674.0986,0.000271,0.076828,0.003072,7.555e-05,0.008692,491,13.0232,40.3038,16022.0222,34.1227,11107,13664607,325.5014,400454.5282,0.7243,0.859
flow_3900,0x10000f3c,01,Video,34,auto,194.158,1477.224,1022.223,139428.9493,373.4019,1136.2327,881.8552,1467.224,585.3688,0.000744,0.058092,0.012358,0.00102189,0.031967,103,22.3428,72.6532,22839.2751,37.0148,2995,3061557,80.9135,82711.6016,0.8271,0.9323
flow_3912,0x10000f48,01,Video,34,auto,199.0574,1497.5788,1282.1007,81755.3705,285.929,1176.4697,840.7616,1480.0,639.2384,0.000691,0.061005,0.007305,0.0001104,0.010507,166,21.6734,62.5317,27787.444,38.6703,5293,6786158,136.8752,175487.7243,0.7657,0.8712
flow_3924,0x10000f54,01,Video,34,auto,222.0584,1473.549,1315.741,65657.4751,256.2371,1236.5237,686.2036,1463.549,777.3455,0.000279,0.053592,0.007626,0.00093093,0.030511,109,12.1515,67.2412,15988.2235,25.6586,3364,4426152,131.1059,172501.4128,0.8685,0.9242
flow_3936,0x10000f60,01,Video,34,auto,189.87,1472.8697,1223.4109,135495.1658,368.0967,1208.2292,830.5621,1462.8697,632.3076,0.000251,0.083956,0.007938,0.00065956,0.025682,148,10.3853,74.9769,12705.4613,39.2956,4950,6055884,125.9682,154110.9231,0.8168,0.9468
flow_3948,0x10000f6c,01,Video,34,auto,213.4847,1498.6006,1093.5337,74104.7735,272.2219,1292.0849,856.0515,1480.0,623.9485,0.000192,0.083889,0.004319,0.0002554,0.015981,522,19.4705,35.7467,21291.6574,39.7059,9194,10053948,231.5523,253210.1739,0.8848,0.9378
flow_3960,0x10000f78,01,Video,34,auto,168.8683,1495.9512,1163.4443,86429.9519,293.9897,1227.532,683.1886,1480.0,796.8114,0.000124,0.059065,0.00898,0.00042089,0.020516,148,23.2302,74.6039,27027.0737,39.0443,4347,5057492,111.335,129532.0557,0.8157,0.8943
flow_3972,0x10000f84,01,Video,34,auto,222.5418,1463.8697,1173.8912,126827.6157,356.1287,1111.0153,880.0898,1453.8697,573.7799,0.000159,0.057225,0.013325,0.0009498,0.030819,125,16.7223,74.0305,19630.1046,34.6239,2598,3049769,75.0349,88082.7529,0.9071,0.9284
flow_3984,0x10000f90,01,Video,34,auto,160.3841,1489.1248,1201.576,144029.7475,379.5125,1250.75,727.1025,1479.1248,752.0223,0.000323,0.078307,0.003958,0.00077101,0.027767,152,29.1935,61.5086,35078.2614,17.8793,4517,5427518,252.6386,303564.4804,0.7924,0.9171
flow_3996,0x10000f9c,01,Video,34,auto,135.3795,1472.2131,1340.9528,177141.6353,420.882,1270.655,871.0718,1462.2131,591.1413,0.000711,0.073322,0.006425,0.00095416,0.030889,273,19.9461,86.1332,26746.7837,44.3579,6904,9257938,155.6431,208710.073,0.7978,0.9693
flow_4008,0x10000fa8,01,Web,0,auto,90.0732,1449.9759,569.3955,149101.3021,386.1364,361.0663,119.2326,1326.1566,1206.924,0.002492,2.203658,0.095694,0.05892353,0.242742,18,4.7739,31.6648,2718.2466,18.3514,191,108754,10.4079,5926.1888,0.4002,0.3007
flow_4020,0x10000fb4,01,Web,0,auto,92.257,1477.3181,846.6352,200638.8426,447.9273,321.276,191.632,1314.234,1122.602,0.003399,0.948891,0.081575,0.06596384,0.256834,34,7.0643,15.2947,5980.9209,23.2753,285,241291,12.2448,10366.8407,0.4441,0.1645
flow_4032,0x10000fc0,01,Web,0,auto,93.0829,1452.0512,722.294,159967.2795,399.9591,539.0384,178.03,1175.1445,997.1145,0.001099,1.949378,0.085405,0.01399781,0.118312,25,4.7397,18.5663,3423.4538,18.4964,216,156015,11.678,8434.8873,0.2891,0.3703
flow_4044,0x10000fcc,01,Web,0,auto,105.8355,1495.8356,775.695,162030.9628,402.5307,417.8289,186.7716,1271.1905,1084.419,0.002672,1.257346,0.171379,0.06793703,0.260647,6,7.2403,29.6996,5616.2891,15.457,90,69812,5.8226,4516.5326,0.34,0.3741
flow_4056,0x10000fd8,01,Web,0,auto,90.1872,1484.1724,734.4305,124791.4115,353.2583,260.1756,123.023,1262.2915,1139.2684,0.001505,3.314226,0.149583,0.02662979,0.163186,11,8.0082,29.6424,5881.4298,9.2786,62,45534,6.6821,4907.4415,0.3852,0.2668
flow_4068,0x10000fe4,01,Web,0,auto,86.225,1464.6754,827.8878,235596.7665,485.3831,447.3524,140.2179,1111.7905,971.5726,0.002962,1.189357,0.040134,0.15426549,0.392766,49,6.0749,21.935,5029.3334,26.9495,671,555512,24.8984,20613.0424,0.3922,0.3494
flow_4080,0x10000ff0,01,Web,0,auto,98.3304,1473.9782,768.1497,105074.7171,324.1523,503.6908,124.2839,1167.3284,1043.0445,0.001352,0.426318,0.082534,0.10203847,0.319435,36,6.2017,28.4599,4763.8348,18.3997,222,170529,12.0654,9268.0127,0.4473,0.2712
flow_4092,0x10000ffc,01,Web,0,auto,90.9424,1499.2927,659.0581,216640.2722,465.4463,476.5027,199.8254,1171.8511,972.0257,0.002566,3.136307,0.066811,0.097925,0.31293,34,7.9003,13.4009,5206.7382,32.008,479,315688,14.965,9862.7757,0.3936,0.2986
flow_4104,0x10001008,01,Web,0,auto,123.4003,1499.6324,620.4038,268488.9035,518.1591,442.8412,101.9819,1370.7322,1268.7503,0.002346,0.58738,0.065812,0.12112293,0.348027,16,8.0738,30.2017,5009.0305,12.7573,193,119737,15.1286,9385.7585,0.4612,0.1669
flow_4116,0x10001014,01,Web,0,auto,113.0862,1456.9533,667.8566,105873.2341,325.3817,610.8641,183.8486,1137.2645,953.4158,0.003916,0.589706,0.169166,0.01550637,0.124525,7,4.6378,30.5613,3097.4125,16.4072,96,64114,5.8511,3907.6864,0.4134,0.2434
flow_4128,0x10001020,01,Web,0,auto,82.2315,1462.6749,790.9173,113066.7002,336.2539,610.8153,115.9335,1237.6915,1121.758,0.004565,0.639488,0.121898,0.12841104,0.358345,34,6.5026,14.9537,5143.049,22.7101,186,147110,8.1902,6477.7259,0.361,0.1783
flow_4140,0x1000102c,01,Web,0,auto,129.1565,1483.804,455.5794,125651.6376,354.4737,290.8971,159.1547,1350.1512,1190.9966,0.004141,2.192462,0.126398,0.18411355,0.429085,12,4.0343,13.6902,1837.9628,19.1202,151,68792,7.8974,3597.8751,0.3144,0.3691
flow_4152,0x10001038,01,Web,0,auto,99.0955,1468.2111,823.9295,265905.3001,515.6601,640.3538,164.6045,1342.4631,1177.8586,0.001667,2.039561,0.083608,0.02060842,0.143556,61,8.26,31.8429,6805.6625,26.4138,315,259537,11.9256,9825.8247,0.3441,0.1545
flow_4164,0x10001044,01,Web,0,auto,112.5498,1480.9436,768.1889,172265.651,415.049,409.9493,125.7197,1102.8875,977.1679,0.00163,1.088351,0.132163,0.13897967,0.3728,11,5.556,25.0861,4268.0617,19.3053,146,112155,7.5627,5809.5366,0.3914,0.1591
flow_4176,0x10001050,01,Web,0,auto,113.6025,1464.281,678.6439,109370.1765,330.7116,362.1615,137.72,1221.8764,1084.1563,0.003726,3.197346,0.04855,0.06070063,0.246375,26,7.3829,31.0977,5010.3615,17.5361,361,244990,20.5861,13970.6189,0.3807,0.2832
flow_4188,0x1000105c,01,Web,0,auto,120.737,1454.9584,555.482,219364.6204,468.3638,390.4345,182.2584,1375.0063,1192.748,0.001462,2.014594,0.164303,0.0808257,0.284299,5,4.6293,21.908,2571.4833,10.2196,62,34439,6.0668,3369.8874,0.4736,0.3513
flow_4200,0x10001068,01,Web,0,auto,113.1381,1484.2972,815.586,146411.0286,382.6369,277.2978,143.5461,1381.8349,1238.2888,0.003702,0.512923,0.177772,0.07838747,0.279978,10,6.4542,30.4045,5263.954,17.4866,98,79927,5.6043,4570.7663,0.3527,0.2921
flow_4212,0x10001074,01,Web,0,auto,87.195,1468.038,627.04,131374.0706,362.4556,330.1401,113.9565,1175.1665,1061.21,0.004366,1.818304,0.168491,0.15328496,0.391516,10,4.4038,24.8158,2761.3892,21.3377,126,79007,5.905,3702.6979,0.4681,0.2811
flow_4224,0x10001080,01,Web,0,auto,97.4002,1481.001,670.4167,256341.2101,506.3015,361.4008,172.2223,1313.2724,1141.0502,0.004023,2.390652,0.164328,0.13623963,0.369107,19,3.8837,22.9378,2603.6872,29.6545,180,120675,6.0699,4069.3707,0.3759,0.3614
flow_4236,0x1000108c,01,Web,0,auto,95.2541,1492.8852,721.1521,149008.5011,386.0162,603.7598,159.6084,1296.1547,1136.5463,0.004566,1.80855,0.055764,0.01212363,0.110107,21,8.725,23.2736,6292.0589,15.3734,275,198316,17.8881,12899.954,0.3941,0.1843
flow_4248,0x10001098,01,Web,0,auto,80.0144,1448.766,497.4002,115896.9062,340.4363,411.3876,172.1918,1237.3592,1065.1673,0.003207,1.441718,0.132075,0.04110275,0.202738,8,5.9154,20.9365,2942.319,14.9922,113,56206,7.5373,3749.0214,0.2945,0.3595
flow_4260,0x100010a4,01,Web,0,auto,112.9061,1470.6507,595.1875,115611.1948,340.0165,375.1959,160.319,1188.2522,1027.9332,0.001464,0.448409,0.167139,0.02649715,0.162779,37,5.8467,21.891,3479.8863,33.0432,197,117251,5.9619,3548.42,0.3589,0.1455
flow_4272,0x100010b0,01,Web,0,auto,104.0951,1457.2413,667.2747,204182.5463,451.8656,610.0234,128.7431,1253.1807,1124.4376,0.004045,2.206521,0.09055,0.01253583,0.111964,23,6.8807,22.1179,4591.3086,11.5102,127,84743,11.0337,7362.4136,0.3399,0.3669
flow_4284,0x100010bc,01,Web,0,auto,83.7183,1443.332,682.3907,190802.6937,436.8097,559.0737,176.4948,1236.7031,1060.2083,0.002716,1.604457,0.171965,0.11236689,0.335212,8,6.4704,23.5163,4415.3564,16.1191,93,63462,5.7695,3937.0652,0.463,0.2777
flow_4296,0x100010c8,01,Web,0,auto,83.6625,1465.1744,658.2742,210905.3139,459.2443,335.9176,187.7573,1108.2594,920.5022,0.003459,3.228939,0.161181,0.07514524,0.274126,10,7.415,14.4951,4881.0739,10.1501,62,40813,6.1083,4020.961,0.2919,0.2365
flow_4308,0x100010d4,01,Web,0,auto,109.0557,1491.9453,508.2316,147063.4759,383.4886,441.2113,124.8881,1140.027,1015.139,0.001764,1.428568,0.146365,0.19694371,0.443783,6,5.9517,14.3491,3024.8462,12.2464,83,42183,6.7775,3444.5089,0.3996,0.2217
flow_4320,0x100010e0,01,Web,0,auto,84.5205,1494.5769,543.1999,199365.2222,446.5033,526.4521,153.1856,1275.2567,1122.071,0.002185,2.221156,0.155325,0.13506859,0.367517,6,7.2397,20.725,3932.5881,12.4691,80,43455,6.4159,3485.0241,0.3772,0.2542
flow_4332,0x100010ec,01,Web,0,auto,99.5859,1447.1845,537.1544,227216.331,476.6721,432.7826,119.5355,1287.4695,1167.934,0.003558,1.420679,0.060174,0.08340917,0.288806,40,8.8343,18.4102,4745.4026,22.3501,371,199284,16.5995,8916.4766,0.3806,0.2852
flow_4344,0x100010f8,01,Web,0,auto,96.243,1449.955,690.6103,239233.2911,489.1148,617.2427,194.2663,1333.8604,1139.5942,0.002892,2.918733,0.0758,0.07244442,0.269155,42,6.8608,24.4262,4738.1581,32.6364,430,296962,13.1755,9099.0964,0.4408,0.1419
flow_4356,0x10001104,01,Web,0,auto,116.3899,1469.5957,505.9013,135144.922,367.6206,533.3508,131.9154,1385.5902,1253.6748,0.004281,2.117343,0.12761,0.17648488,0.420101,9,5.9683,29.4267,3019.3786,15.2962,119,60202,7.7797,3935.7368,0.293,0.3067
flow_4368,0x10001110,01,Web,0,auto,99.1295,1447.4171,782.8007,149528.9564,386.6897,490.9652,115.6473,1138.3731,1022.7258,0.002786,0.533289,0.126024,0.0119544,0.109336,20,5.2801,27.3832,4133.2613,21.1591,167,130727,7.8926,6178.2946,0.3749,0.1703
flow_4380,0x1000111c,01,Web,0,auto,86.4283,1472.7517,562.0093,105491.6763,324.7948,314.7755,192.6086,1340.1692,1147.5606,0.001088,2.289572,0.122391,0.0647014,0.254365,6,6.3605,26.6572,3574.6334,10.1772,83,46646,8.1555,4583.3833,0.4499,0.3703
flow_4392,0x10001128,01,Web,0,auto,118.4238,1463.5849,457.8043,268522.759,518.1918,599.52,135.76,1304.6157,1168.8557,0.003551,3.454848,0.06542,0.02525936,0.158932,68,8.015,16.2815,3669.2834,25.4312,388,177628,15.2569,6984.6521,0.4334,0.1599
flow_4404,0x10001134,01,Web,0,auto,105.7704,1467.5237,842.5956,152714.7791,390.7874,487.1277,179.5604,1104.5248,924.9644,0.004162,2.547762,0.167255,0.19076367,0.436765,11,8.927,28.8676,7521.8328,22.4303,134,112907,5.9741,5033.6725,0.3963,0.1581
flow_4416,0x10001140,01,Web,0,auto,81.9162,1460.7743,837.0208,182956.6387,427.7343,557.8176,130.899,1234.1575,1103.2585,0.002533,2.868676,0.060908,0.06270963,0.250419,40,7.9805,14.115,6679.8634,31.7264,520,435250,16.3902,13718.8791,0.3961,0.2038
flow_4428,0x1000114c,01,Web,0,auto,127.8822,1450.9028,493.3712,111962.7946,334.6084,305.8592,158.6273,1392.0035,1233.3763,0.003383,2.421052,0.126155,0.02103126,0.145022,18,4.3588,16.9768,2150.5223,33.3929,264,130250,7.9059,3900.5303,0.3941,0.359
flow_4440,0x10001158,01,Web,0,auto,87.1627,1498.5314,533.8283,174872.5951,418.1777,622.1597,165.3335,1149.8477,984.5142,0.002797,1.834342,0.106579,0.15319694,0.391404,17,5.5087,25.9177,2940.6853,22.1151,207,110502,9.3601,4996.6819,0.3656,0.3195
flow_4452,0x10001164,01,Web,0,auto,86.3514,1484.5481,828.4604,214877.2587,463.5486,629.2687,172.2286,1395.9113,1223.6827,0.004844,2.345318,0.124012,0.16978605,0.412051,21,7.4267,13.4112,6152.7662,28.3402,228,188888,8.0451,6665.0086,0.471,0.2305
flow_4464,0x10001170,01,Web,0,auto,119.9139,1495.7008,776.1013,186557.2228,431.9227,441.9559,154.7943,1362.3425,1207.5482,0.001265,1.599536,0.079804,0.06021289,0.245383,24,3.5467,20.6317,2752.6054,23.4625,294,228173,12.5306,9725.0098,0.3381,0.3114
flow_4476,0x1000117c,01,Web,0,auto,89.2499,1447.9476,664.4267,123003.6642,350.7188,496.8422,116.1655,1169.6733,1053.5078,0.001335,2.995001,0.122537,0.04342367,0.208383,22,8.1637,18.1018,5424.1969,17.5038,142,94348,8.1125,5390.1581,0.2943,0.2134
flow_4488,0x10001188,01,Web,0,auto,123.0761,1452.8739,808.2566,181998.1063,426.6124,421.4812,123.536,1130.925,1007.389,0.002165,1.63273,0.123877,0.12094854,0.347777,4,4.8675,25.5723,3934.1843,7.24,58,46878,8.011,6474.822,0.4413,0.2285
flow_4500,0x10001194,01,Web,0,auto,91.2864,1492.268,715.5305,219628.3067,468.6452,629.646,169.2411,1119.4915,950.2503,0.003518,1.965705,0.071012,0.08979431,0.299657,35,4.3428,24.701,3107.3706,25.5181,359,256875,14.0685,10066.3918,0.285,0.1615
flow_4512,0x100011a0,01,Web,0,auto,102.4621,1476.0419,752.7749,114433.9552,338.2809,443.7567,101.3395,1250.5287,1149.1892,0.002732,0.591792,0.089635,0.03403545,0.184487,39,3.9814,20.0043,2997.0673,31.8983,355,267235,11.1291,8377.7267,0.4084,0.3583
flow_4524,0x100011ac,01,Web,0,auto,120.0832,1468.8859,555.3675,192455.985,438.6981,603.4515,177.6244,1313.4885,1135.864,0.00207,1.264862,0.156331,0.14138415,0.376011,14,5.5101,23.998,3060.1306,30.9749,198,109962,6.3923,3550.0366,0.3929,0.1989
flow_4536,0x100011b8,01,Web,0,auto,118.0725,1458.0296,708.2926,186281.1316,431.603,458.7981,114.7699,1115.3622,1000.5923,0.001533,2.739458,0.179708,0.03104331,0.176191,8,5.4827,24.7551,3883.3292,13.6722,76,53830,5.5587,3937.1766,0.3695,0.2825
flow_4548,0x100011c4,01,Web,0,auto,97.0688,1499.9655,530.1547,117051.9683,342.1286,432.2167,124.3905,1342.6756,1218.2851,0.00107,2.422057,0.097058,0.18049575,0.424848,27,5.8629,20.5268,3108.2258,32.4961,334,177071,10.2782,5448.9919,0.2843,0.3612
flow_4560,0x100011d0,01,Web,0,auto,87.2593,1471.4251,817.4946,172592.1802,415.4422,578.5328,157.4104,1210.1701,1052.7597,0.004768,3.490259,0.085537,0.19891717,0.446001,51,6.0065,12.8179,4910.3219,34.539,403,329450,11.668,9538.4876,0.2832,0.1611
flow_4572,0x100011dc,01,Web,0,auto,104.3529,1483.4469,811.4761,151779.6671,389.5891,283.9705,152.374,1103.9605,951.5866,0.00257,1.665408,0.105236,0.05345991,0.231214,36,6.3564,18.4992,5158.0961,27.405,260,210983,9.4873,7698.6938,0.4043,0.2297
flow_4584,0x100011e8,01,Web,0,auto,99.8204,1471.9,758.596,129267.6565,359.5381,532.2712,127.6061,1159.5705,1031.9645,0.002596,1.00996,0.101089,0.07881639,0.280743,12,7.2072,20.0741,5467.3769,16.7701,165,125168,9.8389,7463.7545,0.4693,0.2026
flow_4596,0x100011f4,01,Web,0,auto,109.7543,1477.7075,690.4617,166327.527,407.8327,322.7964,104.5436,1183.9026,1079.3589,0.00492,2.9298,0.069222,0.03421074,0.184961,27,3.8866,13.3066,2683.5675,21.1903,306,211281,14.4406,9970.658,0.4086,0.2774
flow_4608,0x10001200,01,Web,0,auto,82.9822,1457.7782,490.5567,205329.2188,453.1327,437.3677,136.4587,1242.3001,1105.8415,0.001645,3.162553,0.088519,0.10784756,0.328402,61,7.2234,12.1562,3543.4969,33.4246,377,184939,11.2791,5533.0234,0.4697,0.208
flow_4620,0x1000120c,01,Web,0,auto,93.7884,1479.6322,661.0241,246787.2128,496.7768,528.025,118.2953,1179.899,1061.6036,0.003498,2.728664,0.051018,0.10199729,0.31937,15,8.8007,29.184,5817.4483,10.9421,214,141459,19.5574,12927.8998,0.4521,0.3699
flow_4632,0x10001218,01,Web,0,auto,125.8887,1459.4088,810.7549,250896.2241,500.8954,389.5487,102.0283,1190.7874,1088.7591,0.002745,3.449805,0.13656,0.09922333,0.314997,21,7.293,17.5934,5912.7974,24.7102,180,145935,7.2844,5905.8535,0.4305,0.2895
flow_4644,0x10001224,01,Web,0,auto,113.5951,1450.6856,493.2191,195858.4648,442.559,593.3385,103.3015,1251.8438,1148.5424,0.001767,3.234641,0.098592,0.10213051,0.319579,15,6.2098,30.9179,3062.7942,18.6073,188,92725,10.1035,4983.2504,0.3518,0.3076
flow_4656,0x10001230,01,Web,0,auto,103.2975,1498.4596,718.4485,143771.5956,379.1723,568.4144,144.9838,1128.891,983.9071,0.001564,2.156522,0.062887,0.15086915,0.388419,20,6.5595,31.9444,4712.6438,10.6978,170,122136,15.8911,11416.9289,0.2894,0.2845
flow_4668,0x1000123c,01,Web,0,auto,109.1877,1484.205,701.4743,240169.7632,490.0712,334.3591,166.5034,1248.7325,1082.2291,0.002264,1.910738,0.141012,0.16782256,0.409662,15,8.6381,26.8064,6059.39,23.414,166,116444,7.0898,4973.2664,0.3242,0.3194
flow_4680,0x10001248,01,Web,0,auto,96.8109,1447.5912,748.3913,218500.73,467.4406,598.1451,100.7202,1276.134,1175.4138,0.00157,1.884663,0.179899,0.12673467,0.355998,7,6.1477,21.0654,4600.9134,13.6652,75,56129,5.4884,4107.4475,0.2931,0.2877
flow_4692,0x10001254,01,Web,0,auto,94.6838,1492.5225,836.7538,231386.5357,481.0265,527.0627,184.1011,1329.6333,1145.5323,0.002201,1.218245,0.161998,0.1580624,0.397571,11,8.8057,23.5103,7368.2065,14.2833,88,73634,6.161,5155.2412,0.4312,0.1306
flow_4704,0x10001260,01,Web,0,auto,112.8481,1457.4417,653.0405,225237.1611,474.5916,595.0279,104.0204,1317.6767,1213.6563,0.004554,2.683118,0.072254,0.12701493,0.356392,61,8.5144,17.4486,5560.2342,29.3358,406,265134,13.8398,9037.9053,0.4693,0.2499
flow_4716,0x1000126c,01,Web,0,auto,80.1045,1496.8221,780.802,113085.4848,336.2819,431.883,128.8569,1189.1969,1060.34,0.004579,3.475901,0.099089,0.14551318,0.381462,9,3.7794,18.8419,2950.988,10.8082,109,85107,10.085,7874.3301,0.3937,0.1364
flow_4728,0x10001278,01,Web,0,auto,103.2115,1476.1079,569.5877,117582.1965,342.9026,453.3028,186.7147,1245.8452,1059.1304,0.002118,1.055053,0.049261,0.17833865,0.422302,23,8.6977,20.8916,4954.1146,15.5038,314,178850,20.2531,11535.8543,0.3644,0.2021
flow_4740,0x10001284,01,Web,0,auto,89.3514,1476.7897,639.3744,193680.755,440.0918,431.2263,183.335,1389.5402,1206.2053,0.004083,2.244309,0.093129,0.09866532,0.31411,25,3.545,25.9925,2266.5744,29.0218,311,198845,10.7161,6851.5712,0.3205,0.2586
flow_4752,0x10001290,01,Web,0,auto,104.6496,1494.1367,805.5958,119591.69,345.8203,369.009,127.5078,1374.7809,1247.2731,0.004873,1.760232,0.137369,0.02012422,0.14186,33,3.9305,19.8737,3166.3671,25.1353,182,146618,7.2408,5833.1419,0.4514,0.1233
flow_4764,0x1000129c,01,Web,0,auto,113.1039,1498.3089,822.2884,247705.3208,497.7,550.6661,180.0716,1313.9034,1133.8317,0.002638,0.983613,0.145992,0.09496123,0.308158,14,5.6644,30.0774,4657.7339,29.4202,201,165279,6.8321,5617.8827,0.2938,0.1864
flow_4776,0x100012a8,01,Web,0,auto,86.0482,1451.6767,565.0462,171254.9699,413.8296,605.9949,142.2217,1336.7514,1194.5296,0.004843,3.016411,0.159441,0.14122087,0.375794,8,5.0085,25.4956,2830.0297,9.3237,58,32772,6.2207,3514.9258,0.3638,0.2507
flow_4788,0x100012b4,01,Web,0,auto,89.5651,1450.53,766.9518,184048.1122,429.0083,622.8602,126.761,1184.7521,1057.9911,0.003041,0.64461,0.143959,0.02013621,0.141902,26,5.7503,23.1736,4410.1691,22.3074,154,118110,6.9035,5294.6483,0.386,0.3736
flow_4800,0x100012c0,01,Web,0,auto,119.2963,1490.764,467.64,214107.7846,462.7178,281.3492,149.88,1243.3586,1093.4785,0.004015,3.314864,0.064123,0.18080113,0.425207,39,7.5658,16.3806,3538.0672,26.5831,414,193602,15.5738,7282.9014,0.2923,0.1757
flow_4812,0x100012cc,01,Web,0,auto,92.8696,1442.4421,506.8185,229295.2745,478.8479,447.6132,148.6834,1357.5269,1208.8435,0.002822,1.782764,0.048936,0.13841681,0.372044,28,4.739,15.7897,2401.8152,18.9026,386,195631,20.4205,10349.4435,0.2806,0.2993
flow_4824,0x100012d8,01,Web,0,auto,119.6904,1491.6898,521.9318,260585.0896,510.4754,350.0132,119.4132,1139.6889,1020.2757,0.001546,1.243459,0.177295,0.12023301,0.346746,14,6.7475,21.4,3521.7301,21.4811,121,63153,5.6329,2939.9317,0.4589,0.1901
flow_4836,0x100012e4,01,Web,0,auto,115.1797,1480.8286,838.6495,114704.1396,338.68,624.5691,115.2306,1110.6425,995.4119,0.002861,3.142637,0.083866,0.01295369,0.113814,9,8.9156,25.563,7477.0938,6.5525,78,65414,11.9039,9983.1159,0.3817,0.1734
flow_4848,0x100012f0,01,Web,0,auto,127.7371,1462.4374,661.4267,258682.7669,508.6087,290.5019,105.1947,1286.0198,1180.8251,0.002393,2.459612,0.095321,0.07240257,0.269077,38,7.2293,31.934,4781.6292,34.0063,356,235467,10.4687,6924.2212,0.3596,0.1224
flow_4860,0x100012fc,01,Web,0,auto,116.0668,1486.8419,622.003,116258.6496,340.9672,443.1,154.1682,1175.2737,1021.1055,0.00192,1.545317,0.098773,0.09612043,0.310033,25,5.3318,16.4528,3316.387,14.4626,146,90812,10.095,6279.1121,0.4037,0.218
flow_4872,0x10001308,01,Web,0,auto,118.249,1463.4289,522.9326,176461.2215,420.0729,363.1623,131.5159,1305.4888,1173.973,0.002292,2.88969,0.09502,0.02049167,0.143149,24,5.2611,15.9904,2751.1772,19.1135,201,105109,10.5161,5499.2078,0.3279,0.3161
flow_4884,0x10001314,01,Web,0,auto,91.755,1487.3673,475.2488,129231.4632,359.4878,253.2184,168.9733,1329.8179,1160.8446,0.003162,0.954763,0.046754,0.03552897,0.188491,39,7.6923,30.8615,3655.7402,17.191,367,174416,21.3483,10145.7516,0.4407,0.2113
flow_4896,0x10001320,01,Web,0,auto,91.9945,1481.5627,720.5398,121507.2857,348.579,372.8313,147.7378,1373.4375,1225.6997,0.001651,0.625115,0.058634,0.02785499,0.166898,76,3.6854,29.7863,2655.4472,23.6995,404,291098,17.0468,12282.865,0.3038,0.2052
flow_4908,0x1000132c,01,Web,0,auto,110.489,1466.7371,738.8727,106264.721,325.9827,404.5257,141.4918,1125.506,984.0141,0.004859,3.433243,0.123808,0.04154564,0.203827,14,8.3051,18.4571,6136.4485,24.8384,200,147774,8.0521,5949.4251,0.4223,0.16
flow_4920,0x10001338,01,Web,0,auto,104.3422,1449.021,705.3188,180914.2267,425.3401,405.558,173.0981,1171.6838,998.5857,0.004112,2.414028,0.056286,0.05678371,0.238293,40,6.0764,27.8178,4285.8064,21.0205,373,263083,17.7446,12515.5566,0.3882,0.1783
flow_4932,0x10001344,01,Web,0,auto,99.9178,1490.4471,799.773,209404.424,457.6073,561.6273,108.9633,1337.333,1228.3698,0.001599,2.645504,0.173819,0.03441495,0.185513,12,4.5427,12.3772,3633.1491,19.9227,114,91174,5.7221,4576.3984,0.4326,0.3517
flow_4944,0x10001350,01,Web,0,auto,85.7219,1486.2238,617.509,228148.1783,477.6486,451.7053,122.151,1223.2781,1101.1271,0.001488,0.453478,0.04428,0.18961423,0.435447,146,4.5439,21.7484,2805.9207,34.7087,783,483509,22.5592,13930.4651,0.409,0.1648
flow_4956,0x1000135c,01,Web,0,auto,123.9488,1483.8494,594.6064,166551.0109,408.1066,537.4446,192.8445,1189.5022,996.6577,0.004082,2.533036,0.073511,0.02977621,0.172558,25,5.2082,14.583,3096.8225,12.1869,165,98110,13.5391,8050.457,0.3304,0.2139
flow_4968,0x10001368,01,Web,0,auto,89.1446,1488.2797,541.3748,205087.8232,452.8662,457.0926,176.9315,1229.865,1052.9336,0.001812,2.949395,0.16974,0.09681606,0.311153,35,6.4994,19.7094,3518.6067,31.0758,183,99071,5.8888,3188.0453,0.4223,0.2055
flow_4980,0x10001374,01,Web,0,auto,112.9002,1454.5616,782.7145,171285.661,413.8667,551.6319,154.2271,1131.9381,977.711,0.002749,1.574748,0.169744,0.15199973,0.389871,8,5.9277,25.124,4639.7039,15.1968,89,69661,5.8565,4583.9141,0.3668,0.2259
flow_4992,0x10001380,01,Web,0,auto,124.6238,1484.252,616.9977,127006.6892,356.38,279.1022,124.7887,1392.8118,1268.0231,0.001462,3.492384,0.128832,0.06860026,0.261917,30,3.8022,15.5414,2345.9392,30.6076,237,146228,7.7432,4777.5069,0.44,0.2709
flow_5004,0x1000138c,01,Web,0,auto,123.2837,1442.0829,786.5861,261687.4725,511.554,590.0494,108.7558,1290.8867,1182.1309,0.001298,0.610011,0.050826,0.01769478,0.133022,36,4.3961,12.1326,3457.891,21.5444,423,332725,19.6338,15443.658,0.3653,0.2306
flow_5016,0x10001398,01,Web,0,auto,114.3367,1499.4082,711.9798,231492.2102,481.1364,527.8996,103.7253,1105.5477,1001.8224,0.003984,1.348694,0.107303,0.04076827,0.201912,14,5.9072,17.849,4205.827,11.7503,109,77605,9.2764,6604.5232,0.4731,0.3655
flow_5028,0x100013a4,01,Web,0,auto,115.622,1490.4398,512.2153,193342.4689,439.7073,449.0627,185.6604,1266.7536,1081.0932,0.004664,3.218684,0.088085,0.12682667,0.356127,43,7.7601,12.0107,3974.8173,31.657,359,183885,11.3403,5808.6641,0.3654,0.2856
flow_5040,0x100013b0,01,Web,0,auto,98.8831,1441.4008,550.7945,170470.7558,412.881,472.6573,163.4354,1217.7234,1054.288,0.00325,3.064492,0.141573,0.08570379,0.292752,26,8.7627,25.7936,4826.4606,28.5214,201,110709,7.0473,3881.6124,0.4143,0.3242
flow_5052,0x100013bc,01,Web,0,auto,103.8611,1443.5221,582.6571,172918.296,415.8345,309.8058,135.548,1263.7173,1128.1693,0.004623,1.400048,0.040711,0.10865538,0.329629,59,6.0463,15.5199,3522.9267,33.8084,830,483605,24.5501,14304.2788,0.4148,0.3299
flow_5064,0x100013c8,01,Web,0,auto,123.4494,1455.8778,760.746,151981.0972,389.8475,322.1353,130.845,1204.4223,1073.5774,0.003254,2.313459,0.095833,0.14922527,0.386297,6,7.5152,19.2803,5717.1568,7.5465,78,59338,10.336,7863.0242,0.4032,0.232
flow_5076,0x100013d4,01,Web,0,auto,80.4623,1455.7292,610.7896,106048.457,325.6508,350.7309,178.1605,1355.6565,1177.496,0.002862,2.612295,0.158211,0.01216407,0.110291,14,7.4357,20.1791,4541.6618,29.4797,186,113606,6.3094,3853.702,0.3831,0.1601
flow_5088,0x100013e0,01,Web,0,auto,94.9059,1466.6896,838.7982,219496.4878,468.5045,468.7779,111.0249,1307.5082,1196.4833,0.002058,3.465302,0.112384,0.09453162,0.30746,26,6.1752,23.0208,5179.7824,34.9804,311,260866,8.8907,7457.485,0.461,0.3636
flow_5100,0x100013ec,01,Web,0,auto,102.0989,1461.1647,613.1738,236925.8376,486.7503,307.9033,115.0815,1184.0078,1068.9263,0.003331,2.608175,0.17867,0.00908669,0.095324,11,3.7319,27.8376,2288.324,16.3494,91,55798,5.566,3412.8456,0.3652,0.2797
flow_5112,0x100013f8,01,Web,0,auto,120.1198,1476.152,569.2259,210177.1371,458.4508,529.861,172.1164,1328.0309,1155.9146,0.003585,1.745627,0.086549,0.1736492,0.416712,27,4.0021,20.1296,2278.0756,29.6072,342,194675,11.5513,6575.2677,0.3509,0.3477
flow_5124,0x10001404,01,Web,0,auto,92.9766,1451.0475,548.5614,212306.408,460.7672,636.0214,164.9881,1265.6025,1100.6144,0.00297,0.833817,0.14504,0.17427544,0.417463,19,7.3406,26.9191,4026.7638,16.8233,115,63084,6.8358,3749.8027,0.3084,0.1828
flow_5136,0x10001410,01,Web,0,auto,119.8015,1484.8408,767.1934,104589.6615,323.4032,642.2072,195.7362,1169.5458,973.8097,0.004366,1.575818,0.14029,0.03172641,0.178119,18,7.9884,13.1712,6128.6689,33.3045,237,181824,7.1162,5459.4432,0.2938,0.2574
flow_5148,0x1000141c,01,Web,0,auto,113.6984,1488.5842,624.6951,145857.3897,381.9128,469.3967,176.2129,1359.6423,1183.4294,0.003649,2.395239,0.165375,0.07683412,0.27719,14,4.2368,19.4384,2646.6985,16.4679,99,61844,6.0117,3755.42,0.2856,0.286
flow_5160,0x10001428,01,Web,0,auto,95.2624,1485.0073,687.4905,110553.2832,332.4955,578.3046,104.5517,1162.0863,1057.5346,0.004552,1.484395,0.087687,0.02251924,0.150064,24,8.1657,26.6139,5613.8337,11.1832,127,87311,11.3563,7807.3011,0.3552,0.3164
flow_5172,0x10001434,01,Web,0,auto,124.4395,1451.9462,674.7286,135541.0683,368.159,523.3194,156.7373,1356.7758,1200.0385,0.003326,2.259466,0.108054,0.01010936,0.100545,33,6.8765,16.7017,4639.7876,19.6528,181,122125,9.2099,6214.1383,0.2827,0.3181
flow_5184,0x10001440,01,Web,0,auto,94.8843,1452.6184,812.141,110591.0046,332.5523,347.2168,163.406,1352.1866,1188.7806,0.001536,1.365452,0.154112,0.01998017,0.141351,9,8.4332,28.3494,6848.933,7.7848,50,40607,6.4228,5216.2144,0.3735,0.3558
flow_5196,0x1000144c,01,Web,0,auto,95.8858,1469.2471,784.0613,147618.437,384.2114,334.0249,127.7996,1198.5281,1070.7285,0.001631,0.964366,0.047329,0.02646775,0.162689,64,5.3202,28.0232,4171.3802,32.3019,682,534729,21.1133,16554.1049,0.3998,0.1685
flow_5208,0x10001458,01,Web,0,auto,111.5012,1494.6602,544.1734,227097.346,476.5473,451.3854,105.3626,1340.2906,1234.928,0.003315,0.550859,0.13554,0.08210813,0.286545,22,8.3987,30.5974,4570.3441,17.6513,130,70742,7.3649,4007.7407,0.4673,0.2843
flow_5220,0x10001464,01,Web,0,auto,123.1364,1445.0346,828.3743,261100.204,510.9797,364.4063,103.6333,1220.3613,1116.728,0.001923,2.796642,0.046143,0.01513372,0.123019,44,3.6865,17.0808,3053.771,25.1249,544,450635,21.6518,17935.7672,0.4019,0.193
flow_5232,0x10001470,01,Web,0,auto,101.8943,1475.954,846.7186,117011.7104,342.0697,344.7438,183.6381,1140.9581,957.32,0.004895,1.418283,0.128221,0.02331325,0.152687,11,8.8064,19.5776,7456.5162,15.1776,118,99912,7.7746,6582.8725,0.4606,0.1742
flow_5244,0x1000147c,01,Web,0,auto,99.8682,1445.6494,616.0963,122404.3249,349.8633,500.1485,190.5459,1322.663,1132.1171,0.002768,1.865349,0.125142,0.18561401,0.430829,23,5.9175,16.4166,3645.7493,33.6516,268,165113,7.964,4906.5475,0.314,0.1221
flow_5256,0x10001488,01,Web,0,auto,81.8642,1489.7619,696.928,223953.2514,473.237,631.1326,172.7211,1342.9449,1170.2239,0.003617,1.254903,0.06957,0.19566797,0.442344,26,4.6301,14.3414,3226.8806,17.9543,258,179807,14.3698,10014.6819,0.3697,0.285
flow_5268,0x10001494,01,Web,0,auto,129.8159,1490.98,497.2107,232326.8993,482.003,316.0964,150.9756,1271.6869,1120.7113,0.003505,0.78666,0.146612,0.01126703,0.106146,23,5.2897,15.96,2630.0972,33.7831,230,114358,6.8081,3385.0627,0.4648,0.3057
flow_5280,0x100014a0,01,Web,0,auto,121.0507,1486.7215,662.9326,131339.6342,362.4081,554.8077,154.3127,1186.9412,1032.6285,0.004714,2.050006,0.166589,0.05730532,0.239385,13,5.5856,18.8282,3702.8961,19.1531,114,75574,5.952,3945.7884,0.4316,0.1928
flow_5292,0x100014ac,01,Web,0,auto,126.1043,1463.3153,477.1835,156051.2213,395.0332,573.9494,143.2837,1256.2168,1112.9331,0.00293,3.361027,0.046127,0.03304686,0.181788,111,5.4024,29.3588,2577.9555,28.5765,619,295376,21.6611,10336.3078,0.2999,0.1628
flow_5304,0x100014b8,01,Web,0,auto,87.7029,1465.3977,492.205,239515.7923,489.4035,427.9344,179.4036,1385.8671,1206.4635,0.002413,1.043081,0.074325,0.12612334,0.355138,21,6.8571,20.9179,3375.1219,12.9969,174,85643,13.3878,6589.4895,0.3226,0.2455
flow_5316,0x100014c4,01,Web,0,auto,104.1602,1461.6891,737.978,261372.8008,511.2463,555.582,119.0028,1345.4344,1226.4315,0.001123,2.517421,0.046576,0.15277011,0.390858,62,4.8325,15.9941,3566.2471,31.8484,683,504038,21.4453,15826.1436,0.3241,0.2007
flow_5328,0x100014d0,01,Web,0,auto,110.9316,1448.3206,496.744,195879.4705,442.5827,475.5457,189.3449,1306.051,1116.7062,0.001851,2.014702,0.045915,0.10400434,0.322497,23,3.7118,25.3341,1843.8049,9.5508,208,103322,21.7783,10818.1773,0.4168,0.158
flow_5340,0x100014dc,01,Web,0,auto,125.1686,1443.1728,838.0418,163599.9648,404.4749,587.7108,165.9247,1347.0831,1181.1584,0.00162,0.789133,0.046589,0.02583193,0.160723,55,7.1603,31.4503,6000.6187,24.7122,530,444162,21.4469,17973.4251,0.3122,0.1776
flow_5352,0x100014e8,01,Web,0,auto,84.389,1449.8227,489.4586,114496.0548,338.3727,306.6349,137.4348,1142.8613,1005.4265,0.002949,1.193911,0.157258,0.01510014,0.122883,30,8.8292,26.2327,4321.544,26.7514,170,83207,6.3548,3110.3831,0.4525,0.1439
flow_5364,0x100014f4,01,Web,0,auto,102.0047,1477.6497,610.6409,207065.8641,455.0449,400.5069,130.6882,1112.1636,981.4754,0.004182,1.956939,0.067753,0.06233223,0.249664,32,7.1562,21.2869,4369.8605,15.5534,229,139836,14.7235,8990.6998,0.3662,0.2417
flow_5376,0x10001500,01,Web,0,auto,96.6192,1478.5592,733.7783,259841.7435,509.7467,389.1058,112.9171,1388.3461,1275.429,0.003281,3.293593,0.15628,0.06851175,0.261747,7,7.3456,26.6828,5390.0406,8.5682,54,39624,6.3024,4624.535,0.3303,0.2866
flow_5388,0x1000150c,01,Web,0,auto,88.0089,1495.15,531.9062,227540.6892,477.0123,287.3035,148.9337,1274.7075,1125.7738,0.003701,2.575744,0.047703,0.03985191,0.199629,63,5.9561,13.9618,3168.077,25.3746,531,282442,20.9264,11130.8839,0.4001,0.2052
flow_5400,0x10001518,01,Web,0,auto,88.2762,1449.2365,820.8899,126542.7978,355.7285,440.845,190.7317,1282.0579,1091.3261,0.002838,1.438661,0.057611,0.15833852,0.397918,38,7.7601,21.8007,6370.2209,29.2848,508,417012,17.3469,14239.8717,0.3188,0.3491
flow_5412,0x10001524,01,Web,0,auto,125.1519,1461.431,514.9872,236295.4036,486.1023,419.4697,157.3066,1316.4782,1159.1716,0.003488,2.88815,0.064673,0.01265319,0.112486,24,7.6547,27.8135,3942.0597,15.7799,243,125141,15.3993,7930.3978,0.3936,0.321
flow_5424,0x10001530,01,Web,0,auto,84.4556,1442.2689,819.7087,164786.349,405.9388,480.1664,135.2396,1289.8661,1154.6265,0.003126,0.455254,0.064897,0.01004804,0.10024,21,8.496,16.1768,6964.2677,9.0612,139,113939,15.3401,12574.3791,0.4781,0.3548
flow_5436,0x1000153c,01,Web,0,auto,126.0729,1496.2608,589.4575,150725.7755,388.2342,266.4947,121.6142,1146.3145,1024.7003,0.001671,0.890925,0.087173,0.10273047,0.320516,53,7.0723,22.3087,4168.8026,31.0467,356,209846,11.4666,6759.0418,0.4094,0.1218
flow_5448,0x10001548,01,Web,0,auto,82.0562,1499.8435,823.9641,121352.8973,348.3574,367.9198,165.8996,1364.1421,1198.2424,0.003169,1.990265,0.056753,0.12114168,0.348054,60,8.5178,16.7479,7018.321,20.4806,360,296627,17.5776,14483.3359,0.3865,0.3369
flow_5460,0x10001554,01,Web,0,auto,103.7252,1478.3118,571.8721,120127.377,346.594,616.915,111.5777,1351.5712,1239.9935,0.003251,1.855429,0.075793,0.11498841,0.339099,44,8.0165,25.7009,4584.4229,20.2349,266,152117,13.1456,7517.5563,0.434,0.1793
flow_5472,0x10001560,01,Web,0,auto,98.3267,1451.632,667.2694,243696.1252,493.6559,646.9183,155.0642,1378.851,1223.7867,0.004488,1.009278,0.043774,0.15851819,0.398143,43,7.0478,16.5375,4702.7938,22.6322,517,344978,22.8435,15242.7658,0.3704,0.2114
flow_5484,0x1000156c,01,Web,0,auto,82.9632,1494.5926,614.5724,134904.0014,367.2928,265.5478,198.0878,1299.2782,1101.1904,0.003466,0.854767,0.152397,0.08901475,0.298353,10,4.2645,20.4961,2620.8212,16.3173,107,65759,6.5574,4030.0056,0.3114,0.1498
flow_5496,0x10001578,01,Web,0,auto,96.4887,1488.203,847.1914,249787.5627,499.7875,635.1177,108.8247,1222.5078,1113.6831,0.001975,2.315603,0.175617,0.19155014,0.437664,11,8.3034,20.8198,7034.5536,25.2707,143,121148,5.6587,4794.0099,0.3906,0.3475
flow_5508,0x10001584,01,Web,0,auto,83.2849,1496.3042,818.3626,230427.33,480.0285,260.6708,126.7744,1260.6216,1133.8472,0.002792,1.767322,0.136625,0.01802691,0.134264,28,4.9557,23.8288,4055.5441,24.3435,178,145668,7.312,5983.8569,0.418,0.1799
flow_5520,0x10001590,01,Web,0,auto,102.5909,1466.0538,646.9372,182450.0042,427.1417,454.4698,115.9577,1279.3895,1163.4318,0.00404,2.669888,0.132647,0.05112123,0.2261,13,4.2632,21.6032,2758.0282,21.4597,161,104156,7.5024,4853.5709,0.3733,0.2844
flow_5532,0x1000159c,01,Web,0,auto,88.7236,1484.1819,672.5241,104356.6968,323.0429,270.1976,121.9437,1336.384,1214.4403,0.003401,2.253075,0.178209,0.06947225,0.263576,11,5.2135,16.3774,3506.2034,19.3383,108,72632,5.5848,3755.8543,0.2942,0.2013
flow_5544,0x100015a8,01,Web,0,auto,100.665,1445.404,500.6487,262829.482,512.669,511.6495,195.2804,1332.8371,1137.5567,0.003504,0.76808,0.103033,0.02863449,0.169217,10,5.2232,31.0656,2615.0031,10.6372,103,51566,9.683,4847.7065,0.2858,0.1274
flow_5556,0x100015b4,01,Web,0,auto,123.4101,1477.0958,519.6594,269489.48,519.1238,594.4231,115.1146,1255.2333,1140.1187,0.003597,2.229309,0.089561,0.1464572,0.382697,20,6.5086,13.2663,3382.2302,14.0899,157,81586,11.1428,5790.403,0.2956,0.3713
flow_5568,0x100015c0,01,Web,0,auto,105.6369,1483.4463,670.2532,132230.9178,363.6357,562.3703,178.4444,1111.8609,933.4165,0.003168,0.653649,0.056256,0.0102269,0.101128,49,6.2846,16.2586,4212.2839,28.0283,498,333786,17.7678,11908.9056,0.2846,0.178
flow_5580,0x100015cc,01,Web,0,auto,105.9368,1475.7764,593.342,201758.2027,449.175,409.9347,119.5509,1354.1187,1234.5678,0.001828,2.850538,0.122101,0.12936021,0.359667,7,5.9288,29.3448,3517.8037,6.2395,51,30260,8.1737,4849.7352,0.3004,0.2672
flow_5592,0x100015d8,01,Web,0,auto,121.0314,1467.8439,680.9087,173489.8438,416.5211,627.3137,112.8763,1204.7751,1091.8988,0.003204,0.677674,0.15768,0.16210952,0.402628,5,6.8778,23.8605,4683.1447,12.0242,76,51749,6.3206,4303.7429,0.3497,0.2681
flow_5604,0x100015e4,01,Web,0,auto,122.7568,1462.4273,650.5601,169219.3208,411.3628,372.0153,148.0966,1126.6737,978.577,0.001218,0.614013,0.05899,0.03433084,0.185286,33,7.7958,18.5286,5071.6227,24.5404,416,270632,16.9516,11028.0179,0.2887,0.1341
flow_5616,0x100015f0,01,Web,0,auto,128.0016,1494.7141,774.2327,229835.2713,479.4114,428.3603,109.9501,1299.8083,1189.8581,0.003088,1.651948,0.090841,0.01955442,0.139837,14,4.5844,23.9775,3549.4251,17.7565,195,150975,10.9819,8502.5358,0.4048,0.2193
flow_5628,0x100015fc,01,Web,0,auto,99.4672,1448.1272,644.2205,190868.4502,436.8849,296.312,119.4809,1119.3381,999.8571,0.004386,1.577864,0.117988,0.11293129,0.336053,9,4.4068,31.779,2838.938,13.343,113,72796,8.4689,5455.7584,0.3737,0.2485
flow_5640,0x10001608,01,Web,0,auto,102.3538,1461.9232,736.623,149182.3372,386.2413,606.0746,187.5673,1109.715,922.1478,0.001734,2.682078,0.11558,0.01220978,0.110498,28,4.9266,15.5211,3629.0648,17.8936,154,113439,8.6064,6339.6544,0.4452,0.3428
flow_5652,0x10001614,01,Web,0,auto,83.3646,1496.9191,656.5726,143119.1342,378.3109,519.886,168.2351,1237.4505,1069.2153,0.004601,3.38852,0.104193,0.11848421,0.344215,7,8.0937,14.4776,5314.0768,6.1978,59,38737,9.5196,6250.1702,0.2869,0.298
flow_5664,0x10001620,01,Web,0,auto,113.487,1465.5214,514.4676,201239.8239,448.5976,640.8422,103.1569,1290.7731,1187.6162,0.001614,0.493343,0.067348,0.01778204,0.133349,19,8.396,13.511,4319.4609,13.9096,206,105980,14.81,7619.2173,0.3279,0.1256
flow_5676,0x1000162c,01,Web,0,auto,102.4224,1491.2325,697.9202,180662.9313,425.0446,612.7109,113.821,1119.3175,1005.4964,0.003652,3.237581,0.058699,0.02892852,0.170084,22,8.1899,31.4325,5715.9161,17.5927,299,208678,16.9956,11861.5934,0.4348,0.2106
flow_5688,0x10001638,01,Web,0,auto,128.125,1463.5345,782.0062,222970.9057,472.198,604.7937,166.3387,1383.9464,1217.6078,0.004669,0.504529,0.112331,0.0405817,0.201449,31,8.5245,30.1574,6666.2277,30.5523,271,211923,8.8701,6936.4118,0.3528,0.2695
flow_5700,0x10001644,01,Web,0,auto,113.9605,1491.9176,463.4364,235671.2757,485.4599,494.843,133.3708,1276.5433,1143.1725,0.00304,2.400134,0.11265,0.05757894,0.239956,7,5.2732,16.0096,2443.815,6.6923,59,27342,8.8161,4085.5891,0.3373,0.3719
flow_5712,0x10001650,01,Web,0,auto,82.0985,1489.4892,524.0663,154203.9605,392.6881,535.6391,121.8517,1399.2758,1277.424,0.002375,2.148035,0.160362,0.19393006,0.440375,15,7.5004,14.022,3930.7171,32.2298,200,104813,6.2054,3252.0491,0.3284,0.2958
flow_5724,0x1000165c,01,Web,0,auto,118.4879,1466.9403,725.2806,158075.7315,397.5874,516.013,163.8312,1219.753,1055.9218,0.004414,3.330025,0.172607,0.14347826,0.378785,4,6.6687,16.3041,4836.673,11.1002,64,46417,5.7657,4181.6435,0.3989,0.2772
flow_5736,0x10001668,01,Web,0,auto,115.3004,1457.1465,598.437,249585.7545,499.5856,266.7699,155.5697,1140.9115,985.3418,0.001174,0.840236,0.105413,0.09403948,0.306659,10,8.8486,22.7526,5295.3116,10.7233,101,60442,9.4187,5636.5006,0.2924,0.1839
flow_5748,0x10001674,01,Web,0,auto,121.4321,1465.9278,496.8922,116028.9331,340.6302,507.4328,149.7839,1342.2158,1192.4319,0.001181,0.571973,0.147494,0.20076574,0.448069,23,8.3174,12.7284,4132.8588,30.5753,207,102856,6.7702,3364.023,0.4265,0.1651
flow_5760,0x10001680,01,Web,0,auto,125.3233,1497.9326,766.7125,212149.9317,460.5974,468.2547,133.4726,1343.9573,1210.4847,0.001714,2.684519,0.116063,0.08801057,0.296666,14,7.8201,21.6486,5995.7777,17.3428,149,114240,8.5914,6587.1566,0.4413,0.1261
flow_5772,0x1000168c,01,Web,0,auto,99.6044,1450.4617,757.2461,170650.3964,413.0985,412.0819,145.983,1372.9606,1226.9775,0.003419,1.094246,0.099649,0.01382884,0.117596,18,4.2805,29.4664,3241.4146,15.1289,151,114344,9.9809,7558.0024,0.4049,0.1243
flow_5784,0x10001698,01,Web,0,auto,93.6661,1476.5031,625.3263,128497.5637,358.4656,270.3945,148.6341,1111.2361,962.602,0.001744,0.58127,0.120198,0.01888185,0.137411,20,8.4417,24.7214,5278.822,16.8305,140,87545,8.3182,5201.57,0.3639,0.3317
flow_5796,0x100016a4,01,Web,0,auto,90.6552,1486.0416,760.8967,195292.3155,441.9189,493.3562,129.2088,1219.3431,1090.1344,0.004434,2.995496,0.160511,0.15734569,0.396668,20,5.4217,31.1587,4125.3397,30.4064,189,143809,6.2158,4729.5658,0.4324,0.1237
flow_5808,0x100016b0,01,Web,0,auto,99.682,1487.2552,697.1323,190798.9894,436.8054,529.941,104.5981,1171.1206,1066.5225,0.002461,2.888816,0.049397,0.04010362,0.200259,50,7.8852,20.2175,5497.0515,26.2422,531,370177,20.2346,14106.1661,0.3287,0.2404
flow_5820,0x100016bc,01,Web,0,auto,110.3379,1487.4454,650.7162,153465.2279,391.7464,295.4428,139.1206,1362.6742,1223.5536,0.002618,2.150411,0.167252,0.10119926,0.318118,10,5.2532,31.5102,3418.3366,23.1752,138,89798,5.9546,3874.7473,0.453,0.266
flow_5832,0x100016c8,01,Web,0,auto,85.2896,1466.4735,730.199,116538.9324,341.378,381.7188,135.5074,1298.801,1163.2936,0.001343,3.032451,0.097532,0.00696781,0.083473,32,4.4749,28.7619,3267.5729,33.035,338,246807,10.2316,7471.0727,0.4427,0.3445
flow_5844,0x100016d4,01,Web,0,auto,84.7849,1469.607,551.1563,213830.5988,462.4182,281.4709,107.6597,1385.3616,1277.7019,0.0044,1.495037,0.040865,0.03447272,0.185668,27,6.0978,23.3911,3360.8605,13.2954,325,179125,24.4446,13472.7145,0.4581,0.2282
flow_5856,0x100016e0,01,Web,0,auto,92.0569,1446.4108,743.2448,162271.2234,402.829,534.5979,135.971,1296.3427,1160.3717,0.002728,3.304601,0.106768,0.10825935,0.329028,16,7.426,20.1772,5519.3099,22.5137,210,156081,9.3276,6932.6975,0.3114,0.2305
flow_5868,0x100016ec,01,Web,0,auto,93.4194,1481.7053,711.9496,244888.5476,494.8622,588.6767,183.9726,1326.0814,1142.1088,0.001601,2.087593,0.056141,0.07006631,0.2647,53,5.4005,31.9821,3844.8744,28.7258,511,363806,17.7889,12664.7702,0.3418,0.1677
flow_5880,0x100016f8,01,Web,0,auto,92.655,1446.9421,844.7886,255867.3281,505.8333,320.6096,167.7668,1332.644,1164.8772,0.003027,1.975999,0.079776,0.11756577,0.342879,7,5.7303,28.8585,4840.9216,6.1911,77,65048,12.4372,10506.7216,0.4491,0.2695
flow_5892,0x10001704,01,Web,0,auto,110.6594,1444.0625,742.923,153738.1196,392.0945,367.7208,125.6555,1350.0394,1224.3839,0.004756,0.686059,0.057947,0.12216306,0.349518,42,8.3153,19.9182,6177.5992,32.5631,561,416779,17.2281,12799.1187,0.2828,0.1218
flow_5904,0x10001710,01,Web,0,auto,93.0921,1441.4811,660.7589,266295.846,516.0386,406.9348,193.9347,1119.8794,925.9447,0.0019,1.27938,0.091795,0.08175593,0.28593,32,4.1871,12.6958,2766.6896,30.3098,330,218050,10.8876,7194.0492,0.4189,0.306
flow_5916,0x1000171c,01,Web,0,auto,92.3173,1444.4812,663.5265,238522.3869,488.3875,377.487,175.882,1375.5531,1199.6711,0.001069,2.213723,0.078075,0.09337167,0.305568,18,3.9652,27.4657,2631.0148,7.243,92,61044,12.702,8428.0463,0.354,0.3438
flow_5928,0x10001728,01,Web,0,auto,104.2159,1480.9314,806.0865,140648.5036,375.0313,467.9289,192.0077,1127.6381,935.6305,0.002271,0.939897,0.127485,0.19777186,0.444715,15,7.3594,24.5586,5932.2805,24.9726,195,157186,7.8085,6294.3292,0.3469,0.3063
flow_5940,0x10001734,01,Web,0,auto,95.5149,1475.5605,848.7062,178820.7571,422.872,580.8002,169.8874,1330.5351,1160.6477,0.001354,3.205917,0.06348,0.03830466,0.195716,50,5.979,19.7828,5074.4125,25.7875,406,344574,15.7441,13362.0705,0.4606,0.2033
flow_5952,0x10001740,01,Web,0,auto,87.8185,1448.4607,766.3842,192417.4269,438.6541,447.3203,189.1212,1177.8384,988.7171,0.002131,2.867898,0.045669,0.1146961,0.338668,51,3.7198,15.4585,2850.7641,21.8057,477,365565,21.875,16764.6532,0.3478,0.2861
flow_5964,0x1000174c,01,Web,0,auto,103.8637,1493.82,782.7046,133535.6394,365.4253,254.1569,138.5387,1212.7445,1074.2058,0.001829,2.12498,0.16824,0.00975536,0.098769,27,8.1654,27.2563,6391.095,28.0806,166,129928,5.9116,4626.9666,0.4013,0.3457
flow_5976,0x10001758,01,Web,0,auto,96.0203,1475.4418,806.8611,197283.4546,444.166,632.7206,103.3616,1387.0196,1283.658,0.004802,1.979297,0.162362,0.17979851,0.424027,18,8.4951,15.7859,6854.362,32.9258,202,162985,6.135,4950.0661,0.3903,0.3564
flow_5988,0x10001764,01,Web,0,auto,100.9503,1490.5135,648.003,152082.2066,389.9772,410.5875,196.4522,1231.1879,1034.7356,0.003738,3.379618,0.133211,0.08090523,0.284438,14,6.5787,25.5286,4263.0107,20.9651,157,101736,7.4886,4852.6409,0.3987,0.3735
flow_6000,0x10001770,01,Email,0,auto,101.4409,1182.8566,395.3028,27914.0757,167.0751,206.0366,109.8412,377.5738,267.7325,0.017786,7.554437,0.739721,0.91361859,0.955834,8,3.7867,9.8238,1496.9126,29.6533,40,15812,1.3489,533.2297,0.565,0.6307
flow_6012,0x1000177c,01,Email,0,auto,106.7419,976.4627,339.3283,52200.78,228.4749,275.1317,147.5234,414.1227,266.5994,0.027433,6.071143,0.509846,2.75150393,1.658766,6,2.6788,13.8817,908.9971,18.6604,36,12215,1.9292,654.5956,0.6108,0.5312
flow_6024,0x10001788,01,Email,0,auto,127.8928,920.2304,344.7066,56086.7142,236.8263,262.4752,111.877,542.6743,430.7974,0.022483,7.165377,0.829321,1.49416235,1.222359,5,4.3724,8.1863,1507.1979,25.7155,31,10685,1.2055,415.5078,0.6145,0.4885
flow_6036,0x10001794,01,Email,0,auto,105.6485,980.4907,243.5116,9703.9858,98.5088,193.6374,123.0022,395.4859,272.4837,0.025408,10.247741,0.308744,1.54915228,1.244649,12,3.4761,13.4622,846.4803,16.5347,53,12906,3.2054,780.5418,0.5591,0.543
flow_6048,0x100017a0,01,Email,0,auto,106.5045,1090.2484,370.6783,24478.5541,156.4562,217.0898,139.1583,495.8119,356.6535,0.049582,4.040355,0.562151,1.83813811,1.35578,13,3.9736,5.9896,1472.9299,25.0544,44,16309,1.7562,650.9436,0.4723,0.4187
flow_6060,0x100017ac,01,Email,0,auto,81.0113,775.5721,241.6823,48418.988,220.0432,201.8585,154.7582,351.4576,196.6993,0.03376,11.343792,0.432282,1.60410197,1.266531,9,4.5829,6.4995,1107.6077,14.1078,32,7733,2.2682,548.1364,0.5111,0.514
flow_6072,0x100017b8,01,Email,0,auto,88.7933,1004.4459,376.6286,48744.891,220.7825,176.7106,106.4235,461.3083,354.8848,0.043446,9.550971,0.344184,2.0597461,1.435182,14,2.7448,13.754,1033.7827,20.32,59,22221,2.9035,1093.5517,0.5688,0.4244
flow_6084,0x100017c4,01,Email,0,auto,118.0038,1026.0626,369.2037,39432.3954,198.5759,168.4614,138.3966,529.6863,391.2897,0.059546,2.737511,0.537596,0.83358461,0.913009,4,3.1785,12.2691,1173.5141,12.3732,23,8491,1.8589,686.2438,0.5425,0.4527
flow_6096,0x100017d0,01,Email,0,auto,99.2846,1156.7513,266.6103,49540.8807,222.5778,250.3772,128.6502,394.7645,266.1144,0.010719,6.546674,0.549856,0.75660461,0.86983,7,2.9578,13.4612,788.5916,23.8014,43,11464,1.8066,481.6529,0.5745,0.5169
flow_6108,0x100017dc,01,Email,0,auto,128.8525,1170.953,269.9537,25436.126,159.4871,255.6035,130.6274,431.9568,301.3294,0.017911,7.914024,0.909884,2.26379079,1.50459,3,2.4381,11.1959,658.1709,18.5781,20,5399,1.0765,290.6111,0.529,0.4379
flow_6120,0x100017e8,01,Email,0,auto,131.7283,891.2529,390.3829,35723.8212,189.0075,289.1773,127.9336,484.7222,356.7885,0.022459,10.152036,0.763449,1.88044203,1.371292,3,4.9462,13.9278,1930.9312,11.2426,15,5855,1.3342,520.7859,0.609,0.6366
flow_6132,0x100017f4,01,Email,0,auto,92.7775,941.2276,337.634,38694.522,196.7092,295.4816,155.154,498.9839,343.8299,0.029151,6.07609,0.723271,1.09304609,1.045488,4,3.8289,10.9161,1292.7767,24.4279,33,11141,1.3509,456.0768,0.5434,0.534
flow_6144,0x10001800,01,Email,0,auto,105.1393,1147.9953,331.2501,33888.4131,184.0881,232.8801,118.0877,385.4516,267.3639,0.057674,6.444209,0.610976,0.9724711,0.986139,4,4.1558,11.7926,1376.5953,19.4513,31,10268,1.5937,527.882,0.5864,0.6245
flow_6156,0x1000180c,01,Email,0,auto,125.3741,696.9094,408.4677,9846.0502,99.2273,295.5661,111.9845,365.2849,253.3004,0.038366,6.652987,0.526751,2.82195418,1.679867,3,2.74,6.6249,1119.1974,8.1877,15,6127,1.832,748.3194,0.4193,0.4281
flow_6168,0x10001818,01,Email,0,auto,98.8953,705.7425,241.656,49738.863,223.0221,208.0722,123.8992,518.1067,394.2075,0.028089,9.724119,0.400618,0.47203641,0.687049,11,2.4423,9.2756,590.1888,25.2023,62,14982,2.4601,594.4685,0.5687,0.6483
flow_6180,0x10001824,01,Email,0,auto,133.7414,1006.6506,410.1829,17712.3606,133.0878,293.9676,141.1154,417.8163,276.7009,0.041138,8.945509,0.532793,1.57529326,1.255107,4,2.0181,6.7849,827.7972,10.4231,19,7793,1.8229,747.6631,0.6072,0.4402
flow_6192,0x10001830,01,Email,0,auto,130.7811,836.6314,277.3473,21130.8927,145.3647,218.3889,143.3911,406.0392,262.6481,0.017393,7.891352,0.264192,1.39556546,1.181341,21,2.047,12.9726,567.7408,23.5288,89,24683,3.7826,1049.0532,0.4677,0.4501
flow_6204,0x1000183c,01,Email,0,auto,138.3639,808.9192,272.4356,10341.5606,101.6935,214.5571,137.4658,367.8961,230.4302,0.010055,6.20689,0.591113,0.85855444,0.926582,2,2.9994,7.0661,817.1435,9.6201,16,4358,1.6632,453.0079,0.4743,0.4704
flow_6216,0x10001848,01,Email,0,auto,137.8658,1167.3542,289.2216,17071.386,130.6575,176.6686,153.9299,407.6688,253.7389,0.045702,4.468016,0.42311,1.84299857,1.357571,12,3.2945,9.2205,952.8387,22.1422,52,15039,2.3485,679.2002,0.6186,0.5443
flow_6228,0x10001854,01,Email,0,auto,93.8984,1189.1881,390.186,14373.0372,119.8876,221.6547,116.3365,447.7956,331.4592,0.021188,3.001224,0.585016,1.92880854,1.388816,7,3.84,12.2593,1498.2998,16.676,28,10925,1.6791,655.1313,0.4581,0.6174
flow_6240,0x10001860,01,Email,0,auto,101.6943,1126.6941,230.767,43266.9008,208.007,160.1193,122.9366,520.0459,397.1092,0.020331,3.9019,0.45322,1.1098953,1.053516,9,4.5439,13.036,1048.59,21.7441,47,10846,2.1615,498.801,0.5855,0.5964
flow_6252,0x1000186c,01,Email,0,auto,88.2623,1035.9922,254.1383,27509.7024,165.8605,279.5279,129.5163,387.3225,257.8063,0.011217,7.853123,0.63073,2.87743258,1.6963,7,2.1921,9.7432,557.0994,27.8837,44,11182,1.578,401.0233,0.4188,0.3804
flow_6264,0x10001878,01,Email,0,auto,109.4591,1009.938,344.1676,26204.3532,161.8776,231.7218,109.5925,532.9805,423.3881,0.028029,7.305654,0.653717,1.03463472,1.01717,4,3.2937,11.5024,1133.5717,10.1161,15,5162,1.4828,510.2775,0.4171,0.6384
flow_6276,0x10001884,01,Email,0,auto,108.1491,687.177,305.0537,19060.9288,138.0613,170.499,144.1356,462.4005,318.2649,0.039449,6.562984,0.690236,1.80694675,1.344227,5,3.3459,11.3953,1020.6678,14.1659,20,6101,1.4118,430.6806,0.5262,0.551
flow_6288,0x10001890,01,Email,0,auto,136.6413,624.3236,333.2903,13145.334,114.6531,216.3036,141.9632,363.6379,221.6747,0.05846,3.583672,0.512355,1.25594242,1.120688,6,2.3295,11.6131,776.3943,12.1915,23,7665,1.8866,628.716,0.4066,0.5698
flow_6300,0x1000189c,01,Email,0,auto,137.0781,956.423,302.0361,20171.9594,142.028,192.1299,124.0435,518.8581,394.8146,0.044005,2.968896,0.750594,1.66626619,1.290839,5,4.9908,7.638,1507.4153,19.7475,26,7852,1.3166,397.619,0.6,0.3733
flow_6312,0x100018a8,01,Email,0,auto,135.9614,778.8012,279.637,41530.0609,203.7893,188.5586,157.2004,398.7774,241.5769,0.018237,6.548508,0.270086,1.94046928,1.393007,20,2.9761,11.1303,832.2224,24.7713,91,25446,3.6736,1027.2353,0.5012,0.4913
flow_6324,0x100018b4,01,Email,0,auto,129.1708,694.5221,251.8831,28601.2223,169.119,245.0221,117.3512,456.688,339.3368,0.018635,2.756258,0.300478,1.18320178,1.087751,7,3.6379,10.4317,916.3286,12.0111,39,9823,3.247,817.8267,0.4066,0.6238
flow_6336,0x100018c0,01,Email,0,auto,101.5025,1066.7385,328.3976,9262.0484,96.2395,250.6575,134.0139,405.4609,271.4469,0.04315,9.621307,0.386118,2.22089341,1.490266,10,2.2246,13.6522,730.5423,27.6696,71,23316,2.566,842.6568,0.4424,0.5711
flow_6348,0x100018cc,01,Email,0,auto,111.8197,760.5251,357.905,42789.6154,206.8565,228.2976,124.1292,484.3541,360.2249,0.029647,11.929336,0.829514,1.47440863,1.214252,4,3.5342,5.8871,1264.9247,18.7985,22,7873,1.1703,418.8105,0.4772,0.4265
flow_6360,0x100018d8,01,Email,0,auto,118.8198,978.8717,365.3141,26333.192,162.2751,188.0059,130.4377,360.2436,229.806,0.050467,10.664124,0.313171,1.62867265,1.276195,10,2.6535,8.5688,969.3659,14.9318,47,17169,3.1476,1149.8297,0.5883,0.5375
flow_6372,0x100018e4,01,Email,0,auto,104.2863,614.2341,397.3087,47582.2937,218.1337,220.8698,112.3691,411.4855,299.1164,0.029965,10.874451,0.311175,3.13775705,1.771372,14,4.5905,9.0911,1823.8598,27.4664,88,34963,3.2039,1272.9389,0.5415,0.4032
flow_6384,0x100018f0,01,Email,0,auto,96.0369,824.2849,389.9577,42095.7967,205.1726,201.6073,159.596,513.7481,354.1521,0.050028,5.381668,0.498851,2.50784651,1.583618,3,3.3855,12.9955,1320.2205,11.2332,22,8579,1.9585,763.7191,0.5582,0.5376
flow_6396,0x100018fc,01,Email,0,auto,87.665,715.7751,324.4572,35746.8365,189.0683,183.114,116.1174,418.1421,302.0247,0.050005,6.14175,0.903162,0.9871995,0.993579,4,4.1086,11.2197,1333.0702,11.0723,15,4866,1.3547,439.4741,0.5536,0.467
flow_6408,0x10001908,01,Email,0,auto,113.1621,1005.9176,395.647,39790.0485,199.4744,268.7282,145.5475,368.6495,223.102,0.02814,7.833495,0.532234,2.53213391,1.591268,11,2.5057,12.1615,991.3685,19.5046,36,14243,1.8457,730.2397,0.5884,0.649
flow_6420,0x10001914,01,Email,0,auto,116.9771,888.4724,350.2693,18613.2995,136.4306,174.6841,121.861,470.3745,348.5135,0.01757,7.277582,0.795192,2.94370765,1.715724,3,3.0386,10.43,1064.3454,15.4235,19,6655,1.2319,431.4846,0.3966,0.3666
flow_6432,0x10001920,01,Email,0,auto,113.014,814.3809,377.2859,20588.6527,143.4875,290.5437,153.4629,487.8824,334.4195,0.037061,8.711068,0.688141,2.8055089,1.674965,4,4.0257,13.9501,1518.8511,13.1112,19,7168,1.4491,546.7082,0.421,0.6036
flow_6444,0x1000192c,01,Email,0,auto,89.9976,731.664,296.7273,35261.6986,187.781,233.2474,147.7879,359.3221,211.5342,0.01702,8.620334,0.74903,0.72165074,0.8495,6,2.5163,11.3894,746.6533,27.4965,36,10682,1.3093,388.4853,0.435,0.3994
flow_6456,0x10001938,01,Email,0,auto,120.1739,1174.4712,270.0658,22014.2508,148.372,238.1118,115.4825,549.8856,434.4032,0.026519,9.055568,0.251498,1.46835836,1.211758,5,3.2701,9.798,883.1478,8.2958,32,8642,3.8574,1041.7311,0.5086,0.3902
flow_6468,0x10001944,01,Email,0,auto,88.8696,610.4325,260.6771,28099.6329,167.6295,215.4658,118.6196,494.4569,375.8373,0.035915,3.199254,0.765421,1.06342237,1.031224,4,3.0513,11.6365,795.3975,25.0336,32,8341,1.2783,333.1919,0.465,0.4359
flow_6480,0x10001950,01,Email,0,auto,122.837,672.6493,292.9163,30692.9413,175.194,273.302,138.9871,459.6095,320.6225,0.023965,11.770833,0.763302,0.53113336,0.728789,2,3.6539,10.1882,1070.3013,12.8242,16,4686,1.2476,365.4024,0.4722,0.6337
flow_6492,0x1000195c,01,Email,0,auto,137.4393,684.0325,292.8588,30152.4105,173.6445,296.3212,129.7689,502.768,372.9991,0.032749,6.421201,0.720514,1.84232641,1.357323,4,4.8142,10.5136,1409.8899,11.5385,16,4685,1.3867,406.0331,0.4289,0.3601
flow_6504,0x10001968,01,Email,0,auto,86.8925,1192.6896,305.2351,30176.4867,173.7138,185.8778,142.1699,424.3257,282.1558,0.024885,8.660321,0.454887,1.79149251,1.338466,7,3.3533,12.1195,1023.5458,20.827,45,13735,2.1607,659.4794,0.482,0.4671
flow_6516,0x10001974,01,Email,0,auto,100.9221,1165.8397,363.1498,15754.7022,125.5177,205.0926,115.9143,486.1855,370.2712,0.058386,5.453883,0.340677,2.07056182,1.438945,9,4.5591,11.8077,1655.6283,18.4943,54,19610,2.9198,1060.3268,0.507,0.6248
flow_6528,0x10001980,01,Email,0,auto,122.4048,883.0779,307.3895,44512.536,210.9799,236.0275,158.8622,531.162,372.2998,0.037875,10.472032,0.688872,1.26827974,1.126179,2,3.326,9.4846,1022.3818,13.6283,19,5840,1.3942,428.5197,0.4156,0.3536
flow_6540,0x1000198c,01,Email,0,auto,93.378,939.5569,263.3649,9125.9146,95.5297,281.0302,142.6151,361.1208,218.5057,0.013297,11.858143,0.755216,0.48868448,0.69906,3,3.2091,12.8676,845.1632,11.798,15,3950,1.2714,334.8024,0.5374,0.6447
flow_6552,0x10001998,01,Email,0,auto,87.345,672.0794,374.3232,23429.0648,153.0656,230.9722,141.7353,503.5808,361.8454,0.058203,9.462418,0.933928,0.39260814,0.626585,6,4.9135,8.8064,1839.2471,21.1281,22,8235,1.0413,389.7655,0.4747,0.556
flow_6564,0x100019a4,01,Email,0,auto,105.9556,971.0735,275.8588,13883.0573,117.8264,229.9948,103.6522,534.5734,430.9211,0.035552,5.231017,0.256671,0.46375172,0.680993,14,3.4708,9.5287,957.4574,14.092,54,14896,3.832,1057.0521,0.4114,0.5449
flow_6576,0x100019b0,01,Email,0,auto,113.1949,695.9558,287.6204,35933.6908,189.5618,257.0013,154.1393,482.6609,328.5217,0.01371,3.54935,0.803641,1.58436991,1.258718,2,2.6935,5.5319,774.6976,11.2217,15,4314,1.3367,384.4354,0.4451,0.4418
flow_6588,0x100019bc,01,Email,0,auto,97.3814,641.4463,238.66,37165.5575,192.7837,241.2987,119.965,532.85,412.885,0.011305,4.71276,0.634437,3.02848633,1.740255,7,3.4394,8.9237,820.8474,27.4541,43,10262,1.5663,373.788,0.5503,0.5534
flow_6600,0x100019c8,01,Email,0,auto,119.6451,1179.2212,341.8449,57231.389,239.2308,213.4835,105.3985,472.8899,367.4914,0.025485,9.753797,0.474915,1.42308386,1.192931,6,4.646,6.4742,1588.198,17.2553,36,12306,2.0863,713.1704,0.6188,0.5445
flow_6612,0x100019d4,01,Email,0,auto,96.3965,725.5989,336.8932,16162.5497,127.132,197.655,152.5355,367.5036,214.968,0.036336,6.068788,0.678881,0.63678312,0.797987,5,3.1913,7.0154,1075.1426,20.8652,30,10106,1.4378,484.3463,0.5281,0.6367
flow_6624,0x100019e0,01,Email,0,auto,122.1106,885.8541,393.2234,39105.0463,197.75,298.9019,150.7917,403.3856,252.5939,0.010186,6.675482,0.4839,0.46115997,0.679088,6,3.0903,6.3845,1215.1866,21.5932,44,17301,2.0377,801.2242,0.4946,0.5337
flow_6636,0x100019ec,01,Email,0,auto,110.9286,705.6924,320.0571,35511.6926,188.4455,258.5074,116.1696,357.9294,241.7598,0.03223,3.717653,0.365059,3.00077277,1.732274,20,3.092,5.5582,989.6295,23.9417,65,20803,2.7149,868.9024,0.5564,0.6241
flow_6648,0x100019f8,01,Email,0,auto,85.3745,828.7201,347.2047,11678.2143,108.0658,207.8179,101.5824,457.246,355.6635,0.047866,7.365816,0.682249,1.21043831,1.100199,2,3.0804,7.455,1069.5154,12.3948,18,6249,1.4522,504.1611,0.4962,0.4739
flow_6660,0x10001a04,01,Email,0,auto,119.1424,672.8035,414.042,12131.8274,110.1446,253.9103,108.584,374.174,265.59,0.044892,7.392826,0.718595,2.47202484,1.572267,2,2.24,13.1036,927.4585,9.9315,15,6210,1.5103,625.2814,0.5383,0.4954
flow_6672,0x10001a10,01,Email,0,auto,123.1135,683.5442,227.6078,55169.5306,234.882,279.7597,111.3656,433.588,322.2224,0.012833,5.403462,0.40226,1.31017602,1.144629,4,2.3336,11.5402,531.1429,11.3522,28,6373,2.4665,561.3911,0.4542,0.6162
flow_6684,0x10001a1c,01,Email,0,auto,111.254,927.8336,294.727,9814.2178,99.0667,295.3115,134.6496,413.8755,279.2259,0.01342,3.827717,0.929884,1.09291123,1.045424,7,2.2776,12.4188,671.2788,26.1313,28,8252,1.0715,315.7901,0.544,0.6311
flow_6696,0x10001a28,01,Email,0,auto,112.6753,785.684,291.3827,54794.1776,234.0816,299.3699,157.5203,539.9821,382.4618,0.040898,6.041904,0.392451,2.83946972,1.685073,8,3.3389,5.3407,972.8983,19.5725,49,14277,2.5035,729.44,0.5561,0.5727
flow_6708,0x10001a34,01,Email,0,auto,129.3732,1170.6851,355.4269,12093.1783,109.969,294.4486,128.1276,548.767,420.6395,0.041847,10.011367,0.429092,1.08557886,1.041911,2,3.1031,5.5819,1102.9325,8.0483,18,6397,2.2365,794.8219,0.3977,0.4412
flow_6720,0x10001a40,01,Email,0,auto,82.9987,857.8109,408.1143,30807.8407,175.5216,217.0268,138.804,439.3699,300.566,0.035645,9.075072,0.871316,1.35258682,1.163008,2,4.6018,12.4715,1878.0587,15.6575,17,6937,1.0857,443.047,0.4244,0.59
flow_6732,0x10001a4c,01,Email,0,auto,81.0852,1006.6187,248.319,23625.4052,153.7056,201.3523,108.4745,431.0439,322.5695,0.046755,4.857222,0.745404,0.71086031,0.843125,2,3.3968,12.3563,843.4942,12.7375,17,4221,1.3346,331.3845,0.4195,0.5141
flow_6744,0x10001a58,01,Email,0,auto,127.6187,1016.7459,235.996,11385.8359,106.7044,224.524,118.1598,548.4302,430.2704,0.015262,11.378364,0.702891,2.75171496,1.658829,3,2.7785,13.3791,655.7139,9.061,15,3539,1.6555,390.5764,0.6181,0.5713
flow_6756,0x10001a64,01,Email,0,auto,111.7717,852.0083,403.0258,12722.5999,112.7945,238.3922,114.327,401.0851,286.7582,0.054435,7.732155,0.48017,2.2416569,1.497216,9,2.0795,8.9828,838.1086,26.9664,56,22569,2.0767,836.9311,0.5432,0.572
flow_6768,0x10001a70,01,Email,0,auto,133.912,1126.8958,311.3733,49258.2528,221.942,227.9737,120.8467,518.7782,397.9315,0.044507,6.587496,0.47288,0.55603633,0.745678,8,3.1973,8.3624,995.5615,13.7294,29,9029,2.1123,657.641,0.4868,0.5302
flow_6780,0x10001a7c,01,Email,0,auto,96.1392,1143.2627,332.6219,12229.5385,110.5872,275.3083,129.5036,473.6457,344.1421,0.024508,7.830943,0.703494,1.02837339,1.014087,6,4.2356,6.389,1408.8423,26.9232,38,12639,1.4114,469.4459,0.4666,0.3559
flow_6792,0x10001a88,01,Email,0,auto,135.8772,1005.127,260.6694,11606.008,107.7312,229.1988,128.1597,386.8281,258.6683,0.022257,11.904648,0.330062,3.10081538,1.760913,5,3.7541,5.1602,978.5875,11.1543,33,8602,2.9585,771.1835,0.5202,0.5035
flow_6804,0x10001a94,01,Email,0,auto,129.8898,1077.1143,261.1041,17043.1234,130.5493,259.3712,116.1864,498.1547,381.9683,0.038247,3.01997,0.299197,0.41580251,0.644828,11,4.3197,12.9047,1127.8862,16.652,55,14360,3.3029,862.3604,0.6085,0.4999
flow_6816,0x10001aa0,01,Email,0,auto,130.0074,1019.5785,409.6307,28175.3098,167.855,228.6636,105.0768,483.1582,378.0814,0.044764,5.727572,0.321934,1.35643484,1.164661,3,4.5184,12.035,1850.8931,8.9913,27,11060,3.0029,1230.0807,0.5138,0.3724
flow_6828,0x10001aac,01,Email,0,auto,100.2407,935.1937,313.576,31857.0689,178.4855,292.0643,155.9979,464.4028,308.4049,0.023939,3.752873,0.285712,0.65207831,0.807514,19,2.2477,10.6279,704.8269,19.0942,66,20696,3.4565,1083.8886,0.4248,0.4714
flow_6840,0x10001ab8,01,Email,0,auto,93.2607,1072.8652,406.356,28294.5509,168.2098,255.4258,107.5273,440.2186,332.6912,0.032895,3.957115,0.269074,1.9817665,1.407752,13,4.8593,6.5417,1974.5891,16.1225,59,23975,3.6595,1487.0568,0.572,0.6196
flow_6852,0x10001ac4,01,Email,0,auto,110.2285,918.3331,254.6487,49685.7506,222.903,265.0889,107.0693,383.1823,276.113,0.036142,9.897077,0.769099,0.47819918,0.691519,4,3.8122,9.9782,970.7706,23.1852,30,7639,1.2939,329.4775,0.531,0.5136
flow_6864,0x10001ad0,01,Email,0,auto,130.8703,659.8832,305.3015,43347.6202,208.2009,165.0486,131.4187,353.995,222.5763,0.036087,9.863218,0.728496,0.4289895,0.654973,4,3.2515,9.8184,992.6857,12.0933,16,4884,1.3231,403.861,0.4533,0.55
flow_6876,0x10001adc,01,Email,0,auto,138.39,951.0522,348.5483,16215.5424,127.3403,209.9833,106.5881,499.5269,392.9388,0.027689,8.303351,0.791285,1.75610922,1.325183,4,3.3331,8.8964,1161.7348,11.6512,15,5228,1.2874,448.7102,0.4595,0.3673
flow_6888,0x10001ae8,01,Email,0,auto,119.2713,1125.9537,237.7685,15043.7726,122.6531,166.1263,137.3976,403.5076,266.11,0.03923,9.704292,0.507405,0.62424807,0.790094,3,2.1949,11.2208,521.8888,9.6346,18,4279,1.8683,444.1267,0.394,0.4345
flow_6900,0x10001af4,01,Email,0,auto,130.5797,895.4499,383.1899,52573.1764,229.2884,270.5558,110.2261,394.6701,284.444,0.035974,7.113804,0.727169,0.89398628,0.945508,5,4.2392,10.535,1624.4289,23.907,32,12262,1.3385,512.9049,0.5675,0.6018
flow_6912,0x10001b00,01,Email,0,auto,131.7306,1025.5875,260.9858,9245.0313,96.1511,291.0882,119.2851,451.7837,332.4986,0.011959,6.282235,0.432535,3.10061904,1.760857,9,4.1172,8.4621,1074.5367,15.5814,36,9395,2.3104,602.9614,0.5683,0.3577
flow_6924,0x10001b0c,01,Email,0,auto,85.3665,743.7816,266.4021,26672.9365,163.3185,252.6828,124.6614,440.5612,315.8997,0.036752,5.323167,0.812671,1.36225022,1.167155,4,3.0963,5.8968,824.8614,18.0801,22,5860,1.2168,324.1128,0.4851,0.5917
flow_6936,0x10001b18,01,Email,0,auto,110.6305,1143.3997,295.8077,19299.5597,138.9229,160.9825,115.1012,491.3029,376.2018,0.02778,11.976339,0.922764,2.13894209,1.462512,4,3.3147,11.7454,980.5046,19.1928,20,5916,1.0421,308.2411,0.4679,0.6465
flow_6948,0x10001b24,01,Email,0,auto,123.2165,927.7943,294.9919,14069.4648,118.6148,205.6299,156.522,461.5043,304.9823,0.047863,5.136404,0.608355,0.67428351,0.821148,9,4.5063,6.1579,1329.3178,20.3831,33,9734,1.619,477.5517,0.5738,0.371
flow_6960,0x10001b30,01,Email,0,auto,119.1998,727.8791,387.4982,8193.7596,90.5194,266.2015,116.247,395.9848,279.7378,0.050389,5.671567,0.527527,1.13022472,1.06312,6,4.4676,11.1411,1731.1937,21.8246,41,15887,1.8786,727.9387,0.5647,0.3792
flow_6972,0x10001b3c,01,Email,0,auto,138.3552,617.1917,361.982,8184.2373,90.4668,258.8928,154.3243,397.6948,243.3706,0.030162,4.40896,0.381302,2.88110169,1.697381,5,2.2091,9.1315,799.6723,11.4824,30,10859,2.6127,945.7093,0.5724,0.3756
flow_6984,0x10001b48,01,Email,0,auto,139.4921,1045.2145,221.4967,23364.7927,152.8555,289.7052,124.8335,443.127,318.2935,0.010513,10.471124,0.543115,2.849401,1.688017,4,3.5221,6.1433,780.1368,8.1699,15,3322,1.836,406.6165,0.5489,0.3812
flow_6996,0x10001b54,01,Email,0,auto,86.182,792.3421,257.7647,26181.315,161.8064,237.1167,150.3268,412.8867,262.5599,0.029675,5.339194,0.918442,2.83600472,1.684044,2,2.3911,11.6842,616.3361,12.7675,15,3866,1.1749,302.8006,0.5773,0.4231
flow_7008,0x10001b60,01,Email,0,auto,106.1511,1079.8449,311.6361,56905.7124,238.5492,222.2613,105.7316,444.2623,338.5307,0.049457,3.001729,0.528157,1.2573876,1.121333,16,2.4567,9.3795,765.6005,28.9474,54,16828,1.8655,581.3301,0.5953,0.4826
flow_7020,0x10001b6c,01,Email,0,auto,101.9541,809.7611,236.7121,47264.9118,217.4049,199.1052,102.6093,435.8737,333.2643,0.03383,10.054168,0.756486,2.56080832,1.600253,9,4.3897,11.0841,1039.0901,24.1792,31,7338,1.2821,303.4841,0.5296,0.5389
flow_7032,0x10001b78,01,Email,0,auto,139.2707,955.8286,335.963,9383.0033,96.8659,258.9054,143.2203,432.5731,289.3528,0.049094,7.449708,0.273568,0.36845806,0.607007,10,4.3661,13.481,1466.8491,9.6667,35,11758,3.6207,1216.3452,0.3966,0.5544
flow_7044,0x10001b84,01,Email,0,auto,135.6529,751.9659,252.3614,48037.6401,219.1749,236.0659,120.9996,489.4382,368.4386,0.032916,3.145737,0.714755,2.00134219,1.414688,4,2.071,7.4597,522.6501,18.9873,26,6561,1.3693,345.5466,0.4266,0.5944
flow_7056,0x10001b90,01,Email,0,auto,127.3033,1147.4536,355.1189,26515.2066,162.8349,245.1111,138.2402,400.7503,262.5101,0.037621,10.414578,0.367795,0.60989747,0.780959,9,3.7341,7.752,1326.067,24.6702,67,23792,2.7158,964.4024,0.5577,0.5975
flow_7068,0x10001b9c,01,Email,0,auto,100.8973,818.8187,415.4694,45563.0046,213.4549,254.5421,140.4931,540.2077,399.7145,0.016389,4.488387,0.827612,2.42789972,1.558172,5,2.4443,6.466,1015.5343,27.5003,33,13710,1.2,498.5393,0.4433,0.4464
flow_7080,0x10001ba8,01,Email,0,auto,94.1582,753.9543,280.5121,42721.1604,206.691,203.5957,106.1838,488.9188,382.7349,0.053131,5.149089,0.79285,0.98200795,0.990963,4,2.8179,5.5048,790.4611,17.6179,22,6171,1.2487,350.2687,0.5692,0.5793
flow_7092,0x10001bb4,01,Email,0,auto,138.8261,840.049,280.8185,41761.0293,204.3552,177.2189,152.6135,510.6767,358.0632,0.04871,5.98573,0.652277,3.13350394,1.770171,3,4.6309,11.1008,1300.4356,10.9593,16,4493,1.4599,409.9709,0.4076,0.532
flow_7104,0x10001bc0,01,Email,0,auto,90.0866,1028.9166,265.1892,8772.8428,93.6635,217.5321,107.6586,365.3694,257.7108,0.04319,7.997237,0.767116,0.48976018,0.699829,3,4.4808,8.6135,1188.2477,13.3958,17,4508,1.2691,336.5226,0.4935,0.4528
flow_7116,0x10001bcc,01,Email,0,auto,96.1288,803.583,286.149,17446.5992,132.0856,181.4519,109.7237,458.5048,348.7811,0.044901,2.699131,0.499648,0.89464087,0.945855,7,4.1756,9.993,1194.8499,20.8986,41,11732,1.9619,561.3773,0.4558,0.6319
flow_7128,0x10001bd8,01,Email,0,auto,111.9175,960.0189,301.7501,31261.0963,176.8081,174.5249,107.8743,494.4665,386.5921,0.034861,11.107872,0.663962,1.7781447,1.333471,2,4.602,5.1173,1388.6616,13.2447,19,5733,1.4345,432.8525,0.5228,0.6114
flow_7140,0x10001be4,01,Email,0,auto,113.0651,696.8102,316.6058,14209.6467,119.2042,230.2725,125.9175,527.7026,401.7851,0.03713,7.26662,0.466976,0.95919849,0.979387,12,4.6659,8.7908,1477.2614,28.2208,60,18996,2.1261,673.1205,0.5485,0.6258
flow_7152,0x10001bf0,01,Email,0,auto,99.5974,1138.2757,414.4248,36046.8161,189.86,190.7662,120.9696,354.1765,233.2069,0.032638,10.380743,0.706885,0.88068684,0.938449,3,2.2039,11.699,913.3359,8.2724,15,6216,1.8133,751.4132,0.604,0.4193
flow_7164,0x10001bfc,01,Email,0,auto,83.6323,901.9254,281.3822,10952.0272,104.6519,192.8935,138.8845,354.1026,215.2181,0.01923,8.586816,0.56175,1.38774738,1.178027,6,3.4987,9.3248,984.4651,12.0966,21,5909,1.736,488.4826,0.5988,0.3626
flow_7176,0x10001c08,01,Email,0,auto,123.87,882.4877,233.1088,30419.6884,174.4124,183.5251,149.9001,457.7407,307.8406,0.031165,9.118541,0.949324,1.51223166,1.229728,9,3.5604,6.6148,829.9623,27.8063,29,6760,1.0429,243.1108,0.5827,0.4579
flow_7188,0x10001c14,01,Email,0,auto,128.3314,913.856,386.924,47992.2663,219.0714,175.7196,125.5096,421.2774,295.7678,0.042564,6.314542,0.783893,1.1244882,1.060419,4,3.4379,10.6353,1330.2048,16.0087,20,7738,1.2493,483.3618,0.5307,0.4948
flow_7200,0x10001c20,01,Email,0,auto,98.5693,612.1364,287.6466,24593.4814,156.8231,171.8838,106.9022,415.8127,308.9105,0.029961,10.337989,0.841084,2.49498168,1.579551,3,3.2849,11.4018,944.9023,21.9997,26,7478,1.1818,339.9134,0.5468,0.3721
flow_7212,0x10001c2c,01,Email,0,auto,134.0005,970.0951,302.9968,18699.2301,136.7451,268.145,146.7271,486.1785,339.4513,0.017085,4.600502,0.933132,2.43036753,1.558964,3,4.7994,8.0897,1454.2,14.6075,15,4544,1.0269,311.0734,0.5013,0.6205
flow_7224,0x10001c38,01,Email,0,auto,111.5822,786.1538,222.9015,25281.3063,159.001,263.5207,134.6808,358.7763,224.0955,0.011287,11.462075,0.919609,0.37724207,0.6142,4,4.1869,7.0247,933.2742,22.6081,24,5349,1.0616,236.5966,0.4143,0.5846
flow_7236,0x10001c44,01,Email,0,auto,103.1692,1107.6129,366.6278,53504.3147,231.31,238.4379,146.4643,397.432,250.9678,0.017186,3.396645,0.865841,2.00949186,1.417565,3,4.5871,11.3501,1681.7591,16.8895,19,6965,1.125,412.3856,0.3883,0.4348
flow_7248,0x10001c50,01,Email,0,auto,85.0769,959.4498,305.289,31756.5219,178.2036,245.5292,123.9812,375.5388,251.5575,0.04148,11.904583,0.58858,2.40060496,1.549389,8,2.6067,11.009,795.8021,28.2069,47,14348,1.6663,508.6706,0.4553,0.4051
flow_7260,0x10001c5c,01,Email,0,auto,90.1486,1111.5709,388.7786,13942.4978,118.0784,264.087,120.6445,495.8874,375.2429,0.04085,4.460794,0.73672,1.01536803,1.007655,6,2.0562,8.6641,799.4093,18.6723,25,9719,1.3389,520.5049,0.386,0.4088
flow_7272,0x10001c68,01,Email,0,auto,113.9833,690.7945,355.8989,57514.9377,239.8227,204.1515,105.599,352.7236,247.1246,0.039868,10.020728,0.315398,1.474369,1.214236,11,4.037,12.6989,1436.7609,21.3464,67,23845,3.1387,1117.0503,0.5928,0.4284
flow_7284,0x10001c74,01,Email,0,auto,137.5582,1120.7142,329.9019,16738.4201,129.377,199.5195,143.3221,533.412,390.0899,0.014563,11.122735,0.619486,0.38949679,0.624097,2,3.7379,7.8473,1233.1434,9.4079,15,4948,1.5944,525.9401,0.5418,0.5616
flow_7296,0x10001c80,01,Email,0,auto,132.8098,884.5099,384.4287,22089.3222,148.6248,289.1724,105.404,453.9266,348.5226,0.054693,7.315956,0.81579,1.32633473,1.151666,3,4.7219,13.0955,1815.2335,16.9016,20,7688,1.1833,454.8692,0.5535,0.5101
flow_7308,0x10001c8c,01,Email,0,auto,117.3465,972.7482,254.7284,16101.8034,126.8929,233.96,140.0796,539.0569,398.9773,0.055622,5.412446,0.455621,1.11606491,1.05644,15,4.2761,7.6183,1089.238,27.344,60,15283,2.1943,558.9166,0.5052,0.488
flow_7320,0x10001c98,01,Email,0,auto,121.7449,874.534,405.6374,41479.941,203.6662,250.0222,101.0626,535.6454,434.5828,0.038388,3.984792,0.675325,2.2059618,1.485248,9,3.0535,11.7042,1238.6088,28.8159,42,17036,1.4575,591.2005,0.6055,0.6428
flow_7332,0x10001ca4,01,Email,0,auto,137.1072,1063.2431,341.6863,20716.9867,143.934,192.0496,132.5876,426.7255,294.1379,0.057498,7.016774,0.804727,1.23803701,1.112671,7,4.9889,7.3981,1704.6513,17.9778,22,7517,1.2237,418.1269,0.5007,0.6425
flow_7344,0x10001cb0,01,Email,0,auto,96.3806,959.7277,251.3635,57486.2548,239.7629,234.0556,133.2086,546.5047,413.2961,0.036846,7.551737,0.714274,1.69855292,1.303285,9,4.0895,9.3385,1027.9526,20.7692,29,7289,1.3963,350.9523,0.3962,0.3988
flow_7356,0x10001cbc,01,Email,0,auto,91.7312,719.3354,328.307,43106.1808,207.6203,239.3175,101.4718,449.057,347.5852,0.026877,5.708264,0.295112,2.98615857,1.728051,27,3.2248,5.9965,1058.7321,25.4402,86,28234,3.3805,1109.8202,0.4984,0.4143
flow_7368,0x10001cc8,01,Email,0,auto,132.5943,744.3906,313.5378,25746.9505,160.4586,189.4247,131.8413,388.9689,257.1275,0.057817,2.762992,0.715833,2.93437317,1.713001,4,4.504,6.5745,1412.1653,19.7187,27,8465,1.3693,429.289,0.4102,0.4806
flow_7380,0x10001cd4,01,Email,0,auto,104.4506,945.0787,361.4879,11082.5661,105.2738,170.5952,118.1543,353.5241,235.3698,0.047802,3.285358,0.769845,1.61966669,1.272661,9,2.3123,13.0549,835.8567,23.2459,30,10844,1.2906,466.4915,0.583,0.5102
flow_7392,0x10001ce0,01,Email,0,auto,102.4496,1024.7882,249.6007,30573.2446,174.8521,213.7286,124.6811,518.9004,394.2193,0.019748,5.781608,0.6597,0.92456196,0.961541,8,3.2278,10.8569,805.6676,28.3075,42,10483,1.4837,370.3255,0.512,0.4171
flow_7404,0x10001cec,01,Email,0,auto,139.2123,738.9069,294.8319,19122.1309,138.2828,287.9858,159.3117,410.5004,251.1888,0.059931,5.111678,0.839191,2.7428115,1.656144,4,2.6882,9.2527,792.5804,16.5667,19,5601,1.1469,338.0878,0.5487,0.6323
flow_7416,0x10001cf8,01,Email,0,auto,138.5962,907.7067,314.6236,24819.879,157.5433,190.5256,124.8765,434.9708,310.0943,0.055204,2.752119,0.705709,1.04275223,1.021152,3,3.1916,13.2665,1004.1378,17.2303,24,7550,1.3929,438.1808,0.5807,0.483
flow_7428,0x10001d04,01,Email,0,auto,119.2401,663.09,307.256,28352.3132,168.3815,229.5331,105.0407,469.1541,364.1134,0.030048,9.394658,0.800331,1.0172836,1.008605,4,4.3093,8.2779,1324.0599,18.3823,22,6759,1.1968,367.6898,0.5156,0.5801
flow_7440,0x10001d10,01,Email,0,auto,97.7431,969.2314,311.3405,37794.566,194.4082,266.4313,107.8732,408.9025,301.0293,0.029004,4.166796,0.942498,1.66825781,1.291611,3,2.7648,13.7933,860.8074,13.9161,15,4670,1.0779,335.5835,0.5914,0.4491
flow_7452,0x10001d1c,01,Email,0,auto,90.827,1168.4985,338.7554,12707.5809,112.7279,258.385,143.5321,381.6719,238.1398,0.028301,10.468812,0.423269,1.86847255,1.366921,17,4.2704,11.1794,1446.6066,25.5144,60,20325,2.3516,796.6094,0.577,0.4903
flow_7464,0x10001d28,01,Email,0,auto,92.1931,942.0366,279.6835,34150.4871,184.7985,293.3032,155.5172,361.8741,206.3569,0.040012,10.394346,0.392641,2.02957997,1.424633,15,4.4103,10.7743,1233.4829,20.0943,51,14263,2.538,709.8031,0.5881,0.4905
flow_7476,0x10001d34,01,Email,0,auto,118.5602,941.1752,278.786,39089.9593,197.7118,185.1073,104.8639,504.8925,400.0286,0.04213,3.709706,0.552517,0.68631593,0.828442,9,4.9404,8.9457,1377.3282,18.829,34,9478,1.8057,503.3718,0.3951,0.5955
flow_7488,0x10001d40,01,Email,0,auto,137.3869,1109.7941,315.552,27784.7603,166.6876,253.8003,144.1234,388.8663,244.7429,0.025102,10.535569,0.896279,2.01955868,1.421112,6,4.2513,9.9008,1341.5174,20.4612,22,6942,1.0752,339.2758,0.5749,0.4166
flow_7500,0x10001d4c,01,Email,0,auto,129.5874,985.9264,418.8809,54604.3071,233.6756,162.9509,133.3814,512.971,379.5896,0.053076,4.59423,0.719975,1.16570639,1.079679,10,3.4864,10.6751,1460.3944,29.3902,40,16755,1.361,570.0875,0.5158,0.5805
flow_7512,0x10001d58,01,Email,0,auto,109.7629,1161.4595,268.1248,32364.7795,179.9021,164.7303,158.9349,352.0925,193.1575,0.023844,2.688783,0.441389,3.01806402,1.737258,7,4.6884,5.1444,1257.0802,16.1655,36,9652,2.227,597.0754,0.5992,0.6444
flow_7524,0x10001d64,01,Email,0,auto,107.7444,601.5952,231.1412,13130.1477,114.5869,297.4234,124.7463,396.4216,271.6753,0.037003,10.149199,0.357611,1.84393776,1.357917,8,3.1637,7.8113,731.2684,18.3422,51,11788,2.7805,642.6727,0.5541,0.6334
flow_7536,0x10001d70,01,Email,0,auto,116.8957,1159.4021,347.7548,16239.0765,127.4326,180.4392,126.5694,383.456,256.8866,0.058127,11.011674,0.330947,2.91189818,1.706428,17,3.822,7.008,1329.1323,22.2839,67,23299,3.0067,1045.5554,0.403,0.4216
flow_7548,0x10001d7c,01,Email,0,auto,133.4815,670.1174,404.4827,14258.4493,119.4087,243.4607,129.1475,498.9936,369.8461,0.027134,11.647396,0.331951,1.75937032,1.326413,19,2.4856,13.4928,1005.3654,19.7883,59,23864,2.9816,1205.9677,0.4941,0.4409
flow_7560,0x10001d88,01,Email,0,auto,134.3758,1015.3358,406.7017,10850.6562,104.1665,211.1731,102.8489,489.9291,387.0802,0.054897,8.59699,0.443124,0.97458798,0.987212,4,3.5873,7.4023,1458.9591,10.2379,23,9354,2.2466,913.6662,0.5606,0.6435
flow_7572,0x10001d94,01,Email,0,auto,99.5126,610.1067,332.5844,44943.5335,211.9989,222.6894,147.5125,460.652,313.1395,0.056497,2.741259,0.761958,0.81123242,0.900684,8,2.8396,8.1974,944.4223,26.6522,34,11307,1.2757,424.2432,0.4864,0.3986
flow_7584,0x10001da0,01,Email,0,auto,119.243,778.6194,309.5672,18102.4158,134.5452,192.2936,100.8979,488.9974,388.0995,0.055897,4.742072,0.380772,2.91732176,1.708017,15,4.3903,6.334,1359.1017,24.4984,64,19812,2.6124,808.7044,0.4338,0.5939
flow_7596,0x10001dac,01,Email,0,auto,90.2864,917.5044,298.9569,21999.6944,148.3229,215.0093,102.1188,522.1923,420.0735,0.049576,9.017699,0.550096,2.03116751,1.42519,7,3.0841,6.2142,922.0139,22.0066,40,11958,1.8176,543.3828,0.5502,0.5438
flow_7608,0x10001db8,01,Email,0,auto,81.1626,868.8659,407.0306,48331.6232,219.8445,265.0953,128.9868,465.588,336.6012,0.041616,10.8923,0.737565,1.75839587,1.326045,8,3.0652,12.8665,1247.6429,28.9156,39,15874,1.3488,548.977,0.5702,0.4218
flow_7620,0x10001dc4,01,Email,0,auto,106.312,993.3839,301.2654,13976.8942,118.2239,271.8735,123.73,537.7334,414.0034,0.03342,10.840966,0.325022,1.65542558,1.286633,7,3.7635,10.8483,1133.8178,9.5887,29,8736,3.0244,911.0717,0.4586,0.5912
flow_7632,0x10001dd0,01,Email,0,auto,90.4101,776.0381,326.2031,8245.0643,90.8023,259.9676,102.3134,539.2117,436.8983,0.042909,5.047062,0.922564,2.97768145,1.725596,3,2.5348,11.5952,826.8658,20.4751,22,7176,1.0745,350.4746,0.6005,0.4127
flow_7644,0x10001ddc,01,Email,0,auto,116.8173,1172.7468,323.8554,45351.5069,212.9589,215.5455,149.2527,404.4963,255.2436,0.02254,6.557723,0.680335,1.3063662,1.142964,3,3.2891,9.1432,1065.1834,14.0831,20,6477,1.4201,459.9114,0.5752,0.6216
flow_7656,0x10001de8,01,Email,0,auto,139.2618,900.8825,300.7283,52082.8254,228.2166,268.6566,126.4597,419.9715,293.5117,0.014856,4.550666,0.933529,2.42792879,1.558181,3,2.3121,13.5994,695.3169,17.3949,18,5413,1.0348,311.1836,0.5122,0.5789
flow_7668,0x10001df4,01,Email,0,auto,87.681,605.2681,375.8764,40379.985,200.9477,297.0406,128.7219,385.9888,257.2669,0.031689,2.72633,0.448842,0.66239035,0.813874,3,4.5583,10.3482,1713.3454,8.2739,18,6765,2.1755,817.6321,0.5259,0.5583
flow_7680,0x10001e00,01,Email,0,auto,137.6256,807.7917,349.5608,21632.567,147.0801,271.8944,111.0514,449.9033,338.8519,0.037108,3.855921,0.78682,0.9676956,0.983715,10,3.7669,5.0781,1316.7451,29.0603,36,12584,1.2388,433.0302,0.5435,0.3616
flow_7692,0x10001e0c,01,Email,0,auto,107.1017,1026.5341,340.2608,51003.633,225.8398,161.0532,128.8973,421.084,292.1867,0.056517,6.146417,0.840778,1.93176785,1.389881,8,2.8027,9.056,953.6607,27.0367,32,10888,1.1836,402.7113,0.485,0.5203
flow_7704,0x10001e18,01,Email,0,auto,104.4002,718.0925,294.7105,20773.6968,144.1308,271.8516,144.1541,377.3097,233.1556,0.053927,10.932218,0.371479,2.62203429,1.61927,8,4.3111,12.8363,1270.5403,15.6191,42,12377,2.689,792.4277,0.4756,0.449
flow_7716,0x10001e24,01,Email,0,auto,122.2631,729.7081,238.1509,33138.954,182.0411,212.1784,138.1955,520.3191,382.1236,0.038896,9.597874,0.550692,3.02560856,1.739428,3,4.4519,9.4263,1060.226,13.57,24,5715,1.7686,421.1491,0.3838,0.4258
flow_7728,0x10001e30,01,Email,0,auto,113.9953,893.7662,308.203,44728.14,211.4903,299.0203,152.401,547.8924,395.4914,0.028162,9.314095,0.423998,0.6256353,0.790971,14,2.01,5.2073,619.4802,24.1527,56,17259,2.3186,714.5799,0.6165,0.4922
flow_7740,0x10001e3c,01,Email,0,auto,113.493,908.8836,277.2006,23801.8697,154.2785,235.7073,113.3219,474.822,361.5001,0.054471,3.07464,0.443482,0.92644499,0.96252,4,2.4918,5.6955,690.723,10.0492,22,6098,2.1892,606.8145,0.4684,0.5628
flow_7752,0x10001e48,01,Email,0,auto,124.522,1103.319,248.3634,18970.8632,137.7348,175.4468,127.3396,421.951,294.6114,0.043569,8.079693,0.821473,2.35686561,1.535209,2,2.6213,11.6089,651.0283,12.6061,15,3725,1.1899,295.4916,0.3989,0.614
flow_7764,0x10001e54,01,Email,0,auto,130.1699,998.087,343.2352,21390.5985,146.2553,276.3166,104.5609,457.7876,353.2267,0.024086,3.074065,0.731881,2.92617716,1.710607,2,4.8286,6.3578,1657.3427,9.4314,15,5148,1.5904,545.8335,0.5551,0.5633
flow_7776,0x10001e60,01,Email,0,auto,87.1194,715.762,291.3477,25642.253,160.132,225.3712,149.8537,454.6959,304.8422,0.019442,9.452986,0.519511,2.21099165,1.48694,5,2.486,7.6393,724.2759,18.838,36,10488,1.911,556.7474,0.5285,0.5417
flow_7788,0x10001e6c,01,Email,0,auto,127.8296,902.6509,378.6467,11042.7926,105.0847,170.7151,148.3942,459.1105,310.7163,0.058884,9.264789,0.492743,2.48683934,1.576972,5,2.2422,9.633,848.9908,9.0057,18,6815,1.9987,756.7465,0.5995,0.6302
flow_7800,0x10001e78,01,Email,0,auto,101.8047,1088.2389,392.7417,17837.7089,133.5579,183.4215,151.7469,473.4436,321.6967,0.021322,4.734656,0.547941,1.67715611,1.295051,7,2.4987,5.7856,981.3622,18.1755,33,12960,1.8156,713.048,0.4751,0.5059
flow_7812,0x10001e84,01,Email,0,auto,90.2195,773.4148,232.2784,9691.1209,98.4435,286.9824,140.6067,479.9411,339.3344,0.056837,9.633933,0.515618,0.66984067,0.818438,8,4.0621,5.2671,943.5479,21.8021,42,9755,1.9264,447.4343,0.5934,0.4389
flow_7824,0x10001e90,01,Email,0,auto,119.3744,852.9309,251.0722,54608.126,233.6838,293.2956,149.6715,492.1105,342.439,0.020184,10.486913,0.484848,0.77673687,0.881327,14,4.6323,10.2765,1163.0324,28.9107,59,14813,2.0408,512.3703,0.4238,0.5711
flow_7836,0x10001e9c,01,Email,0,auto,114.6757,774.714,249.6396,16871.1253,129.8889,222.211,135.5742,508.1472,372.573,0.039942,4.639398,0.536494,1.7715107,1.330981,4,3.6775,5.3732,918.038,8.109,15,3744,1.8498,461.7073,0.6133,0.4376
flow_7848,0x10001ea8,01,Email,0,auto,133.84,708.9679,287.6033,48128.0328,219.381,208.7685,159.8319,464.2443,304.4125,0.033186,5.463171,0.62555,0.82893835,0.910461,4,3.9512,6.7859,1136.3912,10.1371,16,4601,1.5784,453.8755,0.4335,0.4803
flow_7860,0x10001eb4,01,Email,0,auto,133.2293,765.6089,348.8141,32522.3868,180.3396,293.5294,100.4334,492.4961,392.0626,0.019654,9.894189,0.560301,0.80578879,0.897657,7,4.2883,10.5076,1495.8134,17.4873,31,10813,1.7727,618.3357,0.4248,0.3558
flow_7872,0x10001ec0,01,Email,0,auto,101.5047,839.8013,252.4581,36569.2183,191.2308,268.5888,111.5563,475.5814,364.0251,0.014916,10.174949,0.419998,2.58856966,1.608903,7,3.4927,7.3836,881.7538,21.4194,50,12622,2.3343,589.2795,0.6023,0.5556
flow_7884,0x10001ecc,01,Email,0,auto,107.4942,675.9526,325.44,29226.6067,170.9579,212.0715,120.95,359.2971,238.3471,0.040387,4.039499,0.754082,1.5156875,1.231133,4,4.0751,11.7443,1326.1883,12.1325,16,5207,1.3188,429.1764,0.5454,0.401
flow_7896,0x10001ed8,01,Email,0,auto,138.8352,665.4379,262.553,27323.7561,165.299,228.5089,131.5339,539.6289,408.095,0.020007,5.902785,0.410827,1.83157713,1.353358,15,4.2896,11.3781,1126.2465,24.4329,59,15490,2.4148,633.9822,0.4439,0.3682
flow_7908,0x10001ee4,01,Email,0,auto,124.7633,1064.36,289.626,23836.233,154.3899,249.2914,110.0627,465.3587,355.296,0.038,4.029459,0.4857,3.19866339,1.788481,6,2.6927,11.9827,779.868,14.9268,30,8688,2.0098,582.0419,0.5125,0.4889
flow_7920,0x10001ef0,01,Email,0,auto,91.9722,607.3088,317.1595,8105.1387,90.0285,212.7288,129.2639,545.5239,416.2599,0.015118,5.1026,0.440892,2.81847607,1.678832,11,4.9487,6.7934,1569.5372,20.3575,46,14589,2.2596,716.6414,0.559,0.5122
flow_7932,0x10001efc,01,Email,0,auto,91.1447,919.1208,397.9498,30568.2194,174.8377,206.9989,137.4674,536.4826,399.0152,0.055648,10.529943,0.885414,2.1592098,1.469425,3,3.2787,10.2121,1304.7633,18.7959,21,8356,1.1173,444.5657,0.4325,0.6292
flow_7944,0x10001f08,01,Email,0,auto,98.5384,806.9099,362.4434,16423.4926,128.1542,170.3513,108.608,458.7837,350.1757,0.038131,6.737765,0.73793,0.75690407,0.870002,6,3.2071,13.4931,1162.3829,20.4532,27,9785,1.3201,478.4082,0.4886,0.4239
flow_7956,0x10001f14,01,Email,0,auto,80.4314,852.7734,330.1674,43378.6443,208.2754,219.228,158.9678,484.6036,325.6359,0.033121,6.14214,0.604576,2.42250789,1.556441,14,3.0641,10.1427,1011.6528,29.6152,48,15848,1.6208,535.1305,0.5014,0.4412
flow_7968,0x10001f20,01,Email,0,auto,136.4057,617.8779,279.9753,34122.6188,184.7231,262.278,104.5568,418.179,313.6223,0.037445,7.368401,0.891378,3.13945928,1.771852,5,3.4719,12.9896,972.0343,20.1712,22,6159,1.0907,305.3365,0.4999,0.4544
flow_7980,0x10001f2c,01,Email,0,auto,131.8531,1194.1568,360.8954,15918.8573,126.17,186.6657,142.7608,385.1886,242.4278,0.02624,6.435792,0.617047,1.47069279,1.212721,3,4.9159,13.3612,1774.1165,14.0208,22,7939,1.5691,566.2318,0.4116,0.621
flow_7992,0x10001f38,01,Email,0,auto,100.8183,778.0535,273.8302,33598.0196,183.2976,272.206,130.8407,487.9122,357.0715,0.042161,2.693855,0.260254,1.81918406,1.348771,12,2.5665,13.7033,702.7796,21.639,83,22727,3.8357,1050.279,0.5108,0.5277
flow_8004,0x10001f44,01,ICMP,48,auto,112.0,112.0,112.0,0.2008,0.4481,112.0,112.0,112.0,0.0,0.98669,1.01331,1.0,4.429e-05,0.006655,16,1.0,2.0,112.0,32.8314,32,3584,0.9747,109.1637,0.5,0.5
flow_8016,0x10001f50,01,ICMP,48,auto,112.0,112.0,112.0,0.2729,0.5224,112.0,112.0,112.0,0.0,0.493544,0.506456,0.5,1.042e-05,0.003228,25,1.0,2.0,112.0,25.2132,50,5600,1.9831,222.1062,0.5,0.5
flow_8028,0x10001f5c,01,ICMP,48,auto,112.0,112.0,112.0,0.6259,0.7912,112.0,112.0,112.0,0.0,0.492301,0.507699,0.5,1.482e-05,0.00385,38,1.0,2.0,112.0,38.1737,76,8512,1.9909,222.9809,0.5,0.5
flow_8040,0x10001f68,01,ICMP,48,auto,96.0,96.0,96.0,0.5436,0.7373,96.0,96.0,96.0,0.0,0.988037,1.011963,1.0,3.578e-05,0.005982,15,1.0,2.0,96.0,30.5867,30,2880,0.9808,94.1587,0.5,0.5
flow_8052,0x10001f74,01,ICMP,48,auto,112.0,112.0,112.0,0.5552,0.7451,112.0,112.0,112.0,0.0,0.983323,1.016677,1.0,6.953e-05,0.008338,13,1.0,2.0,112.0,26.9705,26,2912,0.964,107.97,0.5,0.5
flow_8064,0x10001f80,01,ICMP,48,auto,104.0,104.0,104.0,0.3564,0.597,104.0,104.0,104.0,0.0,0.983661,1.016339,1.0,6.674e-05,0.00817,8,1.0,2.0,104.0,16.8654,16,1664,0.9487,98.6637,0.5,0.5
flow_8076,0x10001f8c,01,ICMP,48,auto,112.0,112.0,112.0,0.1643,0.4053,112.0,112.0,112.0,0.0,0.98223,1.01777,1.0,7.894e-05,0.008885,17,1.0,2.0,112.0,35.3953,35,3920,0.9888,110.7491,0.5,0.5
flow_8088,0x10001f98,01,ICMP,48,auto,112.0,112.0,112.0,0.2099,0.4581,112.0,112.0,112.0,0.0,0.49123,0.50877,0.5,1.923e-05,0.004385,34,1.0,2.0,112.0,34.4044,68,7616,1.9765,221.3672,0.5,0.5
flow_8100,0x10001fa4,01,ICMP,48,auto,112.0,112.0,112.0,0.0426,0.2065,112.0,112.0,112.0,0.0,0.478249,0.521751,0.5,0.00011827,0.010875,38,1.0,2.0,112.0,38.2283,76,8512,1.9881,222.6624,0.5,0.5
flow_8112,0x10001fb0,01,ICMP,48,auto,104.0,104.0,104.0,0.0804,0.2836,104.0,104.0,104.0,0.0,0.482865,0.517135,0.5,7.34e-05,0.008567,21,1.0,2.0,104.0,21.3486,42,4368,1.9673,204.6038,0.5,0.5
flow_8124,0x10001fbc,01,ICMP,48,auto,104.0,104.0,104.0,0.0615,0.248,104.0,104.0,104.0,0.0,0.97908,1.02092,1.0,0.00010942,0.01046,14,1.0,2.0,104.0,28.2382,28,2912,0.9916,103.1228,0.5,0.5
flow_8136,0x10001fc8,01,ICMP,48,auto,96.0,96.0,96.0,0.2053,0.4531,96.0,96.0,96.0,0.0,0.994088,1.005912,1.0,8.74e-06,0.002956,11,1.0,2.0,96.0,23.9453,23,2208,0.9605,92.2103,0.5,0.5
flow_8148,0x10001fd4,01,ICMP,48,auto,112.0,112.0,112.0,0.4747,0.689,112.0,112.0,112.0,0.0,0.985443,1.014557,1.0,5.298e-05,0.007278,15,1.0,2.0,112.0,31.0473,31,3472,0.9985,111.8293,0.5,0.5
flow_8160,0x10001fe0,01,ICMP,48,auto,112.0,112.0,112.0,0.0529,0.23,112.0,112.0,112.0,0.0,0.9929,1.0071,1.0,1.26e-05,0.00355,19,1.0,2.0,112.0,38.7607,38,4256,0.9804,109.802,0.5,0.5
flow_8172,0x10001fec,01,ICMP,48,auto,112.0,112.0,112.0,0.3914,0.6256,112.0,112.0,112.0,0.0,0.487297,0.512703,0.5,4.034e-05,0.006351,38,1.0,2.0,112.0,38.3826,76,8512,1.9801,221.7671,0.5,0.5
flow_8184,0x10001ff8,01,ICMP,48,auto,104.0,104.0,104.0,0.0103,0.1013,104.0,104.0,104.0,0.0,0.476476,0.523524,0.5,0.00013834,0.011762,11,1.0,2.0,104.0,11.7961,23,2392,1.9498,202.7783,0.5,0.5
flow_8196,0x10002004,01,ICMP,48,auto,104.0,104.0,104.0,0.0388,0.1969,104.0,104.0,104.0,0.0,0.994521,1.005479,1.0,7.5e-06,0.002739,6,1.0,2.0,104.0,12.0355,12,1248,0.9971,103.6936,0.5,0.5
flow_8208,0x10002010,01,ICMP,48,auto,104.0,104.0,104.0,0.112,0.3347,104.0,104.0,104.0,0.0,0.479129,0.520871,0.5,0.0001089,0.010436,20,1.0,2.0,104.0,20.3654,40,4160,1.9641,204.2684,0.5,0.5
flow_8220,0x1000201c,01,ICMP,48,auto,104.0,104.0,104.0,0.0641,0.2533,104.0,104.0,104.0,0.0,0.993414,1.006586,1.0,1.084e-05,0.003293,18,1.0,2.0,104.0,37.9336,37,3848,0.9754,101.4404,0.5,0.5
flow_8232,0x10002028,01,ICMP,48,auto,104.0,104.0,104.0,0.5645,0.7514,104.0,104.0,104.0,0.0,0.978665,1.021335,1.0,0.00011379,0.010667,7,1.0,2.0,104.0,15.9612,15,1560,0.9398,97.7372,0.5,0.5
flow_8244,0x10002034,01,ICMP,48,auto,96.0,96.0,96.0,0.0737,0.2715,96.0,96.0,96.0,0.0,0.48411,0.51589,0.5,6.312e-05,0.007945,10,1.0,2.0,96.0,10.585,21,2016,1.9839,190.4578,0.5,0.5
flow_8256,0x10002040,01,ICMP,48,auto,104.0,104.0,104.0,0.011,0.1048,104.0,104.0,104.0,0.0,0.477603,0.522397,0.5,0.0001254,0.011198,21,1.0,2.0,104.0,21.9102,43,4472,1.9626,204.1057,0.5,0.5
flow_8268,0x1000204c,01,ICMP,48,auto,112.0,112.0,112.0,0.433,0.6581,112.0,112.0,112.0,0.0,0.982276,1.017724,1.0,7.854e-05,0.008862,7,1.0,2.0,112.0,15.5613,15,1680,0.9639,107.9599,0.5,0.5
flow_8280,0x10002058,01,ICMP,48,auto,96.0,96.0,96.0,0.1989,0.446,96.0,96.0,96.0,0.0,0.980108,1.019892,1.0,9.892e-05,0.009946,12,1.0,2.0,96.0,24.4808,24,2304,0.9804,94.1145,0.5,0.5
flow_8292,0x10002064,01,ICMP,48,auto,104.0,104.0,104.0,0.5823,0.7631,104.0,104.0,104.0,0.0,0.993978,1.006022,1.0,9.07e-06,0.003011,10,1.0,2.0,104.0,20.7683,20,2080,0.963,100.1524,0.5,0.5
flow_8304,0x10002070,01,ICMP,48,auto,112.0,112.0,112.0,0.4912,0.7008,112.0,112.0,112.0,0.0,0.494578,0.505422,0.5,7.35e-06,0.002711,30,1.0,2.0,112.0,30.9926,61,6832,1.9682,220.4401,0.5,0.5
flow_8316,0x1000207c,01,ICMP,48,auto,112.0,112.0,112.0,0.0655,0.2559,112.0,112.0,112.0,0.0,0.989471,1.010529,1.0,2.771e-05,0.005264,16,1.0,2.0,112.0,32.209,32,3584,0.9935,111.2732,0.5,0.5
flow_8328,0x10002088,01,ICMP,48,auto,96.0,96.0,96.0,0.2747,0.5241,96.0,96.0,96.0,0.0,0.976183,1.023817,1.0,0.00014182,0.011909,8,1.0,2.0,96.0,16.5105,16,1536,0.9691,93.0315,0.5,0.5
flow_8340,0x10002094,01,ICMP,48,auto,112.0,112.0,112.0,0.206,0.4539,112.0,112.0,112.0,0.0,0.993758,1.006242,1.0,9.74e-06,0.003121,14,1.0,2.0,112.0,28.9049,28,3136,0.9687,108.4937,0.5,0.5
flow_8352,0x100020a0,01,ICMP,48,auto,96.0,96.0,96.0,0.3064,0.5535,96.0,96.0,96.0,0.0,0.489327,0.510673,0.5,2.848e-05,0.005336,11,1.0,2.0,96.0,11.5442,23,2208,1.9923,191.2652,0.5,0.5
flow_8364,0x100020ac,01,ICMP,48,auto,104.0,104.0,104.0,0.3869,0.622,104.0,104.0,104.0,0.0,0.995527,1.004473,1.0,5e-06,0.002236,10,1.0,2.0,104.0,20.8922,20,2080,0.9573,99.5589,0.5,0.5
flow_8376,0x100020b8,01,ICMP,48,auto,96.0,96.0,96.0,0.3761,0.6133,96.0,96.0,96.0,0.0,0.99171,1.00829,1.0,1.718e-05,0.004145,8,1.0,2.0,96.0,17.7777,17,1632,0.9563,91.8005,0.5,0.5
flow_8388,0x100020c4,01,ICMP,48,auto,96.0,96.0,96.0,0.317,0.563,96.0,96.0,96.0,0.0,0.487695,0.512305,0.5,3.785e-05,0.006152,35,1.0,2.0,96.0,35.8921,71,6816,1.9782,189.9025,0.5,0.5
flow_8400,0x100020d0,01,ICMP,48,auto,96.0,96.0,96.0,0.0715,0.2673,96.0,96.0,96.0,0.0,0.481572,0.518428,0.5,8.49e-05,0.009214,20,1.0,2.0,96.0,20.5178,41,3936,1.9983,191.8331,0.5,0.5
flow_8412,0x100020dc,01,ICMP,48,auto,96.0,96.0,96.0,0.4176,0.6463,96.0,96.0,96.0,0.0,0.481082,0.518918,0.5,8.947e-05,0.009459,17,1.0,2.0,96.0,17.0618,34,3264,1.9928,191.3046,0.5,0.5
flow_8424,0x100020e8,01,ICMP,48,auto,112.0,112.0,112.0,0.2146,0.4633,112.0,112.0,112.0,0.0,0.993393,1.006607,1.0,1.091e-05,0.003304,15,1.0,2.0,112.0,30.9356,30,3360,0.9698,108.6126,0.5,0.5
flow_8436,0x100020f4,01,ICMP,48,auto,104.0,104.0,104.0,0.0996,0.3156,104.0,104.0,104.0,0.0,0.488938,0.511062,0.5,3.059e-05,0.005531,35,1.0,2.0,104.0,35.7499,71,7384,1.986,206.5459,0.5,0.5
flow_8448,0x10002100,01,ICMP,48,auto,112.0,112.0,112.0,0.3474,0.5894,112.0,112.0,112.0,0.0,0.491274,0.508726,0.5,1.904e-05,0.004363,36,1.0,2.0,112.0,36.984,73,8176,1.9738,221.0685,0.5,0.5
flow_8460,0x1000210c,01,ICMP,48,auto,112.0,112.0,112.0,0.5662,0.7524,112.0,112.0,112.0,0.0,0.986673,1.013327,1.0,4.44e-05,0.006663,14,1.0,2.0,112.0,28.4453,28,3136,0.9843,110.2466,0.5,0.5
flow_8472,0x10002118,01,ICMP,48,auto,112.0,112.0,112.0,0.2969,0.5448,112.0,112.0,112.0,0.0,0.988774,1.011226,1.0,3.151e-05,0.005613,13,1.0,2.0,112.0,26.4991,26,2912,0.9812,109.8906,0.5,0.5
flow_8484,0x10002124,01,ICMP,48,auto,104.0,104.0,104.0,0.088,0.2966,104.0,104.0,104.0,0.0,0.990651,1.009349,1.0,2.185e-05,0.004674,16,1.0,2.0,104.0,33.7649,33,3432,0.9773,101.6441,0.5,0.5
flow_8496,0x10002130,01,ICMP,48,auto,96.0,96.0,96.0,0.5218,0.7223,96.0,96.0,96.0,0.0,0.490442,0.509558,0.5,2.284e-05,0.004779,20,1.0,2.0,96.0,20.9686,41,3936,1.9553,187.709,0.5,0.5
flow_8508,0x1000213c,01,ICMP,48,auto,112.0,112.0,112.0,0.6353,0.797,112.0,112.0,112.0,0.0,0.488407,0.511593,0.5,3.36e-05,0.005796,13,1.0,2.0,112.0,13.1088,26,2912,1.9834,222.1404,0.5,0.5
flow_8520,0x10002148,01,ICMP,48,auto,112.0,112.0,112.0,0.4435,0.6659,112.0,112.0,112.0,0.0,0.984679,1.015321,1.0,5.868e-05,0.00766,11,1.0,2.0,112.0,23.5706,23,2576,0.9758,109.2888,0.5,0.5
flow_8532,0x10002154,01,ICMP,48,auto,96.0,96.0,96.0,0.3873,0.6224,96.0,96.0,96.0,0.0,0.495204,0.504796,0.5,5.75e-06,0.002398,37,1.0,2.0,96.0,37.0216,74,7104,1.9988,191.888,0.5,0.5
flow_8544,0x10002160,01,ICMP,48,auto,96.0,96.0,96.0,0.1918,0.438,96.0,96.0,96.0,0.0,0.991648,1.008352,1.0,1.744e-05,0.004176,8,1.0,2.0,96.0,17.4558,17,1632,0.9739,93.4933,0.5,0.5
flow_8556,0x1000216c,01,ICMP,48,auto,112.0,112.0,112.0,0.0264,0.1625,112.0,112.0,112.0,0.0,0.987961,1.012039,1.0,3.623e-05,0.006019,18,1.0,2.0,112.0,37.2913,37,4144,0.9922,111.1251,0.5,0.5
flow_8568,0x10002178,01,ICMP,48,auto,96.0,96.0,96.0,0.1442,0.3798,96.0,96.0,96.0,0.0,0.984651,1.015349,1.0,5.89e-05,0.007674,7,1.0,2.0,96.0,15.1685,15,1440,0.9889,94.9338,0.5,0.5
flow_8580,0x10002184,01,ICMP,48,auto,104.0,104.0,104.0,0.0351,0.1874,104.0,104.0,104.0,0.0,0.990041,1.009959,1.0,2.48e-05,0.00498,18,1.0,2.0,104.0,36.0526,36,3744,0.9985,103.8482,0.5,0.5
flow_8592,0x10002190,01,ICMP,48,auto,96.0,96.0,96.0,0.3231,0.5684,96.0,96.0,96.0,0.0,0.982597,1.017403,1.0,7.572e-05,0.008702,10,1.0,2.0,96.0,21.9031,21,2016,0.9588,92.0419,0.5,0.5
flow_8604,0x1000219c,01,ICMP,48,auto,104.0,104.0,104.0,0.2465,0.4965,104.0,104.0,104.0,0.0,0.490919,0.509081,0.5,2.062e-05,0.004541,23,1.0,2.0,104.0,23.1874,46,4784,1.9838,206.3189,0.5,0.5
flow_8616,0x100021a8,01,ICMP,48,auto,112.0,112.0,112.0,0.1016,0.3188,112.0,112.0,112.0,0.0,0.48347,0.51653,0.5,6.831e-05,0.008265,19,1.0,2.0,112.0,19.7851,39,4368,1.9712,220.7717,0.5,0.5
flow_8628,0x100021b4,01,ICMP,48,auto,104.0,104.0,104.0,0.4563,0.6755,104.0,104.0,104.0,0.0,0.486596,0.513404,0.5,4.491e-05,0.006702,25,1.0,2.0,104.0,25.278,50,5200,1.978,205.7127,0.5,0.5
flow_8640,0x100021c0,01,ICMP,48,auto,112.0,112.0,112.0,0.3191,0.5649,112.0,112.0,112.0,0.0,0.493587,0.506413,0.5,1.028e-05,0.003207,23,1.0,2.0,112.0,23.569,47,5264,1.9941,223.3443,0.5,0.5
flow_8652,0x100021cc,01,ICMP,48,auto,104.0,104.0,104.0,0.3764,0.6135,104.0,104.0,104.0,0.0,0.479291,0.520709,0.5,0.00010722,0.010355,34,1.0,2.0,104.0,34.2475,68,7072,1.9855,206.4967,0.5,0.5
flow_8664,0x100021d8,01,ICMP,48,auto,96.0,96.0,96.0,0.239,0.4889,96.0,96.0,96.0,0.0,0.982865,1.017135,1.0,7.34e-05,0.008567,16,1.0,2.0,96.0,32.9035,32,3072,0.9725,93.3639,0.5,0.5
flow_8676,0x100021e4,01,ICMP,48,auto,112.0,112.0,112.0,0.0195,0.1397,112.0,112.0,112.0,0.0,0.490099,0.509901,0.5,2.451e-05,0.004951,10,1.0,2.0,112.0,10.7595,21,2352,1.9518,218.5967,0.5,0.5
flow_8688,0x100021f0,01,ICMP,48,auto,104.0,104.0,104.0,0.1158,0.3403,104.0,104.0,104.0,0.0,0.48991,0.51009,0.5,2.545e-05,0.005045,34,1.0,2.0,104.0,34.1066,68,7072,1.9937,207.3497,0.5,0.5
flow_8700,0x100021fc,01,ICMP,48,auto,104.0,104.0,104.0,0.125,0.3535,104.0,104.0,104.0,0.0,0.480343,0.519657,0.5,9.66e-05,0.009829,36,1.0,2.0,104.0,36.9314,73,7592,1.9766,205.5702,0.5,0.5
flow_8712,0x10002208,01,ICMP,48,auto,104.0,104.0,104.0,0.4262,0.6528,104.0,104.0,104.0,0.0,0.992058,1.007942,1.0,1.577e-05,0.003971,6,1.0,2.0,104.0,13.4677,13,1352,0.9653,100.3886,0.5,0.5
flow_8724,0x10002214,01,ICMP,48,auto,96.0,96.0,96.0,0.3324,0.5765,96.0,96.0,96.0,0.0,0.476868,0.523132,0.5,0.00013377,0.011566,35,1.0,2.0,96.0,35.8378,71,6816,1.9811,190.1902,0.5,0.5
flow_8736,0x10002220,01,ICMP,48,auto,104.0,104.0,104.0,0.0171,0.1307,104.0,104.0,104.0,0.0,0.979312,1.020688,1.0,0.000107,0.010344,10,1.0,2.0,104.0,21.8643,21,2184,0.9605,99.8887,0.5,0.5
flow_8748,0x1000222c,01,ICMP,48,auto,112.0,112.0,112.0,0.0614,0.2477,112.0,112.0,112.0,0.0,0.477824,0.522176,0.5,0.00012294,0.011088,19,1.0,2.0,112.0,19.8091,39,4368,1.9688,220.5051,0.5,0.5
flow_8760,0x10002238,01,ICMP,48,auto,104.0,104.0,104.0,0.0862,0.2936,104.0,104.0,104.0,0.0,0.493446,0.506554,0.5,1.074e-05,0.003277,10,1.0,2.0,104.0,10.3368,20,2080,1.9348,201.2224,0.5,0.5
flow_8772,0x10002244,01,ICMP,48,auto,112.0,112.0,112.0,0.4419,0.6648,112.0,112.0,112.0,0.0,0.482906,0.517094,0.5,7.306e-05,0.008547,30,1.0,2.0,112.0,30.4806,60,6720,1.9685,220.4684,0.5,0.5
flow_8784,0x10002250,01,ICMP,48,auto,112.0,112.0,112.0,0.6186,0.7865,112.0,112.0,112.0,0.0,0.479231,0.520769,0.5,0.00010784,0.010384,17,1.0,2.0,112.0,17.7938,35,3920,1.967,220.3013,0.5,0.5
flow_8796,0x1000225c,01,ICMP,48,auto,96.0,96.0,96.0,0.4911,0.7008,96.0,96.0,96.0,0.0,0.981423,1.018577,1.0,8.627e-05,0.009288,16,1.0,2.0,96.0,33.1106,33,3168,0.9967,95.6793,0.5,0.5
flow_8808,0x10002268,01,ICMP,48,auto,104.0,104.0,104.0,0.2852,0.534,104.0,104.0,104.0,0.0,0.492323,0.507677,0.5,1.473e-05,0.003839,15,1.0,2.0,104.0,15.3393,30,3120,1.9558,203.399,0.5,0.5
flow_8820,0x10002274,01,ICMP,48,auto,112.0,112.0,112.0,0.6092,0.7805,112.0,112.0,112.0,0.0,0.478103,0.521897,0.5,0.00011987,0.010949,12,1.0,2.0,112.0,12.3362,24,2688,1.9455,217.8953,0.5,0.5
flow_8832,0x10002280,01,ICMP,48,auto,112.0,112.0,112.0,0.1595,0.3993,112.0,112.0,112.0,0.0,0.48023,0.51977,0.5,9.771e-05,0.009885,32,1.0,2.0,112.0,32.7694,65,7280,1.9836,222.1586,0.5,0.5
flow_8844,0x1000228c,01,ICMP,48,auto,104.0,104.0,104.0,0.0175,0.1322,104.0,104.0,104.0,0.0,0.488319,0.511681,0.5,3.411e-05,0.00584,12,1.0,2.0,104.0,12.176,24,2496,1.9711,204.9932,0.5,0.5
flow_8856,0x10002298,01,ICMP,48,auto,104.0,104.0,104.0,0.4813,0.6938,104.0,104.0,104.0,0.0,0.98545,1.01455,1.0,5.292e-05,0.007275,6,1.0,2.0,104.0,12.8359,12,1248,0.9349,97.227,0.5,0.5
flow_8868,0x100022a4,01,ICMP,48,auto,104.0,104.0,104.0,0.1381,0.3716,104.0,104.0,104.0,0.0,0.993873,1.006127,1.0,9.39e-06,0.003064,6,1.0,2.0,104.0,12.0129,12,1248,0.9989,103.8884,0.5,0.5
flow_8880,0x100022b0,01,ICMP,48,auto,96.0,96.0,96.0,0.36,0.6,96.0,96.0,96.0,0.0,0.990833,1.009167,1.0,2.101e-05,0.004583,15,1.0,2.0,96.0,30.872,30,2880,0.9718,93.2885,0.5,0.5
flow_8892,0x100022bc,01,ICMP,48,auto,112.0,112.0,112.0,0.636,0.7975,112.0,112.0,112.0,0.0,0.490151,0.509849,0.5,2.425e-05,0.004925,14,1.0,2.0,112.0,14.6117,29,3248,1.9847,222.2879,0.5,0.5
flow_8904,0x100022c8,01,ICMP,48,auto,104.0,104.0,104.0,0.1003,0.3167,104.0,104.0,104.0,0.0,0.989417,1.010583,1.0,2.8e-05,0.005291,11,1.0,2.0,104.0,23.9382,23,2392,0.9608,99.9238,0.5,0.5
flow_8916,0x100022d4,01,ICMP,48,auto,104.0,104.0,104.0,0.1258,0.3547,104.0,104.0,104.0,0.0,0.983014,1.016986,1.0,7.213e-05,0.008493,15,1.0,2.0,104.0,31.2166,31,3224,0.9931,103.2785,0.5,0.5
flow_8928,0x100022e0,01,ICMP,48,auto,104.0,104.0,104.0,0.0984,0.3137,104.0,104.0,104.0,0.0,0.493228,0.506772,0.5,1.146e-05,0.003386,35,1.0,2.0,104.0,35.3282,70,7280,1.9814,206.0675,0.5,0.5
flow_8940,0x100022ec,01,ICMP,48,auto,104.0,104.0,104.0,0.2159,0.4647,104.0,104.0,104.0,0.0,0.489931,0.510069,0.5,2.534e-05,0.005034,23,1.0,2.0,104.0,23.081,46,4784,1.993,207.2702,0.5,0.5
flow_8952,0x100022f8,01,ICMP,48,auto,112.0,112.0,112.0,0.0321,0.1792,112.0,112.0,112.0,0.0,0.993976,1.006024,1.0,9.07e-06,0.003012,14,1.0,2.0,112.0,29.9037,29,3248,0.9698,108.6152,0.5,0.5
flow_8964,0x10002304,01,ICMP,48,auto,104.0,104.0,104.0,0.0291,0.1704,104.0,104.0,104.0,0.0,0.988593,1.011407,1.0,3.253e-05,0.005704,17,1.0,2.0,104.0,34.0191,34,3536,0.9994,103.9416,0.5,0.5
flow_8976,0x10002310,01,ICMP,48,auto,96.0,96.0,96.0,0.4687,0.6846,96.0,96.0,96.0,0.0,0.985938,1.014062,1.0,4.943e-05,0.007031,16,1.0,2.0,96.0,32.1574,32,3072,0.9951,95.5302,0.5,0.5
flow_8988,0x1000231c,01,ICMP,48,auto,112.0,112.0,112.0,0.3721,0.61,112.0,112.0,112.0,0.0,0.492241,0.507759,0.5,1.505e-05,0.00388,34,1.0,2.0,112.0,34.6984,69,7728,1.9886,222.7193,0.5,0.5
flow_9000,0x10002328,01,ICMP,48,auto,112.0,112.0,112.0,0.5962,0.7722,112.0,112.0,112.0,0.0,0.489007,0.510993,0.5,3.021e-05,0.005497,10,1.0,2.0,112.0,10.8101,21,2352,1.9426,217.5744,0.5,0.5
flow_9012,0x10002334,01,ICMP,48,auto,112.0,112.0,112.0,0.5349,0.7314,112.0,112.0,112.0,0.0,0.982865,1.017135,1.0,7.341e-05,0.008568,8,1.0,2.0,112.0,16.7788,16,1792,0.9536,106.8017,0.5,0.5
flow_9024,0x10002340,01,ICMP,48,auto,112.0,112.0,112.0,0.0264,0.1625,112.0,112.0,112.0,0.0,0.991406,1.008594,1.0,1.847e-05,0.004297,14,1.0,2.0,112.0,29.045,29,3248,0.9985,111.8267,0.5,0.5
flow_9036,0x1000234c,01,ICMP,48,auto,112.0,112.0,112.0,0.0146,0.121,112.0,112.0,112.0,0.0,0.978193,1.021807,1.0,0.00011888,0.010903,16,1.0,2.0,112.0,32.6127,32,3584,0.9812,109.8957,0.5,0.5
flow_9048,0x10002358,01,ICMP,48,auto,112.0,112.0,112.0,0.3369,0.5805,112.0,112.0,112.0,0.0,0.987929,1.012071,1.0,3.643e-05,0.006036,19,1.0,2.0,112.0,39.8421,39,4368,0.9789,109.6329,0.5,0.5
flow_9060,0x10002364,01,ICMP,48,auto,96.0,96.0,96.0,0.3625,0.6021,96.0,96.0,96.0,0.0,0.481465,0.518535,0.5,8.588e-05,0.009267,15,1.0,2.0,96.0,15.0102,30,2880,1.9986,191.8697,0.5,0.5
flow_9072,0x10002370,01,ICMP,48,auto,112.0,112.0,112.0,0.2369,0.4868,112.0,112.0,112.0,0.0,0.489799,0.510201,0.5,2.601e-05,0.0051,15,1.0,2.0,112.0,15.6913,31,3472,1.9756,221.2689,0.5,0.5
flow_9084,0x1000237c,01,ICMP,48,auto,104.0,104.0,104.0,0.2989,0.5467,104.0,104.0,104.0,0.0,0.986685,1.013315,1.0,4.432e-05,0.006657,13,1.0,2.0,104.0,26.2277,26,2704,0.9913,103.0971,0.5,0.5
flow_9096,0x10002388,01,ICMP,48,auto,112.0,112.0,112.0,0.1742,0.4173,112.0,112.0,112.0,0.0,0.493825,0.506175,0.5,9.53e-06,0.003087,35,1.0,2.0,112.0,35.9049,71,7952,1.9774,221.4738,0.5,0.5
flow_9108,0x10002394,01,ICMP,48,auto,96.0,96.0,96.0,0.0204,0.1427,96.0,96.0,96.0,0.0,0.482487,0.517513,0.5,7.668e-05,0.008757,13,1.0,2.0,96.0,13.2416,26,2496,1.9635,188.4969,0.5,0.5
flow_9120,0x100023a0,01,ICMP,48,auto,96.0,96.0,96.0,0.0339,0.184,96.0,96.0,96.0,0.0,0.990884,1.009116,1.0,2.077e-05,0.004558,6,1.0,2.0,96.0,12.3602,12,1152,0.9709,93.2021,0.5,0.5
flow_9132,0x100023ac,01,ICMP,48,auto,112.0,112.0,112.0,0.1527,0.3908,112.0,112.0,112.0,0.0,0.477328,0.522672,0.5,0.0001285,0.011336,21,1.0,2.0,112.0,21.1302,42,4704,1.9877,222.6195,0.5,0.5
flow_9144,0x100023b8,01,ICMP,48,auto,112.0,112.0,112.0,0.0534,0.231,112.0,112.0,112.0,0.0,0.995417,1.004583,1.0,5.25e-06,0.002292,5,1.0,2.0,112.0,10.598,10,1120,0.9436,105.6801,0.5,0.5
flow_9156,0x100023c4,01,ICMP,48,auto,96.0,96.0,96.0,0.1667,0.4083,96.0,96.0,96.0,0.0,0.994138,1.005862,1.0,8.59e-06,0.002931,7,1.0,2.0,96.0,15.3883,15,1440,0.9748,93.5778,0.5,0.5
flow_9168,0x100023d0,01,ICMP,48,auto,96.0,96.0,96.0,0.0107,0.1036,96.0,96.0,96.0,0.0,0.488141,0.511859,0.5,3.516e-05,0.005929,34,1.0,2.0,96.0,34.6269,69,6624,1.9927,191.2964,0.5,0.5
flow_9180,0x100023dc,01,ICMP,48,auto,96.0,96.0,96.0,0.0263,0.1622,96.0,96.0,96.0,0.0,0.487511,0.512489,0.5,3.899e-05,0.006244,31,1.0,2.0,96.0,31.6234,63,6048,1.9922,191.251,0.5,0.5
flow_9192,0x100023e8,01,ICMP,48,auto,96.0,96.0,96.0,0.0302,0.1738,96.0,96.0,96.0,0.0,0.988531,1.011469,1.0,3.288e-05,0.005735,15,1.0,2.0,96.0,31.0745,31,2976,0.9976,95.7697,0.5,0.5
flow_9204,0x100023f4,01,ICMP,48,auto,112.0,112.0,112.0,0.0374,0.1935,112.0,112.0,112.0,0.0,0.487222,0.512778,0.5,4.082e-05,0.006389,15,1.0,2.0,112.0,15.435,30,3360,1.9436,217.6875,0.5,0.5
flow_9216,0x10002400,01,ICMP,48,auto,96.0,96.0,96.0,0.0427,0.2067,96.0,96.0,96.0,0.0,0.985141,1.014859,1.0,5.52e-05,0.00743,5,1.0,2.0,96.0,11.5672,11,1056,0.951,91.2924,0.5,0.5
flow_9228,0x1000240c,01,ICMP,48,auto,112.0,112.0,112.0,0.4402,0.6635,112.0,112.0,112.0,0.0,0.992788,1.007212,1.0,1.3e-05,0.003606,11,1.0,2.0,112.0,22.4326,22,2464,0.9807,109.8399,0.5,0.5
flow_9240,0x10002418,01,ICMP,48,auto,96.0,96.0,96.0,0.637,0.7981,96.0,96.0,96.0,0.0,0.482073,0.517927,0.5,8.034e-05,0.008963,19,1.0,2.0,96.0,19.6518,39,3744,1.9845,190.5166,0.5,0.5
flow_9252,0x10002424,01,ICMP,48,auto,104.0,104.0,104.0,0.0806,0.2838,104.0,104.0,104.0,0.0,0.981964,1.018036,1.0,8.132e-05,0.009018,19,1.0,2.0,104.0,38.8713,38,3952,0.9776,101.6689,0.5,0.5
flow_9264,0x10002430,01,ICMP,48,auto,112.0,112.0,112.0,0.609,0.7804,112.0,112.0,112.0,0.0,0.492735,0.507265,0.5,1.319e-05,0.003632,28,1.0,2.0,112.0,28.1005,56,6272,1.9928,223.1991,0.5,0.5
flow_9276,0x1000243c,01,ICMP,48,auto,112.0,112.0,112.0,0.0639,0.2528,112.0,112.0,112.0,0.0,0.490046,0.509954,0.5,2.477e-05,0.004977,35,1.0,2.0,112.0,35.0378,70,7840,1.9978,223.7585,0.5,0.5
flow_9288,0x10002448,01,ICMP,48,auto,112.0,112.0,112.0,0.3496,0.5913,112.0,112.0,112.0,0.0,0.492109,0.507891,0.5,1.557e-05,0.003946,15,1.0,2.0,112.0,15.801,31,3472,1.9619,219.7323,0.5,0.5
flow_9300,0x10002454,01,ICMP,48,auto,112.0,112.0,112.0,0.4927,0.7019,112.0,112.0,112.0,0.0,0.492655,0.507345,0.5,1.349e-05,0.003672,25,1.0,2.0,112.0,25.4658,50,5600,1.9634,219.9027,0.5,0.5
flow_9312,0x10002460,01,ICMP,48,auto,104.0,104.0,104.0,0.2434,0.4934,104.0,104.0,104.0,0.0,0.476371,0.523629,0.5,0.00013958,0.011814,36,1.0,2.0,104.0,36.0423,72,7488,1.9977,207.7559,0.5,0.5
flow_9324,0x1000246c,01,ICMP,48,auto,112.0,112.0,112.0,0.5975,0.773,112.0,112.0,112.0,0.0,0.47854,0.52146,0.5,0.00011513,0.01073,10,1.0,2.0,112.0,10.5209,21,2352,1.996,223.5544,0.5,0.5
flow_9336,0x10002478,01,ICMP,48,auto,112.0,112.0,112.0,0.5459,0.7389,112.0,112.0,112.0,0.0,0.484812,0.515188,0.5,5.767e-05,0.007594,36,1.0,2.0,112.0,36.8589,73,8176,1.9805,221.819,0.5,0.5
flow_9348,0x10002484,01,ICMP,48,auto,96.0,96.0,96.0,0.0783,0.2799,96.0,96.0,96.0,0.0,0.488818,0.511182,0.5,3.126e-05,0.005591,20,1.0,2.0,96.0,20.029,40,3840,1.9971,191.722,0.5,0.5
flow_9360,0x10002490,01,ICMP,48,auto,96.0,96.0,96.0,0.3655,0.6045,96.0,96.0,96.0,0.0,0.976906,1.023094,1.0,0.00013334,0.011547,7,1.0,2.0,96.0,15.0928,15,1440,0.9939,95.4098,0.5,0.5
flow_9372,0x1000249c,01,ICMP,48,auto,112.0,112.0,112.0,0.245,0.495,112.0,112.0,112.0,0.0,0.483601,0.516399,0.5,6.723e-05,0.0082,18,1.0,2.0,112.0,18.6101,37,4144,1.9882,222.6751,0.5,0.5
flow_9384,0x100024a8,01,ICMP,48,auto,104.0,104.0,104.0,0.1225,0.35,104.0,104.0,104.0,0.0,0.977926,1.022074,1.0,0.00012182,0.011037,17,1.0,2.0,104.0,34.1991,34,3536,0.9942,103.3945,0.5,0.5
flow_9396,0x100024b4,01,ICMP,48,auto,96.0,96.0,96.0,0.1599,0.3999,96.0,96.0,96.0,0.0,0.986679,1.013321,1.0,4.436e-05,0.00666,10,1.0,2.0,96.0,20.0109,20,1920,0.9995,95.9476,0.5,0.5
flow_9408,0x100024c0,01,ICMP,48,auto,104.0,104.0,104.0,0.4527,0.6729,104.0,104.0,104.0,0.0,0.482617,0.517383,0.5,7.555e-05,0.008692,35,1.0,2.0,104.0,35.0436,70,7280,1.9975,207.741,0.5,0.5
flow_9420,0x100024cc,01,ICMP,48,auto,104.0,104.0,104.0,0.5877,0.7666,104.0,104.0,104.0,0.0,0.488922,0.511078,0.5,3.068e-05,0.005539,33,1.0,2.0,104.0,33.1094,66,6864,1.9934,207.313,0.5,0.5
flow_9432,0x100024d8,01,ICMP,48,auto,112.0,112.0,112.0,0.2349,0.4847,112.0,112.0,112.0,0.0,0.482449,0.517551,0.5,7.701e-05,0.008775,20,1.0,2.0,112.0,20.6484,41,4592,1.9856,222.3902,0.5,0.5
flow_9444,0x100024e4,01,ICMP,48,auto,104.0,104.0,104.0,0.0112,0.106,104.0,104.0,104.0,0.0,0.487055,0.512945,0.5,4.189e-05,0.006472,32,1.0,2.0,104.0,32.4774,64,6656,1.9706,204.9423,0.5,0.5
flow_9456,0x100024f0,01,ICMP,48,auto,112.0,112.0,112.0,0.3786,0.6153,112.0,112.0,112.0,0.0,0.47963,0.52037,0.5,0.00010373,0.010185,32,1.0,2.0,112.0,32.1744,64,7168,1.9892,222.7862,0.5,0.5
flow_9468,0x100024fc,01,ICMP,48,auto,96.0,96.0,96.0,0.1602,0.4002,96.0,96.0,96.0,0.0,0.489325,0.510675,0.5,2.849e-05,0.005338,36,1.0,2.0,96.0,36.9615,73,7008,1.975,189.6029,0.5,0.5
flow_9480,0x10002508,01,ICMP,48,auto,96.0,96.0,96.0,0.5505,0.742,96.0,96.0,96.0,0.0,0.992333,1.007667,1.0,1.47e-05,0.003834,8,1.0,2.0,96.0,17.4675,17,1632,0.9732,93.4305,0.5,0.5
flow_9492,0x10002514,01,ICMP,48,auto,104.0,104.0,104.0,0.1036,0.3219,104.0,104.0,104.0,0.0,0.488432,0.511568,0.5,3.346e-05,0.005784,31,1.0,2.0,104.0,31.0672,62,6448,1.9957,207.5502,0.5,0.5
flow_9504,0x10002520,01,ICMP,48,auto,96.0,96.0,96.0,0.0373,0.193,96.0,96.0,96.0,0.0,0.987089,1.012911,1.0,4.167e-05,0.006456,11,1.0,2.0,96.0,23.7632,23,2208,0.9679,92.9166,0.5,0.5
flow_9516,0x1000252c,01,ICMP,48,auto,112.0,112.0,112.0,0.3475,0.5895,112.0,112.0,112.0,0.0,0.491119,0.508881,0.5,1.972e-05,0.00444,28,1.0,2.0,112.0,28.9275,57,6384,1.9704,220.6899,0.5,0.5
flow_9528,0x10002538,01,ICMP,48,auto,96.0,96.0,96.0,0.0646,0.2541,96.0,96.0,96.0,0.0,0.994155,1.005845,1.0,8.54e-06,0.002922,13,1.0,2.0,96.0,26.6375,26,2496,0.9761,93.7024,0.5,0.5
flow_9540,0x10002544,01,ICMP,48,auto,104.0,104.0,104.0,0.6004,0.7749,104.0,104.0,104.0,0.0,0.981696,1.018304,1.0,8.376e-05,0.009152,15,1.0,2.0,104.0,30.6394,30,3120,0.9791,101.8295,0.5,0.5
flow_9552,0x10002550,01,ICMP,48,auto,96.0,96.0,96.0,0.5773,0.7598,96.0,96.0,96.0,0.0,0.483332,0.516668,0.5,6.946e-05,0.008334,22,1.0,2.0,96.0,22.6971,45,4320,1.9826,190.3329,0.5,0.5
flow_9564,0x1000255c,01,ICMP,48,auto,112.0,112.0,112.0,0.327,0.5718,112.0,112.0,112.0,0.0,0.483677,0.516323,0.5,6.661e-05,0.008161,23,1.0,2.0,112.0,23.1292,46,5152,1.9888,222.7492,0.5,0.5
flow_9576,0x10002568,01,ICMP,48,auto,112.0,112.0,112.0,0.5819,0.7628,112.0,112.0,112.0,0.0,0.483683,0.516317,0.5,6.656e-05,0.008158,15,1.0,2.0,112.0,15.5202,31,3472,1.9974,223.7084,0.5,0.5
flow_9588,0x10002574,01,ICMP,48,auto,104.0,104.0,104.0,0.3942,0.6279,104.0,104.0,104.0,0.0,0.991157,1.008843,1.0,1.955e-05,0.004421,10,1.0,2.0,104.0,20.7076,20,2080,0.9658,100.4464,0.5,0.5
flow_9600,0x10002580,01,ICMP,48,auto,104.0,104.0,104.0,0.3974,0.6304,104.0,104.0,104.0,0.0,0.98847,1.01153,1.0,3.323e-05,0.005765,6,1.0,2.0,104.0,13.5332,13,1352,0.9606,99.9022,0.5,0.5
flow_9612,0x1000258c,01,ICMP,48,auto,104.0,104.0,104.0,0.5731,0.7571,104.0,104.0,104.0,0.0,0.983004,1.016996,1.0,7.221e-05,0.008498,13,1.0,2.0,104.0,26.3398,26,2704,0.9871,102.6582,0.5,0.5
flow_9624,0x10002598,01,ICMP,48,auto,112.0,112.0,112.0,0.3987,0.6314,112.0,112.0,112.0,0.0,0.984579,1.015421,1.0,5.945e-05,0.007711,5,1.0,2.0,112.0,11.4702,11,1232,0.959,107.4084,0.5,0.5
flow_9636,0x100025a4,01,ICMP,48,auto,96.0,96.0,96.0,0.0398,0.1995,96.0,96.0,96.0,0.0,0.490321,0.509679,0.5,2.342e-05,0.004839,31,1.0,2.0,96.0,31.8089,63,6048,1.9806,190.1355,0.5,0.5
flow_9648,0x100025b0,01,ICMP,48,auto,96.0,96.0,96.0,0.3725,0.6103,96.0,96.0,96.0,0.0,0.485513,0.514487,0.5,5.247e-05,0.007243,14,1.0,2.0,96.0,14.2057,28,2688,1.971,189.2194,0.5,0.5
flow_9660,0x100025bc,01,ICMP,48,auto,96.0,96.0,96.0,0.1079,0.3285,96.0,96.0,96.0,0.0,0.97798,1.02202,1.0,0.00012122,0.01101,16,1.0,2.0,96.0,32.6096,32,3072,0.9813,94.2055,0.5,0.5
flow_9672,0x100025c8,01,ICMP,48,auto,104.0,104.0,104.0,0.5193,0.7206,104.0,104.0,104.0,0.0,0.483313,0.516687,0.5,6.961e-05,0.008343,36,1.0,2.0,104.0,36.1756,72,7488,1.9903,206.9903,0.5,0.5
flow_9684,0x100025d4,01,ICMP,48,auto,104.0,104.0,104.0,0.0962,0.3102,104.0,104.0,104.0,0.0,0.487422,0.512578,0.5,3.955e-05,0.006289,27,1.0,2.0,104.0,27.4738,54,5616,1.9655,204.4127,0.5,0.5
flow_9696,0x100025e0,01,ICMP,48,auto,96.0,96.0,96.0,0.1823,0.427,96.0,96.0,96.0,0.0,0.492903,0.507097,0.5,1.259e-05,0.003548,18,1.0,2.0,96.0,18.1505,36,3456,1.9834,190.4085,0.5,0.5
flow_9708,0x100025ec,01,ICMP,48,auto,104.0,104.0,104.0,0.0605,0.2459,104.0,104.0,104.0,0.0,0.989089,1.010911,1.0,2.976e-05,0.005455,15,1.0,2.0,104.0,31.2564,31,3224,0.9918,103.1468,0.5,0.5
flow_9720,0x100025f8,01,ICMP,48,auto,104.0,104.0,104.0,0.0817,0.2858,104.0,104.0,104.0,0.0,0.495589,0.504411,0.5,4.86e-06,0.002206,16,1.0,2.0,104.0,16.0166,32,3328,1.9979,207.7848,0.5,0.5
flow_9732,0x10002604,01,ICMP,48,auto,96.0,96.0,96.0,0.1154,0.3397,96.0,96.0,96.0,0.0,0.492589,0.507411,0.5,1.373e-05,0.003706,21,1.0,2.0,96.0,21.2971,42,4032,1.9721,189.3219,0.5,0.5
flow_9744,0x10002610,01,ICMP,48,auto,96.0,96.0,96.0,0.3029,0.5504,96.0,96.0,96.0,0.0,0.491199,0.508801,0.5,1.937e-05,0.004401,27,1.0,2.0,96.0,27.3818,54,5184,1.9721,189.3228,0.5,0.5
flow_9756,0x1000261c,01,ICMP,48,auto,104.0,104.0,104.0,0.0784,0.2801,104.0,104.0,104.0,0.0,0.976721,1.023279,1.0,0.00013548,0.01164,15,1.0,2.0,104.0,30.6646,30,3120,0.9783,101.7458,0.5,0.5
flow_9768,0x10002628,01,ICMP,48,auto,112.0,112.0,112.0,0.0741,0.2722,112.0,112.0,112.0,0.0,0.480772,0.519228,0.5,9.243e-05,0.009614,33,1.0,2.0,112.0,33.0179,66,7392,1.9989,223.8783,0.5,0.5
flow_9780,0x10002634,01,ICMP,48,auto,104.0,104.0,104.0,0.3744,0.6119,104.0,104.0,104.0,0.0,0.980785,1.019215,1.0,9.23e-05,0.009607,10,1.0,2.0,104.0,21.1102,21,2184,0.9948,103.4571,0.5,0.5
flow_9792,0x10002640,01,ICMP,48,auto,112.0,112.0,112.0,0.0929,0.3047,112.0,112.0,112.0,0.0,0.994042,1.005958,1.0,8.87e-06,0.002979,10,1.0,2.0,112.0,20.4655,20,2240,0.9773,109.4526,0.5,0.5
flow_9804,0x1000264c,01,ICMP,48,auto,104.0,104.0,104.0,0.5897,0.7679,104.0,104.0,104.0,0.0,0.977314,1.022686,1.0,0.00012866,0.011343,16,1.0,2.0,104.0,33.667,33,3432,0.9802,101.9394,0.5,0.5
flow_9816,0x10002658,01,ICMP,48,auto,96.0,96.0,96.0,0.4892,0.6994,96.0,96.0,96.0,0.0,0.476162,0.523838,0.5,0.00014206,0.011919,16,1.0,2.0,96.0,16.3486,32,3072,1.9574,187.9062,0.5,0.5
flow_9828,0x10002664,01,ICMP,48,auto,96.0,96.0,96.0,0.2888,0.5374,96.0,96.0,96.0,0.0,0.993106,1.006894,1.0,1.188e-05,0.003447,11,1.0,2.0,96.0,23.7839,23,2208,0.967,92.8361,0.5,0.5
flow_9840,0x10002670,01,ICMP,48,auto,112.0,112.0,112.0,0.0482,0.2195,112.0,112.0,112.0,0.0,0.987918,1.012082,1.0,3.649e-05,0.006041,10,1.0,2.0,112.0,21.2243,21,2352,0.9894,110.8162,0.5,0.5
flow_9852,0x1000267c,01,ICMP,48,auto,96.0,96.0,96.0,0.4957,0.7041,96.0,96.0,96.0,0.0,0.490801,0.509199,0.5,2.115e-05,0.004599,26,1.0,2.0,96.0,26.6242,53,5088,1.9907,191.1044,0.5,0.5
flow_9864,0x10002688,01,ICMP,48,auto,96.0,96.0,96.0,0.5497,0.7414,96.0,96.0,96.0,0.0,0.488134,0.511866,0.5,3.52e-05,0.005933,30,1.0,2.0,96.0,30.0979,60,5760,1.9935,191.3753,0.5,0.5
flow_9876,0x10002694,01,ICMP,48,auto,96.0,96.0,96.0,0.4399,0.6633,96.0,96.0,96.0,0.0,0.983033,1.016967,1.0,7.197e-05,0.008483,13,1.0,2.0,96.0,26.4639,26,2496,0.9825,94.317,0.5,0.5
flow_9888,0x100026a0,01,ICMP,48,auto,104.0,104.0,104.0,0.587,0.7661,104.0,104.0,104.0,0.0,0.987323,1.012677,1.0,4.018e-05,0.006338,6,1.0,2.0,104.0,12.4172,12,1248,0.9664,100.5059,0.5,0.5
flow_9900,0x100026ac,01,ICMP,48,auto,112.0,112.0,112.0,0.3718,0.6098,112.0,112.0,112.0,0.0,0.995424,1.004576,1.0,5.24e-06,0.002288,15,1.0,2.0,112.0,31.35,31,3472,0.9888,110.7497,0.5,0.5
flow_9912,0x100026b8,01,ICMP,48,auto,96.0,96.0,96.0,0.3227,0.568,96.0,96.0,96.0,0.0,0.978114,1.021886,1.0,0.00011975,0.010943,15,1.0,2.0,96.0,30.9025,30,2880,0.9708,93.1964,0.5,0.5
flow_9924,0x100026c4,01,ICMP,48,auto,112.0,112.0,112.0,0.1022,0.3196,112.0,112.0,112.0,0.0,0.991188,1.008812,1.0,1.941e-05,0.004406,19,1.0,2.0,112.0,39.7358,39,4368,0.9815,109.9261,0.5,0.5
flow_9936,0x100026d0,01,ICMP,48,auto,104.0,104.0,104.0,0.3306,0.575,104.0,104.0,104.0,0.0,0.990624,1.009376,1.0,2.198e-05,0.004688,12,1.0,2.0,104.0,25.6632,25,2600,0.9742,101.3126,0.5,0.5
flow_9948,0x100026dc,01,ICMP,48,auto,104.0,104.0,104.0,0.4139,0.6433,104.0,104.0,104.0,0.0,0.98435,1.01565,1.0,6.123e-05,0.007825,18,1.0,2.0,104.0,36.1527,36,3744,0.9958,103.5606,0.5,0.5
flow_9960,0x100026e8,01,ICMP,48,auto,104.0,104.0,104.0,0.5731,0.757,104.0,104.0,104.0,0.0,0.494015,0.505985,0.5,8.95e-06,0.002992,39,1.0,2.0,104.0,39.6431,79,8216,1.9928,207.2492,0.5,0.5
flow_9972,0x100026f4,01,ICMP,48,auto,104.0,104.0,104.0,0.5223,0.7227,104.0,104.0,104.0,0.0,0.982483,1.017517,1.0,7.671e-05,0.008759,10,1.0,2.0,104.0,20.1266,20,2080,0.9937,103.3456,0.5,0.5
flow_9984,0x10002700,01,ICMP,48,auto,104.0,104.0,104.0,0.514,0.717,104.0,104.0,104.0,0.0,0.476155,0.523845,0.5,0.00014214,0.011922,10,1.0,2.0,104.0,10.5797,21,2184,1.9849,206.4322,0.5,0.5
flow_9996,0x1000270c,01,ICMP,48,auto,104.0,104.0,104.0,0.1468,0.3832,104.0,104.0,104.0,0.0,0.981304,1.018696,1.0,8.739e-05,0.009348,11,1.0,2.0,104.0,23.9234,23,2392,0.9614,99.9858,0.5,0.5
