flow_id,spi,scenario_id,traffic_type,dscp_label,label_source,pkt_len_min,pkt_len_max,pkt_len_mean,pkt_len_var,pkt_len_std,pkt_len_median,pkt_len_q25,pkt_len_q75,pkt_len_iqr,iat_min,iat_max,iat_mean,iat_var,iat_std,burst_count,burst_len_mean,burst_len_max,burst_bytes_mean,flow_duration_s,total_packets,total_bytes,packet_rate_pps,byte_rate_bps,forward_packet_ratio,forward_byte_ratio
flow_0008,0x10000008,09,VoIP,46,auto,163.3753,203.1575,182.5333,99.0408,9.9519,183.3684,175.567,189.4997,13.9327,0.019412,0.044466,0.029434,2.511e-05,0.005011,134,4.7754,7.9053,871.6624,29.7428,1010,184358,33.9577,6198.3974,0.4908,0.4944
flow_0020,0x10000014,09,VoIP,46,auto,127.7356,204.5011,158.512,174.1756,13.1976,158.1401,149.2737,167.7503,18.4766,0.019264,0.047188,0.030434,3.119e-05,0.005585,58,3.0992,6.6375,491.2567,16.6051,545,86389,32.8213,5202.5621,0.4928,0.5002
flow_0032,0x10000020,09,VoIP,46,auto,124.624,192.3758,156.736,284.5799,16.8695,157.0837,144.9274,168.5446,23.6173,0.009964,0.037819,0.021106,3.104e-05,0.005571,172,4.3623,7.7457,683.7289,32.14,1522,238552,47.3553,7422.2722,0.4959,0.5009
flow_0044,0x1000002c,09,VoIP,46,auto,131.5941,223.6742,168.7056,183.7745,13.5563,168.3682,159.2161,178.195,18.9789,0.010027,0.033485,0.01941,2.201e-05,0.004692,187,3.7856,6.9618,638.6583,44.9105,2313,390215,51.5025,8688.7328,0.5249,0.5248
flow_0056,0x10000038,09,VoIP,46,auto,144.6611,222.6508,175.5863,139.0628,11.7925,174.4468,167.3315,183.841,16.5095,0.01009,0.033704,0.019535,2.23e-05,0.004723,143,2.6364,7.349,462.923,39.7824,2036,357493,51.1785,8986.2177,0.514,0.5291
flow_0068,0x10000044,09,VoIP,46,auto,112.8862,191.2576,152.0992,355.7799,18.8621,151.9895,138.8957,165.3027,26.407,0.017898,0.049867,0.030685,4.088e-05,0.006394,61,3.2579,8.2354,495.5245,26.8306,874,132934,32.5748,4954.5735,0.4905,0.4869
flow_0080,0x10000050,09,VoIP,46,auto,73.2287,106.0984,86.2365,25.409,5.0407,85.2386,82.708,89.765,7.057,0.006877,0.042868,0.021274,5.181e-05,0.007198,142,2.8121,7.6096,242.5048,28.7653,1352,116591,47.0012,4053.1887,0.4889,0.4914
flow_0092,0x1000005c,09,VoIP,46,auto,165.0231,209.7297,189.0529,181.899,13.487,187.7611,179.6121,198.4938,18.8818,0.022811,0.039165,0.029353,1.07e-05,0.003271,178,3.6047,9.5787,681.4781,38.8842,1324,250306,34.0498,6437.2189,0.504,0.4999
flow_0104,0x10000068,09,VoIP,46,auto,108.4742,182.9901,140.6322,221.6629,14.8883,140.9416,130.2104,151.0541,20.8437,0.007708,0.040079,0.020656,4.192e-05,0.006474,72,4.379,9.2392,615.8306,12.0203,581,81707,48.3348,6797.4105,0.5297,0.5446
flow_0116,0x10000074,09,VoIP,46,auto,85.9097,117.7856,98.2903,43.0567,6.5618,99.3152,93.6971,102.8836,9.1865,0.017792,0.052472,0.031664,4.811e-05,0.006936,58,2.4231,9.8617,238.1655,20.9339,661,64969,31.5756,3103.5375,0.5242,0.541
flow_0128,0x10000080,09,VoIP,46,auto,186.1579,227.93,201.3423,124.3688,11.1521,200.2787,193.5358,209.1487,15.6129,0.011002,0.036823,0.02133,2.667e-05,0.005164,232,3.4251,8.017,689.6109,34.3331,1609,323959,46.8644,9435.7589,0.4847,0.4664
flow_0140,0x1000008c,09,VoIP,46,auto,98.1125,126.4488,109.8202,36.9259,6.0767,109.5112,105.5665,114.0739,8.5073,0.016206,0.049525,0.029534,4.441e-05,0.006664,20,2.7937,5.1978,306.8072,8.5226,288,31628,33.7924,3711.0675,0.4765,0.4661
flow_0152,0x10000098,09,VoIP,46,auto,93.1063,122.0284,104.1053,62.225,7.8883,103.2993,98.5835,109.6271,11.0436,0.022732,0.042981,0.030832,1.64e-05,0.00405,97,4.1854,5.2159,435.7269,19.0676,618,64337,32.4109,3374.1476,0.4703,0.4795
flow_0164,0x100000a4,09,VoIP,46,auto,129.8678,202.203,163.7383,235.776,15.355,161.4112,152.9898,174.4868,21.497,0.018167,0.050674,0.03117,4.227e-05,0.006501,107,2.429,5.9651,397.7238,21.6246,693,113470,32.0468,5247.2651,0.4924,0.5102
flow_0176,0x100000b0,09,VoIP,46,auto,91.6458,128.4322,104.9687,63.5591,7.9724,105.4386,99.3881,110.5494,11.1614,0.016429,0.053961,0.031442,5.634e-05,0.007506,54,3.1833,7.8273,334.1447,24.7562,787,82610,31.79,3336.9424,0.4764,0.4654
flow_0188,0x100000bc,09,VoIP,46,auto,163.4746,217.6451,186.5998,60.4605,7.7756,187.4255,181.1569,192.0427,10.8859,0.005822,0.042238,0.020388,5.305e-05,0.007283,138,3.9495,6.3524,736.9726,33.3023,1633,304717,49.0357,9150.0415,0.4923,0.4741
flow_0200,0x100000c8,09,VoIP,46,auto,77.3712,110.2771,87.7688,26.7469,5.1717,87.6367,84.1485,91.389,7.2404,0.017149,0.052492,0.031286,4.997e-05,0.007069,47,4.8444,5.4578,425.1907,18.3084,585,51344,31.9525,2804.3921,0.4896,0.479
flow_0212,0x100000d4,09,VoIP,46,auto,147.4135,211.7709,174.563,152.2843,12.3404,174.4097,165.9247,183.2012,17.2765,0.020677,0.045635,0.03066,2.491e-05,0.004991,109,3.665,5.4705,639.7787,31.9715,1042,181894,32.5916,5689.2604,0.4793,0.4965
flow_0224,0x100000e0,09,VoIP,46,auto,90.51,120.5957,101.1853,57.3174,7.5708,100.6023,95.8857,106.4848,10.5992,0.022768,0.044762,0.031565,1.935e-05,0.004399,86,2.0304,9.577,205.4454,26.7682,848,85805,31.6794,3205.4827,0.4973,0.5155
flow_0236,0x100000ec,09,VoIP,46,auto,99.369,133.4608,109.9412,55.573,7.4547,110.8776,104.7229,115.1595,10.4366,0.00861,0.037165,0.020032,3.261e-05,0.005711,71,3.4948,9.6292,384.2266,18.8213,939,103234,49.8903,5484.9544,0.5074,0.5079
flow_0248,0x100000f8,09,VoIP,46,auto,89.2416,127.992,103.923,39.6157,6.2941,105.3461,99.5171,108.3289,8.8117,0.017134,0.048054,0.029502,3.824e-05,0.006184,47,4.3874,7.2061,455.9502,17.4356,591,61418,33.8961,3522.5537,0.4827,0.4702
flow_0260,0x10000104,09,VoIP,46,auto,92.9406,125.2424,105.4971,55.6774,7.4617,105.4334,100.2739,110.7203,10.4464,0.017376,0.049406,0.030188,4.104e-05,0.006406,82,3.9814,7.1525,420.0245,27.192,900,94947,33.098,3491.7301,0.4831,0.4977
flow_0272,0x10000110,09,VoIP,46,auto,169.3345,216.8162,185.344,160.9693,12.6874,184.0907,176.4629,194.2252,17.7623,0.00834,0.036635,0.019658,3.203e-05,0.005659,130,4.0603,9.526,752.5453,29.8699,1519,281537,50.8539,9425.4506,0.4877,0.4941
flow_0284,0x1000011c,09,VoIP,46,auto,88.9321,123.7085,103.9234,52.2395,7.2277,102.8525,98.864,108.9828,10.1188,0.018531,0.04629,0.029635,3.082e-05,0.005552,56,2.8673,8.5001,297.9806,22.9757,775,80540,33.7313,3505.4441,0.4704,0.4647
flow_0296,0x10000128,09,VoIP,46,auto,157.1853,215.2127,180.6078,126.0509,11.2272,181.1269,172.7487,188.4668,15.7181,0.019976,0.046495,0.030584,2.813e-05,0.005304,39,2.1348,9.1225,385.5658,13.5122,441,79648,32.6372,5894.5339,0.4953,0.4918
flow_0308,0x10000134,09,VoIP,46,auto,80.2609,111.0975,91.6255,28.1309,5.3039,91.3894,87.9128,95.3382,7.4254,0.012695,0.033322,0.020946,1.702e-05,0.004125,80,2.5275,6.1046,231.588,20.5935,983,90067,47.7336,4373.573,0.482,0.4621
flow_0320,0x10000140,09,VoIP,46,auto,86.8879,121.2851,99.4754,36.371,6.0308,99.8364,95.2538,103.697,8.4432,0.010636,0.034756,0.020284,2.327e-05,0.004824,78,3.6217,7.7619,360.2716,16.7458,825,82067,49.266,4900.7451,0.5129,0.5039
flow_0332,0x1000014c,09,VoIP,46,auto,168.0242,215.9172,183.093,135.2606,11.6302,181.7412,174.9519,191.2341,16.2822,0.022531,0.04317,0.030786,1.704e-05,0.004128,45,3.0596,8.0762,560.1846,14.2304,462,84588,32.4657,5944.1687,0.4831,0.4896
flow_0344,0x10000158,09,VoIP,46,auto,167.79,219.3396,189.9544,161.2311,12.6977,190.3736,181.066,198.8428,17.7768,0.008803,0.035603,0.019523,2.873e-05,0.00536,128,3.5126,7.6416,667.2396,15.1082,773,146834,51.1642,9718.8113,0.5095,0.5049
flow_0356,0x10000164,09,VoIP,46,auto,161.9813,217.4108,186.1134,126.8338,11.2621,186.4806,178.23,193.9969,15.7669,0.016579,0.054414,0.031713,5.726e-05,0.007567,97,3.0912,9.0954,575.3142,30.0386,947,176249,31.5261,5867.4203,0.5087,0.4918
flow_0368,0x10000170,09,VoIP,46,auto,185.8854,236.9383,204.3168,103.0329,10.1505,205.0483,197.2115,211.4222,14.2107,0.020569,0.047944,0.031519,2.998e-05,0.005475,52,3.1082,5.0053,635.0515,19.0214,603,123203,31.7012,6477.0837,0.5277,0.5297
flow_0380,0x1000017c,09,VoIP,46,auto,128.0595,208.4058,164.6435,475.0685,21.7961,163.7977,149.3862,179.9007,30.5145,0.007285,0.037353,0.019312,3.616e-05,0.006014,133,2.295,5.5016,377.8597,38.5711,1997,328793,51.7745,8524.3382,0.5158,0.4984
flow_0392,0x10000188,09,VoIP,46,auto,103.897,188.107,143.3942,262.8574,16.2129,142.5463,132.0451,154.7432,22.698,0.018249,0.045334,0.029083,2.934e-05,0.005417,31,3.5875,5.3056,514.4307,12.3143,423,60655,34.3502,4925.5545,0.52,0.5011
flow_0404,0x10000194,09,VoIP,46,auto,76.1944,103.0885,86.2586,52.4682,7.2435,86.0145,81.1882,91.3291,10.1409,0.02227,0.043789,0.030878,1.852e-05,0.004304,24,2.5757,5.1653,222.1749,10.5411,341,29414,32.3496,2790.4147,0.5044,0.4877
flow_0416,0x100001a0,09,VoIP,46,auto,166.8477,211.4969,186.1416,176.9326,13.3016,186.3162,176.8305,195.4527,18.6222,0.022127,0.044191,0.030953,1.947e-05,0.004413,101,4.6547,5.692,866.442,25.8411,834,155242,32.2741,6007.5539,0.4733,0.4814
flow_0428,0x100001ac,09,VoIP,46,auto,131.0286,210.5814,157.6649,295.4875,17.1898,157.5422,145.6321,169.6977,24.0657,0.012131,0.033105,0.020521,1.76e-05,0.004195,172,3.4847,9.5544,549.4129,39.6102,1930,304293,48.7248,7682.1786,0.5203,0.5328
flow_0440,0x100001b8,09,VoIP,46,auto,87.1794,122.5904,97.7375,20.2639,4.5015,97.2839,94.5864,100.8885,6.3022,0.010039,0.038828,0.021555,3.315e-05,0.005758,62,2.82,5.0144,275.6215,17.878,829,81024,46.37,4532.0617,0.4957,0.4762
flow_0452,0x100001c4,09,VoIP,46,auto,134.8466,214.3687,168.5737,277.7647,16.6663,168.323,156.9073,180.2401,23.3328,0.008543,0.036111,0.01957,3.04e-05,0.005514,73,3.992,7.4654,672.943,13.8498,707,119181,51.0478,8605.2716,0.4928,0.5082
flow_0464,0x100001d0,09,VoIP,46,auto,110.6821,193.9808,149.9504,106.6197,10.3257,150.562,142.7224,157.1784,14.456,0.005018,0.041448,0.01959,5.308e-05,0.007286,118,4.8967,6.3721,734.2677,34.091,1740,260913,51.0398,7653.4254,0.516,0.5087
flow_0476,0x100001dc,09,VoIP,46,auto,189.1923,242.1086,209.9778,142.9027,11.9542,208.3948,201.6099,218.3457,16.7359,0.021547,0.047338,0.031864,2.661e-05,0.005158,39,3.3479,7.8536,702.9816,14.122,443,93020,31.3695,6586.8827,0.5179,0.5352
flow_0488,0x100001e8,09,VoIP,46,auto,169.2555,216.6709,190.8352,174.6059,13.2139,190.9724,181.5855,200.0849,18.4994,0.022535,0.04236,0.030465,1.572e-05,0.003965,124,2.8552,9.3896,544.8648,41.3709,1357,258963,32.8008,6259.5423,0.4733,0.4658
flow_0500,0x100001f4,09,VoIP,46,auto,106.9001,190.2829,142.3745,260.8149,16.1498,144.8685,131.0697,153.6794,22.6097,0.019585,0.048166,0.031017,3.268e-05,0.005716,43,3.0554,7.3105,435.0104,8.7287,281,40007,32.1927,4583.3905,0.48,0.4676
flow_0512,0x10000200,09,VoIP,46,auto,175.0027,215.9605,192.2506,113.9154,10.6731,191.5019,184.7794,199.7218,14.9424,0.014744,0.031612,0.021491,1.138e-05,0.003374,183,3.5847,7.7627,689.165,29.3729,1366,262614,46.5055,8940.7015,0.5085,0.5056
flow_0524,0x1000020c,09,VoIP,46,auto,124.1999,194.0011,150.4524,131.892,11.4844,150.6965,142.4133,158.4915,16.0782,0.010279,0.037911,0.021332,3.054e-05,0.005527,238,2.0882,6.6471,314.179,43.0911,2020,303913,46.8775,7052.809,0.5125,0.4949
flow_0536,0x10000218,09,VoIP,46,auto,94.2066,132.0811,107.7219,40.3811,6.3546,106.6976,103.2736,112.1701,8.8965,0.018006,0.047775,0.029914,3.545e-05,0.005954,114,2.6991,7.7205,290.754,40.6322,1358,146286,33.4217,3600.2442,0.5154,0.5329
flow_0548,0x10000224,09,VoIP,46,auto,95.0576,132.0342,108.0969,19.7216,4.4409,107.6228,104.9882,111.2055,6.2173,0.009833,0.036651,0.02056,2.877e-05,0.005364,162,4.8739,9.973,526.8552,21.7964,1060,114582,48.6319,5256.925,0.4919,0.5096
flow_0560,0x10000230,09,VoIP,46,auto,181.1655,220.4414,199.1093,159.3078,12.6217,199.5176,190.2741,207.9445,17.6704,0.019786,0.049247,0.03157,3.472e-05,0.005892,42,4.5285,8.2791,901.6676,11.4606,363,72276,31.6737,6306.4675,0.528,0.5217
flow_0572,0x1000023c,09,VoIP,46,auto,94.5053,122.5577,106.7878,50.2867,7.0913,106.0473,101.8239,111.7517,9.9278,0.009666,0.037871,0.020948,3.182e-05,0.005641,102,2.1518,6.4948,229.7842,23.1884,1106,118107,47.6963,5093.3676,0.5293,0.5358
flow_0584,0x10000248,09,VoIP,46,auto,177.8524,230.5135,200.377,55.3081,7.4369,199.312,195.1712,205.5829,10.4117,0.020445,0.047818,0.031394,2.997e-05,0.005475,46,2.4713,9.7914,495.1929,16.7814,534,107001,31.8209,6376.1611,0.4851,0.4942
flow_0596,0x10000254,09,VoIP,46,auto,165.1921,217.0107,189.8895,80.5902,8.9772,191.2976,183.6055,196.1736,12.5681,0.023169,0.042626,0.030952,1.514e-05,0.003891,121,3.1257,8.5317,593.5379,30.8835,997,189319,32.2826,6130.0965,0.5034,0.4982
flow_0608,0x10000260,09,VoIP,46,auto,182.3606,228.0508,197.6192,99.3596,9.9679,197.6178,190.6417,204.5968,13.9551,0.008813,0.036648,0.019947,3.099e-05,0.005567,83,2.6834,8.3792,530.2879,24.1109,1208,238724,50.1019,9901.0941,0.473,0.4817
flow_0620,0x1000026c,09,VoIP,46,auto,107.7504,199.0418,146.8689,197.2064,14.043,147.2894,137.0388,156.699,19.6602,0.018061,0.046125,0.029287,3.151e-05,0.005613,87,4.0346,7.349,592.5533,18.451,630,92527,34.1445,5014.7451,0.5018,0.5026
flow_0632,0x10000278,09,VoIP,46,auto,76.249,102.8217,87.0529,19.6424,4.432,87.5804,83.9506,90.1553,6.2048,0.014873,0.051781,0.029637,5.449e-05,0.007382,91,2.6201,7.8967,228.0885,31.5515,1064,92624,33.7226,2935.6407,0.5075,0.5103
flow_0644,0x10000284,09,VoIP,46,auto,84.5056,115.9583,95.0519,46.2697,6.8022,95.7233,90.2904,99.8135,9.5231,0.015784,0.051869,0.030218,5.208e-05,0.007217,20,2.8697,5.7045,272.7722,9.028,298,28325,33.0084,3137.4572,0.4703,0.4846
flow_0656,0x10000290,09,VoIP,46,auto,117.8049,190.709,144.2307,301.0731,17.3515,144.3996,132.0847,156.3767,24.292,0.011573,0.033893,0.020501,1.993e-05,0.004464,197,4.7776,5.2901,689.0731,26.5224,1293,186490,48.7513,7031.4265,0.4954,0.4754
flow_0668,0x1000029c,09,VoIP,46,auto,94.0643,129.7701,108.5472,37.1023,6.0912,109.4422,104.2834,112.8111,8.5276,0.019884,0.042786,0.029045,2.098e-05,0.00458,89,2.9964,7.3564,325.253,31.0795,1070,116145,34.4279,3737.0324,0.5082,0.5053
flow_0680,0x100002a8,09,VoIP,46,auto,174.9293,216.8647,196.8645,41.9326,6.4755,197.7788,192.3316,201.3973,9.0658,0.01843,0.050877,0.031409,4.211e-05,0.006489,83,4.2188,8.6219,830.5258,32.5315,1035,203754,31.8154,6263.2923,0.5143,0.4972
flow_0692,0x100002b4,09,VoIP,46,auto,131.8106,197.5357,157.6231,432.7659,20.803,158.5177,143.061,172.1853,29.1242,0.021611,0.047039,0.031782,2.586e-05,0.005086,74,2.6298,6.0049,414.5136,26.7204,840,132403,31.4366,4955.1211,0.5169,0.5238
flow_0704,0x100002c0,09,VoIP,46,auto,88.0691,121.1484,101.9375,25.4596,5.0457,101.3645,98.4055,105.4695,7.064,0.02085,0.047051,0.03133,2.746e-05,0.00524,83,3.2934,8.4195,335.7224,26.8413,856,87258,31.8912,3250.889,0.5065,0.5254
flow_0716,0x100002cc,09,VoIP,46,auto,121.0438,200.7636,158.6387,447.646,21.1576,159.1331,143.8283,173.449,29.6207,0.019052,0.045312,0.029556,2.758e-05,0.005252,40,3.9072,6.4706,619.8282,15.9411,539,85506,33.8119,5363.8655,0.4849,0.4821
flow_0728,0x100002d8,09,VoIP,46,auto,108.1748,190.3885,144.9519,210.9053,14.5226,145.6715,134.7861,155.1177,20.3316,0.007301,0.041496,0.020979,4.677e-05,0.006839,120,4.8117,9.799,697.4677,25.5533,1218,176551,47.6651,6909.1377,0.5276,0.5404
flow_0740,0x100002e4,09,VoIP,46,auto,178.2875,220.3915,194.9458,91.0821,9.5437,195.151,188.2652,201.6264,13.3612,0.0204,0.048656,0.031702,3.194e-05,0.005651,155,4.8634,6.576,948.0995,33.0256,1041,202938,31.521,6144.8656,0.4913,0.4802
flow_0752,0x100002f0,09,VoIP,46,auto,138.0615,225.9042,174.0007,354.0582,18.8164,173.8807,160.8292,187.1722,26.343,0.006253,0.041872,0.020501,5.075e-05,0.007124,155,4.326,7.8878,752.7197,43.4891,2121,369055,48.7708,8486.1497,0.4856,0.5006
flow_0764,0x100002fc,09,VoIP,46,auto,137.3133,225.425,174.2857,305.7464,17.4856,176.0413,162.0457,186.5256,24.4798,0.00973,0.033834,0.019372,2.324e-05,0.004821,88,4.8642,9.3531,847.7548,18.361,947,165048,51.5768,8989.064,0.484,0.4935
flow_0776,0x10000308,09,VoIP,46,auto,139.0153,221.0537,166.2008,371.1217,19.2645,165.3255,152.7156,179.686,26.9703,0.008368,0.037208,0.019904,3.327e-05,0.005768,146,4.1063,9.445,682.4667,34.6847,1742,289521,50.2239,8347.2237,0.4974,0.5042
flow_0788,0x10000314,09,VoIP,46,auto,142.3999,207.3191,176.9244,439.3932,20.9617,177.6832,162.2512,191.5976,29.3464,0.017065,0.051667,0.030906,4.789e-05,0.00692,77,4.3077,7.5657,762.1304,24.7583,801,141716,32.3528,5723.9876,0.4806,0.4629
flow_0800,0x10000320,09,VoIP,46,auto,186.5837,230.6994,207.4317,67.4734,8.2142,209.0019,201.6817,213.1816,11.4999,0.023538,0.039614,0.029968,1.034e-05,0.003215,93,4.7129,7.3843,977.6114,32.2815,1077,223403,33.3628,6920.4712,0.4907,0.4911
flow_0812,0x1000032c,09,VoIP,46,auto,78.7209,113.9861,91.4051,54.9245,7.4111,91.416,86.2174,96.5929,10.3755,0.009471,0.038005,0.020885,3.257e-05,0.005707,111,3.2349,6.6369,295.683,27.2303,1303,119100,47.8512,4373.8103,0.4899,0.4758
flow_0824,0x10000338,09,VoIP,46,auto,183.2323,229.8495,206.0322,150.4563,12.2661,205.5648,197.446,214.6185,17.1725,0.012573,0.034457,0.021327,1.916e-05,0.004377,143,2.563,7.9282,528.0663,28.8922,1354,278967,46.8638,9655.4412,0.515,0.5252
flow_0836,0x10000344,09,VoIP,46,auto,180.6166,222.2116,198.1768,75.9788,8.7166,196.3407,192.0752,204.2784,12.2032,0.013574,0.034191,0.02182,1.7e-05,0.004123,71,3.0555,9.9501,605.533,15.2331,698,138327,45.8214,9080.7115,0.4978,0.505
flow_0848,0x10000350,09,VoIP,46,auto,168.1597,223.5518,190.3107,54.2617,7.3663,189.039,185.1543,195.467,10.3128,0.01864,0.048897,0.030743,3.662e-05,0.006051,25,3.0294,7.0311,576.5198,10.9211,355,67560,32.5058,6186.1715,0.4904,0.5069
flow_0860,0x1000035c,09,VoIP,46,auto,78.9201,112.6556,92.0897,59.2386,7.6967,91.3081,86.702,97.4774,10.7753,0.015846,0.050265,0.029614,4.739e-05,0.006884,33,2.1817,5.385,200.9114,11.6247,392,36099,33.7213,3105.3729,0.5058,0.5079
flow_0872,0x10000368,09,VoIP,46,auto,84.3636,111.2155,94.5391,31.8817,5.6464,93.0804,90.5867,98.4916,7.9049,0.019315,0.046254,0.03009,2.903e-05,0.005388,145,4.4011,5.6344,416.0787,39.7482,1320,124791,33.209,3139.5351,0.4949,0.4788
flow_0884,0x10000374,09,VoIP,46,auto,178.8185,216.9846,196.9288,195.3975,13.9785,195.388,187.1439,206.7137,19.5699,0.006793,0.044609,0.021919,5.72e-05,0.007563,128,3.7035,9.9985,729.3234,41.4455,1890,372195,45.602,8980.3383,0.516,0.517
flow_0896,0x10000380,09,VoIP,46,auto,133.4573,201.7716,159.2773,280.9926,16.7628,158.9893,147.5433,171.0113,23.468,0.019872,0.047773,0.031033,3.114e-05,0.00558,40,2.4417,6.2277,388.902,15.7215,506,80594,32.1852,5126.3569,0.5091,0.5182
flow_0908,0x1000038c,09,VoIP,46,auto,167.9288,215.3212,184.2355,85.5787,9.2509,183.9237,177.7599,190.7111,12.9512,0.018153,0.046995,0.02969,3.327e-05,0.005768,81,2.2933,7.2905,422.5109,31.0609,1046,192710,33.6757,6204.2542,0.5178,0.5085
flow_0920,0x10000398,09,VoIP,46,auto,132.3042,225.0045,172.2523,186.2914,13.6489,173.0303,162.6981,181.8065,19.1084,0.004867,0.040913,0.019286,5.197e-05,0.007209,89,3.2367,5.0452,557.5372,20.6594,1071,184482,51.8408,8929.6836,0.4839,0.4656
flow_0932,0x100003a4,09,VoIP,46,auto,85.8781,121.2051,99.4337,24.6806,4.968,99.7457,95.9561,102.9113,6.9551,0.009648,0.039274,0.021498,3.511e-05,0.005925,140,3.9014,9.4714,387.9348,44.2189,2056,204435,46.4959,4623.2481,0.4969,0.5084
flow_0944,0x100003b0,09,VoIP,46,auto,82.9926,117.895,97.1824,27.8305,5.2755,97.9874,93.4896,100.8752,7.3856,0.009067,0.035067,0.019467,2.704e-05,0.0052,98,4.5072,5.2928,438.0244,24.174,1241,120603,51.3362,4988.9585,0.5175,0.5263
flow_0956,0x100003bc,09,VoIP,46,auto,78.2234,113.6525,88.9744,39.5451,6.2885,88.8652,84.5724,93.3763,8.8039,0.010196,0.038029,0.021329,3.099e-05,0.005567,136,4.7167,8.1947,419.6696,41.9513,1966,174923,46.8638,4169.6636,0.4905,0.5076
flow_0968,0x100003c8,09,VoIP,46,auto,132.0083,216.6788,171.6673,422.7234,20.5602,172.3453,157.2752,186.0595,28.7843,0.01643,0.05201,0.030662,5.064e-05,0.007116,45,2.0655,6.4701,354.5818,9.3958,306,52530,32.5678,5590.8061,0.4732,0.4701
flow_0980,0x100003d4,09,VoIP,46,auto,146.7361,223.1901,175.1183,300.9135,17.3469,175.4434,162.9755,187.2611,24.2856,0.01236,0.034522,0.021225,1.965e-05,0.004432,39,3.4759,8.7254,608.6912,12.145,572,100167,47.0977,8247.6224,0.4831,0.4685
flow_0992,0x100003e0,09,VoIP,46,auto,185.9293,226.3164,204.9559,80.7797,8.9878,205.7492,198.6645,211.2474,12.5829,0.021428,0.045184,0.03093,2.257e-05,0.004751,38,3.9275,6.2943,804.9733,11.8119,381,78088,32.2557,6610.9727,0.4944,0.499
flow_1004,0x100003ec,09,VoIP,46,auto,121.4718,192.8007,154.6707,365.7263,19.124,155.5344,141.2839,168.0575,26.7736,0.010996,0.037222,0.021486,2.751e-05,0.005245,221,3.584,6.6026,554.3469,36.4675,1697,262476,46.5346,7197.5271,0.5082,0.4967
flow_1016,0x100003f8,09,VoIP,46,auto,113.1136,194.3973,152.2318,172.411,13.1305,151.772,143.0404,161.4232,18.3827,0.010046,0.032573,0.019057,2.03e-05,0.004505,101,2.3089,6.5926,351.494,12.0723,633,96362,52.4342,7982.0915,0.5151,0.4977
flow_1028,0x10000404,09,VoIP,46,auto,113.3948,200.0243,152.5176,174.0544,13.193,152.092,143.2825,161.7526,18.4702,0.015729,0.051488,0.030033,5.115e-05,0.007152,59,2.797,6.6665,426.5901,25.7312,856,130555,33.2669,5073.7925,0.5096,0.5251
flow_1040,0x10000410,09,VoIP,46,auto,144.5277,213.1754,175.6306,356.9896,18.8942,176.194,162.4046,188.8565,26.4518,0.011143,0.034901,0.020646,2.258e-05,0.004752,119,2.975,8.1821,522.4948,31.1198,1507,264675,48.4258,8505.048,0.5015,0.4868
flow_1052,0x1000041c,09,VoIP,46,auto,180.8901,227.9786,201.5451,193.3267,13.9042,203.5182,191.8121,211.278,19.4659,0.021266,0.046656,0.031422,2.579e-05,0.005078,43,2.5951,8.2761,523.0286,8.8094,280,56432,31.7843,6405.9046,0.5074,0.5004
flow_1064,0x10000428,09,VoIP,46,auto,113.2166,189.0457,141.338,121.4299,11.0195,141.2081,133.6244,149.0517,15.4273,0.019388,0.044572,0.029462,2.537e-05,0.005037,151,3.3804,6.0425,477.7795,29.4205,998,141055,33.9219,4794.4403,0.5281,0.5124
flow_1076,0x10000434,09,VoIP,46,auto,78.0246,107.5527,91.1438,18.8572,4.3425,90.2822,88.104,94.1835,6.0795,0.005036,0.044492,0.020818,6.227e-05,0.007891,58,4.3758,5.3873,398.8275,17.5788,844,76925,48.0125,4376.0173,0.4944,0.4772
flow_1088,0x10000440,09,VoIP,46,auto,182.0633,220.401,200.2623,120.4036,10.9729,199.8783,192.5813,207.9433,15.362,0.019571,0.046389,0.030298,2.877e-05,0.005363,158,2.0604,7.4645,412.6166,44.9574,1483,296989,32.9868,6606.0148,0.4866,0.5023
flow_1100,0x1000044c,09,VoIP,46,auto,74.9803,104.6657,89.0509,35.1471,5.9285,88.9076,84.901,93.2009,8.2999,0.019161,0.04524,0.029593,2.72e-05,0.005216,57,3.7208,5.7774,331.3388,10.7717,363,32325,33.6994,3000.9174,0.5185,0.5345
flow_1112,0x10000458,09,VoIP,46,auto,116.6408,189.5151,143.1531,208.7742,14.449,142.7265,133.0388,153.2674,20.2286,0.006069,0.040924,0.020011,4.859e-05,0.006971,146,2.4927,7.4564,356.8413,31.8113,1589,227470,49.9508,7150.597,0.4976,0.4995
flow_1124,0x10000464,09,VoIP,46,auto,159.9661,205.4335,181.1457,105.3438,10.2637,181.323,173.9611,188.3303,14.3692,0.006887,0.042318,0.021059,5.022e-05,0.007086,40,2.4683,6.647,447.1192,11.2029,531,96188,47.3985,8585.9929,0.4914,0.4797
flow_1136,0x10000470,09,VoIP,46,auto,108.5553,189.8666,145.6846,423.0761,20.5688,145.3496,131.2864,160.0828,28.7963,0.019566,0.045372,0.029888,2.664e-05,0.005161,38,4.9838,6.2447,726.0572,8.6154,288,41957,33.4287,4870.0285,0.4712,0.4623
flow_1148,0x1000047c,09,VoIP,46,auto,161.815,215.6643,183.3692,73.0243,8.5454,183.966,177.3874,189.351,11.9636,0.020243,0.043183,0.029419,2.105e-05,0.004588,110,4.6037,9.9721,844.17,38.0971,1294,237279,33.9659,6228.2747,0.4822,0.4899
flow_1160,0x10000488,09,VoIP,46,auto,174.2328,222.8035,189.4688,180.4626,13.4336,189.7562,180.0652,198.8723,18.8071,0.019788,0.047174,0.030743,3e-05,0.005477,63,2.5378,6.6542,480.8275,14.752,479,90755,32.4702,6152.0612,0.4868,0.5003
flow_1172,0x10000494,09,VoIP,46,auto,167.6946,211.0161,183.3942,162.2099,12.7362,183.3624,174.4789,192.3095,17.8306,0.011616,0.03533,0.021102,2.249e-05,0.004743,40,2.756,8.0263,505.4389,9.3033,440,80693,47.2951,8673.5919,0.491,0.4976
flow_1184,0x100004a0,09,VoIP,46,auto,146.5917,214.5036,178.9769,215.9762,14.6961,178.5474,168.6896,189.2642,20.5746,0.009545,0.039435,0.021501,3.574e-05,0.005978,292,2.8988,5.6994,518.8226,40.3205,1875,335581,46.5024,8322.8327,0.5111,0.5116
flow_1196,0x100004ac,09,VoIP,46,auto,95.3765,130.0972,107.5317,58.7194,7.6629,108.0392,102.1677,112.8957,10.728,0.008102,0.037671,0.01993,3.497e-05,0.005914,164,2.7891,9.3871,299.9207,37.9426,1903,204632,50.1547,5393.1966,0.5252,0.5407
flow_1208,0x100004b8,09,VoIP,46,auto,159.5904,206.6821,182.4959,155.086,12.4534,181.4793,173.7785,191.2132,17.4347,0.018236,0.051515,0.031548,4.43e-05,0.006656,150,2.1557,6.7038,393.4077,34.5707,1095,199832,31.6742,5780.3833,0.4997,0.4918
flow_1220,0x100004c4,09,VoIP,46,auto,84.1047,117.4275,95.8756,31.6294,5.624,96.2176,91.9388,99.8124,7.8736,0.018571,0.046727,0.029833,3.171e-05,0.005631,28,3.0466,9.875,292.0901,11.0411,370,35473,33.5113,3212.8261,0.4856,0.4846
flow_1232,0x100004d0,09,VoIP,46,auto,109.7222,191.3241,144.7077,361.8766,19.0231,145.2225,131.3916,158.0238,26.6323,0.014642,0.053546,0.030204,6.054e-05,0.007781,91,4.9605,6.1478,717.8297,29.2179,967,139932,33.0961,4789.2549,0.4939,0.5043
flow_1244,0x100004dc,09,VoIP,46,auto,121.8591,196.2217,160.4142,120.8847,10.9948,159.0483,152.7178,168.1105,15.3927,0.010252,0.035891,0.020508,2.629e-05,0.005128,100,4.0036,7.358,642.2316,18.3569,895,143570,48.7556,7821.0528,0.4992,0.5115
flow_1256,0x100004e8,09,VoIP,46,auto,182.8656,227.5623,205.6607,50.6569,7.1174,206.1982,200.6785,210.6428,9.9643,0.021915,0.040432,0.029322,1.372e-05,0.003704,128,4.1645,7.701,856.4637,22.8103,777,159798,34.0635,7005.5071,0.4747,0.4764
flow_1268,0x100004f4,09,VoIP,46,auto,84.7664,119.6102,96.1993,39.7666,6.3061,96.7364,91.7851,100.6136,8.8285,0.019306,0.046005,0.029986,2.851e-05,0.00534,105,3.8314,8.4456,368.579,23.6482,788,75805,33.3218,3205.533,0.47,0.4715
flow_1280,0x10000500,09,VoIP,46,auto,134.5246,208.5958,164.1053,111.9497,10.5806,162.1228,156.6989,171.5118,14.8129,0.014547,0.03129,0.021244,1.121e-05,0.003349,125,3.7063,9.4304,608.2211,34.449,1621,266014,47.0551,7721.969,0.5273,0.5087
flow_1292,0x1000050c,09,VoIP,46,auto,175.7137,228.9069,196.164,158.4844,12.5891,196.9807,187.3516,204.9763,17.6247,0.014972,0.054741,0.03088,6.327e-05,0.007954,171,3.3071,7.5912,648.7296,37.7224,1221,239516,32.3681,6349.4412,0.4855,0.4926
flow_1304,0x10000518,09,VoIP,46,auto,121.5527,195.9885,150.9932,134.9892,11.6185,149.8813,142.8602,159.1261,16.2659,0.009275,0.035966,0.019951,2.85e-05,0.005338,31,2.9012,6.4367,438.0578,9.4093,471,71117,50.057,7558.1771,0.5033,0.5175
flow_1316,0x10000524,09,VoIP,46,auto,142.96,226.7065,174.3304,209.282,14.4666,175.3085,164.2038,184.457,20.2532,0.0219,0.045495,0.031338,2.227e-05,0.004719,68,3.5363,8.1404,616.4871,14.3711,458,79843,31.8695,5555.7997,0.4706,0.4571
flow_1328,0x10000530,09,VoIP,46,auto,127.7547,199.8096,153.4831,326.6287,18.0729,152.5962,140.8321,166.1341,25.302,0.005373,0.041957,0.020007,5.354e-05,0.007317,172,3.4539,9.9643,530.1106,38.5922,1928,295915,49.9583,7667.7425,0.5133,0.5314
flow_1340,0x1000053c,09,VoIP,46,auto,88.3324,126.5907,102.1132,24.5593,4.9557,101.261,98.6442,105.5822,6.938,0.020611,0.041888,0.029122,1.811e-05,0.004255,60,4.4951,6.282,459.0071,21.5637,740,75563,34.3169,3504.1734,0.5149,0.5039
flow_1352,0x10000548,09,VoIP,46,auto,95.2987,129.8037,108.8672,23.4073,4.8381,109.9909,105.4805,112.2538,6.7733,0.01042,0.038706,0.021735,3.2e-05,0.005657,50,3.4417,6.9098,374.6845,9.1953,423,46050,46.0016,5007.9809,0.5261,0.5229
flow_1364,0x10000554,09,VoIP,46,auto,118.0724,208.7562,155.1203,470.969,21.7018,156.8852,139.9291,170.3116,30.3825,0.009886,0.036956,0.020714,2.931e-05,0.005414,62,3.0883,9.712,479.0564,14.5138,700,108584,48.2301,7481.4525,0.4853,0.4987
flow_1376,0x10000560,09,VoIP,46,auto,139.1635,231.6453,176.8681,465.4627,21.5746,175.7675,161.7659,191.9703,30.2044,0.007922,0.038471,0.020142,3.733e-05,0.00611,28,2.0325,7.6574,359.4896,8.5863,426,75345,49.6139,8775.027,0.5101,0.5267
flow_1388,0x1000056c,09,VoIP,46,auto,170.3234,222.1746,192.1735,117.5695,10.8429,192.6936,184.5835,199.7636,15.1801,0.020581,0.043773,0.029858,2.152e-05,0.004638,106,3.9348,8.3607,756.1649,38.5035,1289,247711,33.4775,6433.4728,0.5002,0.4818
flow_1400,0x10000578,09,VoIP,46,auto,176.7025,227.0565,195.8087,108.9663,10.4387,196.1121,188.5016,203.1157,14.6142,0.01952,0.048799,0.031232,3.429e-05,0.005856,184,4.3387,8.2485,849.5625,38.002,1216,238103,31.9983,6265.5327,0.4754,0.4796
flow_1412,0x10000584,09,VoIP,46,auto,144.2035,212.6291,177.2621,337.8876,18.3817,175.5254,164.3949,190.1293,25.7344,0.014993,0.050502,0.029197,5.043e-05,0.007102,65,2.0942,8.1369,371.2302,15.8635,543,96253,34.2294,6067.5596,0.5139,0.5031
flow_1424,0x10000590,09,VoIP,46,auto,126.1419,205.1804,154.9685,347.7644,18.6484,154.474,141.9146,168.0224,26.1078,0.010421,0.033152,0.019513,2.067e-05,0.004546,249,2.4368,6.9153,377.6296,36.4364,1867,289326,51.24,7940.575,0.4812,0.4643
flow_1436,0x1000059c,09,VoIP,46,auto,128.7087,210.1644,164.0028,419.8913,20.4912,162.8728,149.659,178.3467,28.6877,0.01594,0.051599,0.030204,5.086e-05,0.007132,45,2.84,7.4019,465.7602,17.5919,582,95449,33.0835,5425.7454,0.5144,0.5195
flow_1448,0x100005a8,09,VoIP,46,auto,172.7389,225.0689,195.6269,103.3132,10.1643,194.3884,188.5119,202.7419,14.23,0.017133,0.050518,0.030487,4.458e-05,0.006677,25,4.735,9.4964,926.2905,9.3349,306,59861,32.7803,6412.6212,0.4991,0.498
flow_1460,0x100005b4,09,VoIP,46,auto,125.8583,196.9928,154.2174,330.9074,18.1909,154.424,141.4838,166.951,25.4672,0.007596,0.040136,0.020612,4.235e-05,0.006508,106,4.4169,5.1851,681.1636,17.1074,829,127846,48.4585,7473.1231,0.479,0.4595
flow_1472,0x100005c0,09,VoIP,46,auto,179.878,227.4499,195.4735,151.455,12.3067,197.0014,186.8588,204.0881,17.2294,0.023993,0.041994,0.031193,1.296e-05,0.0036,52,2.6918,7.2521,526.1788,19.7699,633,123734,32.0183,6258.6925,0.5259,0.539
flow_1484,0x100005cc,09,VoIP,46,auto,144.2802,200.9435,170.0297,420.2112,20.4991,169.2056,155.6804,184.379,28.6987,0.012,0.034907,0.021163,2.099e-05,0.004581,117,3.471,9.1333,590.1742,21.5497,1018,173090,47.2396,8032.1196,0.5225,0.5114
flow_1496,0x100005d8,09,VoIP,46,auto,188.8524,226.2039,204.2137,107.6861,10.3772,205.1811,196.9497,211.4777,14.5281,0.020964,0.043172,0.029847,1.973e-05,0.004442,37,3.4852,8.1991,711.7223,13.817,462,94346,33.437,6828.2305,0.4985,0.495
flow_1508,0x100005e4,09,VoIP,46,auto,92.7489,121.361,104.0701,21.4949,4.6363,104.5385,100.8247,107.3154,6.4908,0.017523,0.048517,0.029921,3.842e-05,0.006199,69,4.2525,5.3187,442.553,27.985,935,97305,33.4107,3477.0366,0.4903,0.4911
flow_1520,0x100005f0,09,VoIP,46,auto,178.8011,225.9402,194.0927,141.0451,11.8762,194.1797,185.7794,202.4061,16.6267,0.011131,0.038015,0.021885,2.891e-05,0.005377,257,2.0198,7.6526,392.0299,41.4592,1894,367611,45.6834,8866.8089,0.4844,0.4995
flow_1532,0x100005fc,09,VoIP,46,auto,96.8821,123.1276,107.9861,53.2379,7.2964,106.3881,102.8786,113.0936,10.215,0.018844,0.045436,0.029481,2.828e-05,0.005318,41,3.9427,6.3834,425.758,13.9361,472,50969,33.869,3657.3481,0.5169,0.5158
flow_1544,0x10000608,09,VoIP,46,auto,97.0535,127.5762,109.086,26.6568,5.163,111.7775,105.4718,112.7001,7.2282,0.018918,0.046544,0.029968,3.053e-05,0.005525,81,4.4462,6.178,485.0131,19.5488,652,71124,33.3525,3638.2842,0.4975,0.5044
flow_1556,0x10000614,09,VoIP,46,auto,165.2135,208.6478,181.2922,92.7713,9.6318,182.0928,174.55,188.0345,13.4845,0.019198,0.047732,0.030612,3.257e-05,0.005707,144,2.9487,8.5095,534.5805,40.2109,1313,238036,32.6528,5919.6891,0.5089,0.5221
flow_1568,0x10000620,09,VoIP,46,auto,172.924,223.2867,190.0102,50.9164,7.1356,190.7512,185.0153,195.0051,9.9898,0.015924,0.053285,0.030868,5.584e-05,0.007472,121,2.182,6.5885,414.5995,32.8261,1063,201980,32.3827,6153.026,0.4876,0.5003
flow_1580,0x1000062c,09,VoIP,46,auto,112.8163,177.9294,142.7686,383.4151,19.581,143.5061,129.0619,156.4753,27.4134,0.010372,0.03498,0.020215,2.422e-05,0.004922,244,2.2003,5.5489,314.1271,43.0464,2129,303954,49.4583,7061.0824,0.5214,0.5353
flow_1592,0x10000638,09,VoIP,46,auto,135.034,229.0586,174.8638,357.3189,18.9029,176.3056,161.6317,188.0958,26.464,0.003702,0.043649,0.019681,6.383e-05,0.007989,93,2.7924,7.4806,488.285,18.2185,925,161748,50.7727,8878.2489,0.4766,0.489
flow_1604,0x10000644,09,VoIP,46,auto,77.42,112.336,88.5751,45.2087,6.7237,88.7749,83.8685,93.2817,9.4132,0.0047,0.042702,0.019901,5.776e-05,0.0076,214,4.2582,9.5678,377.1681,40.8847,2054,181933,50.2388,4449.9013,0.4888,0.4819
flow_1616,0x10000650,09,VoIP,46,auto,84.0496,116.2574,98.8825,21.1071,4.5943,100.0222,95.6665,102.0984,6.432,0.007399,0.040181,0.020512,4.299e-05,0.006556,173,4.9615,6.2317,490.6078,43.3414,2112,208839,48.7294,4818.4637,0.4825,0.4748
flow_1628,0x1000065c,09,VoIP,46,auto,139.3241,229.0726,178.2597,182.5631,13.5116,178.9374,168.8016,187.7178,18.9162,0.015449,0.054779,0.031181,6.187e-05,0.007866,104,4.4896,8.5358,800.3154,38.4556,1233,219794,32.063,5715.5309,0.5099,0.4918
flow_1640,0x10000668,09,VoIP,46,auto,158.7596,213.5571,180.8088,103.8997,10.1931,181.9295,173.6736,187.944,14.2704,0.021108,0.043835,0.030199,2.066e-05,0.004545,72,4.5966,6.6736,831.108,21.9691,727,131447,33.0919,5983.2581,0.4889,0.5044
flow_1652,0x10000674,09,VoIP,46,auto,106.3674,180.7208,144.9656,453.169,21.2878,145.2333,130.0642,159.867,29.8029,0.014081,0.032373,0.021398,1.338e-05,0.003658,129,3.0038,9.9608,435.4415,25.8811,1209,175263,46.7136,6771.8468,0.5133,0.5035
flow_1664,0x10000680,09,VoIP,46,auto,71.2328,108.4203,86.0978,31.0598,5.5731,85.8661,82.1966,89.9989,7.8024,0.008689,0.035715,0.019499,2.922e-05,0.005405,105,2.4817,8.1993,213.6731,22.6689,1162,100045,51.2596,4413.3115,0.5273,0.5469
flow_1676,0x1000068c,09,VoIP,46,auto,123.82,190.9082,150.592,253.7405,15.9292,149.5505,139.4415,161.7424,22.3009,0.006467,0.03808,0.019112,3.998e-05,0.006323,231,2.9892,7.1146,450.1536,27.4248,1434,215948,52.2884,7874.1845,0.4997,0.489
flow_1688,0x10000698,09,VoIP,46,auto,121.9371,197.7786,148.2649,201.2428,14.186,147.4244,138.3347,158.1951,19.8604,0.021431,0.047795,0.031976,2.78e-05,0.005273,68,2.2672,8.5822,336.1471,25.5064,797,118167,31.2471,4632.8383,0.4971,0.4841
flow_1700,0x100006a4,09,VoIP,46,auto,123.6798,180.8802,149.6361,347.443,18.6398,149.8876,136.5883,162.684,26.0958,0.010151,0.035156,0.020153,2.501e-05,0.005001,95,4.595,6.2205,687.5828,19.8424,984,147241,49.5908,7420.5344,0.5175,0.508
flow_1712,0x100006b0,09,VoIP,46,auto,152.3398,219.0038,179.1178,353.8771,18.8116,179.2687,165.9496,192.2859,26.3363,0.020195,0.043958,0.0297,2.259e-05,0.004753,159,4.2747,6.377,765.6724,29.9919,1009,180729,33.6425,6025.9346,0.5197,0.527
flow_1724,0x100006bc,09,VoIP,46,auto,189.5811,241.5234,207.663,153.9326,12.407,205.64,198.9781,216.3479,17.3697,0.023599,0.04437,0.031907,1.726e-05,0.004154,190,3.434,7.7601,713.1236,41.8788,1312,272453,31.3285,6505.7525,0.4774,0.4869
flow_1736,0x100006c8,09,VoIP,46,auto,184.176,226.2996,205.8394,110.0038,10.4883,205.2401,198.4976,213.1812,14.6836,0.021209,0.04343,0.030097,1.975e-05,0.004444,67,2.2105,6.1884,455.0095,19.8909,660,135853,33.1809,6829.8928,0.5088,0.5077
flow_1748,0x100006d4,09,VoIP,46,auto,77.1081,108.6121,88.2619,51.271,7.1604,87.3289,83.2496,93.2742,10.0245,0.014503,0.031683,0.021375,1.181e-05,0.003436,197,3.4277,8.2528,302.5319,44.8898,2100,185349,46.7812,4128.9743,0.4985,0.4948
flow_1760,0x100006e0,09,VoIP,46,auto,145.9701,228.7214,176.8543,480.4258,21.9186,177.785,161.5112,192.1973,30.6861,0.016761,0.047563,0.029082,3.795e-05,0.00616,219,2.5914,8.3808,458.3089,41.435,1424,251840,34.3671,6077.9588,0.5186,0.502
flow_1772,0x100006ec,09,VoIP,46,auto,143.5051,205.0379,171.0698,234.1877,15.3032,170.3335,160.3576,181.7821,21.4245,0.008053,0.040232,0.020925,4.142e-05,0.006436,149,3.1839,9.9399,544.6719,35.6728,1704,291503,47.7675,8171.578,0.5228,0.5356
flow_1784,0x100006f8,09,VoIP,46,auto,92.1674,123.7135,104.9185,25.5818,5.0578,103.2965,101.378,108.459,7.081,0.02061,0.043072,0.029595,2.018e-05,0.004492,28,4.7184,6.6013,495.0432,12.6575,427,44800,33.7348,3539.393,0.4702,0.4809
flow_1796,0x10000704,09,VoIP,46,auto,130.7525,217.3968,170.6617,164.0181,12.807,171.4947,161.6968,179.6265,17.9297,0.019512,0.049446,0.031485,3.584e-05,0.005987,70,2.0774,6.3256,354.5338,25.8238,820,139942,31.7537,5419.1103,0.4795,0.476
flow_1808,0x10000710,09,VoIP,46,auto,184.2327,228.7344,204.1023,96.5637,9.8267,205.1269,197.2236,210.9809,13.7574,0.010537,0.037187,0.021197,2.841e-05,0.00533,186,2.2486,5.7359,458.9455,39.0281,1841,375752,47.1711,9627.7248,0.474,0.481
flow_1820,0x1000071c,09,VoIP,46,auto,86.8688,123.9859,99.539,54.0284,7.3504,99.3285,94.3937,104.6843,10.2906,0.008449,0.039107,0.020713,3.76e-05,0.006132,199,4.1378,8.6564,411.8709,26.8966,1298,129201,48.2589,4803.6232,0.4991,0.5151
flow_1832,0x10000728,09,VoIP,46,auto,127.7257,211.8059,166.3679,238.819,15.4538,166.573,155.5502,177.1855,21.6353,0.020165,0.045236,0.030193,2.514e-05,0.005014,104,3.5394,7.24,588.8466,42.4383,1405,233746,33.1069,5507.9049,0.472,0.466
flow_1844,0x10000734,09,VoIP,46,auto,148.696,230.8888,175.9902,301.3358,17.359,175.191,163.8389,188.1416,24.3026,0.008812,0.035623,0.019537,2.875e-05,0.005362,152,4.6156,6.4023,812.2923,40.3103,2063,363067,51.178,9006.8082,0.5071,0.5026
flow_1856,0x10000740,09,VoIP,46,auto,82.9778,114.8589,95.4394,43.8018,6.6183,94.9955,90.8066,100.0722,9.2656,0.023295,0.044253,0.031678,1.757e-05,0.004192,45,3.0744,5.4154,293.4216,20.6415,651,62131,31.5384,3010.0081,0.4793,0.4879
flow_1868,0x1000074c,09,VoIP,46,auto,108.6964,191.5608,144.0578,129.5167,11.3805,143.093,136.0914,152.0241,15.9328,0.008961,0.038287,0.020692,3.44e-05,0.005865,65,3.6861,5.2485,531.0121,13.8012,666,95942,48.2565,6951.6947,0.4834,0.5002
flow_1880,0x10000758,09,VoIP,46,auto,78.5822,116.1293,92.7464,25.378,5.0377,92.601,89.22,96.2727,7.0527,0.017973,0.052952,0.031964,4.894e-05,0.006996,129,2.358,6.3341,218.6983,30.4124,951,88201,31.2701,2900.1661,0.5061,0.5015
flow_1892,0x10000764,09,VoIP,46,auto,74.8441,108.2759,87.6434,18.1385,4.2589,86.457,84.6621,90.6246,5.9625,0.01624,0.049258,0.029447,4.361e-05,0.006604,62,2.6967,5.856,236.3508,25.4874,865,75811,33.9383,2974.4467,0.5031,0.5015
flow_1904,0x10000770,09,VoIP,46,auto,88.2718,120.4731,101.9702,42.3461,6.5074,101.3699,97.415,106.5253,9.1103,0.018621,0.047501,0.030173,3.336e-05,0.005776,122,4.226,7.9217,430.9244,23.0891,765,78007,33.1325,3378.5155,0.4783,0.4687
flow_1916,0x1000077c,09,VoIP,46,auto,142.9237,217.4695,176.007,175.4377,13.2453,175.5062,166.7353,185.2787,18.5434,0.022101,0.04243,0.030233,1.653e-05,0.004066,119,2.6685,8.3313,469.6832,36.0673,1192,209800,33.0493,5816.8976,0.4969,0.4894
flow_1928,0x10000788,09,VoIP,46,auto,78.3494,112.0301,88.4286,35.8171,5.9847,88.3844,84.2392,92.6179,8.3786,0.010644,0.035502,0.020588,2.472e-05,0.004972,95,4.4292,8.5024,391.6707,23.8124,1156,102223,48.5461,4292.8442,0.5238,0.5132
flow_1940,0x10000794,09,VoIP,46,auto,136.7122,204.5431,165.8388,426.8529,20.6604,164.5051,151.3765,180.3011,28.9246,0.016765,0.050683,0.030332,4.602e-05,0.006783,106,2.9121,8.1437,482.9339,39.7194,1309,217082,32.9562,5465.3909,0.5085,0.505
flow_1952,0x100007a0,09,VoIP,46,auto,181.8164,233.844,201.5967,59.5051,7.714,200.6485,196.1969,206.9964,10.7995,0.0089,0.041277,0.021851,4.193e-05,0.006475,52,3.3024,9.1762,665.7492,16.9816,777,156640,45.7555,9224.1238,0.5205,0.513
flow_1964,0x100007ac,09,VoIP,46,auto,76.6646,104.9041,88.4465,39.423,6.2788,88.978,84.0513,92.8416,8.7903,0.007837,0.04068,0.020974,4.315e-05,0.006569,152,3.9133,7.0967,346.1211,24.1174,1149,101625,47.6419,4213.7557,0.4883,0.4947
flow_1976,0x100007b8,09,VoIP,46,auto,84.9526,120.2016,98.1961,38.2469,6.1844,98.7546,93.867,102.5252,8.6582,0.01666,0.049373,0.029745,4.28e-05,0.006542,53,2.4414,5.7312,239.7383,15.5504,522,51258,33.5683,3296.2496,0.5206,0.5223
flow_1988,0x100007c4,09,VoIP,46,auto,94.1647,128.7287,106.4836,27.8196,5.2744,106.5529,102.7915,110.1757,7.3842,0.020877,0.046507,0.031129,2.628e-05,0.005126,57,4.1818,7.1279,445.2901,25.0705,805,85719,32.1095,3419.1243,0.4732,0.4882
flow_2000,0x100007d0,09,Video,34,auto,171.3988,1359.8159,1210.4529,157732.9461,397.1561,1213.1773,668.6846,1349.8159,681.1313,0.000981,0.062778,0.005842,0.00018593,0.013636,579,27.2446,66.6047,32978.3146,58.4253,10000,12104529,171.1589,207179.7526,0.8863,0.9324
flow_2012,0x100007dc,09,Video,34,auto,174.3334,1340.6202,1213.2287,192260.0665,438.4747,1087.2428,771.9382,1330.6202,558.682,0.000586,0.142502,0.009021,0.00045454,0.02132,206,23.309,36.7256,28279.1377,33.0494,3663,4444056,110.8341,134467.0737,0.908,0.9722
flow_2024,0x100007e8,09,Video,34,auto,148.2321,1379.2274,1268.0222,105010.7298,324.0536,1222.8843,705.9127,1360.0,654.0873,0.000536,0.14644,0.005981,0.00110097,0.033181,126,19.2095,42.4005,24358.0634,24.6943,4129,5235663,167.2048,212019.3625,0.7678,0.9482
flow_2036,0x100007f4,09,Video,34,auto,200.125,1353.3013,1192.62,131226.6409,362.2522,1127.1569,812.3001,1343.3013,531.0012,0.000219,0.094542,0.013061,0.00146706,0.038302,38,14.8432,86.1695,17702.3497,13.8595,1061,1265369,76.5541,91299.8722,0.8437,0.9021
flow_2048,0x10000800,09,Video,34,auto,138.776,1357.8502,1206.9896,126670.2734,355.9077,1203.0112,746.2802,1347.8502,601.57,0.000542,0.092716,0.011529,0.00029714,0.017238,204,14.6742,52.5908,17711.6416,47.8309,4148,5006592,86.7221,104672.6538,0.8161,0.8773
flow_2060,0x1000080c,09,Video,34,auto,151.2212,1376.0604,1236.1902,152358.3201,390.331,1110.9842,827.8308,1360.0,532.1692,0.000357,0.138919,0.003312,0.00034645,0.018613,827,19.4932,88.9893,24097.2668,55.9386,16889,20878015,301.9203,373230.9208,0.8532,0.8591
flow_2072,0x10000818,09,Video,34,auto,182.4703,1354.9162,1018.1692,120871.6429,347.666,1241.7595,748.5744,1344.9162,596.3418,0.000505,0.110169,0.014345,0.00036248,0.019039,78,16.4866,55.7698,16786.1079,38.0767,2654,2702220,69.7014,70967.8242,0.8391,0.9275
flow_2084,0x10000824,09,Video,34,auto,175.1373,1372.6956,1279.9314,162645.8126,403.2937,1269.3242,678.0728,1360.0,681.9272,0.00086,0.052965,0.014302,0.00023786,0.015423,64,24.7552,84.4681,31684.973,19.798,1384,1771425,69.9062,89475.1419,0.8533,0.9446
flow_2096,0x10000830,09,Video,34,auto,220.806,1375.4007,1032.1392,82466.0483,287.169,1195.9016,739.1671,1360.0,620.8329,0.000742,0.079956,0.010721,0.00027767,0.016663,92,14.3115,41.4711,14771.4699,34.1875,3188,3290459,93.2503,96247.3051,0.762,0.8957
flow_2108,0x1000083c,09,Video,34,auto,140.7099,1340.4514,987.9526,198125.3216,445.1127,1283.3464,841.9165,1330.4514,488.5348,0.00064,0.114683,0.010324,0.00093151,0.030521,63,25.1328,47.8834,24829.9863,22.5234,2181,2154724,96.8327,95666.139,0.8227,0.9526
flow_2120,0x10000848,09,Video,34,auto,196.2405,1341.3785,1242.8381,107490.3876,327.8573,1252.2503,686.7226,1331.3785,644.6559,0.000452,0.063063,0.01402,0.0013592,0.036867,92,12.5785,86.3246,15633.0773,36.9803,2637,3277364,71.3083,88624.6185,0.8725,0.9737
flow_2132,0x10000854,09,Video,34,auto,186.7221,1370.9404,1053.7542,95811.4906,309.5343,1064.7786,700.2906,1360.0,659.7094,0.000911,0.057858,0.01176,0.00034573,0.018594,49,14.4533,40.6624,15230.204,14.4541,1229,1295063,85.0278,89598.3762,0.732,0.9185
flow_2144,0x10000860,09,Video,34,auto,223.9557,1366.8797,1287.7753,84175.7994,290.1307,1115.8456,863.4698,1356.8797,493.4099,0.00022,0.096447,0.004167,0.0012361,0.035158,319,12.2906,80.3232,15827.523,40.4277,9702,12493996,239.9841,309045.6509,0.8901,0.9532
flow_2156,0x1000086c,09,Video,34,auto,122.0526,1367.2291,1234.5639,78495.2866,280.1701,1192.5638,844.1654,1357.2291,513.0636,0.000738,0.125608,0.01058,0.00141141,0.037569,110,20.0291,67.2388,24727.1535,26.3409,2489,3072829,94.4918,116656.1747,0.8583,0.9222
flow_2168,0x10000878,09,Video,34,auto,196.7538,1374.3719,978.5339,87773.3518,296.2657,1146.4715,848.5057,1360.0,511.4943,0.000723,0.111399,0.004766,0.00032477,0.018021,416,21.17,47.6072,20715.54,32.1996,6756,6610975,209.8164,205312.4642,0.8424,0.8857
flow_2180,0x10000884,09,Video,34,auto,218.6775,1367.0032,926.0758,86144.0454,293.5031,1270.4104,697.9544,1357.0032,659.0487,0.000779,0.052711,0.006438,0.00030638,0.017504,160,10.1204,87.4692,9372.2659,26.4918,4114,3809876,155.2932,143813.2691,0.8939,0.9342
flow_2192,0x10000890,09,Video,34,auto,224.7502,1346.5116,1299.3291,101962.512,319.3157,1198.6779,676.428,1336.5116,660.0836,0.000976,0.091178,0.010462,0.00188695,0.043439,155,16.5453,80.2511,21497.8311,51.3898,4912,6382304,95.5832,124194.0279,0.7525,0.9773
flow_2204,0x1000089c,09,Video,34,auto,215.0391,1353.6198,1094.5938,158298.2791,397.8672,1225.1956,837.5892,1343.6198,506.0306,0.000338,0.094707,0.004979,0.00059178,0.024326,243,21.3921,66.8931,23415.7061,34.3158,6892,7543940,200.8404,219838.6873,0.8466,0.8855
flow_2216,0x100008a8,09,Video,34,auto,136.3043,1357.4836,1234.1538,103928.5048,322.3794,1097.1508,800.4557,1347.4836,547.0279,0.000905,0.138205,0.013291,0.0013661,0.036961,85,17.4262,85.7244,21506.5812,28.7065,2159,2664538,75.2095,92820.1156,0.7386,0.9221
flow_2228,0x100008b4,09,Video,34,auto,178.6407,1375.4277,1179.7334,122735.4169,350.3361,1244.7508,847.2463,1360.0,512.7537,0.000888,0.110099,0.009367,0.00027131,0.016472,173,13.4794,61.7396,15902.1263,40.8309,4359,5142457,106.7575,125945.3627,0.8274,0.8999
flow_2240,0x100008c0,09,Video,34,auto,122.0533,1340.4557,1058.6506,120970.6942,347.8084,1093.9579,730.747,1330.4557,599.7088,0.000454,0.123433,0.004684,0.00094049,0.030667,363,22.5273,35.3943,23848.5758,38.415,8201,8681993,213.4842,226005.1264,0.8581,0.8982
flow_2252,0x100008cc,09,Video,34,auto,167.2769,1371.7596,1150.1801,128594.0147,358.6001,1284.8082,854.8707,1360.0,505.1293,0.000813,0.141919,0.005615,0.00109394,0.033075,348,18.9986,51.1134,21851.8389,58.2344,10370,11927367,178.0733,204816.3593,0.8929,0.969
flow_2264,0x100008d8,09,Video,34,auto,244.1412,1355.1407,1269.0828,179245.003,423.3734,1153.9648,796.7838,1345.1407,548.3569,0.000912,0.148116,0.006674,0.00036602,0.019132,77,28.985,68.4355,36784.3299,14.8121,2219,2816094,149.8096,190120.7708,0.7294,0.8519
flow_2276,0x100008e4,09,Video,34,auto,145.7946,1348.6629,1101.7897,113594.8467,337.0383,1167.2942,869.4778,1338.6629,469.1851,0.000683,0.101687,0.008933,0.00080745,0.028416,90,18.7635,66.412,20673.4424,26.6292,2980,3283333,111.9074,123298.3811,0.8318,0.9576
flow_2288,0x100008f0,09,Video,34,auto,162.3567,1366.8555,1211.8188,199613.9477,446.7818,1124.4469,761.4629,1356.8555,595.3926,0.000241,0.108325,0.009571,0.00067872,0.026052,144,24.5076,68.1819,29698.7744,46.7478,4884,5918523,104.4755,126605.3786,0.7667,0.8627
flow_2300,0x100008fc,09,Video,34,auto,239.9056,1344.9814,1197.3533,94491.4802,307.3947,1192.1264,875.5422,1334.9814,459.4392,0.000819,0.050119,0.008068,0.00059837,0.024462,288,23.8849,59.0846,28598.7125,44.9459,5571,6670455,123.949,148410.7054,0.7241,0.9637
flow_2312,0x10000908,09,Video,34,auto,220.0412,1346.7463,1243.7994,110451.7957,332.3429,1213.1086,873.7989,1336.7463,462.9474,0.000363,0.103564,0.012038,0.0003574,0.018905,81,29.0566,59.9242,36140.6003,24.6849,2050,2549788,83.0467,103293.3529,0.7723,0.8691
flow_2324,0x10000914,09,Video,34,auto,228.6976,1357.7692,1224.2029,124906.7671,353.4215,1087.7962,743.3745,1347.7692,604.3947,0.00034,0.14411,0.013079,0.00155519,0.039436,57,28.7087,62.7658,35145.2867,25.2822,1933,2366384,76.4568,93598.6846,0.9101,0.9214
flow_2336,0x10000920,09,Video,34,auto,202.1135,1364.2204,1047.1003,173838.9747,416.94,1292.1316,861.5794,1354.2204,492.641,0.000282,0.101388,0.013463,0.00159956,0.039995,113,26.9698,52.8771,28240.0558,37.6579,2797,2928739,74.2739,77772.1629,0.7523,0.8857
flow_2348,0x1000092c,09,Video,34,auto,178.8353,1370.7703,1294.2012,163407.1295,404.2365,1269.5626,701.1873,1360.0,658.8127,0.000312,0.051644,0.011243,0.00034518,0.018579,264,18.9835,70.6877,24568.514,45.8513,4078,5277752,88.9396,115105.7438,0.781,0.8977
flow_2360,0x10000938,09,Video,34,auto,196.2478,1376.7991,999.5651,181691.9251,426.2534,1326.4902,871.0505,1360.0,488.9495,0.000278,0.137769,0.011971,0.00141427,0.037607,155,10.6476,45.3309,10642.9277,29.2195,2440,2438938,83.5059,83469.5473,0.8759,0.9666
flow_2372,0x10000944,09,Video,34,auto,249.2736,1378.8733,1231.0899,176902.8138,420.5982,1159.8572,832.8956,1360.0,527.1044,0.000617,0.092977,0.011004,0.0017617,0.041973,158,12.4972,67.7954,15385.2193,52.1888,4742,5837828,90.8624,111859.7682,0.8385,0.9321
flow_2384,0x10000950,09,Video,34,auto,193.9032,1357.8332,1078.3582,116689.4266,341.5983,1221.6496,861.4222,1347.8332,486.411,0.000156,0.098026,0.007386,0.00104813,0.032375,167,11.8296,42.6356,12756.5001,30.0553,4069,4387839,135.3838,145992.2256,0.7787,0.8856
flow_2396,0x1000095c,09,Video,34,auto,185.1915,1364.5229,1087.3292,164605.549,405.7161,1079.1898,668.6976,1354.5229,685.8253,0.000934,0.120055,0.004213,0.00160873,0.040109,475,26.4179,45.4193,28724.9699,33.4822,7947,8641005,237.35,258077.5835,0.7746,0.9593
flow_2408,0x10000968,09,Video,34,auto,224.0824,1374.7119,1090.5247,85756.2402,292.8417,1054.828,701.35,1360.0,658.65,0.000702,0.082608,0.006375,0.00030046,0.017334,88,25.6863,53.6861,28011.5202,13.4518,2110,2301007,156.8565,171055.8465,0.9005,0.9609
flow_2420,0x10000974,09,Video,34,auto,146.5957,1363.4023,1006.4453,108974.9364,330.1135,1171.8837,730.6033,1353.4023,622.799,0.000721,0.080588,0.006417,0.00034805,0.018656,236,24.2846,85.2941,24441.1181,45.3311,7064,7109529,155.8312,156835.5892,0.9109,0.8691
flow_2432,0x10000980,09,Video,34,auto,164.2707,1373.2931,1210.7166,116004.5443,340.5944,1145.2297,873.3446,1360.0,486.6554,0.000671,0.1158,0.008442,0.00029875,0.017284,226,23.5723,51.0102,28539.3715,42.4632,5029,6088693,118.4319,143387.4427,0.8129,0.8782
flow_2444,0x1000098c,09,Video,34,auto,164.771,1371.7566,1271.753,190916.5343,436.94,1065.4831,804.1008,1360.0,555.8992,0.000908,0.057337,0.004747,0.00064659,0.025428,344,23.4049,54.5949,29765.2672,56.9933,12006,15268665,210.6563,267902.7684,0.7702,0.9062
flow_2456,0x10000998,09,Video,34,auto,180.2408,1341.5213,932.3864,109589.7747,331.0435,1185.4513,798.4437,1331.5213,533.0775,0.000379,0.119907,0.014097,0.00167325,0.040905,95,11.6787,68.9433,10889.0469,46.21,3277,3055430,70.9155,66120.602,0.8015,0.8952
flow_2468,0x100009a4,09,Video,34,auto,207.4877,1368.3622,1121.5097,64487.5272,253.9439,1200.3715,844.7478,1358.3622,513.6143,0.000991,0.067109,0.01486,0.00079074,0.02812,145,23.2514,66.5524,26076.6617,57.9936,3902,4376130,67.2833,75458.8451,0.9166,0.8558
flow_2480,0x100009b0,09,Video,34,auto,227.6966,1360.8878,1262.4344,143046.9397,378.2155,1270.159,652.404,1350.8878,698.4838,0.000281,0.06603,0.008762,0.00096135,0.031006,102,26.4682,36.5207,33414.3932,18.5397,2115,2670048,114.0795,144017.8746,0.8405,0.8589
flow_2492,0x100009bc,09,Video,34,auto,150.6313,1346.7274,1048.3674,153206.4694,391.416,1255.6989,726.8035,1336.7274,609.9239,0.000802,0.119034,0.007773,0.0014282,0.037792,185,24.4686,40.133,25652.0756,31.5429,4057,4253226,128.6186,134839.4815,0.8287,0.8579
flow_2504,0x100009c8,09,Video,34,auto,238.858,1361.1733,925.6746,105311.4669,324.5173,1163.657,850.4314,1351.1733,500.7419,0.000405,0.143403,0.010328,0.00139358,0.037331,148,15.2559,35.3613,14122.0182,51.0555,4943,4575609,96.8162,89620.2725,0.8431,0.914
flow_2516,0x100009d4,09,Video,34,auto,147.991,1374.0979,1110.0628,68989.02,262.6576,1251.4189,885.525,1360.0,474.475,0.000207,0.148396,0.013117,0.00102087,0.031951,78,15.4596,80.5027,17161.1287,28.5102,2173,2412166,76.2183,84607.1301,0.7957,0.9008
flow_2528,0x100009e0,09,Video,34,auto,130.835,1341.3236,929.79,116829.9514,341.804,1070.0977,753.1673,1331.3236,578.1563,0.000299,0.137667,0.011374,0.00133069,0.036479,188,24.7444,61.5671,23007.1067,58.948,5182,4818171,87.9079,81735.9052,0.735,0.9748
flow_2540,0x100009ec,09,Video,34,auto,135.8922,1368.2651,933.6566,191190.037,437.2528,1297.9956,764.5914,1358.2651,593.6737,0.000731,0.094618,0.010942,0.00059781,0.02445,110,19.1111,86.8518,17843.1881,28.7272,2625,2450848,91.3769,85314.6435,0.897,0.8753
flow_2552,0x100009f8,09,Video,34,auto,241.8627,1349.5765,1233.8587,92989.5462,304.9419,1194.9339,789.2346,1339.5765,550.3419,0.000176,0.095464,0.00885,0.00091464,0.030243,190,20.3835,55.0587,25150.355,25.4339,2873,3544876,112.9597,139376.292,0.8062,0.8645
flow_2564,0x10000a04,09,Video,34,auto,173.4656,1368.7725,1114.766,155290.6557,394.0694,1234.305,722.1,1358.7725,636.6725,0.000528,0.106624,0.009687,0.00151638,0.038941,157,11.3196,57.3331,12618.6971,27.7217,2861,3189345,103.2045,115048.832,0.8464,0.9488
flow_2576,0x10000a10,09,Video,34,auto,142.9358,1375.5277,1039.8566,152292.6423,390.2469,1213.0583,881.9975,1360.0,478.0025,0.000304,0.113916,0.014852,0.0002441,0.015624,49,17.4566,83.8471,18152.3431,19.0431,1282,1333096,67.3209,70004.075,0.9036,0.8836
flow_2588,0x10000a1c,09,Video,34,auto,211.5744,1375.2781,932.0335,98792.2173,314.3123,1146.604,747.0684,1360.0,612.9316,0.000372,0.099246,0.014299,0.00025229,0.015884,45,12.1426,81.078,11317.2903,16.147,1129,1052265,69.9201,65167.7961,0.774,0.918
flow_2600,0x10000a28,09,Video,34,auto,223.1264,1378.2752,1031.9548,172582.3632,415.4303,1235.4261,658.267,1360.0,701.733,0.000769,0.129713,0.005069,0.00051063,0.022597,623,11.4431,51.4694,11808.7964,51.6905,10196,10521810,197.2509,203554.0342,0.8562,0.9595
flow_2612,0x10000a34,09,Video,34,auto,194.9429,1353.185,928.4572,178150.0987,422.0783,1050.1722,876.503,1343.185,466.682,0.000843,0.088623,0.004984,0.00047629,0.021824,180,15.0882,50.7601,14008.775,24.2889,4872,4523443,200.5858,186235.3283,0.7291,0.9201
flow_2624,0x10000a40,09,Video,34,auto,134.5224,1368.6664,1182.5021,118206.567,343.8118,1149.7427,712.6716,1358.6664,645.9948,0.000246,0.100931,0.006816,0.00093833,0.030632,90,29.2005,75.6436,34529.6884,14.3138,2100,2483254,146.712,173487.2053,0.7337,0.9394
flow_2636,0x10000a4c,09,Video,34,auto,198.2475,1368.4335,1268.0244,161876.2266,402.3384,1271.7609,875.6261,1358.4335,482.8074,0.000267,0.090181,0.012676,0.00023548,0.015345,67,20.484,83.1765,25974.2116,27.9392,2204,2794725,78.8855,100028.7422,0.7974,0.9678
flow_2648,0x10000a58,09,Video,34,auto,165.8253,1362.1038,947.7406,188199.879,433.8201,1059.8734,737.182,1352.1038,614.9218,0.000624,0.121712,0.009369,0.00104217,0.032283,65,27.7903,36.6746,26338.0392,18.1595,1938,1836721,106.7213,101144.0674,0.7272,0.9789
flow_2660,0x10000a64,09,Video,34,auto,243.4689,1371.2308,1086.7425,72679.7233,269.5918,1180.3656,737.8432,1360.0,622.1568,0.000744,0.128582,0.003278,0.00159826,0.039978,608,21.694,72.4149,23575.8427,40.6445,12400,13475607,305.0844,331548.2325,0.8395,0.8665
flow_2672,0x10000a70,09,Video,34,auto,177.4337,1378.148,1233.4237,186577.2221,431.9459,1120.0232,779.4015,1360.0,580.5985,0.000825,0.071105,0.012085,0.00036336,0.019062,128,24.8034,47.8241,30593.0837,34.9907,2895,3570761,82.7362,102048.759,0.8133,0.8845
flow_2684,0x10000a7c,09,Video,34,auto,200.888,1376.877,1054.9385,199533.2911,446.6915,1178.0378,794.9201,1360.0,565.0799,0.000798,0.112864,0.007584,0.00101004,0.031781,93,20.2344,80.4313,21346.0011,23.9242,3154,3327276,131.833,139075.7297,0.7218,0.9173
flow_2696,0x10000a88,09,Video,34,auto,176.1356,1361.321,1231.0702,164712.8545,405.8483,1227.1545,720.6245,1351.321,630.6965,0.000641,0.060145,0.003255,0.00044641,0.021128,455,24.7512,57.8037,30470.4819,51.5319,15833,19491534,307.2463,378241.7479,0.8794,0.8854
flow_2708,0x10000a94,09,Video,34,auto,185.869,1347.0222,1017.9616,102135.2948,319.5861,1141.421,714.9992,1337.0222,622.023,0.000586,0.13993,0.012162,0.00148539,0.038541,60,26.5686,69.1502,27045.8081,18.5592,1526,1553409,82.2232,83700.0287,0.917,0.9274
flow_2720,0x10000aa0,09,Video,34,auto,216.3082,1347.5686,935.5383,136956.5318,370.0764,1209.385,748.8113,1337.5686,588.7573,0.000775,0.094452,0.014006,0.00081241,0.028503,108,18.2598,88.2049,17082.7189,50.0023,3570,3339871,71.3967,66794.3629,0.7506,0.96
flow_2732,0x10000aac,09,Video,34,auto,163.6781,1360.6275,905.7789,155877.6386,394.8134,1084.4107,862.7039,1350.6275,487.9235,0.000356,0.120226,0.006175,0.00098537,0.031391,130,20.1792,67.2001,18277.8801,17.6232,2853,2584187,161.8887,146635.3319,0.8359,0.8603
flow_2744,0x10000ab8,09,Video,34,auto,258.9753,1340.3882,1145.5735,112755.3486,335.7906,1193.5305,817.5459,1330.3882,512.8423,0.000738,0.067946,0.008946,0.00086835,0.029468,171,25.947,77.3449,29724.1697,32.338,3614,4140102,111.7569,128025.7411,0.8821,0.9069
flow_2756,0x10000ac4,09,Video,34,auto,191.056,1349.9315,1272.896,93330.0826,305.4997,1262.1299,775.3077,1339.9315,564.6238,0.000279,0.115883,0.008038,0.00118625,0.034442,87,22.213,42.6923,28274.8319,20.4781,2547,3242066,124.377,158318.9597,0.7401,0.929
flow_2768,0x10000ad0,09,Video,34,auto,195.6151,1360.8491,944.9115,76531.1109,276.6426,1160.2829,879.5256,1350.8491,471.3235,0.000158,0.079923,0.005574,0.00083542,0.028904,156,13.8608,40.5395,13097.2183,29.8563,5356,5060946,179.3929,169510.4327,0.7308,0.9179
flow_2780,0x10000adc,09,Video,34,auto,207.3378,1341.3615,1110.7406,62771.2497,250.5419,1234.5673,755.9658,1331.3615,575.3957,0.000146,0.067254,0.009574,0.00091302,0.030216,193,12.3317,52.873,13697.2671,34.2308,3575,3970897,104.4381,116003.59,0.8053,0.9605
flow_2792,0x10000ae8,09,Video,34,auto,218.7825,1377.9207,1044.5121,110980.6284,333.1376,1285.7096,769.0011,1360.0,590.9989,0.000344,0.101845,0.014845,0.00018264,0.013514,56,20.3996,49.3545,21307.579,18.5206,1247,1302506,67.3306,70327.5997,0.7529,0.8849
flow_2804,0x10000af4,09,Video,34,auto,139.5729,1355.1643,1089.2363,104237.3552,322.8581,1303.1487,747.1774,1345.1643,597.9869,0.000916,0.086949,0.0036,0.00067989,0.026075,610,21.3672,62.6289,23273.9706,51.2879,14245,15516170,277.7461,302531.1055,0.8948,0.9238
flow_2816,0x10000b00,09,Video,34,auto,194.1256,1360.4067,1049.8077,71071.758,266.5929,1091.0955,831.0682,1350.4067,519.3385,0.000396,0.110769,0.012721,0.00060129,0.024521,38,19.3807,59.3061,20346.0484,13.0451,1025,1076052,78.5738,82487.3057,0.7203,0.9726
flow_2828,0x10000b0c,09,Video,34,auto,224.4294,1347.346,979.5464,70786.009,266.0564,1093.3101,858.1004,1337.346,479.2456,0.00062,0.087264,0.007158,0.00064345,0.025366,114,13.1562,85.0236,12887.1363,16.4975,2304,2256874,139.6575,136800.9374,0.868,0.957
flow_2840,0x10000b18,09,Video,34,auto,207.928,1352.0897,1002.5811,177055.4407,420.7796,1197.6931,693.9587,1342.0897,648.1309,0.000512,0.057759,0.008055,0.00047768,0.021856,268,29.8132,44.5572,29890.1929,58.3335,7241,7259689,124.1311,124451.4913,0.7969,0.9711
flow_2852,0x10000b24,09,Video,34,auto,239.5627,1364.0074,1220.2345,79369.186,281.7254,1070.6318,807.2582,1354.0074,546.7492,0.000655,0.061094,0.01479,0.00151794,0.038961,116,28.6776,74.0174,34993.4145,49.4262,3341,4076803,67.5957,82482.6288,0.7407,0.9292
flow_2864,0x10000b30,09,Video,34,auto,191.8562,1375.9766,1287.9369,181129.5641,425.5932,1186.3361,747.0555,1360.0,612.9445,0.000645,0.134072,0.006061,0.00146542,0.038281,501,28.4968,78.6963,36702.1046,59.2642,9778,12593447,164.9901,212496.8454,0.8109,0.9733
flow_2876,0x10000b3c,09,Video,34,auto,160.2806,1360.0296,1071.7123,141046.912,375.5621,1261.1763,850.5829,1350.0296,499.4468,0.000436,0.110704,0.003137,0.00077795,0.027892,567,16.6146,75.6539,17806.1198,54.3203,17315,18556697,318.7573,341616.079,0.7403,0.8667
flow_2888,0x10000b48,09,Video,34,auto,207.0305,1345.9565,957.2927,164131.9303,405.132,1097.7208,811.5296,1335.9565,524.4269,0.000681,0.134652,0.009974,0.00068244,0.026124,62,18.2025,72.0659,17425.1027,17.7681,1781,1704938,100.2357,95954.8955,0.895,0.9349
flow_2900,0x10000b54,09,Video,34,auto,175.8265,1344.1124,902.0596,165294.7592,406.5646,1155.3227,783.573,1334.1124,550.5395,0.000383,0.128277,0.011911,0.00102037,0.031943,185,10.585,76.589,9548.3374,42.7564,3589,3237492,83.9407,75719.5385,0.7531,0.8646
flow_2912,0x10000b60,09,Video,34,auto,125.4669,1356.5897,1240.5666,178647.001,422.6665,1273.5828,695.6552,1346.5897,650.9345,0.000634,0.122227,0.014715,0.00094788,0.030788,140,21.6785,67.1829,26893.5618,48.2859,3281,4070299,67.9495,84295.856,0.7216,0.8513
flow_2924,0x10000b6c,09,Video,34,auto,214.3293,1360.6815,1222.2707,194946.2783,441.5272,1050.7011,749.5328,1350.6815,601.1486,0.000232,0.120978,0.005148,0.00033838,0.018395,88,25.0513,57.5099,30619.5215,14.4548,2807,3430913,194.192,237355.185,0.8051,0.9382
flow_2936,0x10000b78,09,Video,34,auto,154.8909,1353.3715,972.2638,77222.7815,277.8899,1080.711,827.8909,1343.3715,515.4806,0.000195,0.072116,0.014165,0.00055494,0.023557,153,23.2565,46.3093,22611.4243,47.8556,3378,3284307,70.5873,68629.4643,0.8714,0.9352
flow_2948,0x10000b84,09,Video,34,auto,259.6017,1367.438,1246.2134,69795.0887,264.1876,1184.1644,718.8851,1357.438,638.5529,0.00061,0.055814,0.013501,0.00174286,0.041748,112,20.5855,89.1662,25653.893,28.6406,2121,2643218,74.0556,92289.1202,0.7887,0.9454
flow_2960,0x10000b90,09,Video,34,auto,131.4331,1349.351,1204.027,180084.3653,424.3635,1153.0428,779.1296,1339.351,560.2214,0.000523,0.145937,0.010353,0.0001846,0.013587,127,15.6114,65.1359,18796.5731,21.9784,2122,2554945,96.5494,116248.0993,0.8937,0.8961
flow_2972,0x10000b9c,09,Video,34,auto,123.3081,1361.0394,1167.7123,66243.8921,257.3789,1158.964,753.5994,1351.0394,597.4399,0.000798,0.131973,0.013157,0.00145995,0.038209,58,24.9857,77.7941,29176.0879,22.5025,1710,1996788,75.9915,88736.2149,0.879,0.8712
flow_2984,0x10000ba8,09,Video,34,auto,199.8372,1371.3825,1118.5307,169542.2002,411.755,1238.9284,892.6876,1360.0,467.3124,0.000845,0.099354,0.007352,0.00150843,0.038839,148,21.7489,53.5789,24326.8083,36.0391,4901,5481918,135.9912,152110.2554,0.7283,0.889
flow_2996,0x10000bb4,09,Video,34,auto,159.1661,1379.3538,1150.9809,86459.3885,294.0398,1159.997,806.0146,1360.0,553.9854,0.000537,0.062377,0.003449,0.00116642,0.034153,384,10.045,59.0766,11561.6267,44.8604,13005,14968506,289.8993,333668.4882,0.7452,0.8769
flow_3008,0x10000bc0,09,Video,34,auto,220.5677,1354.2491,1087.5104,161614.91,402.0136,1130.0891,785.3189,1344.2491,558.9302,0.000619,0.11705,0.013884,0.00063922,0.025283,144,22.2479,80.8439,24194.7924,55.791,4018,4369616,72.0188,78321.2238,0.9184,0.9669
flow_3020,0x10000bcc,09,Video,34,auto,175.4099,1350.7809,1131.3523,144685.7579,380.3758,1156.9225,762.2913,1340.7809,578.4895,0.000233,0.13899,0.006938,0.00034136,0.018476,268,16.116,44.8092,18232.8266,58.7928,8474,9587079,144.1332,163065.4265,0.8218,0.8623
flow_3032,0x10000bd8,09,Video,34,auto,239.9968,1376.5319,1130.7173,106981.8791,327.0808,1316.471,666.4966,1360.0,693.5034,0.000593,0.14813,0.004165,0.00082841,0.028782,359,24.434,85.9768,27627.9391,50.522,12128,13713339,240.054,271433.178,0.8574,0.9183
flow_3044,0x10000be4,09,Video,34,auto,181.5199,1358.7509,1080.9491,68349.8554,261.4381,1063.7843,665.1919,1348.7509,683.559,0.000223,0.093099,0.011807,0.00075319,0.027444,295,13.783,56.4288,14898.7575,57.261,4849,5241522,84.6824,91537.3179,0.7672,0.8706
flow_3056,0x10000bf0,09,Video,34,auto,221.9958,1350.2709,1031.8077,63288.2923,251.5716,1262.7593,855.6233,1340.2709,484.6476,0.000128,0.103978,0.00653,0.00138377,0.037199,294,21.5112,55.1202,22195.4658,59.116,9053,9340955,153.1395,158010.5485,0.8671,0.9768
flow_3068,0x10000bfc,09,Video,34,auto,169.1322,1367.0214,910.3871,76842.2245,277.2043,1244.7198,812.1871,1357.0214,544.8343,0.00078,0.114383,0.007305,0.00103373,0.032152,94,10.4726,65.5952,9534.0913,23.4965,3216,2927805,136.8714,124605.95,0.7647,0.942
flow_3080,0x10000c08,09,Video,34,auto,124.6662,1362.6667,1267.3549,118281.3726,343.9206,1312.6011,691.9663,1352.6667,660.7004,0.000441,0.147663,0.006914,0.00040596,0.020148,146,25.1054,51.3872,31817.4063,31.9093,4614,5847575,144.5972,183255.9081,0.836,0.9607
flow_3092,0x10000c14,09,Video,34,auto,132.3246,1349.9938,910.1622,126725.8509,355.9857,1062.9167,798.1069,1339.9938,541.887,0.000304,0.123841,0.007506,0.00023825,0.015435,136,26.2995,78.8319,23936.7771,30.1822,4020,3658852,133.1911,121225.4602,0.8541,0.9471
flow_3104,0x10000c20,09,Video,34,auto,238.1563,1372.9272,1109.4368,172853.1854,415.7562,1088.9289,885.766,1360.0,474.234,0.000572,0.123524,0.003586,0.00014968,0.012234,488,25.6724,68.4244,28481.9155,45.6027,12716,14107597,278.8434,309359.0584,0.89,0.8651
flow_3116,0x10000c2c,09,Video,34,auto,143.7007,1374.5781,906.4432,92204.0735,303.6512,1213.2121,877.1356,1360.0,482.8644,0.000696,0.115451,0.006703,0.00151907,0.038975,274,23.4719,78.6302,21275.9504,46.3817,6919,6271680,149.1752,135218.8535,0.8379,0.8551
flow_3128,0x10000c38,09,Video,34,auto,147.5435,1340.5078,1234.0836,127752.955,357.4255,1143.6638,709.3466,1330.5078,621.1612,0.000413,0.134751,0.010078,0.00145504,0.038145,184,21.8287,51.6119,26938.4679,57.0804,5663,6988615,99.211,122434.614,0.7267,0.9458
flow_3140,0x10000c44,09,Video,34,auto,216.5116,1360.0816,970.3585,122613.0619,350.1615,1117.6861,892.9142,1350.0816,457.1674,0.000154,0.060927,0.003722,0.0015389,0.039229,533,16.4883,67.36,15999.5648,55.5007,14911,14469015,268.6633,260699.708,0.7532,0.8584
flow_3152,0x10000c50,09,Video,34,auto,216.2633,1369.0226,1132.0597,104053.4154,322.5731,1136.8429,707.3849,1359.0226,651.6377,0.000805,0.115484,0.010101,0.00144535,0.038018,133,20.0383,81.6085,22684.5644,39.3361,3894,4408240,98.993,112065.9293,0.8364,0.8822
flow_3164,0x10000c5c,09,Video,34,auto,249.4466,1374.3736,957.5275,131383.6211,362.4688,1167.9204,752.2519,1360.0,607.7481,0.000506,0.064363,0.009964,0.00057092,0.023894,173,11.1201,55.6489,10647.7634,46.1106,4627,4430479,100.3457,96083.7484,0.7636,0.9007
flow_3176,0x10000c68,09,Video,34,auto,222.4468,1358.5024,1074.1025,73624.1498,271.3377,1178.6229,888.8505,1348.5024,459.6519,0.000767,0.09544,0.006271,0.00026786,0.016366,180,28.6,48.7637,30719.3216,28.0658,4475,4806608,159.4465,171261.8935,0.7601,0.9194
flow_3188,0x10000c74,09,Video,34,auto,144.266,1368.9654,1015.8849,176917.7161,420.6159,1199.8466,738.9888,1358.9654,619.9766,0.00092,0.137354,0.010181,0.00073614,0.027132,67,26.7518,46.6184,27176.7072,19.6985,1934,1964721,98.1798,99739.3752,0.8943,0.9045
flow_3200,0x10000c80,09,Video,34,auto,233.613,1358.6485,1136.6253,96033.2924,309.8924,1161.3315,752.2723,1348.6485,596.3762,0.000458,0.109929,0.007222,0.00050933,0.022568,166,23.8046,63.9486,27056.8596,21.417,2965,3370093,138.4416,157356.136,0.7904,0.968
flow_3212,0x10000c8c,09,Video,34,auto,239.7661,1374.0979,1297.4302,72684.9592,269.6015,1050.5047,791.4028,1360.0,568.5972,0.000817,0.145595,0.010239,0.00036837,0.019193,80,12.0855,61.1602,15680.0637,27.921,2726,3536794,97.6327,126671.5663,0.7594,0.926
flow_3224,0x10000c98,09,Video,34,auto,161.3134,1355.6129,963.0537,187504.603,433.018,1065.7565,736.2785,1345.6129,609.3343,0.000255,0.095597,0.004997,0.00025072,0.015834,236,23.6768,79.108,22802.0052,38.8295,7770,7482927,200.1057,192712.5698,0.8307,0.8762
flow_3236,0x10000ca4,09,Video,34,auto,217.5835,1357.437,1242.742,142459.0924,377.4375,1109.5412,811.289,1347.437,536.148,0.000646,0.103258,0.010473,0.00017161,0.0131,124,25.3577,38.5706,31513.1222,25.8945,2472,3072058,95.4641,118637.2765,0.7769,0.9411
flow_3248,0x10000cb0,09,Video,34,auto,144.3119,1341.1499,999.8606,181523.915,426.0562,1285.6593,878.3768,1331.1499,452.7731,0.000194,0.147908,0.008688,0.00118406,0.03441,244,12.8626,87.1092,12860.7608,57.3141,6596,6595080,115.0851,115069.032,0.8992,0.9788
flow_3260,0x10000cbc,09,Video,34,auto,143.2959,1349.4944,1186.5316,106505.3741,326.3516,1278.5241,850.7283,1339.4944,488.7661,0.000527,0.115981,0.014816,0.00037778,0.019437,181,16.5369,69.4717,19621.5415,58.7877,3967,4706970,67.4801,80067.263,0.8531,0.8746
flow_3272,0x10000cc8,09,Video,34,auto,253.2741,1346.4796,1128.5404,64583.2661,254.1324,1098.3635,849.2077,1336.4796,487.2719,0.000808,0.053526,0.004533,0.00147993,0.03847,244,11.5205,66.8788,13001.3417,27.8902,6152,6942780,220.5793,248932.5909,0.9161,0.928
flow_3284,0x10000cd4,09,Video,34,auto,247.2172,1374.6192,1152.1002,145763.503,381.7899,1231.1433,797.8908,1360.0,562.1092,0.000979,0.12458,0.008265,0.00106357,0.032612,129,21.9412,39.5217,25278.5054,26.8592,3249,3743173,120.9641,139362.7453,0.8184,0.8633
flow_3296,0x10000ce0,09,Video,34,auto,249.8671,1349.9832,1136.7321,135435.3199,368.0154,1150.0491,748.9872,1339.9832,590.996,0.000765,0.103122,0.006849,0.00132016,0.036334,176,19.8282,80.3292,22539.3075,33.5489,4898,5567713,145.9956,165957.9006,0.733,0.9673
flow_3308,0x10000cec,09,Video,34,auto,228.3149,1365.2785,1101.1464,91550.0614,302.5724,1060.5475,854.3363,1355.2785,500.9422,0.000433,0.077598,0.008691,0.00157985,0.039747,186,24.0848,40.0094,26520.9103,44.0183,5064,5576205,115.043,126679.2266,0.7367,0.9242
flow_3320,0x10000cf8,09,Video,34,auto,211.8803,1367.6605,1053.0157,154145.2179,392.6133,1302.7133,707.693,1357.6605,649.9675,0.000512,0.079824,0.004433,0.00030023,0.017327,465,14.9386,54.094,15730.6297,34.4388,7768,8179826,225.5594,237517.5619,0.9068,0.8886
flow_3332,0x10000d04,09,Video,34,auto,190.631,1375.5765,1051.1342,108337.4433,329.1465,1272.174,812.6489,1360.0,547.3511,0.000533,0.103232,0.003495,0.00035288,0.018785,932,26.1537,84.2522,27491.0744,58.1092,16625,17475106,286.0993,300728.7801,0.7955,0.871
flow_3344,0x10000d10,09,Video,34,auto,211.0175,1349.2831,1187.3549,141318.4069,375.9234,1152.4591,797.2172,1339.2831,542.0658,0.000608,0.057899,0.011399,0.00048694,0.022067,57,17.6001,77.792,20897.5591,20.1386,1766,2096868,87.6924,104121.9411,0.8549,0.8971
flow_3356,0x10000d1c,09,Video,34,auto,243.3226,1342.8163,1273.4153,201990.583,449.4336,1144.9531,681.7828,1332.8163,651.0334,0.000139,0.077421,0.007533,0.00084042,0.02899,478,13.019,66.9563,16578.5508,57.2134,7594,9670315,132.7312,169021.8835,0.9115,0.9722
flow_3368,0x10000d28,09,Video,34,auto,150.2479,1350.2962,1133.0586,70627.1284,265.7576,1207.4629,654.8059,1340.2962,685.4903,0.000668,0.070385,0.005796,0.00075304,0.027442,280,19.6145,49.9826,22224.3495,54.2015,9351,10595230,172.523,195478.6516,0.7421,0.972
flow_3380,0x10000d34,09,Video,34,auto,241.9571,1361.7943,1129.5468,162451.5358,403.0528,1230.0528,674.3836,1351.7943,677.4106,0.000883,0.080965,0.012094,0.00034131,0.018475,155,10.1706,77.9074,11488.1397,39.0844,3231,3649565,82.6673,93376.6075,0.863,0.9701
flow_3392,0x10000d40,09,Video,34,auto,155.6321,1352.511,1113.4807,177617.6638,421.4471,1071.1089,836.7459,1342.511,505.7651,0.000665,0.12375,0.006211,0.00084,0.028983,136,13.3747,88.9209,14892.4708,12.7314,2049,2281522,160.9408,179204.4783,0.7883,0.9313
flow_3404,0x10000d4c,09,Video,34,auto,237.7562,1377.594,1009.9827,178153.8377,422.0827,1066.7693,888.0548,1360.0,471.9452,0.000992,0.052636,0.010258,0.00065267,0.025547,120,12.2453,35.8231,12367.5562,36.5968,3567,3602608,97.4677,98440.6432,0.843,0.8939
flow_3416,0x10000d58,09,Video,34,auto,153.7545,1373.0794,1274.0293,198935.6987,446.0221,1122.6621,768.2505,1360.0,591.7495,0.000224,0.092781,0.003135,0.00161389,0.040173,504,23.0512,35.9415,29367.8414,44.2883,14128,17999486,319.0007,406416.1915,0.8668,0.947
flow_3428,0x10000d64,09,Video,34,auto,124.7652,1364.9998,950.8974,128786.9376,358.869,1097.9392,754.7871,1354.9998,600.2126,0.000887,0.142117,0.01147,0.00097135,0.031166,215,12.4384,71.6937,11827.6888,56.4767,4924,4682218,87.1865,82905.3765,0.9038,0.95
flow_3440,0x10000d70,09,Video,34,auto,229.7234,1344.2488,1016.2428,175713.311,419.1817,1273.6865,747.9782,1334.2488,586.2706,0.000815,0.095937,0.011045,0.00019058,0.013805,68,18.1859,80.2877,18481.2611,24.6893,2235,2271302,90.5252,91995.5473,0.8041,0.9734
flow_3452,0x10000d7c,09,Video,34,auto,228.5275,1347.8847,1051.3066,196126.5966,442.8618,1292.7286,870.2137,1337.8847,467.671,0.000439,0.089282,0.009108,0.00144193,0.037973,131,11.2696,64.4727,11847.8037,34.7005,3810,4005478,109.7965,115429.832,0.9132,0.8588
flow_3464,0x10000d88,09,Video,34,auto,192.3005,1370.3645,1221.5932,174755.4631,418.0376,1141.2168,761.3481,1360.0,598.6519,0.000223,0.097204,0.005718,0.00109276,0.033057,419,11.3659,36.0086,13884.4497,58.3943,10212,12474909,174.8802,213632.4474,0.91,0.9419
flow_3476,0x10000d94,09,Video,34,auto,215.5479,1345.0568,947.826,194023.9557,440.4815,1211.4882,888.8823,1335.0568,446.1745,0.000251,0.126789,0.009762,0.00028785,0.016966,37,10.5901,68.2439,10037.5828,12.0052,1229,1164878,102.3725,97031.3177,0.7978,0.9295
flow_3488,0x10000da0,09,Video,34,auto,164.2023,1343.7051,1089.0369,153819.2948,392.198,1240.6091,871.1975,1333.7051,462.5077,0.000995,0.070819,0.006251,0.00099465,0.031538,74,12.698,74.5877,13828.5393,15.3462,2454,2672496,159.9095,174147.2656,0.7975,0.8962
flow_3500,0x10000dac,09,Video,34,auto,240.195,1355.0531,1003.9297,77566.9813,278.5085,1241.8809,756.872,1345.0531,588.1811,0.000266,0.123244,0.00572,0.00125508,0.035427,169,25.4577,43.6501,25557.7868,28.3288,4952,4971459,174.8043,175491.1967,0.885,0.9304
flow_3512,0x10000db8,09,Video,34,auto,246.0653,1354.9909,1260.5238,101134.7636,318.0169,1138.7599,813.7116,1344.9909,531.2792,0.000119,0.059394,0.006408,0.00051707,0.022739,317,11.6248,86.1614,14653.3252,43.5857,6801,8572822,156.0375,196688.9757,0.7791,0.8772
flow_3524,0x10000dc4,09,Video,34,auto,257.4924,1346.6391,1130.6105,129513.3006,359.8796,1174.724,833.949,1336.6391,502.6901,0.000192,0.080283,0.010136,0.00025166,0.015864,230,27.4455,66.5025,31030.2214,53.7623,5304,5996758,98.6565,111542.0469,0.9059,0.965
flow_3536,0x10000dd0,09,Video,34,auto,210.7323,1354.5292,912.5145,126610.1651,355.8232,1240.0494,666.3964,1344.5292,678.1328,0.000899,0.116516,0.006587,0.00063761,0.025251,361,21.8226,63.4758,19913.4412,53.5374,8127,7416005,151.8004,138520.0993,0.7752,0.9049
flow_3548,0x10000ddc,09,Video,34,auto,235.2251,1343.4004,916.6317,104650.4347,323.4972,1192.4212,816.1238,1333.4004,517.2766,0.000532,0.133582,0.008781,0.00121391,0.034841,111,10.6187,66.7989,9733.476,23.8491,2715,2488655,113.8407,104350.0187,0.8005,0.9386
flow_3560,0x10000de8,09,Video,34,auto,151.6267,1347.2337,936.4763,97959.3476,312.9846,1267.9655,653.988,1337.2337,683.2457,0.000386,0.06722,0.010635,0.00073133,0.027043,155,10.8182,66.7113,10130.9686,51.971,4886,4575623,94.0139,88041.8157,0.803,0.8508
flow_3572,0x10000df4,09,Video,34,auto,235.7207,1379.396,1264.6972,77934.0363,279.1667,1124.545,860.2484,1360.0,499.7516,0.000518,0.093854,0.011034,0.00055448,0.023547,141,19.0944,53.0227,24148.6869,38.7769,3514,4444145,90.621,114608.1489,0.8098,0.8731
flow_3584,0x10000e00,09,Video,34,auto,255.8541,1367.1231,1059.2702,148760.6319,385.695,1260.0434,858.1432,1357.1231,498.9799,0.000858,0.145691,0.014004,0.00055329,0.023522,85,16.4598,49.097,17435.3359,34.5298,2465,2611101,71.3876,75618.751,0.7756,0.8567
flow_3596,0x10000e0c,09,Video,34,auto,187.2757,1368.8686,1073.509,102553.5316,320.2398,1176.4706,684.0336,1358.8686,674.835,0.000927,0.123812,0.010346,0.00132613,0.036416,88,23.1952,62.7053,24900.2042,30.692,2966,3184027,96.6377,103741.4174,0.7768,0.9482
flow_3608,0x10000e18,09,Video,34,auto,183.6187,1344.335,1095.3247,189400.2268,435.2014,1153.0583,778.596,1334.335,555.739,0.000394,0.122457,0.012795,0.00110604,0.033257,135,16.567,75.6994,18146.2734,54.5215,4261,4667178,78.1527,85602.5559,0.8676,0.8815
flow_3620,0x10000e24,09,Video,34,auto,135.0185,1372.9472,1294.2752,180553.812,424.9162,1293.8666,870.076,1360.0,489.924,0.000919,0.066881,0.013107,0.00026992,0.016429,156,15.6579,52.3158,20265.6267,53.6551,4093,5297468,76.2836,98731.9426,0.7739,0.9443
flow_3632,0x10000e30,09,Video,34,auto,142.0979,1361.831,924.0044,104730.7561,323.6213,1133.7346,792.6164,1351.831,559.2146,0.000881,0.134175,0.010695,0.00051371,0.022665,197,14.8437,41.3834,13715.6504,46.6153,4358,4026811,93.4886,86383.8948,0.7701,0.9747
flow_3644,0x10000e3c,09,Video,34,auto,124.1142,1348.6688,1016.9496,99441.6741,315.3437,1287.0383,851.9984,1338.6688,486.6704,0.000997,0.117153,0.004468,0.00020535,0.01433,351,12.9942,49.5407,13214.4395,42.024,9406,9565427,223.8247,227618.4352,0.8065,0.908
flow_3656,0x10000e48,09,Video,34,auto,213.4979,1365.6409,1142.9195,88419.5529,297.3543,1295.8611,702.9474,1355.6409,652.6935,0.000175,0.095017,0.010142,0.00132379,0.036384,67,22.7231,85.2351,25970.7151,13.4343,1324,1513225,98.5538,112639.0849,0.7808,0.9585
flow_3668,0x10000e54,09,Video,34,auto,157.2306,1361.0426,1186.5653,95106.9185,308.3941,1260.5957,759.3194,1351.0426,591.7232,0.000118,0.07118,0.009198,0.00018429,0.013575,168,20.0479,68.0676,23788.1686,28.6992,3120,3702083,108.714,128996.2115,0.8807,0.9168
flow_3680,0x10000e60,09,Video,34,auto,215.5561,1344.2839,995.2251,118202.4921,343.8059,1129.5898,662.6638,1334.2839,671.6201,0.000836,0.144631,0.011889,0.0009727,0.031188,88,16.1971,58.8071,16119.755,31.7214,2668,2655260,84.1073,83705.7267,0.8872,0.9668
flow_3692,0x10000e6c,09,Video,34,auto,122.7874,1379.8646,963.0914,106901.3564,326.9577,1105.6727,820.0479,1360.0,539.9521,0.000277,0.113196,0.003274,0.00066258,0.025741,284,26.6001,84.5025,25618.3233,17.6285,5383,5184320,305.3586,294088.1369,0.7923,0.9264
flow_3704,0x10000e78,09,Video,34,auto,206.1152,1371.7318,935.0695,116916.8175,341.931,1255.6177,660.1846,1360.0,699.8154,0.000551,0.066377,0.003485,0.00105974,0.032554,761,18.8928,80.0926,17666.0554,44.1724,12675,11852006,286.9436,268312.2362,0.7554,0.9267
flow_3716,0x10000e84,09,Video,34,auto,210.9724,1379.6363,952.2899,200914.7765,448.2352,1138.0438,824.3148,1360.0,535.6852,0.000466,0.115301,0.010179,0.00059345,0.024361,155,29.8202,41.4207,28397.4434,53.8415,5289,5036661,98.2329,93546.1516,0.7576,0.8767
flow_3728,0x10000e90,09,Video,34,auto,198.2372,1369.0172,967.5758,73522.1732,271.1497,1248.304,743.8804,1359.0172,615.1368,0.000362,0.080003,0.003916,0.00089511,0.029918,173,28.2627,82.3121,27346.3321,15.9409,4070,3938033,255.3174,247038.9292,0.7862,0.8899
flow_3740,0x10000e9c,09,Video,34,auto,237.798,1350.8585,1075.0105,134912.2053,367.304,1064.0533,702.5346,1340.8585,638.3239,0.000974,0.057255,0.008263,0.00126507,0.035568,325,29.6541,37.4576,31878.4351,56.9724,6894,7411122,121.0059,130082.6372,0.8218,0.9511
flow_3752,0x10000ea8,09,Video,34,auto,123.9319,1343.8612,1264.4113,69268.2285,263.1886,1146.8181,669.5791,1333.8612,664.2821,0.000931,0.084821,0.004333,0.00090719,0.03012,360,22.8075,82.78,28838.0956,47.7903,11028,13943927,230.7581,291773.1343,0.7573,0.8598
flow_3764,0x10000eb4,09,Video,34,auto,185.1819,1345.1508,965.631,165229.2876,406.4841,1059.1108,825.2848,1335.1508,509.866,0.000964,0.079206,0.007818,0.00052238,0.022856,119,16.0449,75.0295,15493.4503,22.1618,2834,2736598,127.8779,123482.8461,0.726,0.94
flow_3776,0x10000ec0,09,Video,34,auto,137.5897,1359.372,1011.8224,100904.104,317.6541,1213.7093,830.4319,1349.372,518.9401,0.00011,0.088992,0.010281,0.0016673,0.040833,84,23.6175,83.9994,23896.6856,26.0065,2529,2558898,97.245,98394.6398,0.7827,0.9612
flow_3788,0x10000ecc,09,Video,34,auto,140.9542,1366.2084,1293.8897,165216.6648,406.4685,1164.1111,789.956,1356.2084,566.2524,0.000907,0.108502,0.00733,0.00050345,0.022438,126,18.8464,45.1649,24385.113,29.7332,4056,5248016,136.413,176503.2916,0.7505,0.9723
flow_3800,0x10000ed8,09,Video,34,auto,185.2996,1377.8159,901.3544,120369.4806,346.9431,1217.865,835.9306,1360.0,524.0694,0.00065,0.117969,0.00395,0.00085834,0.029298,209,25.7893,42.5457,23245.3287,25.0717,6347,5720896,253.154,228181.4167,0.8744,0.9301
flow_3812,0x10000ee4,09,Video,34,auto,241.6586,1360.3336,937.5042,108579.568,329.5141,1192.7529,753.1249,1350.3336,597.2086,0.000703,0.097726,0.008755,0.00103896,0.032233,137,25.2825,59.7693,23702.4079,24.3382,2779,2605324,114.1827,107046.7589,0.7859,0.9391
flow_3824,0x10000ef0,09,Video,34,auto,137.1513,1361.1865,1000.1494,118106.2674,343.6659,1120.3543,662.6745,1351.1865,688.5121,0.000636,0.06024,0.013674,0.0008746,0.029574,126,17.8116,45.9024,17814.2756,55.7065,4073,4073608,73.1153,73126.2399,0.8789,0.9246
flow_3836,0x10000efc,09,Video,34,auto,191.8962,1372.614,1044.6057,98705.8882,314.1749,1267.1888,765.3274,1360.0,594.6726,0.000999,0.093035,0.006868,0.0010709,0.032725,103,18.0128,67.4342,18816.2267,19.8741,2893,3022044,145.5661,152059.112,0.9194,0.9095
flow_3848,0x10000f08,09,Video,34,auto,148.6557,1353.2905,987.1033,131895.5046,363.1742,1174.3396,825.5965,1343.2905,517.694,0.000819,0.136006,0.013179,0.00025776,0.016055,122,28.7735,83.9343,28402.4169,46.1245,3499,3453874,75.8599,74881.5928,0.7935,0.9336
flow_3860,0x10000f14,09,Video,34,auto,173.225,1343.5728,1163.0894,98061.1831,313.1472,1099.2843,663.6305,1333.5728,669.9422,0.00068,0.123311,0.012992,0.00100195,0.031654,198,25.8152,40.6681,30025.4414,52.3918,4032,4689576,76.9586,89509.765,0.9067,0.9234
flow_3872,0x10000f20,09,Video,34,auto,181.5136,1356.5017,1081.2178,176576.2779,420.2098,1226.4059,721.504,1346.5017,624.9977,0.000271,0.110689,0.00315,0.00059248,0.024341,632,27.2604,89.0196,29474.4078,42.7599,13572,14674288,317.4002,343178.7284,0.814,0.9114
flow_3884,0x10000f2c,09,Video,34,auto,156.1745,1369.9094,1284.2597,146051.3441,382.1666,1302.652,801.4821,1359.9094,558.4273,0.000951,0.119377,0.010047,0.00159632,0.039954,100,10.6746,43.1091,13708.9999,17.501,1741,2235896,99.4801,127758.3076,0.8295,0.9079
flow_3896,0x10000f38,09,Video,34,auto,183.3266,1346.3019,976.605,124729.6423,353.1708,1222.4519,781.8573,1336.3019,554.4447,0.000104,0.123055,0.00492,0.00163262,0.040406,288,27.2238,43.2647,26586.94,46.6846,9488,9266028,203.2363,198481.5815,0.9092,0.8696
flow_3908,0x10000f44,09,Video,34,auto,224.7555,1362.8598,938.7391,84245.4769,290.2507,1218.777,680.753,1352.8598,672.1068,0.000403,0.148868,0.010887,0.00097818,0.031276,93,13.5748,86.4455,12743.2174,34.7467,3191,2995516,91.8362,86210.173,0.8353,0.9787
flow_3920,0x10000f50,09,Video,34,auto,178.0937,1355.5675,976.8118,188394.1573,434.044,1205.2892,722.9932,1345.5675,622.5743,0.000501,0.125143,0.013017,0.00068838,0.026237,73,10.086,48.5357,9852.1262,29.6147,2275,2222246,76.8199,75038.53,0.8261,0.9587
flow_3932,0x10000f5c,09,Video,34,auto,235.0121,1352.1373,1114.3273,86797.676,294.6145,1272.0034,773.6745,1342.1373,568.4627,0.000902,0.090466,0.013466,0.00030711,0.017525,86,22.0554,51.5227,24576.979,26.0426,1933,2153994,74.2244,82710.2949,0.8487,0.9155
flow_3944,0x10000f68,09,Video,34,auto,135.2525,1375.721,1190.8981,168810.3728,410.8654,1122.0683,759.2785,1360.0,600.7215,0.000887,0.089267,0.009238,0.00113163,0.03364,141,13.9104,38.0593,16565.8174,28.7218,3109,3702502,108.2452,128908.9525,0.8978,0.8906
flow_3956,0x10000f74,09,Video,34,auto,134.8129,1354.7336,1218.9067,107997.0268,328.629,1301.0076,894.3159,1344.7336,450.4177,0.000783,0.126454,0.006833,0.00039535,0.019883,76,15.6757,37.7498,19107.1772,13.5195,1978,2410997,146.3068,178334.3375,0.8061,0.8673
flow_3968,0x10000f80,09,Video,34,auto,224.5622,1357.5302,1248.3297,124216.653,352.4438,1054.7051,871.4248,1347.5302,476.1055,0.000531,0.14621,0.004167,0.00073189,0.027053,152,16.2201,58.8718,20248.0074,17.9887,4317,5389039,239.9839,299579.0116,0.8033,0.8953
flow_3980,0x10000f8c,09,Video,34,auto,181.1891,1347.417,1005.3974,66466.2067,257.8104,1264.6072,792.1593,1337.417,545.2578,0.000113,0.115342,0.012969,0.00108887,0.032998,87,10.5844,81.454,10641.5353,18.7345,1444,1451793,77.077,77492.9221,0.8341,0.9505
flow_3992,0x10000f98,09,Video,34,auto,176.7883,1373.4666,993.0911,79630.8069,282.1893,1150.4988,772.5937,1360.0,587.4063,0.000813,0.066612,0.0087,0.00113088,0.033629,107,27.8317,81.1476,27639.3802,27.9051,3207,3184843,114.9252,114131.2274,0.9138,0.9537
flow_4004,0x10000fa4,09,Web,0,auto,83.9552,1343.4725,520.5117,209517.8043,457.7311,383.9039,152.4,1330.0,1177.6,0.003113,1.325488,0.123561,0.2037554,0.451393,22,7.736,24.39,4026.6909,22.4955,182,94733,8.0905,4211.1918,0.4734,0.161
flow_4016,0x10000fb0,09,Web,0,auto,115.6845,1346.2471,737.4193,158055.9972,397.5626,398.7972,190.6532,1180.5925,989.9392,0.002531,1.496665,0.067302,0.02546116,0.159566,84,7.4096,14.2769,5464.0146,33.4393,496,365759,14.8329,10938.0018,0.3116,0.3105
flow_4028,0x10000fbc,09,Web,0,auto,113.7889,1369.5124,768.7807,113558.613,336.9846,330.0227,196.8448,1330.0,1133.1552,0.004888,3.262175,0.060348,0.14214519,0.377021,27,6.2006,28.0595,4766.9032,12.1614,201,154524,16.5277,12706.0936,0.3686,0.1786
flow_4040,0x10000fc8,09,Web,0,auto,123.5195,1351.044,632.7176,142219.1531,377.1195,525.9183,115.2028,1216.3765,1101.1737,0.00401,2.492624,0.058658,0.04852339,0.22028,41,4.6016,22.1799,2911.4869,17.4345,297,187917,17.0352,10778.4677,0.347,0.2778
flow_4052,0x10000fd4,09,Web,0,auto,122.8987,1375.2341,578.0657,234926.0069,484.6917,584.9987,141.2291,1237.3298,1096.1007,0.004527,3.118552,0.174554,0.09962816,0.315639,9,3.9438,29.4473,2279.771,20.1169,115,66477,5.7166,3304.5282,0.3233,0.2421
flow_4064,0x10000fe0,09,Web,0,auto,101.0143,1373.5201,494.4485,113899.8438,337.4905,489.3298,122.6818,1216.631,1093.9492,0.002597,2.569965,0.043946,0.10803442,0.328686,47,7.3891,24.8261,3653.5361,20.2257,460,227446,22.7433,11245.3777,0.4153,0.1978
flow_4076,0x10000fec,09,Web,0,auto,91.0363,1349.0736,482.0939,167103.7089,408.7832,372.6654,116.3197,1266.7684,1150.4487,0.001514,1.494791,0.160858,0.11846677,0.34419,25,6.5912,17.862,3177.5882,29.3671,182,87741,6.1974,2987.7313,0.3705,0.2783
flow_4088,0x10000ff8,09,Web,0,auto,125.4347,1354.1255,727.7601,124177.887,352.3888,638.1116,199.4335,1300.9804,1101.5469,0.001839,2.081956,0.053845,0.01179218,0.108592,39,8.77,26.9571,6382.4672,14.7874,274,199406,18.5293,13484.8371,0.4228,0.318
flow_4100,0x10001004,09,Web,0,auto,109.2332,1346.0523,612.1833,254628.2966,504.6071,354.4742,158.6387,1330.0,1171.3613,0.00282,2.73495,0.118324,0.04600417,0.214486,32,6.0236,24.955,3687.5287,32.3048,273,167126,8.4508,5173.4149,0.3987,0.2532
flow_4112,0x10001010,09,Web,0,auto,111.1876,1359.0318,566.1329,249083.8252,499.083,619.3636,180.4866,1287.8205,1107.3338,0.003391,1.618343,0.103891,0.01888509,0.137423,31,5.5907,16.0346,3165.0919,33.7159,324,183427,9.6097,5440.3719,0.3614,0.1636
flow_4124,0x1000101c,09,Web,0,auto,94.2975,1326.9179,609.7246,229624.5677,479.1916,360.0064,126.002,1330.0,1203.998,0.003586,1.278455,0.044435,0.20671593,0.45466,70,4.1874,26.4749,2553.1739,34.3045,772,470707,22.5043,13721.4317,0.3706,0.1322
flow_4136,0x10001028,09,Web,0,auto,114.7294,1362.6814,600.4097,133848.8407,365.8536,551.5472,130.7279,1197.021,1066.2931,0.003579,2.542639,0.040725,0.07452484,0.272992,84,5.4309,24.406,3260.7436,29.8754,733,440100,24.5352,14731.1857,0.3184,0.3606
flow_4148,0x10001034,09,Web,0,auto,115.4824,1335.6394,624.29,104042.0823,322.5555,258.7252,144.527,1231.0209,1086.4939,0.001047,1.53767,0.078055,0.03853108,0.196293,19,7.4844,19.8335,4672.4436,15.7659,201,125482,12.7491,7959.0972,0.4763,0.2713
flow_4160,0x10001040,09,Web,0,auto,115.447,1327.2177,636.5277,228375.4209,477.8864,409.1439,173.1413,1212.7369,1039.5956,0.004214,3.021388,0.156715,0.11039378,0.332256,10,5.5862,31.2458,3555.7535,20.6268,131,83385,6.351,4042.5565,0.4462,0.1899
flow_4172,0x1000104c,09,Web,0,auto,125.2819,1346.869,780.7051,252785.5144,502.7778,539.5268,169.7921,1269.2605,1099.4685,0.003769,0.859596,0.068852,0.05242977,0.228975,62,4.2078,21.2583,3285.0313,33.3586,484,377861,14.509,11327.2369,0.3479,0.3775
flow_4184,0x10001058,09,Web,0,auto,117.7491,1356.327,751.9946,195832.7774,442.53,293.2468,123.788,1313.8097,1190.0217,0.003969,2.3516,0.067685,0.01613721,0.127032,37,6.5714,12.3787,4941.679,27.3516,404,303805,14.7706,11107.4116,0.4039,0.3225
flow_4196,0x10001064,09,Web,0,auto,124.6516,1332.3341,516.632,128305.3784,358.1974,333.1486,127.6824,1269.8484,1142.166,0.001852,3.08074,0.100169,0.06794616,0.260665,47,5.2351,25.7253,2704.6448,26.0131,259,133807,9.9565,5143.8405,0.3567,0.1441
flow_4208,0x10001070,09,Web,0,auto,108.8877,1329.8795,770.8314,172332.2512,415.1292,535.4507,145.4174,1330.0,1184.5826,0.00454,1.851704,0.09171,0.12391615,0.352017,56,7.6055,12.0705,5862.5803,34.001,370,285207,10.882,8388.1896,0.4762,0.3272
flow_4220,0x1000107c,09,Web,0,auto,91.5307,1367.5921,809.7578,143411.8887,378.6976,264.2462,175.093,1310.7099,1135.6168,0.002133,2.924462,0.146094,0.01412201,0.118836,21,4.4239,19.4908,3582.3136,20.1251,137,110936,6.8074,5512.3187,0.3117,0.3357
flow_4232,0x10001088,09,Web,0,auto,125.1368,1371.2169,553.6666,150007.1165,387.3075,441.9932,101.9403,1301.7786,1199.8382,0.00187,2.924201,0.112244,0.02183931,0.147781,20,8.2036,14.1168,4542.0518,27.7377,247,136755,8.9049,4930.2974,0.374,0.1335
flow_4244,0x10001094,09,Web,0,auto,110.934,1321.003,602.7445,217635.3202,466.514,322.3057,185.2273,1270.2693,1085.042,0.002628,3.459293,0.129298,0.1872685,0.432745,29,5.4893,29.3639,3308.6545,34.9738,270,162741,7.7201,4653.2281,0.2821,0.2403
flow_4256,0x100010a0,09,Web,0,auto,81.235,1353.4803,538.7909,173104.2157,416.0579,436.0352,190.3703,1148.4976,958.1273,0.002247,2.506732,0.114034,0.09041456,0.30069,13,4.1643,31.0579,2243.681,19.5155,171,92133,8.7623,4721.0249,0.3163,0.1686
flow_4268,0x100010ac,09,Web,0,auto,100.8612,1322.336,602.4209,114775.6662,338.7856,647.3563,198.1681,1269.9705,1071.8024,0.002917,3.394651,0.133442,0.0186427,0.136538,8,8.7128,18.648,5248.7894,12.1562,91,54820,7.4859,4509.617,0.3034,0.3174
flow_4280,0x100010b8,09,Web,0,auto,87.8369,1323.2715,467.6658,141364.4351,375.9846,314.4298,117.0634,1185.1869,1068.1235,0.004528,3.205389,0.166869,0.14629372,0.382484,14,8.9661,18.2458,4193.1591,25.1312,150,70149,5.9687,2791.3166,0.4268,0.1369
flow_4292,0x100010c4,09,Web,0,auto,86.9464,1346.7549,609.4546,206979.1903,454.9497,292.5376,104.6084,1317.6869,1213.0785,0.003407,1.497557,0.144229,0.06302798,0.251054,15,7.606,30.6626,4635.5265,28.96,200,121890,6.9061,4208.9108,0.2944,0.153
flow_4304,0x100010d0,09,Web,0,auto,103.4477,1361.5709,812.6343,263896.4025,513.7085,484.6583,195.9498,1272.735,1076.7852,0.00202,2.109862,0.056545,0.13093218,0.361846,25,5.5708,16.7202,4527.0228,12.7992,226,183655,17.6573,14348.9295,0.424,0.2029
flow_4316,0x100010dc,09,Web,0,auto,123.5592,1348.3786,642.3209,184675.9977,429.7395,383.8103,127.156,1132.0859,1004.9299,0.004359,0.52943,0.177365,0.03892538,0.197295,12,5.6847,20.2105,3651.4125,26.359,148,95063,5.6148,3606.4659,0.3996,0.138
flow_4328,0x100010e8,09,Web,0,auto,117.1517,1341.0757,506.6548,209942.3216,458.1946,350.4086,135.1571,1230.4972,1095.3401,0.002729,2.850516,0.130582,0.16115938,0.401447,16,5.4201,23.5797,2746.0985,28.3657,217,109944,7.6501,3875.9439,0.4484,0.3324
flow_4340,0x100010f4,09,Web,0,auto,122.5657,1323.4893,730.0138,110219.0137,331.9925,312.1518,180.3608,1105.9109,925.5501,0.002522,3.302529,0.061729,0.19308155,0.43941,25,7.0096,12.1306,5117.0707,11.6756,189,137972,16.1877,11817.1686,0.4218,0.3549
flow_4352,0x10001100,09,Web,0,auto,126.9493,1323.8856,554.7501,226818.8936,476.2551,497.3128,136.2182,1330.0,1193.7818,0.003002,3.240964,0.116625,0.09485633,0.307988,22,3.5734,17.774,1982.3464,14.9819,128,71008,8.5437,4739.5937,0.45,0.2079
flow_4364,0x1000110c,09,Web,0,auto,100.0526,1329.5844,706.9081,120185.5894,346.6779,602.4735,128.246,1178.3098,1050.0638,0.001788,0.732911,0.075125,0.20857592,0.456701,9,5.4493,27.5655,3852.1271,6.7007,89,62914,13.2822,9389.1578,0.4031,0.1278
flow_4376,0x10001118,09,Web,0,auto,100.0095,1377.5754,479.4091,129947.8704,360.4828,266.5761,159.3191,1255.9001,1096.581,0.001262,1.831967,0.067352,0.1062201,0.325914,73,7.6523,20.8184,3668.6028,29.4414,437,209501,14.8431,7115.8704,0.3826,0.2368
flow_4388,0x10001124,09,Web,0,auto,82.7835,1354.781,470.3177,103205.06,321.2554,378.4955,105.6726,1330.0,1224.3274,0.002492,1.887756,0.146237,0.04293647,0.207211,14,8.8699,16.1914,4171.6878,15.3564,105,49383,6.8375,3215.7931,0.4168,0.2877
flow_4400,0x10001130,09,Web,0,auto,110.9632,1368.243,841.7741,208937.9627,457.0973,593.5392,134.5423,1330.0,1195.4577,0.001905,2.118291,0.092832,0.11534033,0.339618,20,4.7715,29.8653,4016.5665,23.0016,247,207918,10.7384,9039.2647,0.3428,0.1377
flow_4412,0x1000113c,09,Web,0,auto,121.5792,1379.7367,665.6358,243635.2688,493.5942,600.6659,147.9944,1152.9908,1004.9964,0.003271,2.833313,0.133971,0.1273949,0.356924,14,5.1903,22.841,3454.8349,11.4562,85,56579,7.4196,4938.7444,0.3229,0.17
flow_4424,0x10001148,09,Web,0,auto,114.4474,1340.5446,842.2831,215456.439,464.1729,307.0777,118.2129,1136.5663,1018.3534,0.001998,3.410649,0.177951,0.03654612,0.19117,9,6.2822,21.6341,5291.3859,13.082,73,61486,5.5802,4700.0634,0.3697,0.1407
flow_4436,0x10001154,09,Web,0,auto,126.0824,1346.5733,694.177,220115.9812,469.1652,587.7609,117.743,1161.2348,1043.4918,0.004551,1.305096,0.129215,0.01296076,0.113845,29,7.888,26.8395,5475.6535,25.3652,196,136058,7.7271,5363.9715,0.3976,0.1591
flow_4448,0x10001160,09,Web,0,auto,96.1054,1346.6367,711.0554,194551.9754,441.0805,476.3236,140.0151,1243.9538,1103.9387,0.001262,0.902446,0.142587,0.11609202,0.340723,9,7.9339,22.5501,5641.4273,15.7675,110,78216,6.9764,4960.5923,0.476,0.1893
flow_4460,0x1000116c,09,Web,0,auto,93.2657,1329.2207,816.1565,105386.0263,324.6321,474.2591,141.7299,1220.0965,1078.3665,0.001602,2.858762,0.085375,0.11568721,0.340128,13,4.7508,28.645,3877.3758,15.1593,177,144459,11.676,9529.3875,0.4287,0.3462
flow_4472,0x10001178,09,Web,0,auto,128.7356,1339.4164,732.8,221420.7172,470.5536,612.5872,140.9753,1329.8863,1188.911,0.003741,1.408737,0.15566,0.17179293,0.414479,11,6.9366,27.7825,5083.1073,22.4391,144,105523,6.4174,4702.6495,0.4036,0.3002
flow_4484,0x10001184,09,Web,0,auto,80.7165,1332.6739,669.7419,152147.1792,390.0605,600.0145,178.6031,1239.4367,1060.8336,0.001921,1.685698,0.129308,0.00877609,0.093681,22,8.794,25.2843,5889.7407,31.7876,245,164086,7.7074,5161.9541,0.3525,0.2339
flow_4496,0x10001190,09,Web,0,auto,90.9958,1344.501,547.7767,265436.7179,515.2055,463.2573,100.0804,1127.1873,1027.1069,0.004424,1.633987,0.166749,0.11390678,0.337501,10,7.517,23.6368,4117.6217,21.4641,128,70115,5.9635,3266.624,0.297,0.3286
flow_4508,0x1000119c,09,Web,0,auto,99.2294,1359.8049,535.5158,251489.6285,501.4874,276.7111,189.7403,1262.3829,1072.6426,0.003676,3.367283,0.17453,0.16318226,0.403958,15,4.7415,20.8042,2539.1709,28.1499,161,86218,5.7194,3062.8126,0.3957,0.1833
flow_4520,0x100011a8,09,Web,0,auto,81.7016,1358.311,782.44,108224.5269,328.975,547.9617,176.1509,1304.1788,1128.0278,0.00296,2.407069,0.108542,0.05209487,0.228243,7,7.8066,13.0184,6108.1812,7.4412,68,53205,9.1383,7150.0153,0.2874,0.164
flow_4532,0x100011b4,09,Web,0,auto,89.3723,1349.904,808.0789,153095.4382,391.2741,528.4164,110.1697,1190.2512,1080.0815,0.003638,1.769728,0.132185,0.08845418,0.297412,40,6.9295,21.1212,5599.5672,32.9516,249,201211,7.5565,6106.2517,0.4654,0.3427
flow_4544,0x100011c0,09,Web,0,auto,109.3984,1366.9405,779.0405,170928.0322,413.4344,426.1776,141.312,1303.0227,1161.7107,0.004791,1.230729,0.08001,0.1076647,0.328123,43,3.8984,24.0905,3037.0209,18.9906,237,184632,12.4799,9722.2992,0.3556,0.2823
flow_4556,0x100011cc,09,Web,0,auto,105.9993,1346.6162,568.8742,253957.0028,503.9415,513.6769,156.5422,1139.3418,982.7995,0.003723,1.817605,0.138067,0.12750794,0.357083,23,8.3226,19.3078,4734.5154,29.882,216,122876,7.2284,4112.0438,0.4127,0.2132
flow_4568,0x100011d8,09,Web,0,auto,117.4581,1346.7227,754.9253,241830.5473,491.7627,492.3879,160.5799,1170.4103,1009.8304,0.00242,2.524061,0.166288,0.12007245,0.346515,7,6.1449,19.1995,4638.9204,15.9201,95,71717,5.9673,4504.8151,0.3504,0.3279
flow_4580,0x100011e4,09,Web,0,auto,114.5039,1375.2501,776.8144,165804.9367,407.1915,533.5491,194.2119,1330.0,1135.7881,0.004601,2.725319,0.128859,0.08737849,0.295599,9,4.2411,15.0717,3294.5348,11.5132,89,69136,7.7303,6004.9545,0.3115,0.2429
flow_4592,0x100011f0,09,Web,0,auto,91.4007,1353.3173,840.9801,234712.6572,484.4715,576.8549,165.3884,1189.1693,1023.7809,0.003354,2.87355,0.065101,0.1932429,0.439594,44,6.1881,26.9561,5204.1073,29.5386,453,380963,15.3358,12897.103,0.4717,0.1855
flow_4604,0x100011fc,09,Web,0,auto,92.0852,1344.1446,657.8772,232753.4117,482.4452,459.5713,136.7428,1261.166,1124.4232,0.001294,2.068239,0.112463,0.09362671,0.305985,27,6.594,25.6,4338.0629,31.0692,276,181574,8.8834,5844.189,0.4741,0.3087
flow_4616,0x10001208,09,Web,0,auto,128.367,1344.6883,799.0586,157352.327,396.6766,457.3226,194.6937,1330.0,1135.3063,0.001662,2.497941,0.09939,0.02007109,0.141672,7,4.0155,30.7674,3208.6532,6.7474,67,53536,9.9297,7934.2802,0.33,0.2344
flow_4628,0x10001214,09,Web,0,auto,106.4147,1365.0372,539.2684,254185.2227,504.1679,271.4731,149.95,1330.0,1180.05,0.003635,1.894736,0.173356,0.01419511,0.119143,7,7.2413,19.3687,3905.0306,18.249,105,56623,5.7537,3102.7944,0.4755,0.3174
flow_4640,0x10001220,09,Web,0,auto,105.2993,1345.4931,536.2207,137015.7166,370.1563,617.179,169.4909,1287.3507,1117.8598,0.003589,1.680965,0.150262,0.13050958,0.361261,19,4.036,27.8983,2164.1751,18.6521,124,66491,6.6481,3564.8029,0.4206,0.237
flow_4652,0x1000122c,09,Web,0,auto,100.5378,1327.8704,504.4103,155996.2093,394.9636,296.4852,188.1065,1262.2322,1074.1257,0.004076,3.48005,0.096559,0.15191014,0.389757,38,4.1366,12.1982,2086.5348,27.2979,282,142243,10.3305,5210.7667,0.4454,0.3748
flow_4664,0x10001238,09,Web,0,auto,107.7796,1329.6366,577.0098,253109.9031,503.1003,431.9072,134.139,1330.0,1195.861,0.003673,1.798285,0.147835,0.02728505,0.165182,8,5.2386,30.0053,3022.7332,9.072,61,35197,6.724,3879.7224,0.4738,0.1341
flow_4676,0x10001244,09,Web,0,auto,103.8875,1346.8047,671.5874,238825.3773,488.6976,628.9168,153.439,1330.0,1176.561,0.004135,2.806292,0.172252,0.0207234,0.143956,7,6.6151,29.1799,4442.6445,7.4158,43,28878,5.7984,3894.1233,0.2904,0.2524
flow_4688,0x10001250,09,Web,0,auto,113.4136,1330.7905,803.6498,215240.3579,463.94,330.8655,190.5092,1320.9734,1130.4643,0.004632,3.162033,0.040481,0.08407736,0.289961,27,5.1402,22.2528,4130.9447,8.9407,220,176802,24.6064,19774.8591,0.4493,0.1578
flow_4700,0x1000125c,09,Web,0,auto,121.3129,1324.675,453.0826,139516.351,373.5189,582.5893,157.9925,1295.7127,1137.7202,0.001515,1.828292,0.105101,0.20646415,0.454383,43,6.0248,27.4287,2729.7118,28.4516,270,122332,9.4898,4299.6582,0.4369,0.2383
flow_4712,0x10001268,09,Web,0,auto,104.5295,1377.4669,515.0606,145024.0463,380.8202,522.4167,189.2693,1248.5511,1059.2818,0.002989,1.365172,0.092833,0.0188214,0.137191,8,6.1648,27.5475,3175.257,9.5207,102,52536,10.7134,5518.0542,0.4097,0.1209
flow_4724,0x10001274,09,Web,0,auto,124.7639,1376.955,686.1459,137539.0301,370.8625,576.8213,121.8896,1330.0,1208.1104,0.001763,1.500249,0.056916,0.03753892,0.19375,42,6.9581,19.3194,4774.2461,20.6198,362,248384,17.5559,12045.9027,0.3939,0.2837
flow_4736,0x10001280,09,Web,0,auto,116.3496,1360.671,517.7677,215221.9368,463.9202,358.7936,127.8854,1229.9309,1102.0455,0.004573,1.072816,0.164918,0.07672846,0.276999,4,7.1919,31.3159,3723.7308,7.9985,48,24852,6.0011,3107.0866,0.344,0.1457
flow_4748,0x1000128c,09,Web,0,auto,107.3599,1324.0614,830.2851,204648.6097,452.381,635.1246,181.2107,1329.0295,1147.8188,0.00154,1.908455,0.042147,0.08728878,0.295447,94,5.4139,17.7178,4495.0707,33.7516,800,664228,23.7025,19679.8684,0.3951,0.3552
flow_4760,0x10001298,09,Web,0,auto,110.1693,1371.6972,543.9624,199904.3624,447.1067,514.9386,141.4526,1229.8354,1088.3828,0.004669,1.086849,0.053394,0.07999251,0.282829,42,8.4384,27.4257,4590.1933,31.5277,590,320937,18.7137,10179.5392,0.3018,0.2815
flow_4772,0x100012a4,09,Web,0,auto,106.3183,1355.1433,657.265,187037.5668,432.4784,613.8969,136.4367,1297.9952,1161.5586,0.001888,1.501281,0.115262,0.12408465,0.352257,24,7.2914,20.5533,4792.3611,32.4898,281,184691,8.6489,5684.5878,0.3274,0.3046
flow_4784,0x100012b0,09,Web,0,auto,89.8208,1345.864,600.0475,254500.7285,504.4807,461.8892,188.8345,1220.0449,1031.2104,0.003332,2.150549,0.062509,0.00820099,0.090559,40,7.6012,28.9091,4561.1052,13.7967,220,132010,15.9458,9568.2239,0.3481,0.1656
flow_4796,0x100012bc,09,Web,0,auto,100.9277,1324.2883,600.1357,266348.3977,516.0895,633.1363,168.2282,1303.9399,1135.7117,0.002933,1.964993,0.117434,0.05757627,0.239951,19,8.2448,17.6553,4948.0171,29.6925,252,151234,8.487,5093.3328,0.3202,0.3737
flow_4808,0x100012c8,09,Web,0,auto,89.64,1350.4378,804.7372,147079.1855,383.509,598.8702,137.9858,1184.3675,1046.3817,0.004458,0.690845,0.147011,0.06944186,0.263518,5,5.5356,27.1383,4454.6957,8.301,56,45065,6.7462,5428.8863,0.3829,0.3293
flow_4820,0x100012d4,09,Web,0,auto,82.168,1356.8053,501.9655,188583.1715,434.2616,549.4841,110.1127,1152.1261,1042.0133,0.004483,2.651225,0.149648,0.02125707,0.145798,27,5.792,12.8271,2907.3667,25.8712,172,86338,6.6483,3337.2242,0.3455,0.3716
flow_4832,0x100012e0,09,Web,0,auto,80.8792,1354.7053,618.0537,226812.5353,476.2484,551.0524,119.8759,1194.9732,1075.0973,0.001864,2.037751,0.051458,0.09636049,0.31042,38,8.1112,21.7506,5013.1709,19.8813,386,238568,19.4152,11999.6156,0.4374,0.3632
flow_4844,0x100012ec,09,Web,0,auto,113.6025,1320.0106,679.3366,114897.6002,338.9655,649.6117,121.0784,1330.0,1208.9216,0.004164,2.479289,0.120644,0.06179674,0.248589,27,7.6524,15.6599,5198.5593,28.1195,233,158285,8.2861,5629.0113,0.4438,0.3202
flow_4856,0x100012f8,09,Web,0,auto,91.9866,1324.7535,653.7735,194619.2632,441.1567,458.5911,108.4577,1330.0,1221.5423,0.001249,3.443286,0.092298,0.08826413,0.297093,28,8.1296,27.6406,5314.8975,25.9816,281,183710,10.8153,7070.7615,0.396,0.124
flow_4868,0x10001304,09,Web,0,auto,99.2215,1369.0396,668.0497,153169.4627,391.3687,439.6954,185.3222,1232.0613,1046.7391,0.001935,1.044704,0.157859,0.03195165,0.17875,12,4.3442,12.3924,2902.1412,21.4896,136,90854,6.3286,4227.8139,0.4778,0.3317
flow_4880,0x10001310,09,Web,0,auto,97.1051,1365.3789,756.8844,243982.1794,493.9455,319.3392,181.1105,1302.3123,1121.2018,0.004412,2.245606,0.163515,0.140869,0.375325,18,5.7678,19.9408,4365.53,33.008,201,152133,6.0894,4608.9715,0.3613,0.2964
flow_4892,0x1000131c,09,Web,0,auto,96.8214,1358.7421,793.7066,232365.8686,482.0434,543.1524,199.7819,1113.081,913.2991,0.004158,0.80396,0.125135,0.15061159,0.388087,33,4.5112,29.7401,3580.5706,25.1804,201,159535,7.9824,6335.6869,0.4621,0.3141
flow_4904,0x10001328,09,Web,0,auto,91.3299,1362.868,684.711,189048.6881,434.7973,530.5966,182.8247,1178.2992,995.4745,0.004051,2.015888,0.164763,0.01042745,0.102115,11,3.8076,25.3692,2607.0905,12.7983,77,52722,6.0164,4119.4456,0.4381,0.2567
flow_4916,0x10001334,09,Web,0,auto,94.1644,1365.4034,828.303,125508.8462,354.2723,396.7322,113.2634,1132.9359,1019.6725,0.003358,1.266877,0.076555,0.0559603,0.236559,44,6.4196,28.1333,5317.3617,26.0424,340,281623,13.0557,10814.034,0.2943,0.1674
flow_4928,0x10001340,09,Web,0,auto,98.3002,1362.4222,658.8036,133799.4561,365.7861,610.9421,187.5857,1324.5097,1136.924,0.003656,1.773649,0.058639,0.06141318,0.247817,49,8.9048,24.5891,5866.5267,27.0403,461,303708,17.0486,11231.6633,0.3123,0.1403
flow_4940,0x1000134c,09,Web,0,auto,96.7457,1335.2112,494.7078,179469.4982,423.6384,325.541,158.9101,1271.733,1112.823,0.001519,2.544434,0.168429,0.19083045,0.436841,4,7.6123,31.2266,3765.861,10.32,61,30177,5.9109,2924.1356,0.3293,0.2698
flow_4952,0x10001358,09,Web,0,auto,113.7026,1358.867,513.9698,228799.5533,478.33,474.1005,106.8237,1176.5458,1069.7221,0.002064,0.811768,0.059752,0.17701826,0.420735,36,7.9556,19.281,4088.9181,19.0408,318,163442,16.701,8583.7644,0.3436,0.1735
flow_4964,0x10001364,09,Web,0,auto,96.4661,1364.3583,558.6955,219468.099,468.4742,436.0604,197.2532,1208.2453,1010.9921,0.004855,0.555851,0.053769,0.03316991,0.182126,50,5.0058,12.1495,2796.7394,31.5728,587,327954,18.592,10387.2322,0.444,0.3419
flow_4976,0x10001370,09,Web,0,auto,100.1787,1370.6508,836.2811,105903.3016,325.4279,629.1506,172.0318,1330.0,1157.9682,0.001741,0.947218,0.106258,0.02227383,0.149244,19,8.732,18.0657,7302.417,26.7939,252,210742,9.4051,7865.2856,0.3834,0.1693
flow_4988,0x1000137c,09,Web,0,auto,85.3334,1363.7411,744.6407,186156.5689,431.4587,305.8227,154.3758,1149.5709,995.1951,0.00134,2.07665,0.125017,0.1523236,0.390287,7,6.6405,24.8997,4944.8064,11.9317,95,70740,7.962,5928.7487,0.3134,0.3282
flow_5000,0x10001388,09,Web,0,auto,91.9136,1376.1716,842.4145,204784.8646,452.5316,504.6773,183.997,1330.0,1146.003,0.003496,0.469852,0.146418,0.04153647,0.203805,13,5.5324,14.3731,4660.5903,20.7677,141,118780,6.7894,5719.4624,0.3884,0.244
flow_5012,0x10001394,09,Web,0,auto,93.2961,1353.1757,450.5675,103330.335,321.4504,384.7873,170.397,1330.0,1159.603,0.002808,2.508192,0.119365,0.19247374,0.438718,24,7.3787,29.1977,3324.5821,22.2809,186,83805,8.348,3761.2911,0.4497,0.3285
flow_5024,0x100013a0,09,Web,0,auto,119.9756,1341.6833,698.084,255292.4892,505.2648,349.6936,163.5395,1263.1217,1099.5822,0.003645,0.715773,0.054311,0.1591269,0.398907,23,7.3122,15.7349,5104.5262,14.3182,263,183596,18.3682,12822.5193,0.3605,0.1503
flow_5036,0x100013ac,09,Web,0,auto,96.8138,1347.5742,701.2337,117385.0486,342.615,536.1862,172.7422,1330.0,1157.2578,0.004115,3.468501,0.048932,0.18490776,0.430009,58,5.4424,14.8909,3816.3956,29.1356,595,417234,20.4218,14320.4218,0.2937,0.2136
flow_5048,0x100013b8,09,Web,0,auto,92.2051,1348.5068,511.5579,106791.1187,326.7891,258.399,194.8703,1120.1209,925.2506,0.001872,2.340729,0.129395,0.01524767,0.123481,18,4.7304,28.1069,2419.8987,21.8192,168,85941,7.6996,3938.7793,0.4731,0.1966
flow_5060,0x100013c4,09,Web,0,auto,82.444,1331.2526,643.1774,213741.1662,462.3215,398.2953,136.5482,1231.8083,1095.2601,0.004466,2.88184,0.169739,0.14228305,0.377204,10,6.5344,31.7702,4202.7955,18.9126,111,71392,5.8691,3774.8356,0.4275,0.2587
flow_5072,0x100013d0,09,Web,0,auto,86.2974,1321.3207,718.9545,245516.6529,495.4964,315.7185,158.1984,1322.3704,1164.1719,0.002195,1.588957,0.169384,0.04494413,0.212,13,6.8299,21.3602,4910.4072,13.7935,81,58235,5.8723,4221.9267,0.4718,0.2741
flow_5084,0x100013dc,09,Web,0,auto,97.3578,1351.2563,510.6708,192253.7784,438.4675,438.0445,187.8551,1190.8504,1002.9953,0.002216,0.785138,0.107487,0.14107734,0.375603,39,5.1515,18.5011,2630.7162,24.7684,230,117454,9.286,4742.0975,0.4001,0.325
flow_5096,0x100013e8,09,Web,0,auto,97.1828,1349.693,615.9456,260489.5393,510.3818,446.3098,194.717,1330.0,1135.283,0.004104,2.598246,0.134702,0.05667555,0.238066,6,7.807,14.4632,4808.7016,8.9505,66,40652,7.3739,4541.8554,0.3746,0.186
flow_5108,0x100013f4,09,Web,0,auto,84.4801,1356.1547,675.5362,259147.023,509.0649,614.5781,129.4957,1330.0,1200.5043,0.001218,2.672011,0.121261,0.04841762,0.22004,29,6.4171,25.7064,4334.9703,29.8246,245,165506,8.2147,5549.3141,0.3336,0.1503
flow_5120,0x10001400,09,Web,0,auto,85.7135,1327.938,678.5468,168736.0086,410.7749,520.6024,104.5142,1330.0,1225.4858,0.003229,1.057542,0.068478,0.16885554,0.41092,20,7.7965,30.9481,5290.2875,8.4219,122,82782,14.4861,9829.4209,0.3682,0.1452
flow_5132,0x1000140c,09,Web,0,auto,84.6015,1368.7185,700.1826,156677.4213,395.825,579.1397,169.4868,1330.0,1160.5132,0.00384,0.553947,0.119592,0.08521228,0.291911,37,4.7403,13.91,3319.0604,29.8372,249,174345,8.3453,5843.2064,0.3703,0.1213
flow_5144,0x10001418,09,Web,0,auto,123.9583,1330.2157,815.4647,120563.0326,347.2219,544.1425,131.7644,1330.0,1198.2356,0.001676,2.367147,0.110944,0.03777154,0.194349,13,7.67,13.1638,6254.622,20.1044,181,147599,9.003,7341.6099,0.4755,0.3073
flow_5156,0x10001424,09,Web,0,auto,113.9446,1335.1159,505.9328,174743.4746,418.0233,320.6913,152.1563,1330.0,1177.8437,0.001016,1.537825,0.126349,0.0712022,0.266837,34,6.4354,25.2037,3255.8973,23.1067,182,92079,7.8765,3984.9513,0.3997,0.1311
flow_5168,0x10001430,09,Web,0,auto,123.1963,1341.3287,803.8002,184060.2225,429.0224,568.0636,170.9466,1330.0,1159.0534,0.003816,2.633794,0.179569,0.17157357,0.414214,11,4.9039,22.9707,3941.7844,23.7601,132,106101,5.5555,4465.5157,0.4763,0.1647
flow_5180,0x1000143c,09,Web,0,auto,120.0908,1348.2638,559.8364,186534.437,431.8963,262.6032,174.2003,1299.345,1125.1447,0.001898,1.073695,0.148347,0.0391213,0.197791,14,6.8388,12.7589,3828.6044,22.3846,150,83975,6.701,3751.4691,0.3721,0.321
flow_5192,0x10001448,09,Web,0,auto,89.9776,1361.8207,541.3794,193221.3113,439.5695,352.1727,146.4185,1243.3991,1096.9807,0.004828,1.203153,0.155487,0.13202864,0.363357,12,5.4649,24.5937,2958.5903,21.8692,140,75793,6.4017,3465.7483,0.3092,0.3251
flow_5204,0x10001454,09,Web,0,auto,82.5811,1351.2248,719.9631,242444.9372,492.387,343.0453,181.7266,1152.7567,971.0301,0.003604,0.926699,0.127661,0.03446843,0.185657,12,6.4175,13.7766,4620.3497,16.97,132,95035,7.7784,5600.1671,0.4035,0.2663
flow_5216,0x10001460,09,Web,0,auto,93.0133,1374.0213,598.4244,108339.2389,329.1493,342.5244,179.9233,1315.5768,1135.6534,0.003673,0.674106,0.147645,0.10005908,0.316321,7,5.2454,26.26,3138.9596,9.7751,66,39496,6.7519,4040.473,0.3636,0.2973
flow_5228,0x1000146c,09,Web,0,auto,81.3313,1367.0484,569.5444,206312.667,454.2165,527.6208,121.7874,1160.5522,1038.7647,0.004402,1.103498,0.05691,0.12082577,0.3476,18,6.0238,19.2333,3430.8248,12.2983,216,123021,17.5635,10003.1274,0.2922,0.1965
flow_5240,0x10001478,09,Web,0,auto,111.9724,1379.911,524.8798,263121.1572,512.9534,557.2818,132.3041,1227.1029,1094.7988,0.001427,2.516767,0.118565,0.02312443,0.152067,13,8.8243,27.8852,4631.6878,21.249,179,93953,8.4239,4421.5303,0.3085,0.2145
flow_5252,0x10001484,09,Web,0,auto,110.7705,1351.7827,839.7249,137405.0896,370.6819,599.1268,165.9748,1330.0,1164.0252,0.004185,2.44414,0.046499,0.09838482,0.313664,33,5.6861,29.4791,4774.771,12.4387,267,224206,21.4652,18024.8375,0.4673,0.3206
flow_5264,0x10001490,09,Web,0,auto,118.6753,1348.1212,616.1752,184754.673,429.831,293.1825,107.4249,1103.1885,995.7636,0.002652,1.827319,0.172427,0.18150313,0.426032,7,4.3699,16.7469,2692.5941,17.0378,98,60385,5.7519,3544.1789,0.3838,0.217
flow_5276,0x1000149c,09,Web,0,auto,114.5163,1348.0574,652.3282,229407.1598,478.9647,574.3508,122.2555,1282.9487,1160.6933,0.004885,3.17014,0.044981,0.16185884,0.402317,93,8.8273,20.5704,5758.3054,31.4076,698,455325,22.2239,14497.2662,0.4298,0.1308
flow_5288,0x100014a8,09,Web,0,auto,80.1112,1333.3997,519.658,190568.3748,436.5414,428.7387,121.8946,1139.4731,1017.5785,0.003703,3.190599,0.075771,0.09943496,0.315333,19,4.5086,22.842,2342.911,10.6782,140,72752,13.1109,6813.151,0.2885,0.2409
flow_5300,0x100014b4,09,Web,0,auto,86.922,1332.637,573.1337,183242.803,428.0687,430.8314,100.9277,1114.7048,1013.777,0.003919,2.952052,0.150168,0.00779197,0.088272,9,8.9676,31.5997,5139.6532,19.4167,129,73934,6.6438,3807.755,0.4556,0.2861
flow_5312,0x100014c0,09,Web,0,auto,100.5859,1372.5299,697.6964,140188.1692,374.4171,555.3111,139.5237,1330.0,1190.4763,0.001453,1.534359,0.119551,0.01859384,0.136359,13,3.8518,20.7425,2687.3718,20.6194,172,120003,8.3416,5819.8966,0.4387,0.1508
flow_5324,0x100014cc,09,Web,0,auto,100.4731,1367.4097,685.9456,177074.7416,420.8025,447.5973,146.783,1330.0,1183.217,0.002994,1.927031,0.05876,0.03221855,0.179495,40,5.4277,15.9479,3723.1108,29.4675,501,343658,17.0018,11662.2779,0.438,0.3579
flow_5336,0x100014d8,09,Web,0,auto,91.1938,1377.9454,775.6489,237202.153,487.034,262.6955,197.0653,1244.339,1047.2736,0.001349,1.375509,0.054254,0.04294385,0.207229,24,3.8722,17.1255,3003.4296,9.7016,178,138065,18.3474,14231.1228,0.3481,0.3577
flow_5348,0x100014e4,09,Web,0,auto,90.1722,1361.6736,751.6081,105725.6296,325.1548,514.0321,103.048,1114.1823,1011.1343,0.001596,1.110711,0.160875,0.08756713,0.295917,4,6.068,23.0093,4560.7599,7.5952,47,35325,6.1881,4650.9852,0.4215,0.3381
flow_5360,0x100014f0,09,Web,0,auto,127.0403,1329.8143,452.4123,102959.1079,320.8724,645.2911,155.7257,1252.0188,1096.2931,0.001761,1.347928,0.125134,0.0213306,0.14605,31,7.5884,16.0058,3433.0942,20.5107,163,73743,7.9471,3595.3434,0.4758,0.3701
flow_5372,0x100014fc,09,Web,0,auto,123.2742,1327.8495,520.8343,102478.5028,320.1226,401.1416,141.6484,1177.7286,1036.0802,0.004281,3.131637,0.081237,0.07714573,0.277751,61,4.7032,19.5268,2449.6101,33.3144,410,213542,12.307,6409.9044,0.3284,0.1296
flow_5384,0x10001508,09,Web,0,auto,99.8108,1332.3126,683.5306,163283.8797,404.084,315.4443,101.9369,1330.0,1228.0631,0.004727,0.711955,0.081084,0.12836591,0.358282,35,5.2765,31.7516,3606.6739,24.7412,305,208476,12.3276,8426.2831,0.3022,0.3337
flow_5396,0x10001514,09,Web,0,auto,100.1675,1347.3936,720.743,173089.9872,416.0408,336.7465,183.9475,1184.642,1000.6944,0.004429,3.401141,0.114731,0.02481632,0.157532,7,5.06,21.8822,3646.9723,10.7148,93,67029,8.6796,6255.7473,0.4368,0.1344
flow_5408,0x10001520,09,Web,0,auto,92.5034,1373.5532,714.4715,143819.9783,379.236,378.5559,136.927,1218.7903,1081.8633,0.001751,1.484896,0.162375,0.12461489,0.353008,4,5.7351,26.4901,4097.5584,7.1145,43,30722,6.044,4318.2429,0.3586,0.3217
flow_5420,0x1000152c,09,Web,0,auto,128.2406,1343.1861,805.937,109475.6976,330.8711,529.5505,146.8134,1246.0963,1099.283,0.004656,2.33335,0.165293,0.02548846,0.159651,22,4.3871,29.3746,3535.7191,26.7683,161,129755,6.0146,4847.3306,0.3983,0.1571
flow_5432,0x10001538,09,Web,0,auto,112.2377,1373.8237,575.1136,178783.5714,422.8281,370.8502,183.0146,1187.0692,1004.0546,0.004941,0.606049,0.165224,0.14770513,0.384324,5,3.704,13.0953,2130.2466,10.4755,63,36232,6.014,3458.7465,0.3935,0.2726
flow_5444,0x10001544,09,Web,0,auto,85.0737,1343.4472,523.0532,103231.8228,321.2971,415.1755,110.4209,1155.6092,1045.1883,0.002231,1.805309,0.073713,0.19489591,0.44147,61,5.968,24.1481,3121.595,32.6596,443,231712,13.5642,7094.7613,0.3173,0.2834
flow_5456,0x10001550,09,Web,0,auto,110.5224,1351.4463,585.541,115252.6868,339.4889,595.4628,120.0609,1290.3211,1170.2602,0.002175,1.112799,0.102557,0.13134733,0.362419,21,6.1678,22.9616,3611.4963,12.6869,123,72021,9.695,5676.7984,0.4113,0.2372
flow_5468,0x1000155c,09,Web,0,auto,118.5297,1365.7504,838.6404,126727.4386,355.988,302.6974,192.182,1200.0648,1007.8828,0.003426,3.358295,0.134596,0.0334672,0.18294,8,7.1673,30.9977,6010.7598,9.6339,71,59543,7.3698,6180.573,0.2928,0.2327
flow_5480,0x10001568,09,Web,0,auto,117.7757,1365.2444,475.0913,248383.2785,498.3807,255.4312,143.8462,1128.1344,984.2882,0.003664,1.690024,0.059594,0.04563792,0.21363,20,7.1819,22.988,3412.0558,13.53,227,107845,16.7775,7970.7824,0.4358,0.1258
flow_5492,0x10001574,09,Web,0,auto,115.1554,1338.8485,653.4655,119416.0314,345.5662,622.2929,119.6567,1175.9594,1056.3028,0.002697,0.829236,0.17378,0.10968192,0.331183,21,5.371,15.8581,3509.7879,25.1502,144,94099,5.7256,3741.4754,0.2959,0.2316
flow_5504,0x10001580,09,Web,0,auto,91.0387,1330.6226,767.1313,232368.876,482.0465,381.9852,132.3292,1223.8548,1091.5256,0.001796,2.10436,0.17606,0.13764689,0.371008,9,4.5676,25.9937,3503.9173,14.0998,80,61370,5.6739,4352.5554,0.3476,0.3477
flow_5516,0x1000158c,09,Web,0,auto,126.4657,1354.6911,595.3602,253623.9148,503.6109,363.0946,102.5536,1207.4779,1104.9243,0.00352,3.16798,0.127236,0.09262901,0.30435,30,8.3841,23.7924,4991.5714,26.8988,211,125621,7.8442,4670.1311,0.3862,0.2865
flow_5528,0x10001598,09,Web,0,auto,98.5322,1347.8859,625.7856,157778.9261,397.214,443.2057,162.166,1102.4825,940.3165,0.004468,3.099043,0.065841,0.01872446,0.136837,29,4.3171,28.42,2701.5966,26.5374,403,252191,15.1861,9503.2388,0.47,0.3331
flow_5540,0x100015a4,09,Web,0,auto,121.8004,1368.8431,838.7771,119499.3941,345.6868,384.5299,195.5631,1330.0,1134.4369,0.004242,2.164478,0.172991,0.06309774,0.251193,6,5.3826,30.0852,4514.7995,15.9837,92,77167,5.7559,4827.8536,0.357,0.309
flow_5552,0x100015b0,09,Web,0,auto,105.2477,1344.5454,775.9082,105734.8129,325.1689,586.7336,123.4856,1143.1926,1019.707,0.003522,3.318554,0.112596,0.19937505,0.446514,20,4.5227,14.9662,3509.2324,23.8065,211,163716,8.8631,6876.9367,0.406,0.1362
flow_5564,0x100015bc,09,Web,0,auto,101.4596,1345.4168,561.136,219869.0967,468.902,426.5617,139.3768,1307.6437,1168.2669,0.003475,3.481097,0.083487,0.19195513,0.438127,46,7.445,19.7074,4177.6767,20.6124,246,138039,11.9346,6696.8968,0.4557,0.227
flow_5576,0x100015c8,09,Web,0,auto,121.6484,1370.9133,590.8767,110835.3688,332.9195,561.6259,187.5217,1273.5691,1086.0474,0.003992,2.768299,0.080603,0.01627315,0.127566,53,5.8859,29.5038,3477.8524,31.4771,390,230441,12.39,7320.9201,0.3441,0.2283
flow_5588,0x100015d4,09,Web,0,auto,85.4072,1340.0615,751.3634,248677.6332,498.6759,315.3512,100.0136,1330.0,1229.9864,0.001944,2.031655,0.178798,0.13480479,0.367158,4,4.6863,28.5186,3521.1084,10.7107,59,44330,5.5085,4138.8493,0.2822,0.1812
flow_5600,0x100015e0,09,Web,0,auto,126.1528,1329.8509,521.2601,143322.7848,378.58,274.1583,141.9393,1315.5704,1173.6311,0.001337,1.333045,0.090019,0.19433134,0.44083,36,4.6348,29.383,2415.9593,27.6046,306,159505,11.0851,5778.199,0.337,0.2824
flow_5612,0x100015ec,09,Web,0,auto,109.5814,1320.9776,585.0444,150752.197,388.2682,420.3293,167.0005,1180.4493,1013.4488,0.002627,3.492919,0.090746,0.07833255,0.27988,34,6.2256,16.4242,3642.2529,20.8892,230,134560,11.0104,6441.5909,0.3015,0.3301
flow_5624,0x100015f8,09,Web,0,auto,126.2108,1375.1445,553.4725,246953.9173,496.9446,462.4884,191.4785,1302.6299,1111.1514,0.002858,2.192269,0.072909,0.0907851,0.301306,21,5.1349,20.8664,2842.0497,13.8532,190,105159,13.7152,7590.9507,0.4519,0.2674
flow_5636,0x10001604,09,Web,0,auto,81.0577,1372.3966,715.7523,151124.6694,388.7476,390.6651,135.6501,1330.0,1194.3499,0.004888,1.330521,0.137775,0.03125971,0.176804,14,3.7024,13.2788,2650.012,27.3728,198,141718,7.2335,5177.334,0.4393,0.2377
flow_5648,0x10001610,09,Web,0,auto,93.4504,1370.8717,633.1881,170492.3204,412.9072,482.5546,185.1702,1189.6764,1004.5062,0.004914,2.987022,0.094061,0.01029524,0.101465,11,8.0667,30.8696,5107.7185,11.0907,117,74083,10.5494,6679.7601,0.3561,0.1307
flow_5660,0x1000161c,09,Web,0,auto,113.5598,1357.7119,591.3402,152524.1776,390.5434,578.1458,127.9765,1119.6624,991.6859,0.002281,0.874645,0.079284,0.04150973,0.203739,19,6.9654,23.3752,4118.9211,11.7764,148,87518,12.5675,7431.663,0.2927,0.1961
flow_5672,0x10001628,09,Web,0,auto,109.6859,1335.7312,504.2547,107810.5692,328.3452,521.8721,121.3414,1229.3281,1107.9867,0.00336,1.504237,0.045171,0.08121882,0.284989,119,5.5687,18.2906,2808.0661,33.2279,735,370627,22.12,11154.0975,0.3282,0.2841
flow_5684,0x10001634,09,Web,0,auto,112.08,1372.5098,602.6009,181846.2686,426.4344,536.9119,174.1595,1293.386,1119.2265,0.003112,2.579309,0.158519,0.17550183,0.418929,10,5.7217,29.2196,3447.8766,18.4414,116,69901,6.2902,3790.4313,0.4462,0.3158
flow_5696,0x10001640,09,Web,0,auto,124.0321,1359.8263,493.8864,239075.9958,488.954,646.9232,195.2534,1112.8192,917.5658,0.004175,3.267866,0.179237,0.18886095,0.434581,13,4.6834,31.1188,2313.0689,31.4077,175,86430,5.5719,2751.8703,0.4339,0.1995
flow_5708,0x1000164c,09,Web,0,auto,120.6509,1364.7108,504.5565,177968.2604,421.8628,379.6076,164.3158,1211.8044,1047.4886,0.00355,1.912379,0.107855,0.19629968,0.443057,21,7.0582,26.2472,3561.248,32.3864,300,151366,9.2632,4673.7546,0.3184,0.1378
flow_5720,0x10001658,09,Web,0,auto,84.1914,1323.659,781.2393,114237.1289,337.9898,547.6973,162.4222,1330.0,1167.5778,0.002813,2.191698,0.05927,0.17492931,0.418246,39,3.6642,21.0616,2862.6018,16.4603,277,216403,16.8284,13146.9985,0.2803,0.2806
flow_5732,0x10001664,09,Web,0,auto,122.1876,1368.9366,708.2047,120728.5304,347.4601,250.9752,105.1931,1175.5556,1070.3624,0.001952,2.314069,0.100383,0.00944997,0.097211,29,5.6574,19.7296,4006.6003,31.1064,309,218835,9.9336,7035.0378,0.3011,0.2529
flow_5744,0x10001670,09,Web,0,auto,104.3894,1329.0944,601.8507,195368.7399,442.0054,586.8681,195.5529,1300.8122,1105.2593,0.004012,1.993919,0.067492,0.11748423,0.34276,56,8.4044,22.1973,5058.2133,27.13,401,241342,14.7807,8895.7629,0.4171,0.2555
flow_5756,0x1000167c,09,Web,0,auto,123.2569,1320.4266,595.7004,141494.2978,376.1573,511.7914,197.8662,1279.4691,1081.6029,0.003061,2.625507,0.04072,0.1353182,0.367856,16,8.4646,19.4029,5042.3375,8.942,219,130458,24.4912,14589.3499,0.2813,0.1888
flow_5768,0x10001688,09,Web,0,auto,111.6004,1361.9923,683.6614,229522.8785,479.0855,363.1336,124.9227,1250.4128,1125.4901,0.001816,2.00283,0.173778,0.04269453,0.206627,10,6.6452,14.0894,4543.0939,23.4954,135,92294,5.7458,3928.1663,0.4043,0.2764
flow_5780,0x10001694,09,Web,0,auto,104.6316,1324.628,467.2186,102755.4656,320.5549,648.4576,165.1415,1330.0,1164.8585,0.004077,3.209237,0.095983,0.14933707,0.386442,36,7.9465,31.267,3712.7622,34.2631,356,166329,10.3902,4854.4653,0.4269,0.1228
flow_5792,0x100016a0,09,Web,0,auto,94.8077,1363.8411,462.24,141005.5179,375.507,649.795,185.602,1296.2072,1110.6051,0.002724,2.696091,0.098038,0.0127188,0.112778,19,6.679,22.3722,3087.314,20.6043,210,97070,10.1921,4711.1583,0.4765,0.1211
flow_5804,0x100016ac,09,Web,0,auto,106.3439,1329.1835,479.1789,214273.2375,462.8966,534.6202,103.9981,1330.0,1226.0019,0.004655,3.102173,0.069989,0.1349689,0.367381,33,3.9952,20.5259,1914.402,25.788,368,176337,14.2702,6837.9498,0.2814,0.3749
flow_5816,0x100016b8,09,Web,0,auto,111.6042,1365.5299,800.1343,168701.989,410.7335,622.4911,191.716,1321.3663,1129.6503,0.004536,2.200342,0.040028,0.07412042,0.272251,89,5.233,19.8951,4187.0698,20.3224,507,405668,24.9478,19961.5704,0.4128,0.2533
flow_5828,0x100016c4,09,Web,0,auto,121.9841,1347.5808,702.706,247300.6018,497.2933,488.69,100.1918,1284.4561,1184.2643,0.001272,1.808677,0.1483,0.15664779,0.395788,11,7.8048,17.9333,5484.4822,18.1562,122,85730,6.7195,4721.8038,0.3953,0.1773
flow_5840,0x100016d0,09,Web,0,auto,87.8757,1359.3451,542.7946,144785.0957,380.5064,465.5274,138.2551,1270.3242,1132.0691,0.002535,2.732902,0.073036,0.01430465,0.119602,30,8.0265,20.9464,4356.7547,28.7308,393,213318,13.6787,7424.7147,0.3688,0.2003
flow_5852,0x100016dc,09,Web,0,auto,121.4325,1354.5889,707.0157,144015.3938,379.4936,475.6076,173.4666,1254.5717,1081.1051,0.002626,1.053015,0.074429,0.18489714,0.429997,12,7.5449,15.9969,5334.3365,9.7709,131,92619,13.4071,9479.0419,0.3144,0.1743
flow_5864,0x100016e8,09,Web,0,auto,94.0074,1346.9139,626.0683,125906.8523,354.8336,325.7916,186.1243,1330.0,1143.8757,0.004788,1.057085,0.080327,0.01940407,0.139299,64,7.2356,17.2969,4529.9927,26.1821,325,203472,12.4131,7771.4253,0.4241,0.168
flow_5876,0x100016f4,09,Web,0,auto,118.9109,1354.3093,467.4006,173800.5739,416.894,447.8408,170.953,1330.0,1159.047,0.001476,2.31699,0.137885,0.15926062,0.399075,27,3.9274,20.5748,1835.6822,20.4221,148,69175,7.247,3387.2552,0.4246,0.3663
flow_5888,0x10001700,09,Web,0,auto,90.4697,1366.3415,567.3699,125172.4533,353.7972,592.5375,180.1224,1269.9912,1089.8688,0.001895,3.333351,0.079156,0.07160667,0.267594,34,6.1419,21.056,3484.7303,32.1129,405,229784,12.6117,7155.5008,0.3383,0.3261
flow_5900,0x1000170c,09,Web,0,auto,121.0895,1371.5096,736.5489,158746.7916,398.4304,606.4018,178.4643,1231.4146,1052.9503,0.00254,1.997343,0.16351,0.15575531,0.394658,4,6.2314,14.8532,4589.6944,7.2465,44,32408,6.0719,4472.1986,0.2819,0.2301
flow_5912,0x10001718,09,Web,0,auto,114.323,1345.7059,544.6263,183998.7017,428.9507,624.0485,100.8735,1330.0,1229.1265,0.002015,0.663856,0.179192,0.01631522,0.127731,18,8.2032,24.6832,4467.669,34.0859,190,103478,5.5742,3035.7996,0.2868,0.3175
flow_5924,0x10001724,09,Web,0,auto,89.1431,1359.0776,687.8182,160140.2172,400.1752,393.7095,196.7503,1114.6938,917.9435,0.003647,3.097375,0.168691,0.12650238,0.355672,18,7.127,27.3344,4902.0855,17.6421,104,71533,5.895,4054.6694,0.3423,0.2383
flow_5936,0x10001730,09,Web,0,auto,92.8555,1349.6811,734.9955,171464.5713,414.0828,646.6094,108.9174,1253.4972,1144.5799,0.00261,1.003641,0.04339,0.00858389,0.092649,58,6.9362,17.1866,5098.0399,26.3377,607,446142,23.0468,16939.2642,0.3989,0.2054
flow_5948,0x1000173c,09,Web,0,auto,87.6497,1327.3186,789.3972,122420.5318,349.8865,595.2784,163.5306,1302.9085,1139.3779,0.002509,0.858213,0.100114,0.10003614,0.316285,15,4.1568,26.5864,3281.3758,20.4151,203,160247,9.9436,7849.4417,0.3871,0.2758
flow_5960,0x10001748,09,Web,0,auto,87.9143,1358.735,594.9792,135376.3541,367.9353,425.7686,127.1256,1192.3924,1065.2668,0.002047,2.342606,0.157849,0.08720288,0.295301,17,6.7144,31.2523,3994.9491,30.3968,192,114236,6.3165,3758.1581,0.436,0.1692
flow_5972,0x10001754,09,Web,0,auto,92.1316,1373.7393,475.0414,115276.1141,339.5234,339.9823,155.0323,1267.2176,1112.1852,0.002824,3.325216,0.049815,0.17955346,0.423737,24,3.9595,28.3646,1880.9154,6.6608,133,63180,19.9674,9485.2848,0.3883,0.2659
flow_5984,0x10001760,09,Web,0,auto,101.6356,1358.7364,665.0606,223916.7947,473.1985,606.4426,122.1523,1207.4956,1085.3433,0.002208,0.922839,0.117542,0.01912425,0.13829,10,7.6393,23.5165,5080.611,7.2072,61,40568,8.4637,5628.8054,0.4697,0.3604
flow_5996,0x1000176c,09,Web,0,auto,124.4085,1333.3113,690.4657,160971.1671,401.2121,327.0002,186.6097,1253.2986,1066.6889,0.003256,0.441432,0.120437,0.01744099,0.132064,29,8.8067,19.0537,6080.7115,32.48,269,185735,8.282,5718.4492,0.3727,0.1247
flow_6008,0x10001778,09,Email,0,auto,116.1918,1050.4297,241.8506,45894.5695,214.2302,243.6956,100.2697,514.6045,414.3348,0.042846,2.649793,0.800581,3.25696,1.804705,4,4.5802,13.9592,1107.7317,22.2954,27,6529,1.211,292.8409,0.4409,0.4935
flow_6020,0x10001784,09,Email,0,auto,139.9961,653.9459,327.0748,14665.7597,121.1023,227.3316,145.8086,445.7639,299.9553,0.052813,9.204849,0.607969,3.03195546,1.741251,6,3.6211,13.412,1184.3551,25.7994,42,13737,1.6279,532.4537,0.4143,0.6317
flow_6032,0x10001790,09,Email,0,auto,83.6455,998.9923,330.5609,18302.0482,135.2851,169.3833,103.4455,503.8496,400.4042,0.032895,7.840563,0.454723,0.74740898,0.864528,14,4.8589,7.8883,1606.1654,22.7125,49,16197,2.1574,713.131,0.5848,0.5074
flow_6044,0x1000179c,09,Email,0,auto,123.3152,1102.1478,227.8699,30028.9023,173.2885,214.4084,136.6061,412.9408,276.3347,0.045552,7.519149,0.309409,2.29692619,1.515561,8,4.0015,13.4605,911.824,15.3736,49,11165,3.1873,726.2451,0.5572,0.4116
flow_6056,0x100017a8,09,Email,0,auto,135.7589,1002.3944,240.5964,22147.4734,148.8203,281.3471,115.5444,516.3304,400.786,0.013094,5.095254,0.667006,1.23518085,1.111387,5,2.1948,8.0441,528.0635,24.8139,37,8902,1.4911,358.7512,0.5946,0.5416
flow_6068,0x100017b4,09,Email,0,auto,114.6285,1162.5983,410.8476,47076.3416,216.9708,238.9928,142.3705,484.5659,342.1954,0.034652,3.8511,0.294945,0.40653573,0.637602,14,2.3064,11.6808,947.5738,20.2068,68,27937,3.3652,1382.5578,0.5295,0.4887
flow_6080,0x100017c0,09,Email,0,auto,101.6501,686.1144,415.0653,33284.3408,182.44,249.4777,100.6425,361.7785,261.136,0.026977,3.826166,0.313742,0.95311351,0.976275,13,3.7197,9.3549,1543.9366,28.8376,91,37770,3.1556,1309.7492,0.4685,0.6462
flow_6092,0x100017cc,09,Email,0,auto,85.3407,695.5547,318.835,19866.0271,140.9469,262.8964,117.6593,364.7662,247.1069,0.049844,7.838191,0.641111,1.12591356,1.061091,8,4.1409,6.1301,1320.2793,18.3678,28,8927,1.5244,486.0147,0.5704,0.4817
flow_6104,0x100017d8,09,Email,0,auto,98.9564,1192.9071,346.0269,13572.9907,116.5032,268.4627,122.5663,412.0629,289.4966,0.050059,7.513383,0.285158,1.93489936,1.391007,7,3.6586,7.8671,1265.991,11.5584,40,13841,3.4607,1197.4835,0.5934,0.4208
flow_6116,0x100017e4,09,Email,0,auto,95.7922,978.3053,265.7132,29703.5004,172.347,268.2108,127.6946,523.8872,396.1927,0.020481,11.763124,0.398637,1.94100461,1.393199,11,2.6239,5.7446,697.2089,19.8799,49,13019,2.4648,654.8838,0.5702,0.3993
flow_6128,0x100017f0,09,Email,0,auto,106.1575,600.0986,396.8372,50625.6826,225.0015,242.9466,114.4392,543.6194,429.1803,0.03179,11.136085,0.419875,2.94355985,1.715681,12,2.1386,8.4309,848.6784,24.5379,58,23016,2.3637,937.9782,0.5869,0.5521
flow_6140,0x100017fc,09,Email,0,auto,133.5901,613.5476,228.1218,37296.7215,193.1236,186.8752,159.7267,455.8976,296.1709,0.01716,11.565014,0.466578,0.90463041,0.951121,3,4.2919,12.1211,979.0679,10.9045,23,5246,2.1092,481.0866,0.4774,0.538
flow_6152,0x10001808,09,Email,0,auto,132.599,1075.4984,281.3982,29021.4889,170.3569,186.8058,105.8038,405.7804,299.9766,0.046306,2.750057,0.573069,1.64960335,1.284369,5,2.6069,13.7799,733.591,19.1125,33,9286,1.7266,485.8598,0.4991,0.5776
flow_6164,0x10001814,09,Email,0,auto,83.7322,654.9093,324.5192,46864.1689,216.4813,229.7621,133.8451,548.7438,414.8987,0.022192,7.512437,0.785524,3.0898567,1.757799,6,3.9474,12.2938,1280.9961,26.1291,33,10709,1.263,409.8497,0.4657,0.589
flow_6176,0x10001820,09,Email,0,auto,87.5231,1117.2431,342.2528,43630.8895,208.8801,259.3574,145.1355,546.5542,401.4188,0.039676,5.434406,0.671787,1.56383311,1.250533,4,3.97,9.2302,1358.7456,12.5671,18,6160,1.4323,490.1673,0.4557,0.5247
flow_6188,0x1000182c,09,Email,0,auto,115.641,1179.3744,339.4106,51459.1833,226.8462,222.0823,159.3689,435.7053,276.3365,0.021044,7.426852,0.261564,2.23994272,1.496644,14,4.1607,5.3241,1412.1857,23.9348,91,30886,3.802,1290.4225,0.5933,0.5102
flow_6200,0x10001838,09,Email,0,auto,81.2452,771.2833,382.1302,18277.9263,135.1959,273.9974,151.6682,521.3021,369.6339,0.051574,4.356957,0.679281,1.25556359,1.120519,2,4.8913,8.3868,1869.1239,12.9393,19,7260,1.4684,561.0793,0.5819,0.648
flow_6212,0x10001844,09,Email,0,auto,83.5879,841.6965,380.9588,19842.6052,140.8638,256.456,133.6422,430.912,297.2698,0.018446,4.224097,0.702044,1.00093373,1.000467,6,4.0131,11.1671,1528.8176,23.1817,33,12571,1.4235,542.2817,0.4871,0.4723
flow_6224,0x10001850,09,Email,0,auto,97.3909,1159.426,396.9167,35893.6478,189.4562,221.8451,108.2446,520.5925,412.3479,0.012183,2.584986,0.558969,1.67566239,1.294474,7,3.3902,9.0951,1345.6389,21.9575,39,15479,1.7762,704.9534,0.4402,0.4119
flow_6236,0x1000185c,09,Email,0,auto,85.0804,942.805,399.1283,10446.814,102.2097,243.7963,146.6205,466.1382,319.5176,0.05339,7.30142,0.518322,0.57010946,0.755056,10,4.0191,11.6545,1604.1305,20.4869,39,15566,1.9037,759.8028,0.4738,0.5098
flow_6248,0x10001868,09,Email,0,auto,90.4156,878.704,308.5863,17757.0997,133.2558,196.9466,139.8298,515.7613,375.9315,0.054099,2.746326,0.46201,2.25108475,1.500362,6,4.7995,6.1604,1481.0689,20.5433,44,13577,2.1418,660.8978,0.4041,0.5281
flow_6260,0x10001874,09,Email,0,auto,104.7754,955.3953,343.7692,49332.3412,222.1088,164.2962,135.6644,363.0855,227.4211,0.017995,6.815029,0.788149,0.60025152,0.774759,3,2.3785,9.4244,817.6558,8.6185,15,5156,1.7404,598.2502,0.3967,0.6047
flow_6272,0x10001880,09,Email,0,auto,89.5769,963.9087,334.5503,13623.1643,116.7183,284.0984,107.6109,383.468,275.8571,0.048018,5.779796,0.530741,3.25736482,1.804817,9,4.7715,10.1715,1596.3009,17.7328,33,11040,1.861,622.575,0.4386,0.3756
flow_6284,0x1000188c,09,Email,0,auto,88.1109,693.959,265.0726,35906.1043,189.4891,209.3159,146.7818,385.4557,238.6739,0.044664,11.81292,0.920138,2.45544488,1.566986,5,3.9823,5.0307,1055.5996,17.4008,18,4771,1.0344,274.1835,0.5664,0.4407
flow_6296,0x10001898,09,Email,0,auto,133.397,1152.3803,253.1823,53897.7899,232.159,171.8167,147.056,481.7684,334.7124,0.028287,9.621714,0.470186,0.38580386,0.621131,4,2.914,7.9795,737.7723,14.3322,30,7595,2.0932,529.9247,0.4873,0.4984
flow_6308,0x100018a4,09,Email,0,auto,129.9503,774.7216,398.5416,10071.7052,100.3579,255.0822,128.0813,498.7941,370.7128,0.036162,4.276249,0.837785,2.84016206,1.685278,6,2.5955,5.8149,1034.4266,24.062,28,11159,1.1637,463.7612,0.5631,0.4233
flow_6320,0x100018b0,09,Email,0,auto,113.1967,1045.5618,220.1059,45038.9803,212.2239,174.1806,141.0564,408.0153,266.9589,0.057644,11.827525,0.359505,1.73672944,1.31785,3,4.9058,9.0589,1079.7986,8.4797,23,5062,2.7124,596.9571,0.4597,0.5386
flow_6332,0x100018bc,09,Email,0,auto,80.3502,897.5688,410.4401,51673.9721,227.3191,248.4138,100.432,364.2384,263.8065,0.025249,10.043586,0.592004,1.91345047,1.383275,13,3.1539,9.679,1294.4948,26.7005,45,18469,1.6854,691.7109,0.5944,0.5473
flow_6344,0x100018c8,09,Email,0,auto,90.5806,1144.1495,335.0063,18250.5799,135.0947,256.8608,130.4915,490.7517,360.2601,0.023415,8.565011,0.899382,2.23022698,1.493394,2,2.5975,7.9262,870.1748,13.0419,15,5025,1.1501,385.2962,0.4392,0.6367
flow_6356,0x100018d4,09,Email,0,auto,139.0201,840.7847,359.482,31541.4959,177.5993,168.0633,111.3044,442.5343,331.2299,0.029965,3.068283,0.824257,0.73807877,0.859115,3,2.0802,5.7026,747.7916,14.5695,17,6111,1.1668,419.4391,0.5518,0.4652
flow_6368,0x100018e0,09,Email,0,auto,101.9811,947.717,287.614,56273.7953,237.221,258.9789,101.3709,453.2413,351.8704,0.018855,7.833938,0.781623,1.25983887,1.122425,3,2.9425,7.1988,846.2993,8.8513,15,4314,1.6947,487.388,0.4469,0.4003
flow_6380,0x100018ec,09,Email,0,auto,123.3453,1023.3724,332.1802,45338.5839,212.9286,212.9565,143.2822,492.0196,348.7374,0.024352,8.871576,0.379387,1.02203647,1.010958,11,3.8653,12.0923,1283.9712,20.7655,54,17937,2.6005,863.7869,0.5474,0.4181
flow_6392,0x100018f8,09,Email,0,auto,84.3419,802.1504,321.4819,30914.8128,175.8261,249.7636,130.1839,509.3991,379.2152,0.05713,6.295312,0.649282,2.75513246,1.659859,9,2.1043,10.6251,676.4784,25.406,39,12537,1.5351,493.4654,0.4789,0.3563
flow_6404,0x10001904,09,Email,0,auto,98.738,642.404,411.8358,14674.201,121.1371,211.2532,130.4781,403.2242,272.746,0.052954,7.49483,0.659821,2.10612963,1.451251,7,2.565,11.8057,1056.3659,28.8448,43,17708,1.4907,613.9064,0.5146,0.6191
flow_6416,0x10001910,09,Email,0,auto,95.6349,713.1534,404.8527,16192.8433,127.2511,166.9831,106.1644,455.0555,348.8912,0.011116,5.086417,0.658151,0.51782836,0.719603,4,4.3116,6.8024,1745.5526,18.8953,28,11335,1.4819,599.8847,0.425,0.6068
flow_6428,0x1000191c,09,Email,0,auto,119.31,732.5254,246.9577,17379.2061,131.8302,248.6426,143.663,362.6184,218.9554,0.023985,11.443456,0.361309,2.9091317,1.705618,4,4.5569,13.4967,1125.3529,8.1791,22,5433,2.6898,664.2511,0.4867,0.6395
flow_6440,0x10001928,09,Email,0,auto,130.433,961.1674,286.3262,31502.4452,177.4893,261.5898,123.7318,452.9777,329.2459,0.034931,9.838597,0.327844,2.65209236,1.628525,9,2.0691,8.9433,592.4482,16.7969,51,14602,3.0363,869.3291,0.5105,0.5681
flow_6452,0x10001934,09,Email,0,auto,91.6614,884.0249,253.4878,13534.7084,116.3388,230.5282,120.0496,472.535,352.4855,0.026053,5.949623,0.469996,1.85333613,1.361373,4,3.5114,8.6842,890.0995,14.8695,31,7858,2.0848,528.463,0.3951,0.5524
flow_6464,0x10001940,09,Email,0,auto,96.5086,905.2957,254.0933,15335.4548,123.8364,188.3628,154.355,426.9609,272.6059,0.032414,3.604378,0.653162,0.69888525,0.835994,5,3.5712,8.9408,907.4182,20.2472,30,7622,1.4817,376.447,0.4163,0.4552
flow_6476,0x1000194c,09,Email,0,auto,119.2363,1018.5556,332.6684,18222.6362,134.9912,268.2569,154.1291,395.863,241.7339,0.041878,4.926259,0.470427,0.92424877,0.961379,8,2.8793,10.4674,957.8532,16.9485,36,11976,2.1241,706.6119,0.5875,0.3704
flow_6488,0x10001958,09,Email,0,auto,124.5392,1092.1464,360.6133,28578.7857,169.0526,195.0528,138.9423,457.8528,318.9105,0.010588,11.796337,0.779845,0.42149615,0.649227,3,4.6086,10.5971,1661.919,16.9125,21,7572,1.2417,447.7166,0.4273,0.5456
flow_6500,0x10001964,09,Email,0,auto,82.5412,735.0006,253.7836,43417.3765,208.3684,221.0544,113.5522,448.175,334.6228,0.057468,2.691849,0.532078,1.18507073,1.08861,5,4.3808,12.6441,1111.7649,15.092,28,7105,1.8553,470.7798,0.4692,0.5423
flow_6512,0x10001970,09,Email,0,auto,125.5484,776.13,237.0725,36022.1166,189.7949,269.4586,154.6013,515.3546,360.7533,0.021176,5.685408,0.83729,1.51300363,1.230042,5,2.2273,12.0862,528.0396,16.7683,20,4741,1.1927,282.7351,0.4407,0.5603
flow_6524,0x1000197c,09,Email,0,auto,139.9873,709.128,408.0386,22137.1409,148.7856,216.3744,152.1195,354.659,202.5395,0.022573,3.284914,0.930444,1.83959542,1.356317,4,4.6062,5.2017,1879.509,18.5285,19,7752,1.0254,418.3834,0.4813,0.4813
flow_6536,0x10001988,09,Email,0,auto,105.4508,681.2401,344.4138,37778.2831,194.3664,257.8925,155.9426,381.4766,225.534,0.0492,8.381604,0.77396,0.88362108,0.940011,2,2.8351,12.7763,976.4449,12.1439,15,5166,1.2352,425.3975,0.6199,0.605
flow_6548,0x10001994,09,Email,0,auto,93.1743,630.631,240.7994,13568.0269,116.4819,165.2556,109.9129,410.9873,301.0745,0.018233,4.252573,0.494098,0.973111,0.986464,13,3.3164,7.2226,798.5967,24.5201,49,11799,1.9984,481.1965,0.5461,0.4096
flow_6560,0x100019a0,09,Email,0,auto,109.7795,797.2275,410.6046,27012.7774,164.3556,297.1655,131.7486,540.304,408.5555,0.033129,2.656168,0.499274,1.07029464,1.03455,8,4.6927,6.988,1926.8301,26.2744,52,21351,1.9791,812.6155,0.5539,0.4924
flow_6572,0x100019ac,09,Email,0,auto,88.6647,736.6499,307.8534,13403.2476,115.7724,238.5334,118.2822,487.7954,369.5132,0.010527,7.403834,0.939633,2.52212319,1.588119,3,4.6025,5.6278,1416.899,10.6794,15,4617,1.4046,432.3275,0.5496,0.3726
flow_6584,0x100019b8,09,Email,0,auto,81.2191,856.0575,273.9906,19549.9239,139.821,268.7753,110.9098,384.6181,273.7083,0.034249,9.610321,0.651906,2.87557244,1.695751,7,3.0553,12.9588,837.1264,24.4742,37,10137,1.5118,414.1916,0.6168,0.5398
flow_6596,0x100019c4,09,Email,0,auto,106.0437,1147.7246,295.1329,53126.2592,230.4913,219.1623,159.9046,403.752,243.8474,0.03559,8.10422,0.800274,0.54662595,0.739342,6,3.1569,6.1769,931.6969,23.6567,29,8558,1.2259,361.7579,0.4255,0.5395
flow_6608,0x100019d0,09,Email,0,auto,83.1669,1118.8474,396.4636,10882.4647,104.3191,246.5881,149.0073,352.7013,203.694,0.025242,11.875006,0.401831,0.6680839,0.817364,18,3.98,11.9207,1577.9107,29.6786,73,28941,2.4597,975.148,0.3816,0.5099
flow_6620,0x100019dc,09,Email,0,auto,139.6358,786.6938,224.6191,40050.8685,200.1271,169.8914,103.0581,476.5532,373.4951,0.05466,2.915936,0.75591,2.30199067,1.517231,4,4.9374,6.6756,1109.0372,13.0452,17,3818,1.3032,292.6739,0.4542,0.4183
flow_6632,0x100019e8,09,Email,0,auto,103.3822,618.9034,417.4332,52170.906,228.4095,212.2606,110.6718,459.0685,348.3968,0.050128,5.792828,0.596239,1.11253886,1.05477,4,2.1524,5.2826,898.4781,18.2928,30,12522,1.64,684.5324,0.5416,0.5613
flow_6644,0x100019f4,09,Email,0,auto,100.5089,758.0751,373.3808,8450.9644,91.9291,180.7082,106.6907,476.325,369.6343,0.03691,11.870235,0.288482,2.91562249,1.707519,11,2.9266,12.8905,1092.7381,15.6547,54,20162,3.4494,1287.9213,0.5182,0.413
flow_6656,0x10001a00,09,Email,0,auto,129.4664,1012.2334,327.863,45171.9995,212.5371,188.958,135.6583,401.941,266.2827,0.018394,3.094444,0.942647,0.56340312,0.750602,4,4.141,8.6121,1357.6672,25.0707,26,8524,1.0371,339.9986,0.4794,0.458
flow_6668,0x10001a0c,09,Email,0,auto,114.7047,813.3832,259.5885,44286.0902,210.4426,284.1176,111.8626,357.2779,245.4153,0.037522,11.377241,0.484686,1.8695321,1.367308,3,3.7246,10.0815,966.8606,11.2732,23,5970,2.0402,529.5742,0.497,0.5572
flow_6680,0x10001a18,09,Email,0,auto,107.8015,1078.0377,225.1891,14154.1314,118.9711,224.2502,127.6671,488.4108,360.7437,0.033275,11.779805,0.486717,0.46746993,0.683718,10,3.0703,11.7324,691.4022,25.0036,51,11484,2.0397,459.2947,0.3889,0.5905
flow_6692,0x10001a24,09,Email,0,auto,115.2555,678.3252,347.0808,26666.3652,163.2984,226.1427,124.2747,537.083,412.8083,0.01522,4.548476,0.274011,3.06303529,1.750153,14,4.704,13.6286,1632.6542,13.376,48,16659,3.5885,1245.4409,0.5641,0.5422
flow_6704,0x10001a30,09,Email,0,auto,113.1832,790.9894,288.1708,50148.7662,223.9392,229.1198,103.4888,474.9278,371.439,0.058711,4.718303,0.733339,1.27166784,1.127683,2,2.1201,13.4099,610.9577,14.1867,19,5475,1.3393,385.9236,0.4002,0.5625
flow_6716,0x10001a3c,09,Email,0,auto,115.9726,989.46,257.8272,32571.2542,180.4751,248.8297,123.3339,498.3744,375.0405,0.040909,8.571152,0.51037,3.0528554,1.747242,3,4.4948,7.0992,1158.8745,10.6042,20,5156,1.8861,486.2241,0.3813,0.6097
flow_6728,0x10001a48,09,Email,0,auto,118.0944,951.4568,409.5332,19765.1803,140.5887,290.7869,123.3297,356.3927,233.063,0.02584,8.446129,0.405773,0.58562094,0.765259,14,2.9316,8.1437,1200.5984,28.0168,69,28257,2.4628,1008.574,0.4935,0.5492
flow_6740,0x10001a54,09,Email,0,auto,94.7417,1066.3143,418.5825,53241.7194,230.7417,278.5551,108.171,500.3203,392.1493,0.03703,7.549934,0.331699,0.62206268,0.78871,11,3.1928,13.742,1336.4567,13.1936,39,16324,2.956,1237.2679,0.6181,0.6105
flow_6752,0x10001a60,09,Email,0,auto,95.4678,1038.7652,356.7371,27422.9037,165.5986,276.6075,116.6542,430.2455,313.5912,0.030014,7.917444,0.271032,1.40564711,1.1856,10,4.2971,7.9502,1532.9332,10.0593,37,13199,3.6782,1312.1179,0.4217,0.5862
flow_6764,0x10001a6c,09,Email,0,auto,93.9238,940.1174,340.8204,41890.2973,204.6712,216.3087,140.7946,395.6792,254.8846,0.040622,6.173273,0.797092,2.84025199,1.685305,5,2.3829,10.8512,812.1308,24.3098,30,10224,1.2341,420.5712,0.5099,0.3587
flow_6776,0x10001a78,09,Email,0,auto,97.1444,843.7983,293.93,56144.5433,236.9484,162.9413,140.8251,503.8488,363.0237,0.018074,7.53063,0.478775,0.75355817,0.868077,9,4.3172,5.1363,1268.9476,16.3036,34,9993,2.0854,612.9312,0.5631,0.3736
flow_6788,0x10001a84,09,Email,0,auto,114.7993,662.5656,343.6329,37460.4508,193.547,277.0352,100.7438,456.1344,355.3906,0.031862,9.758269,0.432446,3.11106901,1.763822,10,2.6947,10.131,925.9924,19.4377,44,15119,2.2636,777.8181,0.4505,0.4426
flow_6800,0x10001a90,09,Email,0,auto,105.2696,779.4121,379.1818,8691.8874,93.2303,244.7757,148.6472,542.0544,393.4071,0.042907,4.615474,0.853175,1.58352631,1.258382,10,3.988,10.5659,1512.1899,27.6341,32,12133,1.158,439.0597,0.4147,0.6108
flow_6812,0x10001a9c,09,Email,0,auto,127.6362,986.1152,261.3596,11121.623,105.4591,286.094,126.053,490.3074,364.2544,0.042806,6.921177,0.519313,1.97641659,1.405851,3,4.0993,9.4721,1071.3969,11.2511,21,5488,1.8665,487.7727,0.5568,0.4344
flow_6824,0x10001aa8,09,Email,0,auto,110.8522,1108.3574,314.6715,30775.78,175.4303,205.7358,110.314,529.0977,418.7837,0.022706,7.518994,0.934468,1.50228873,1.225679,4,2.8736,12.4771,904.2529,17.1769,18,5664,1.0479,329.7449,0.4918,0.4307
flow_6836,0x10001ab4,09,Email,0,auto,137.9624,1102.3982,275.0068,53548.7449,231.406,274.6223,103.0124,372.3457,269.3333,0.049556,10.818949,0.88023,2.05672485,1.434129,4,3.1106,13.8112,855.4315,21.0041,23,6325,1.095,301.132,0.5541,0.425
flow_6848,0x10001ac0,09,Email,0,auto,107.0556,1101.0107,404.306,22525.1592,150.0838,169.3547,153.197,470.6977,317.5008,0.053358,3.398967,0.822493,0.40556226,0.636838,4,3.9355,9.7646,1591.1416,27.3861,33,13342,1.205,487.1811,0.5256,0.5787
flow_6860,0x10001acc,09,Email,0,auto,133.3364,1008.2515,412.5378,8746.8326,93.5245,277.8081,110.3877,413.585,303.1974,0.052756,3.012927,0.943824,1.92011134,1.385681,2,3.8385,7.1396,1583.5287,18.4753,19,7838,1.0284,424.2418,0.5362,0.3744
flow_6872,0x10001ad8,09,Email,0,auto,83.6305,918.2142,346.8375,11717.7468,108.2485,259.8126,103.1569,396.6727,293.5158,0.057293,9.658084,0.798922,2.83608665,1.684068,3,4.0166,10.854,1393.1073,15.2867,19,6589,1.2429,431.0288,0.4284,0.3673
flow_6884,0x10001ae4,09,Email,0,auto,137.8557,873.836,280.8158,33675.7878,183.5096,285.7266,148.8574,393.8222,244.9648,0.039986,6.54834,0.694353,0.57213802,0.756398,6,3.8364,5.8529,1077.3211,26.4111,38,10671,1.4388,404.0345,0.5968,0.5578
flow_6896,0x10001af0,09,Email,0,auto,114.1413,915.0569,339.7984,13638.3782,116.7835,186.8179,118.975,445.7974,326.8224,0.025925,6.21867,0.318319,1.5588704,1.248547,6,3.592,7.8378,1220.5477,12.1863,38,12912,3.1183,1059.5526,0.457,0.4156
flow_6908,0x10001afc,09,Email,0,auto,100.7981,1097.3624,415.0195,24395.8883,156.1918,282.2222,124.3204,450.6866,326.3662,0.049484,10.544929,0.255461,0.48546758,0.696755,20,3.8987,8.2403,1618.0518,23.6127,92,38181,3.8962,1616.9664,0.5996,0.517
flow_6920,0x10001b08,09,Email,0,auto,138.1855,649.7307,415.1213,48942.997,221.2306,255.6706,122.3659,528.0587,405.6928,0.023547,3.529941,0.253888,1.22812017,1.108206,21,2.1513,5.2601,893.071,21.3001,83,34455,3.8967,1617.5986,0.5547,0.4658
flow_6932,0x10001b14,09,Email,0,auto,121.5979,650.2494,419.8193,26991.3081,164.2903,238.8543,137.7446,534.1758,396.4312,0.018264,7.230661,0.544318,2.70001251,1.643171,6,3.7469,6.637,1573.0209,17.9227,32,13434,1.7854,749.5503,0.599,0.487
flow_6944,0x10001b20,09,Email,0,auto,83.5294,619.9025,232.045,42246.1044,205.5386,242.5817,111.896,491.7207,379.8247,0.048614,9.386733,0.457992,0.87448419,0.935139,6,2.2364,10.1841,518.944,12.9436,28,6497,2.1632,501.9484,0.4381,0.5125
flow_6956,0x10001b2c,09,Email,0,auto,120.5938,602.4285,283.7222,14477.645,120.3231,239.1757,136.9653,540.3709,403.4055,0.05689,3.124277,0.775897,1.39163146,1.179674,11,3.4558,8.1804,980.4746,27.0986,34,9646,1.2547,355.9592,0.4994,0.5744
flow_6968,0x10001b38,09,Email,0,auto,101.9979,872.6785,257.5138,43058.2252,207.5048,248.533,133.4151,386.8339,253.4189,0.012287,6.996119,0.602379,1.6570153,1.287251,5,3.8339,13.1824,987.2885,10.4094,17,4377,1.6331,420.4858,0.4415,0.5278
flow_6980,0x10001b44,09,Email,0,auto,91.1561,847.2741,417.2863,17877.5676,133.707,189.9532,147.1281,509.3683,362.2402,0.029717,10.225366,0.837676,0.45141173,0.671872,4,4.5422,12.3101,1895.3893,24.103,28,11684,1.1617,484.7524,0.4109,0.3937
flow_6992,0x10001b50,09,Email,0,auto,129.2253,798.3701,240.036,51829.3631,227.6606,278.6412,128.4304,503.4347,375.0042,0.021033,5.19327,0.798214,0.40270663,0.634592,2,4.5067,6.9727,1081.7753,8.4232,15,3600,1.7808,427.393,0.3986,0.385
flow_7004,0x10001b5c,09,Email,0,auto,91.1663,839.8346,327.9563,55106.0848,234.7469,288.7201,101.7262,423.1405,321.4143,0.041128,10.369851,0.898232,0.45635017,0.675537,5,2.6963,12.2239,884.2646,29.622,32,10494,1.0803,354.2634,0.3985,0.5636
flow_7016,0x10001b68,09,Email,0,auto,118.6015,676.7965,397.4779,18909.6095,137.5122,273.4979,111.4184,529.2815,417.863,0.012821,4.584657,0.494984,2.95653106,1.719457,12,4.9525,7.4691,1968.5273,23.3842,47,18681,2.0099,798.8717,0.5228,0.3671
flow_7028,0x10001b74,09,Email,0,auto,105.3963,764.2387,274.6255,29494.5035,171.7396,267.2857,116.9575,516.8155,399.858,0.040246,6.581014,0.762253,0.75948542,0.871485,4,4.9131,9.5448,1349.271,21.3128,27,7414,1.2668,347.8665,0.5242,0.5486
flow_7040,0x10001b80,09,Email,0,auto,102.4988,1032.4979,240.0459,31558.6506,177.6475,180.2824,142.4533,461.7383,319.285,0.057417,2.583952,0.487183,1.13064487,1.063318,6,4.3025,12.131,1032.7971,20.8032,42,10081,2.0189,484.5887,0.4353,0.4081
flow_7052,0x10001b8c,09,Email,0,auto,129.8632,887.6703,391.1063,30124.9028,173.5653,216.7087,157.7418,489.7852,332.0434,0.026887,5.752737,0.898978,1.03552773,1.017609,5,4.0647,9.8023,1589.745,20.4192,22,8604,1.0774,421.3687,0.4811,0.5756
flow_7064,0x10001b98,09,Email,0,auto,134.736,610.9726,348.398,30482.3573,174.592,298.5733,121.3079,366.5433,245.2354,0.014021,9.387644,0.271057,2.19052346,1.480042,18,2.5726,11.3969,896.3023,21.329,78,27175,3.657,1274.0848,0.6131,0.6254
flow_7076,0x10001ba4,09,Email,0,auto,95.8629,708.1162,403.1864,41781.5799,204.4054,238.3419,102.5954,533.8542,431.2588,0.039713,11.816479,0.734361,2.9451088,1.716132,2,3.1777,6.8955,1281.2118,12.4489,16,6450,1.2853,518.1193,0.4799,0.5645
flow_7088,0x10001bb0,09,Email,0,auto,91.3778,606.7098,238.5688,20792.7951,144.1971,296.5358,123.9225,362.9268,239.0043,0.019918,7.33289,0.679768,2.9028914,1.703787,7,4.0931,8.8748,976.4813,25.7555,37,8827,1.4366,342.7225,0.5225,0.5678
flow_7100,0x10001bbc,09,Email,0,auto,137.4247,1071.4872,387.4869,14323.7021,119.6817,254.085,159.7453,531.8435,372.0982,0.057498,11.831797,0.533135,0.70570236,0.840061,4,4.28,8.3052,1658.438,13.5349,25,9687,1.8471,715.7058,0.4309,0.3543
flow_7112,0x10001bc8,09,Email,0,auto,108.9349,828.4269,408.03,8671.3421,93.12,236.9683,156.1759,536.9706,380.7947,0.017796,10.281347,0.511636,2.38788019,1.545277,4,2.6253,10.1854,1071.1991,8.1048,15,6120,1.8508,755.1118,0.6058,0.5941
flow_7124,0x10001bd4,09,Email,0,auto,88.7125,825.9676,295.6637,55569.2273,235.7313,240.2345,117.6542,368.2888,250.6346,0.046007,11.520284,0.278516,3.19009393,1.786083,6,4.2897,13.8251,1268.322,9.2241,33,9756,3.5776,1057.6643,0.4001,0.6073
flow_7136,0x10001be0,09,Email,0,auto,118.4168,1070.4148,271.9888,36793.3494,191.8159,249.0773,126.0518,372.4932,246.4414,0.039613,2.871389,0.924276,1.83091514,1.353113,2,3.7249,10.2152,1013.1433,12.8627,15,4079,1.1662,317.1173,0.5107,0.5834
flow_7148,0x10001bec,09,Email,0,auto,116.5512,1130.9218,254.1272,12649.6341,112.4706,161.9955,130.8557,500.2976,369.4419,0.055009,6.472087,0.649494,0.79150496,0.889666,4,4.8212,7.5104,1225.1974,13.7285,21,5336,1.5297,388.6808,0.3823,0.5012
flow_7160,0x10001bf8,09,Email,0,auto,110.2327,827.433,400.4514,48439.6937,220.0902,183.0126,158.8591,361.678,202.8189,0.02318,7.497105,0.313291,1.64318854,1.281869,19,2.2451,12.4008,899.0591,20.2602,64,25628,3.1589,1264.946,0.51,0.5996
flow_7172,0x10001c04,09,Email,0,auto,120.4413,699.4297,386.8302,39204.4874,198.0012,185.0065,121.8391,545.1137,423.2746,0.054626,3.855432,0.820212,0.64402114,0.802509,3,4.5713,6.6842,1768.3202,19.0134,23,8897,1.2097,467.9334,0.4237,0.5607
flow_7184,0x10001c10,09,Email,0,auto,123.5594,749.4412,304.5434,43722.2828,209.0987,222.9459,156.3888,455.1741,298.7853,0.042847,3.499883,0.547121,0.91331356,0.955674,3,4.5798,12.5317,1394.734,10.4219,19,5786,1.8231,555.1748,0.456,0.3732
flow_7196,0x10001c1c,09,Email,0,auto,133.7428,821.2331,355.694,23547.9037,153.4533,223.0592,127.9916,371.9294,243.9378,0.0417,7.057509,0.518573,2.48802416,1.577347,6,4.753,5.8091,1690.6308,12.9356,24,8536,1.8553,659.8827,0.6087,0.5568
flow_7208,0x10001c28,09,Email,0,auto,105.7591,1199.3519,232.1645,51337.146,226.577,228.1463,127.9528,371.854,243.9012,0.026412,4.149381,0.846773,1.83015725,1.352833,4,3.8549,11.0889,894.9697,25.4262,30,6964,1.1799,273.891,0.5575,0.557
flow_7220,0x10001c34,09,Email,0,auto,117.8122,754.8603,269.6605,15583.4428,124.8337,225.6444,127.6718,489.1167,361.4448,0.030043,7.189037,0.429075,2.33531641,1.528174,6,3.2035,8.1437,863.8584,9.1337,21,5662,2.2992,619.9051,0.5026,0.3719
flow_7232,0x10001c40,09,Email,0,auto,112.3754,652.0533,290.057,53961.085,232.2953,221.9234,154.1887,444.4827,290.294,0.029724,7.794369,0.684008,2.14919867,1.466015,5,3.4275,10.759,994.1707,14.0844,20,5801,1.42,411.8753,0.4167,0.3594
flow_7244,0x10001c4c,09,Email,0,auto,103.619,980.9558,344.3759,46916.9412,216.6032,284.5125,130.2107,509.3454,379.1347,0.041461,4.422069,0.262108,0.546424,0.739205,11,3.9421,9.2637,1357.5815,14.8853,56,19285,3.7621,1295.57,0.6004,0.3922
flow_7256,0x10001c58,09,Email,0,auto,95.813,705.9335,303.379,49728.2224,222.9983,161.006,109.322,417.2699,307.9479,0.03169,4.193649,0.598267,1.15188373,1.073258,15,4.7446,11.4385,1439.4263,28.2496,47,14258,1.6637,504.7147,0.4185,0.4948
flow_7268,0x10001c64,09,Email,0,auto,103.8491,1026.4878,310.3501,42333.8458,205.7519,198.5115,152.186,385.3636,233.1776,0.02185,4.833323,0.302763,1.09305081,1.045491,14,4.8678,9.0896,1510.7266,25.6784,84,26069,3.2712,1015.2117,0.5021,0.3943
flow_7280,0x10001c70,09,Email,0,auto,114.4134,639.5184,325.2526,26874.7877,163.9353,274.4968,103.5239,419.5957,316.0719,0.048209,9.490837,0.631191,2.90903246,1.705589,11,2.6432,8.0454,859.7083,29.6647,46,14961,1.5507,504.3365,0.6188,0.379
flow_7292,0x10001c7c,09,Email,0,auto,139.6817,691.5788,370.9018,54120.4354,232.638,274.947,120.3902,435.0742,314.684,0.036025,10.013677,0.383647,1.12872308,1.062414,8,4.0964,9.1446,1519.3527,17.7873,46,17061,2.5861,959.166,0.5483,0.3647
flow_7304,0x10001c88,09,Email,0,auto,135.3914,653.7535,312.5093,12117.3962,110.079,270.4393,113.7458,425.9443,312.1985,0.022489,11.017387,0.815617,1.65581809,1.286786,7,3.7533,8.9587,1172.9289,24.8414,30,9375,1.2077,377.3938,0.4731,0.4983
flow_7316,0x10001c94,09,Email,0,auto,88.767,921.3933,410.4732,51691.0711,227.3567,225.2119,128.7448,398.984,270.2392,0.051151,3.378091,0.947594,1.99649219,1.412973,2,4.6427,11.9292,1905.688,15.6999,16,6567,1.0191,418.2837,0.4184,0.5015
flow_7328,0x10001ca0,09,Email,0,auto,133.6386,1021.7954,243.1112,20094.1216,141.7537,170.7049,159.8602,387.2772,227.417,0.053066,3.393572,0.276815,2.61040039,1.615673,12,3.9731,6.4748,965.9163,17.7041,63,15316,3.5585,865.1097,0.4839,0.3915
flow_7340,0x10001cac,09,Email,0,auto,95.9756,1073.2192,309.2966,29400.7613,171.4665,283.112,115.1018,358.4134,243.3116,0.057566,5.031267,0.713323,2.86682412,1.69317,9,4.3971,9.9786,1360.0044,29.5694,41,12681,1.3866,428.856,0.5286,0.5027
flow_7352,0x10001cb8,09,Email,0,auto,84.3983,828.978,275.2163,11811.192,108.6793,256.9353,157.609,373.241,215.632,0.018969,7.677795,0.85907,2.94659367,1.716564,4,3.4163,11.9983,940.2076,17.6085,20,5504,1.1358,312.5767,0.3928,0.5904
flow_7364,0x10001cc4,09,Email,0,auto,96.7834,675.4282,337.2215,23672.8233,153.8598,209.0113,115.6398,485.3729,369.7331,0.056787,5.277085,0.389896,1.34588253,1.160122,7,2.1498,9.7974,724.9467,16.9122,43,14500,2.5425,857.3689,0.6027,0.6447
flow_7376,0x10001cd0,09,Email,0,auto,123.0944,1030.7918,235.6939,48100.588,219.3185,253.2528,126.3155,436.372,310.0565,0.037514,3.617727,0.284598,0.53979874,0.73471,9,3.4783,13.8104,819.8195,13.0127,45,10606,3.4581,815.0474,0.4783,0.6383
flow_7388,0x10001cdc,09,Email,0,auto,134.1944,821.5823,275.5502,39799.9903,199.4993,283.9345,153.968,502.4281,348.4601,0.029139,5.029499,0.630126,1.85328781,1.361355,3,3.1007,8.8234,854.3924,8.4334,15,4133,1.7786,490.0772,0.4029,0.6242
flow_7400,0x10001ce8,09,Email,0,auto,121.5213,890.0423,349.6456,28401.6625,168.5279,213.7517,150.7915,357.3368,206.5452,0.048372,9.874956,0.446368,0.44617528,0.667964,5,4.6378,7.3129,1621.6036,14.1075,31,10839,2.1974,768.3135,0.3861,0.4643
flow_7412,0x10001cf4,09,Email,0,auto,137.4031,604.5174,320.3912,42075.7655,205.1238,223.5638,103.3842,500.6437,397.2595,0.056552,11.140546,0.755961,1.24255174,1.114698,4,4.3769,5.05,1402.3187,14.7282,19,6087,1.29,413.2885,0.524,0.3752
flow_7424,0x10001d00,09,Email,0,auto,86.7368,908.1063,416.3067,27680.5682,166.3748,263.0702,105.6883,541.9586,436.2703,0.059011,4.297109,0.423287,1.23948745,1.113323,9,3.3325,11.7803,1387.3606,24.7359,58,24145,2.3448,976.1134,0.5798,0.4833
flow_7436,0x10001d0c,09,Email,0,auto,97.6337,969.1923,341.6035,13460.8631,116.021,205.6577,147.6169,457.7613,310.1444,0.056143,6.975635,0.502654,2.09710701,1.448139,7,2.9699,8.8522,1014.5117,20.6358,41,14005,1.9868,678.6734,0.3806,0.4241
flow_7448,0x10001d18,09,Email,0,auto,86.8299,1166.6644,397.5531,18652.5581,136.5744,251.9912,152.3009,382.044,229.7431,0.032947,8.725017,0.849711,2.97440763,1.724647,2,3.1079,10.5862,1235.5591,13.0935,15,5963,1.1456,455.4153,0.4367,0.5398
flow_7460,0x10001d24,09,Email,0,auto,89.1229,648.9904,384.2376,16094.9988,126.8661,235.054,113.1157,403.5891,290.4734,0.011748,7.03227,0.708454,2.61650128,1.61756,7,3.1611,9.8319,1214.6027,29.8725,42,16137,1.406,540.1952,0.5441,0.4088
flow_7472,0x10001d30,09,Email,0,auto,132.502,974.6128,262.9764,14547.42,120.6127,261.9961,103.1755,486.7729,383.5974,0.017857,10.620052,0.557018,1.76035245,1.326783,10,3.5344,6.9393,929.4562,27.2325,48,12622,1.7626,463.49,0.4793,0.5651
flow_7484,0x10001d3c,09,Email,0,auto,110.2077,1060.4422,384.047,11722.033,108.2683,253.5577,126.2832,445.4801,319.1969,0.042252,11.599725,0.942198,1.13677541,1.066197,8,3.9052,9.5544,1499.788,24.7497,26,9985,1.0505,403.4398,0.5628,0.5225
flow_7496,0x10001d48,09,Email,0,auto,114.4009,922.6811,307.1429,44491.6706,210.9305,182.4037,133.5365,363.7974,230.261,0.048434,9.945207,0.323665,2.48380745,1.57601,5,3.5161,8.164,1079.94,12.6664,39,11978,3.079,945.6546,0.5464,0.3892
flow_7508,0x10001d54,09,Email,0,auto,119.2058,693.2644,308.8729,8804.3717,93.8316,269.6514,107.0329,446.8813,339.8484,0.041786,7.530246,0.871181,2.26049091,1.503493,2,3.0115,8.4476,930.1808,8.7698,15,4633,1.7104,528.2896,0.4416,0.532
flow_7520,0x10001d60,09,Email,0,auto,106.3727,768.7264,404.4959,27340.8513,165.3507,260.1757,140.1422,488.4218,348.2796,0.01498,6.278275,0.913282,1.49205487,1.221497,3,2.2911,8.7228,926.7568,10.5867,15,6067,1.4169,573.0792,0.4157,0.5986
flow_7532,0x10001d6c,09,Email,0,auto,103.1048,684.004,228.0269,13357.452,115.5744,225.4416,123.9269,414.0271,290.1002,0.028766,6.346151,0.901336,1.3953115,1.181233,5,4.8802,6.3474,1112.8249,16.0318,17,3876,1.0604,241.769,0.4165,0.6119
flow_7544,0x10001d78,09,Email,0,auto,91.4851,1115.8776,262.879,11045.4291,105.0972,275.9895,155.1512,526.7196,371.5684,0.042534,7.065734,0.466328,1.02357867,1.011721,3,4.0678,9.6267,1069.3313,11.5026,24,6309,2.0865,548.487,0.4319,0.413
flow_7556,0x10001d84,09,Email,0,auto,80.4923,818.5232,275.5815,8406.0923,91.6847,196.464,115.2763,397.632,282.3557,0.010344,3.668923,0.333292,1.78359811,1.335514,8,3.0799,10.5013,848.7674,15.5538,46,12676,2.9575,814.9772,0.5133,0.5865
flow_7568,0x10001d90,09,Email,0,auto,103.7225,750.5389,253.4782,23628.0296,153.7141,220.0827,107.0541,504.502,397.448,0.01875,3.320584,0.555437,2.289138,1.51299,4,4.0464,8.8006,1025.6657,11.4367,20,5069,1.7488,443.2222,0.6068,0.6327
flow_7580,0x10001d9c,09,Email,0,auto,129.2215,1025.8928,249.5067,48197.7001,219.5397,205.6519,154.0373,523.3206,369.2833,0.013944,6.865267,0.825268,2.28101908,1.510304,3,2.2353,12.604,557.7102,21.2763,25,6237,1.175,293.1434,0.5889,0.4439
flow_7592,0x10001da8,09,Email,0,auto,138.1393,974.8409,347.1811,55999.5275,236.6422,278.7958,125.6929,468.1117,342.4188,0.011123,5.02182,0.329659,0.87896964,0.937534,14,3.408,11.8753,1183.1967,20.8047,63,21872,3.0282,1051.3017,0.5355,0.4272
flow_7604,0x10001db4,09,Email,0,auto,83.9792,1163.574,322.6549,48106.8727,219.3328,281.0453,111.4788,375.6118,264.133,0.044245,6.070256,0.835716,1.09477903,1.046317,3,4.244,8.0468,1369.3451,17.4096,20,6453,1.1488,370.6579,0.5255,0.5339
flow_7616,0x10001dc0,09,Email,0,auto,109.396,1015.6011,346.9221,52905.9933,230.013,179.5886,123.2697,478.0896,354.8199,0.036591,5.325117,0.842184,0.67679482,0.822675,8,4.3961,9.9669,1525.1059,22.1485,26,9019,1.1739,407.2065,0.4078,0.5392
flow_7628,0x10001dcc,09,Email,0,auto,86.4792,727.6167,346.007,56849.8406,238.432,282.9126,115.8723,511.5138,395.6415,0.015736,5.701145,0.428333,0.96021869,0.979907,5,3.8067,9.9258,1317.1377,15.6661,36,12456,2.298,795.0931,0.4749,0.3768
flow_7640,0x10001dd8,09,Email,0,auto,97.8547,1044.793,372.7274,48185.6926,219.5124,271.7798,113.1447,403.3623,290.2176,0.013489,8.392435,0.720116,1.52671423,1.235603,3,4.74,9.2941,1766.7118,17.0873,23,8572,1.346,501.6589,0.4565,0.4659
flow_7652,0x10001de4,09,Email,0,auto,113.207,1053.2353,353.7907,40859.8509,202.1382,234.9272,115.4496,403.1378,287.6882,0.049354,10.483368,0.423147,0.57253384,0.75666,6,4.3958,6.0589,1555.1767,17.2875,40,14151,2.3138,818.569,0.4223,0.389
flow_7664,0x10001df0,09,Email,0,auto,95.9428,671.5162,294.6581,24705.3881,157.1795,180.2273,111.051,504.2823,393.2313,0.024732,3.527307,0.41095,1.69817387,1.30314,11,2.3121,7.9154,681.2805,17.5324,42,12375,2.3956,705.8376,0.5879,0.4541
flow_7676,0x10001dfc,09,Email,0,auto,122.6995,1000.9805,269.0669,15894.7357,126.0743,200.5947,116.418,350.4103,233.9922,0.043443,9.349386,0.569762,0.65751907,0.810875,7,3.3608,9.849,904.282,16.7877,29,7802,1.7275,464.7444,0.5877,0.563
flow_7688,0x10001e08,09,Email,0,auto,80.6008,1199.9452,277.7959,34140.0014,184.7701,210.0989,143.7842,354.0359,210.2517,0.049672,6.676524,0.916891,2.02688741,1.423688,2,4.0226,8.4295,1117.4757,15.4726,16,4444,1.0341,287.2178,0.5209,0.3749
flow_7700,0x10001e14,09,Email,0,auto,109.0257,687.6627,302.2889,52397.711,228.9055,192.4883,113.4263,376.7573,263.331,0.017203,3.222505,0.91148,0.74765207,0.864669,6,2.1396,6.2992,646.7672,27.4254,30,9068,1.0939,330.6419,0.5131,0.5574
flow_7712,0x10001e20,09,Email,0,auto,91.5623,743.9012,264.4018,50556.4315,224.8476,286.9334,120.9451,506.4345,385.4894,0.021808,3.307242,0.402055,0.93128301,0.96503,9,2.9579,13.8628,782.0619,13.268,33,8725,2.4872,657.5974,0.4452,0.5421
flow_7724,0x10001e2c,09,Email,0,auto,124.7498,860.8753,235.983,18292.8881,135.2512,185.4068,100.1016,406.6933,306.5916,0.056665,4.704333,0.463287,2.9867717,1.728228,7,4.5437,9.6644,1072.2458,22.0864,47,11091,2.128,502.1644,0.4716,0.4238
flow_7736,0x10001e38,09,Email,0,auto,119.8192,1148.6325,297.4415,43310.772,208.1124,178.5857,107.8187,411.0534,303.2347,0.048853,6.480966,0.410522,2.424093,1.55695,10,4.8784,12.6402,1451.038,25.2438,61,18143,2.4164,718.7102,0.4429,0.4826
flow_7748,0x10001e44,09,Email,0,auto,105.9683,609.9824,298.9889,17983.4022,134.1022,230.7905,136.0709,412.3074,276.2365,0.021473,8.130707,0.338038,2.60443146,1.613825,10,3.6153,11.0386,1080.9303,16.8746,49,14650,2.9038,868.1705,0.4062,0.4992
flow_7760,0x10001e50,09,Email,0,auto,89.1282,1008.1688,319.2457,33835.2832,183.9437,255.9061,117.0964,416.1598,299.0634,0.040817,7.309576,0.770416,0.63821244,0.798882,10,3.621,12.8648,1155.9903,27.6573,35,11173,1.2655,403.9795,0.5437,0.4012
flow_7772,0x10001e5c,09,Email,0,auto,131.6684,1193.6234,333.2035,29854.6556,172.785,160.1158,117.6291,480.4649,362.8358,0.019541,8.516434,0.631595,1.49370347,1.222172,7,3.3866,11.2847,1128.4112,19.7581,31,10329,1.569,522.7733,0.4713,0.406
flow_7784,0x10001e68,09,Email,0,auto,85.8306,1181.2606,293.429,22227.4627,149.0888,171.9244,142.5291,473.6672,331.1381,0.038558,5.552623,0.558352,2.18924204,1.479609,6,2.6511,12.3914,777.8966,17.7977,31,9096,1.7418,511.0777,0.5351,0.4698
flow_7796,0x10001e74,09,Email,0,auto,134.055,1084.1936,317.9988,37499.1239,193.6469,298.6467,150.7562,363.3561,212.6,0.056683,7.674375,0.504478,2.14484718,1.46453,13,2.3881,6.3583,759.3999,27.5646,54,17171,1.959,622.9378,0.5279,0.6346
flow_7808,0x10001e80,09,Email,0,auto,131.6888,1112.2535,293.1381,12718.2517,112.7752,214.4668,111.4614,529.8255,418.364,0.024036,11.460185,0.324451,0.88882712,0.942776,13,4.3398,5.5249,1272.1511,15.2716,47,13777,3.0776,902.1303,0.6076,0.4
flow_7820,0x10001e8c,09,Email,0,auto,101.5735,766.5945,415.1241,21816.0763,147.7027,246.7527,125.4645,412.0944,286.6299,0.028846,8.314103,0.533524,2.3853063,1.544444,9,2.0484,13.0603,850.3221,26.2678,49,20341,1.8654,774.3703,0.4641,0.5356
flow_7832,0x10001e98,09,Email,0,auto,134.4473,840.1178,384.2141,37351.3704,193.265,264.6813,117.0947,370.5022,253.4075,0.053298,8.661774,0.814037,1.43480566,1.197834,3,2.2726,12.7464,873.1787,20.0895,24,9221,1.1947,458.9961,0.6133,0.6197
flow_7844,0x10001ea4,09,Email,0,auto,131.3633,1131.6437,311.1742,14192.018,119.1303,228.2551,148.7355,453.4504,304.7149,0.031228,3.402838,0.301595,1.18735637,1.089659,13,2.7444,6.7633,853.9806,20.5358,68,21159,3.3113,1030.3484,0.4794,0.4765
flow_7856,0x10001eb0,09,Email,0,auto,137.0536,866.9489,226.6311,16110.6243,126.9276,193.5885,143.9765,368.9239,224.9475,0.01945,9.697977,0.58327,0.80345286,0.896355,4,4.5617,9.9182,1033.8191,15.1688,26,5892,1.714,388.429,0.5467,0.5745
flow_7868,0x10001ebc,09,Email,0,auto,88.1034,1196.6841,380.5315,51408.023,226.7334,271.2264,104.0504,528.7242,424.6738,0.020885,3.626967,0.291937,1.2516129,1.118755,16,3.2988,13.0257,1255.3084,23.1167,79,30061,3.4174,1300.4004,0.431,0.4226
flow_7880,0x10001ec8,09,Email,0,auto,110.6079,936.1031,408.9304,46939.5934,216.6555,281.7148,153.6439,511.448,357.804,0.021609,3.248137,0.917255,2.44447109,1.56348,6,4.1247,11.2157,1686.7022,29.7891,32,13085,1.0742,439.2543,0.4794,0.5179
flow_7892,0x10001ed4,09,Email,0,auto,115.5942,930.5729,292.9317,43744.9421,209.1529,281.2844,136.0433,468.0531,332.0098,0.046344,8.786886,0.702905,1.17278071,1.08295,5,3.9624,12.7961,1160.7014,15.6532,22,6444,1.4055,411.6733,0.4423,0.5452
flow_7904,0x10001ee0,09,Email,0,auto,125.3568,705.4454,287.4339,27245.4313,165.0619,255.737,129.0698,452.4118,323.342,0.020916,7.525686,0.74094,0.84803774,0.92089,7,2.0917,13.6037,601.2158,26.6913,36,10347,1.3488,387.6548,0.4058,0.4961
flow_7916,0x10001eec,09,Email,0,auto,87.5199,704.3577,239.1331,42145.6972,205.2942,211.4039,137.9326,546.6636,408.731,0.031554,7.939024,0.897995,1.09874371,1.04821,3,3.3915,11.2258,811.0221,11.2797,15,3586,1.3298,317.915,0.4446,0.4736
flow_7928,0x10001ef8,09,Email,0,auto,80.7994,1094.1304,379.8873,23518.1471,153.3563,198.2064,156.2538,456.8775,300.6237,0.056291,3.256937,0.543912,1.49600784,1.223114,4,2.9748,10.5036,1130.0965,10.5561,19,7217,1.7999,683.6828,0.4534,0.5678
flow_7940,0x10001f04,09,Email,0,auto,121.2563,665.1285,246.2697,8910.083,94.3932,198.252,136.1575,438.0786,301.9211,0.013447,5.450987,0.514406,3.26800595,1.807763,8,3.7173,6.9221,915.4657,22.2392,43,10589,1.9335,476.141,0.4314,0.4761
flow_7952,0x10001f10,09,Email,0,auto,100.7132,655.0489,235.6159,34458.2629,185.6294,271.3293,116.9488,537.9416,420.9928,0.030017,2.5528,0.745871,2.713743,1.647344,5,3.6315,9.3834,855.6296,22.5516,30,7068,1.3303,313.4151,0.3931,0.496
flow_7964,0x10001f1c,09,Email,0,auto,91.1837,763.0824,309.3797,49946.2476,223.4866,192.432,125.7758,420.0245,294.2488,0.042613,8.094791,0.728059,0.75805346,0.870663,7,3.3872,13.2994,1047.9383,20.4558,28,8662,1.3688,423.4496,0.5056,0.4657
flow_7976,0x10001f28,09,Email,0,auto,121.6282,615.0406,385.6793,44767.0745,211.5823,219.7948,123.6152,355.2947,231.6794,0.05626,5.94793,0.897487,2.35029573,1.533067,6,4.0211,6.684,1550.8463,22.922,25,9641,1.0907,420.5996,0.4307,0.5946
flow_7988,0x10001f34,09,Email,0,auto,120.0683,699.904,312.8753,21858.033,147.8446,217.2004,124.3584,515.8661,391.5077,0.041778,10.848944,0.836482,2.36795648,1.538817,3,4.7594,11.6266,1489.0845,9.0934,15,4693,1.6496,516.0909,0.4487,0.3678
flow_8000,0x10001f40,09,ICMP,48,auto,96.0,96.0,96.0,0.3139,0.5602,96.0,96.0,96.0,0.0,0.477255,0.522745,0.5,0.00012933,0.011372,34,1.0,2.0,96.0,34.5791,69,6624,1.9954,191.5608,0.5,0.5
flow_8012,0x10001f4c,09,ICMP,48,auto,104.0,104.0,104.0,0.3548,0.5957,104.0,104.0,104.0,0.0,0.980835,1.019165,1.0,9.182e-05,0.009582,8,1.0,2.0,104.0,16.4078,16,1664,0.9751,101.4152,0.5,0.5
flow_8024,0x10001f58,09,ICMP,48,auto,112.0,112.0,112.0,0.4444,0.6667,112.0,112.0,112.0,0.0,0.479226,0.520774,0.5,0.00010789,0.010387,34,1.0,2.0,112.0,34.0878,68,7616,1.9948,223.4231,0.5,0.5
flow_8036,0x10001f64,09,ICMP,48,auto,104.0,104.0,104.0,0.6178,0.786,104.0,104.0,104.0,0.0,0.475619,0.524381,0.5,0.00014861,0.01219,37,1.0,2.0,104.0,37.6598,75,7800,1.9915,207.1176,0.5,0.5
flow_8048,0x10001f70,09,ICMP,48,auto,112.0,112.0,112.0,0.0949,0.308,112.0,112.0,112.0,0.0,0.488527,0.511473,0.5,3.291e-05,0.005737,14,1.0,2.0,112.0,14.41,28,3136,1.9431,217.6274,0.5,0.5
flow_8060,0x10001f7c,09,ICMP,48,auto,104.0,104.0,104.0,0.1993,0.4464,104.0,104.0,104.0,0.0,0.491581,0.508419,0.5,1.772e-05,0.00421,25,1.0,2.0,104.0,25.317,50,5200,1.975,205.3959,0.5,0.5
flow_8072,0x10001f88,09,ICMP,48,auto,104.0,104.0,104.0,0.4788,0.6919,104.0,104.0,104.0,0.0,0.483209,0.516791,0.5,7.049e-05,0.008396,20,1.0,2.0,104.0,20.3095,40,4160,1.9695,204.8306,0.5,0.5
flow_8084,0x10001f94,09,ICMP,48,auto,96.0,96.0,96.0,0.2975,0.5455,96.0,96.0,96.0,0.0,0.47915,0.52085,0.5,0.00010868,0.010425,29,1.0,2.0,96.0,29.7188,59,5664,1.9853,190.5866,0.5,0.5
flow_8096,0x10001fa0,09,ICMP,48,auto,104.0,104.0,104.0,0.2864,0.5352,104.0,104.0,104.0,0.0,0.490102,0.509898,0.5,2.449e-05,0.004949,12,1.0,2.0,104.0,12.0514,24,2496,1.9915,207.1125,0.5,0.5
flow_8108,0x10001fac,09,ICMP,48,auto,112.0,112.0,112.0,0.1738,0.4169,112.0,112.0,112.0,0.0,0.97829,1.02171,1.0,0.00011783,0.010855,8,1.0,2.0,112.0,17.6549,17,1904,0.9629,107.8452,0.5,0.5
flow_8120,0x10001fb8,09,ICMP,48,auto,104.0,104.0,104.0,0.0346,0.1859,104.0,104.0,104.0,0.0,0.977174,1.022826,1.0,0.00013025,0.011413,6,1.0,2.0,104.0,13.0834,13,1352,0.9936,103.3369,0.5,0.5
flow_8132,0x10001fc4,09,ICMP,48,auto,96.0,96.0,96.0,0.2533,0.5033,96.0,96.0,96.0,0.0,0.47833,0.52167,0.5,0.0001174,0.010835,26,1.0,2.0,96.0,26.0978,52,4992,1.9925,191.2802,0.5,0.5
flow_8144,0x10001fd0,09,ICMP,48,auto,104.0,104.0,104.0,0.0626,0.2502,104.0,104.0,104.0,0.0,0.487112,0.512888,0.5,4.153e-05,0.006444,27,1.0,2.0,104.0,27.2241,54,5616,1.9835,206.2876,0.5,0.5
flow_8156,0x10001fdc,09,ICMP,48,auto,96.0,96.0,96.0,0.0688,0.2624,96.0,96.0,96.0,0.0,0.986471,1.013529,1.0,4.576e-05,0.006765,14,1.0,2.0,96.0,28.0245,28,2688,0.9991,95.9159,0.5,0.5
flow_8168,0x10001fe8,09,ICMP,48,auto,96.0,96.0,96.0,0.3996,0.6322,96.0,96.0,96.0,0.0,0.477798,0.522202,0.5,0.00012323,0.011101,24,1.0,2.0,96.0,24.4014,48,4608,1.9671,188.8414,0.5,0.5
flow_8180,0x10001ff4,09,ICMP,48,auto,104.0,104.0,104.0,0.013,0.1139,104.0,104.0,104.0,0.0,0.477598,0.522402,0.5,0.00012546,0.011201,24,1.0,2.0,104.0,24.663,49,5096,1.9868,206.6249,0.5,0.5
flow_8192,0x10002000,09,ICMP,48,auto,96.0,96.0,96.0,0.0227,0.1508,96.0,96.0,96.0,0.0,0.992341,1.007659,1.0,1.466e-05,0.003829,18,1.0,2.0,96.0,37.3772,37,3552,0.9899,95.0313,0.5,0.5
flow_8204,0x1000200c,09,ICMP,48,auto,104.0,104.0,104.0,0.0104,0.1021,104.0,104.0,104.0,0.0,0.471916,0.528084,0.5,0.00019717,0.014042,15,1.0,2.0,104.0,15.7125,31,3224,1.973,205.1872,0.5,0.5
flow_8216,0x10002018,09,ICMP,48,auto,104.0,104.0,104.0,0.0476,0.2181,104.0,104.0,104.0,0.0,0.488731,0.511269,0.5,3.175e-05,0.005635,29,1.0,2.0,104.0,29.9594,59,6136,1.9693,204.8106,0.5,0.5
flow_8228,0x10002024,09,ICMP,48,auto,96.0,96.0,96.0,0.1429,0.378,96.0,96.0,96.0,0.0,0.985674,1.014326,1.0,5.131e-05,0.007163,5,1.0,2.0,96.0,11.3312,11,1056,0.9708,93.1943,0.5,0.5
flow_8240,0x10002030,09,ICMP,48,auto,104.0,104.0,104.0,0.1524,0.3904,104.0,104.0,104.0,0.0,0.491715,0.508285,0.5,1.716e-05,0.004142,22,1.0,2.0,104.0,22.4252,44,4576,1.9621,204.056,0.5,0.5
flow_8252,0x1000203c,09,ICMP,48,auto,96.0,96.0,96.0,0.0106,0.1029,96.0,96.0,96.0,0.0,0.991415,1.008585,1.0,1.842e-05,0.004292,10,1.0,2.0,96.0,21.6548,21,2016,0.9698,93.0972,0.5,0.5
flow_8264,0x10002048,09,ICMP,48,auto,112.0,112.0,112.0,0.0289,0.17,112.0,112.0,112.0,0.0,0.484538,0.515462,0.5,5.977e-05,0.007731,39,1.0,2.0,112.0,39.2358,78,8736,1.988,222.6535,0.5,0.5
flow_8276,0x10002054,09,ICMP,48,auto,104.0,104.0,104.0,0.0656,0.256,104.0,104.0,104.0,0.0,0.48935,0.51065,0.5,2.836e-05,0.005325,27,1.0,2.0,104.0,27.0709,54,5616,1.9948,207.4555,0.5,0.5
flow_8288,0x10002060,09,ICMP,48,auto,96.0,96.0,96.0,0.4631,0.6805,96.0,96.0,96.0,0.0,0.482668,0.517332,0.5,7.51e-05,0.008666,15,1.0,2.0,96.0,15.2297,30,2880,1.9698,189.1043,0.5,0.5
flow_8300,0x1000206c,09,ICMP,48,auto,96.0,96.0,96.0,0.1212,0.3481,96.0,96.0,96.0,0.0,0.474791,0.525209,0.5,0.00015887,0.012605,15,1.0,2.0,96.0,15.1641,30,2880,1.9784,189.9224,0.5,0.5
flow_8312,0x10002078,09,ICMP,48,auto,112.0,112.0,112.0,0.3601,0.6001,112.0,112.0,112.0,0.0,0.987637,1.012363,1.0,3.821e-05,0.006181,10,1.0,2.0,112.0,20.483,20,2240,0.9764,109.359,0.5,0.5
flow_8324,0x10002084,09,ICMP,48,auto,104.0,104.0,104.0,0.0508,0.2253,104.0,104.0,104.0,0.0,0.480662,0.519338,0.5,9.349e-05,0.009669,18,1.0,2.0,104.0,18.5345,37,3848,1.9963,207.6133,0.5,0.5
flow_8336,0x10002090,09,ICMP,48,auto,104.0,104.0,104.0,0.0806,0.2839,104.0,104.0,104.0,0.0,0.984794,1.015206,1.0,5.78e-05,0.007603,12,1.0,2.0,104.0,25.6957,25,2600,0.9729,101.1842,0.5,0.5
flow_8348,0x1000209c,09,ICMP,48,auto,104.0,104.0,104.0,0.2161,0.4649,104.0,104.0,104.0,0.0,0.481183,0.518817,0.5,8.852e-05,0.009408,34,1.0,2.0,104.0,34.6491,69,7176,1.9914,207.1052,0.5,0.5
flow_8360,0x100020a8,09,ICMP,48,auto,96.0,96.0,96.0,0.0377,0.1942,96.0,96.0,96.0,0.0,0.980088,1.019912,1.0,9.913e-05,0.009956,17,1.0,2.0,96.0,34.3432,34,3264,0.99,95.0406,0.5,0.5
flow_8372,0x100020b4,09,ICMP,48,auto,112.0,112.0,112.0,0.2726,0.5221,112.0,112.0,112.0,0.0,0.480607,0.519393,0.5,9.402e-05,0.009697,26,1.0,2.0,112.0,26.2696,52,5824,1.9795,221.7014,0.5,0.5
flow_8384,0x100020c0,09,ICMP,48,auto,112.0,112.0,112.0,0.5268,0.7258,112.0,112.0,112.0,0.0,0.490755,0.509245,0.5,2.137e-05,0.004622,15,1.0,2.0,112.0,15.5771,31,3472,1.9901,222.8906,0.5,0.5
flow_8396,0x100020cc,09,ICMP,48,auto,112.0,112.0,112.0,0.5051,0.7107,112.0,112.0,112.0,0.0,0.972884,1.027116,1.0,0.00018382,0.013558,16,1.0,2.0,112.0,32.7862,32,3584,0.976,109.3143,0.5,0.5
flow_8408,0x100020d8,09,ICMP,48,auto,96.0,96.0,96.0,0.4922,0.7016,96.0,96.0,96.0,0.0,0.476704,0.523296,0.5,0.00013567,0.011648,25,1.0,2.0,96.0,25.1968,50,4800,1.9844,190.5004,0.5,0.5
flow_8420,0x100020e4,09,ICMP,48,auto,96.0,96.0,96.0,0.1028,0.3206,96.0,96.0,96.0,0.0,0.476135,0.523865,0.5,0.00014239,0.011933,18,1.0,2.0,96.0,18.1652,36,3456,1.9818,190.2541,0.5,0.5
flow_8432,0x100020f0,09,ICMP,48,auto,104.0,104.0,104.0,0.0498,0.2231,104.0,104.0,104.0,0.0,0.985797,1.014203,1.0,5.043e-05,0.007101,17,1.0,2.0,104.0,34.386,34,3536,0.9888,102.8327,0.5,0.5
flow_8444,0x100020fc,09,ICMP,48,auto,112.0,112.0,112.0,0.1137,0.3372,112.0,112.0,112.0,0.0,0.485961,0.514039,0.5,4.927e-05,0.007019,38,1.0,2.0,112.0,38.905,77,8624,1.9792,221.6681,0.5,0.5
flow_8456,0x10002108,09,ICMP,48,auto,96.0,96.0,96.0,0.0492,0.2219,96.0,96.0,96.0,0.0,0.983551,1.016449,1.0,6.765e-05,0.008225,14,1.0,2.0,96.0,28.9198,28,2688,0.9682,92.9468,0.5,0.5
flow_8468,0x10002114,09,ICMP,48,auto,104.0,104.0,104.0,0.3231,0.5684,104.0,104.0,104.0,0.0,0.974307,1.025693,1.0,0.00016504,0.012847,6,1.0,2.0,104.0,13.0207,13,1352,0.9984,103.8348,0.5,0.5
flow_8480,0x10002120,09,ICMP,48,auto,96.0,96.0,96.0,0.4501,0.6709,96.0,96.0,96.0,0.0,0.988793,1.011207,1.0,3.14e-05,0.005603,7,1.0,2.0,96.0,14.5235,14,1344,0.964,92.5399,0.5,0.5
flow_8492,0x1000212c,09,ICMP,48,auto,96.0,96.0,96.0,0.256,0.506,96.0,96.0,96.0,0.0,0.474615,0.525385,0.5,0.0001611,0.012692,12,1.0,2.0,96.0,12.4743,24,2304,1.924,184.6995,0.5,0.5
flow_8504,0x10002138,09,ICMP,48,auto,112.0,112.0,112.0,0.3248,0.5699,112.0,112.0,112.0,0.0,0.984491,1.015509,1.0,6.013e-05,0.007755,9,1.0,2.0,112.0,19.3981,19,2128,0.9795,109.7017,0.5,0.5
flow_8516,0x10002144,09,ICMP,48,auto,104.0,104.0,104.0,0.3404,0.5834,104.0,104.0,104.0,0.0,0.97389,1.02611,1.0,0.00017044,0.013055,17,1.0,2.0,104.0,34.6842,34,3536,0.9803,101.9484,0.5,0.5
flow_8528,0x10002150,09,ICMP,48,auto,96.0,96.0,96.0,0.6219,0.7886,96.0,96.0,96.0,0.0,0.474487,0.525513,0.5,0.00016273,0.012757,22,1.0,2.0,96.0,22.7933,45,4320,1.9743,189.5294,0.5,0.5
flow_8540,0x1000215c,09,ICMP,48,auto,96.0,96.0,96.0,0.2721,0.5216,96.0,96.0,96.0,0.0,0.982307,1.017693,1.0,7.826e-05,0.008846,9,1.0,2.0,96.0,19.144,19,1824,0.9925,95.2778,0.5,0.5
flow_8552,0x10002168,09,ICMP,48,auto,96.0,96.0,96.0,0.1248,0.3533,96.0,96.0,96.0,0.0,0.478866,0.521134,0.5,0.00011167,0.010567,20,1.0,2.0,96.0,20.2627,40,3840,1.9741,189.5107,0.5,0.5
flow_8564,0x10002174,09,ICMP,48,auto,96.0,96.0,96.0,0.3231,0.5684,96.0,96.0,96.0,0.0,0.488179,0.511821,0.5,3.493e-05,0.00591,37,1.0,2.0,96.0,37.5844,75,7200,1.9955,191.5688,0.5,0.5
flow_8576,0x10002180,09,ICMP,48,auto,112.0,112.0,112.0,0.1612,0.4015,112.0,112.0,112.0,0.0,0.986571,1.013429,1.0,4.509e-05,0.006715,9,1.0,2.0,112.0,18.9344,18,2016,0.9507,106.4731,0.5,0.5
flow_8588,0x1000218c,09,ICMP,48,auto,112.0,112.0,112.0,0.0253,0.1589,112.0,112.0,112.0,0.0,0.48541,0.51459,0.5,5.322e-05,0.007295,20,1.0,2.0,112.0,20.6796,41,4592,1.9826,222.0551,0.5,0.5
flow_8600,0x10002198,09,ICMP,48,auto,96.0,96.0,96.0,0.3905,0.6249,96.0,96.0,96.0,0.0,0.474565,0.525435,0.5,0.00016173,0.012718,13,1.0,2.0,96.0,13.5488,27,2592,1.9928,191.3081,0.5,0.5
flow_8612,0x100021a4,09,ICMP,48,auto,112.0,112.0,112.0,0.4542,0.674,112.0,112.0,112.0,0.0,0.48004,0.51996,0.5,9.96e-05,0.00998,31,1.0,2.0,112.0,31.3521,62,6944,1.9775,221.4843,0.5,0.5
flow_8624,0x100021b0,09,ICMP,48,auto,96.0,96.0,96.0,0.5866,0.7659,96.0,96.0,96.0,0.0,0.990926,1.009074,1.0,2.058e-05,0.004537,6,1.0,2.0,96.0,13.7111,13,1248,0.9481,91.0212,0.5,0.5
flow_8636,0x100021bc,09,ICMP,48,auto,112.0,112.0,112.0,0.2406,0.4905,112.0,112.0,112.0,0.0,0.974131,1.025869,1.0,0.00016731,0.012935,19,1.0,2.0,112.0,39.9577,39,4368,0.976,109.3155,0.5,0.5
flow_8648,0x100021c8,09,ICMP,48,auto,104.0,104.0,104.0,0.2704,0.52,104.0,104.0,104.0,0.0,0.985948,1.014052,1.0,4.937e-05,0.007026,7,1.0,2.0,104.0,15.8078,15,1560,0.9489,98.6857,0.5,0.5
flow_8660,0x100021d4,09,ICMP,48,auto,112.0,112.0,112.0,0.176,0.4196,112.0,112.0,112.0,0.0,0.49232,0.50768,0.5,1.475e-05,0.00384,21,1.0,2.0,112.0,21.283,42,4704,1.9734,221.021,0.5,0.5
flow_8672,0x100021e0,09,ICMP,48,auto,112.0,112.0,112.0,0.3539,0.5949,112.0,112.0,112.0,0.0,0.492667,0.507333,0.5,1.344e-05,0.003667,18,1.0,2.0,112.0,18.359,36,4032,1.9609,219.6192,0.5,0.5
flow_8684,0x100021ec,09,ICMP,48,auto,112.0,112.0,112.0,0.4057,0.6369,112.0,112.0,112.0,0.0,0.482082,0.517918,0.5,8.027e-05,0.008959,15,1.0,2.0,112.0,15.3677,30,3360,1.9521,218.6402,0.5,0.5
flow_8696,0x100021f8,09,ICMP,48,auto,104.0,104.0,104.0,0.1149,0.3389,104.0,104.0,104.0,0.0,0.986659,1.013341,1.0,4.45e-05,0.006671,16,1.0,2.0,104.0,32.8043,32,3328,0.9755,101.4501,0.5,0.5
flow_8708,0x10002204,09,ICMP,48,auto,112.0,112.0,112.0,0.1184,0.3441,112.0,112.0,112.0,0.0,0.485814,0.514186,0.5,5.031e-05,0.007093,14,1.0,2.0,112.0,14.4685,28,3136,1.9352,216.747,0.5,0.5
flow_8720,0x10002210,09,ICMP,48,auto,104.0,104.0,104.0,0.2879,0.5366,104.0,104.0,104.0,0.0,0.484599,0.515401,0.5,5.93e-05,0.007701,28,1.0,2.0,104.0,28.8587,57,5928,1.9751,205.4145,0.5,0.5
flow_8732,0x1000221c,09,ICMP,48,auto,104.0,104.0,104.0,0.3086,0.5555,104.0,104.0,104.0,0.0,0.479687,0.520313,0.5,0.00010315,0.010156,21,1.0,2.0,104.0,21.5488,43,4472,1.9955,207.5287,0.5,0.5
flow_8744,0x10002228,09,ICMP,48,auto,112.0,112.0,112.0,0.1113,0.3336,112.0,112.0,112.0,0.0,0.473896,0.526104,0.5,0.00017036,0.013052,10,1.0,2.0,112.0,10.4794,20,2240,1.9085,213.7527,0.5,0.5
flow_8756,0x10002234,09,ICMP,48,auto,112.0,112.0,112.0,0.0914,0.3024,112.0,112.0,112.0,0.0,0.489958,0.510042,0.5,2.521e-05,0.005021,13,1.0,2.0,112.0,13.0581,26,2912,1.9911,223.0031,0.5,0.5
flow_8768,0x10002240,09,ICMP,48,auto,96.0,96.0,96.0,0.1147,0.3387,96.0,96.0,96.0,0.0,0.485959,0.514041,0.5,4.929e-05,0.007021,17,1.0,2.0,96.0,17.8674,35,3360,1.9589,188.0516,0.5,0.5
flow_8780,0x1000224c,09,ICMP,48,auto,104.0,104.0,104.0,0.075,0.2738,104.0,104.0,104.0,0.0,0.975998,1.024002,1.0,0.00014402,0.012001,15,1.0,2.0,104.0,30.6035,30,3120,0.9803,101.949,0.5,0.5
flow_8792,0x10002258,09,ICMP,48,auto,112.0,112.0,112.0,0.0768,0.2771,112.0,112.0,112.0,0.0,0.478776,0.521224,0.5,0.00011261,0.010612,26,1.0,2.0,112.0,26.1785,52,5824,1.9864,222.4727,0.5,0.5
flow_8804,0x10002264,09,ICMP,48,auto,96.0,96.0,96.0,0.5517,0.7428,96.0,96.0,96.0,0.0,0.48515,0.51485,0.5,5.513e-05,0.007425,35,1.0,2.0,96.0,35.8666,71,6816,1.9796,190.0376,0.5,0.5
flow_8816,0x10002270,09,ICMP,48,auto,96.0,96.0,96.0,0.2009,0.4482,96.0,96.0,96.0,0.0,0.978461,1.021539,1.0,0.00011598,0.010769,11,1.0,2.0,96.0,23.363,23,2208,0.9845,94.5084,0.5,0.5
flow_8828,0x1000227c,09,ICMP,48,auto,104.0,104.0,104.0,0.5156,0.718,104.0,104.0,104.0,0.0,0.491596,0.508404,0.5,1.766e-05,0.004202,23,1.0,2.0,104.0,23.0482,46,4784,1.9958,207.5653,0.5,0.5
flow_8840,0x10002288,09,ICMP,48,auto,112.0,112.0,112.0,0.0313,0.177,112.0,112.0,112.0,0.0,0.4751,0.5249,0.5,0.00015501,0.01245,28,1.0,2.0,112.0,28.2961,56,6272,1.9791,221.6558,0.5,0.5
flow_8852,0x10002294,09,ICMP,48,auto,112.0,112.0,112.0,0.0374,0.1934,112.0,112.0,112.0,0.0,0.486082,0.513918,0.5,4.843e-05,0.006959,23,1.0,2.0,112.0,23.1744,46,5152,1.9849,222.314,0.5,0.5
flow_8864,0x100022a0,09,ICMP,48,auto,104.0,104.0,104.0,0.1152,0.3394,104.0,104.0,104.0,0.0,0.991051,1.008949,1.0,2.002e-05,0.004475,12,1.0,2.0,104.0,25.6323,25,2600,0.9753,101.4344,0.5,0.5
flow_8876,0x100022ac,09,ICMP,48,auto,96.0,96.0,96.0,0.4737,0.6883,96.0,96.0,96.0,0.0,0.488014,0.511986,0.5,3.592e-05,0.005993,35,1.0,2.0,96.0,35.1237,70,6720,1.993,191.3238,0.5,0.5
flow_8888,0x100022b8,09,ICMP,48,auto,104.0,104.0,104.0,0.0114,0.1069,104.0,104.0,104.0,0.0,0.988979,1.011021,1.0,3.037e-05,0.005511,16,1.0,2.0,104.0,33.0273,33,3432,0.9992,103.9141,0.5,0.5
flow_8900,0x100022c4,09,ICMP,48,auto,96.0,96.0,96.0,0.0335,0.1831,96.0,96.0,96.0,0.0,0.482041,0.517959,0.5,8.063e-05,0.00898,36,1.0,2.0,96.0,36.2622,72,6912,1.9855,190.6115,0.5,0.5
flow_8912,0x100022d0,09,ICMP,48,auto,112.0,112.0,112.0,0.6335,0.796,112.0,112.0,112.0,0.0,0.992555,1.007445,1.0,1.386e-05,0.003723,7,1.0,2.0,112.0,15.4399,15,1680,0.9715,108.8092,0.5,0.5
flow_8924,0x100022dc,09,ICMP,48,auto,112.0,112.0,112.0,0.4927,0.7019,112.0,112.0,112.0,0.0,0.976714,1.023286,1.0,0.00013556,0.011643,19,1.0,2.0,112.0,38.0332,38,4256,0.9991,111.9024,0.5,0.5
flow_8936,0x100022e8,09,ICMP,48,auto,96.0,96.0,96.0,0.2834,0.5324,96.0,96.0,96.0,0.0,0.982391,1.017609,1.0,7.752e-05,0.008804,8,1.0,2.0,96.0,16.7876,16,1536,0.9531,91.4963,0.5,0.5
flow_8948,0x100022f4,09,ICMP,48,auto,104.0,104.0,104.0,0.0277,0.1665,104.0,104.0,104.0,0.0,0.978144,1.021856,1.0,0.00011942,0.010928,19,1.0,2.0,104.0,38.854,38,3952,0.978,101.7142,0.5,0.5
flow_8960,0x10002300,09,ICMP,48,auto,96.0,96.0,96.0,0.2957,0.5438,96.0,96.0,96.0,0.0,0.97708,1.02292,1.0,0.00013133,0.01146,7,1.0,2.0,96.0,15.8869,15,1440,0.9442,90.6406,0.5,0.5
flow_8972,0x1000230c,09,ICMP,48,auto,96.0,96.0,96.0,0.1983,0.4453,96.0,96.0,96.0,0.0,0.482391,0.517609,0.5,7.752e-05,0.008804,12,1.0,2.0,96.0,12.5619,25,2400,1.9902,191.0547,0.5,0.5
flow_8984,0x10002318,09,ICMP,48,auto,96.0,96.0,96.0,0.1225,0.35,96.0,96.0,96.0,0.0,0.474807,0.525193,0.5,0.00015867,0.012596,25,1.0,2.0,96.0,25.6077,51,4896,1.9916,191.1922,0.5,0.5
flow_8996,0x10002324,09,ICMP,48,auto,104.0,104.0,104.0,0.0304,0.1743,104.0,104.0,104.0,0.0,0.988642,1.011358,1.0,3.225e-05,0.005679,16,1.0,2.0,104.0,33.2633,33,3432,0.9921,103.1768,0.5,0.5
flow_9008,0x10002330,09,ICMP,48,auto,96.0,96.0,96.0,0.0682,0.2611,96.0,96.0,96.0,0.0,0.471937,0.528063,0.5,0.00019688,0.014031,34,1.0,2.0,96.0,34.9553,69,6624,1.974,189.4993,0.5,0.5
flow_9020,0x1000233c,09,ICMP,48,auto,96.0,96.0,96.0,0.2821,0.5311,96.0,96.0,96.0,0.0,0.474809,0.525191,0.5,0.00015865,0.012596,21,1.0,2.0,96.0,21.6102,43,4128,1.9898,191.0212,0.5,0.5
flow_9032,0x10002348,09,ICMP,48,auto,104.0,104.0,104.0,0.1424,0.3773,104.0,104.0,104.0,0.0,0.976047,1.023953,1.0,0.00014344,0.011976,12,1.0,2.0,104.0,24.3222,24,2496,0.9868,102.6222,0.5,0.5
flow_9044,0x10002354,09,ICMP,48,auto,112.0,112.0,112.0,0.0511,0.226,112.0,112.0,112.0,0.0,0.475208,0.524792,0.5,0.00015366,0.012396,35,1.0,2.0,112.0,35.0796,70,7840,1.9955,223.4918,0.5,0.5
flow_9056,0x10002360,09,ICMP,48,auto,96.0,96.0,96.0,0.0474,0.2178,96.0,96.0,96.0,0.0,0.990322,1.009678,1.0,2.341e-05,0.004839,16,1.0,2.0,96.0,33.5095,33,3168,0.9848,94.5404,0.5,0.5
flow_9068,0x1000236c,09,ICMP,48,auto,96.0,96.0,96.0,0.0219,0.1479,96.0,96.0,96.0,0.0,0.983144,1.016856,1.0,7.103e-05,0.008428,15,1.0,2.0,96.0,30.3093,30,2880,0.9898,95.0204,0.5,0.5
flow_9080,0x10002378,09,ICMP,48,auto,104.0,104.0,104.0,0.0249,0.1576,104.0,104.0,104.0,0.0,0.981219,1.018781,1.0,8.818e-05,0.00939,8,1.0,2.0,104.0,16.6075,16,1664,0.9634,100.196,0.5,0.5
flow_9092,0x10002384,09,ICMP,48,auto,112.0,112.0,112.0,0.1069,0.3269,112.0,112.0,112.0,0.0,0.990471,1.009529,1.0,2.27e-05,0.004764,6,1.0,2.0,112.0,13.2676,13,1456,0.9798,109.7414,0.5,0.5
flow_9104,0x10002390,09,ICMP,48,auto,104.0,104.0,104.0,0.113,0.3361,104.0,104.0,104.0,0.0,0.984755,1.015245,1.0,5.81e-05,0.007622,7,1.0,2.0,104.0,15.4861,15,1560,0.9686,100.7353,0.5,0.5
flow_9116,0x1000239c,09,ICMP,48,auto,104.0,104.0,104.0,0.2054,0.4532,104.0,104.0,104.0,0.0,0.487765,0.512235,0.5,3.742e-05,0.006117,35,1.0,2.0,104.0,35.7785,71,7384,1.9844,206.381,0.5,0.5
flow_9128,0x100023a8,09,ICMP,48,auto,104.0,104.0,104.0,0.1896,0.4354,104.0,104.0,104.0,0.0,0.474066,0.525934,0.5,0.00016815,0.012967,25,1.0,2.0,104.0,25.7289,51,5304,1.9822,206.1493,0.5,0.5
flow_9140,0x100023b4,09,ICMP,48,auto,96.0,96.0,96.0,0.5128,0.7161,96.0,96.0,96.0,0.0,0.992146,1.007854,1.0,1.542e-05,0.003927,13,1.0,2.0,96.0,27.0996,27,2592,0.9963,95.6471,0.5,0.5
flow_9152,0x100023c0,09,ICMP,48,auto,104.0,104.0,104.0,0.0834,0.2887,104.0,104.0,104.0,0.0,0.478707,0.521293,0.5,0.00011335,0.010647,14,1.0,2.0,104.0,14.4854,28,2912,1.933,201.0304,0.5,0.5
flow_9164,0x100023cc,09,ICMP,48,auto,96.0,96.0,96.0,0.3525,0.5937,96.0,96.0,96.0,0.0,0.983526,1.016474,1.0,6.785e-05,0.008237,5,1.0,2.0,96.0,11.6869,11,1056,0.9412,90.3577,0.5,0.5
flow_9176,0x100023d8,09,ICMP,48,auto,104.0,104.0,104.0,0.0344,0.1854,104.0,104.0,104.0,0.0,0.982977,1.017023,1.0,7.245e-05,0.008512,9,1.0,2.0,104.0,19.0361,19,1976,0.9981,103.8028,0.5,0.5
flow_9188,0x100023e4,09,ICMP,48,auto,104.0,104.0,104.0,0.521,0.7218,104.0,104.0,104.0,0.0,0.984541,1.015459,1.0,5.975e-05,0.00773,7,1.0,2.0,104.0,14.1629,14,1456,0.9885,102.804,0.5,0.5
flow_9200,0x100023f0,09,ICMP,48,auto,96.0,96.0,96.0,0.0168,0.1297,96.0,96.0,96.0,0.0,0.492386,0.507614,0.5,1.449e-05,0.003807,23,1.0,2.0,96.0,23.9978,47,4512,1.9585,188.0169,0.5,0.5
flow_9212,0x100023fc,09,ICMP,48,auto,112.0,112.0,112.0,0.2346,0.4843,112.0,112.0,112.0,0.0,0.487185,0.512815,0.5,4.106e-05,0.006407,34,1.0,2.0,112.0,34.0887,68,7616,1.9948,223.4174,0.5,0.5
flow_9224,0x10002408,09,ICMP,48,auto,112.0,112.0,112.0,0.1323,0.3637,112.0,112.0,112.0,0.0,0.49343,0.50657,0.5,1.079e-05,0.003285,22,1.0,2.0,112.0,22.9546,45,5040,1.9604,219.564,0.5,0.5
flow_9236,0x10002414,09,ICMP,48,auto,96.0,96.0,96.0,0.4254,0.6522,96.0,96.0,96.0,0.0,0.481868,0.518132,0.5,8.22e-05,0.009066,37,1.0,2.0,96.0,37.4014,74,7104,1.9785,189.9392,0.5,0.5
flow_9248,0x10002420,09,ICMP,48,auto,104.0,104.0,104.0,0.1809,0.4254,104.0,104.0,104.0,0.0,0.979778,1.020222,1.0,0.00010223,0.010111,10,1.0,2.0,104.0,20.8346,20,2080,0.9599,99.8341,0.5,0.5
flow_9260,0x1000242c,09,ICMP,48,auto,104.0,104.0,104.0,0.0914,0.3023,104.0,104.0,104.0,0.0,0.989917,1.010083,1.0,2.541e-05,0.005041,11,1.0,2.0,104.0,23.3402,23,2392,0.9854,102.484,0.5,0.5
flow_9272,0x10002438,09,ICMP,48,auto,96.0,96.0,96.0,0.05,0.2236,96.0,96.0,96.0,0.0,0.475709,0.524291,0.5,0.00014752,0.012146,27,1.0,2.0,96.0,27.5728,55,5280,1.9947,191.4931,0.5,0.5
flow_9284,0x10002444,09,ICMP,48,auto,96.0,96.0,96.0,0.1004,0.3168,96.0,96.0,96.0,0.0,0.974296,1.025704,1.0,0.00016518,0.012852,17,1.0,2.0,96.0,34.7335,34,3264,0.9789,93.9727,0.5,0.5
flow_9296,0x10002450,09,ICMP,48,auto,112.0,112.0,112.0,0.5931,0.7701,112.0,112.0,112.0,0.0,0.481464,0.518536,0.5,8.59e-05,0.009268,25,1.0,2.0,112.0,25.5958,51,5712,1.9925,223.1616,0.5,0.5
flow_9308,0x1000245c,09,ICMP,48,auto,96.0,96.0,96.0,0.0118,0.1086,96.0,96.0,96.0,0.0,0.982614,1.017386,1.0,7.557e-05,0.008693,9,1.0,2.0,96.0,18.1267,18,1728,0.993,95.3291,0.5,0.5
flow_9320,0x10002468,09,ICMP,48,auto,112.0,112.0,112.0,0.4467,0.6684,112.0,112.0,112.0,0.0,0.982215,1.017785,1.0,7.907e-05,0.008892,10,1.0,2.0,112.0,20.3775,20,2240,0.9815,109.9249,0.5,0.5
flow_9332,0x10002474,09,ICMP,48,auto,104.0,104.0,104.0,0.0468,0.2164,104.0,104.0,104.0,0.0,0.489567,0.510433,0.5,2.721e-05,0.005216,31,1.0,2.0,104.0,31.2228,62,6448,1.9857,206.5159,0.5,0.5
flow_9344,0x10002480,09,ICMP,48,auto,104.0,104.0,104.0,0.0343,0.1852,104.0,104.0,104.0,0.0,0.991351,1.008649,1.0,1.87e-05,0.004325,6,1.0,2.0,104.0,12.816,12,1248,0.9363,97.378,0.5,0.5
flow_9356,0x1000248c,09,ICMP,48,auto,104.0,104.0,104.0,0.1084,0.3293,104.0,104.0,104.0,0.0,0.982977,1.017023,1.0,7.244e-05,0.008511,10,1.0,2.0,104.0,20.6688,20,2080,0.9676,100.6346,0.5,0.5
flow_9368,0x10002498,09,ICMP,48,auto,96.0,96.0,96.0,0.4046,0.6361,96.0,96.0,96.0,0.0,0.982338,1.017662,1.0,7.798e-05,0.008831,17,1.0,2.0,96.0,34.127,34,3264,0.9963,95.6426,0.5,0.5
flow_9380,0x100024a4,09,ICMP,48,auto,96.0,96.0,96.0,0.0127,0.1128,96.0,96.0,96.0,0.0,0.477373,0.522627,0.5,0.00012799,0.011313,21,1.0,2.0,96.0,21.1953,42,4032,1.9816,190.2306,0.5,0.5
flow_9392,0x100024b0,09,ICMP,48,auto,96.0,96.0,96.0,0.4845,0.696,96.0,96.0,96.0,0.0,0.990546,1.009454,1.0,2.235e-05,0.004727,9,1.0,2.0,96.0,18.9264,18,1728,0.9511,91.3013,0.5,0.5
flow_9404,0x100024bc,09,ICMP,48,auto,104.0,104.0,104.0,0.0214,0.1462,104.0,104.0,104.0,0.0,0.474072,0.525928,0.5,0.00016807,0.012964,37,1.0,2.0,104.0,37.8068,75,7800,1.9838,206.312,0.5,0.5
flow_9416,0x100024c8,09,ICMP,48,auto,104.0,104.0,104.0,0.0687,0.2622,104.0,104.0,104.0,0.0,0.99281,1.00719,1.0,1.292e-05,0.003595,8,1.0,2.0,104.0,17.8088,17,1768,0.9546,99.2766,0.5,0.5
flow_9428,0x100024d4,09,ICMP,48,auto,96.0,96.0,96.0,0.1297,0.3601,96.0,96.0,96.0,0.0,0.487779,0.512221,0.5,3.734e-05,0.006111,17,1.0,2.0,96.0,17.4376,34,3264,1.9498,187.1815,0.5,0.5
flow_9440,0x100024e0,09,ICMP,48,auto,112.0,112.0,112.0,0.4538,0.6736,112.0,112.0,112.0,0.0,0.483585,0.516415,0.5,6.737e-05,0.008208,27,1.0,2.0,112.0,27.5381,55,6160,1.9972,223.6903,0.5,0.5
flow_9452,0x100024ec,09,ICMP,48,auto,104.0,104.0,104.0,0.1459,0.3819,104.0,104.0,104.0,0.0,0.975879,1.024121,1.0,0.00014546,0.012061,13,1.0,2.0,104.0,26.7019,26,2704,0.9737,101.2661,0.5,0.5
flow_9464,0x100024f8,09,ICMP,48,auto,96.0,96.0,96.0,0.348,0.5899,96.0,96.0,96.0,0.0,0.479362,0.520638,0.5,0.00010648,0.010319,23,1.0,2.0,96.0,23.686,47,4512,1.9843,190.4923,0.5,0.5
flow_9476,0x10002504,09,ICMP,48,auto,96.0,96.0,96.0,0.1984,0.4454,96.0,96.0,96.0,0.0,0.991193,1.008807,1.0,1.939e-05,0.004403,12,1.0,2.0,96.0,24.5768,24,2304,0.9765,93.7468,0.5,0.5
flow_9488,0x10002510,09,ICMP,48,auto,104.0,104.0,104.0,0.2154,0.4641,104.0,104.0,104.0,0.0,0.974439,1.025561,1.0,0.00016334,0.01278,19,1.0,2.0,104.0,39.6029,39,4056,0.9848,102.4168,0.5,0.5
flow_9500,0x1000251c,09,ICMP,48,auto,112.0,112.0,112.0,0.0782,0.2797,112.0,112.0,112.0,0.0,0.982548,1.017452,1.0,7.614e-05,0.008726,18,1.0,2.0,112.0,36.8275,36,4032,0.9775,109.4833,0.5,0.5
flow_9512,0x10002528,09,ICMP,48,auto,112.0,112.0,112.0,0.1081,0.3288,112.0,112.0,112.0,0.0,0.992178,1.007822,1.0,1.53e-05,0.003911,15,1.0,2.0,112.0,31.4995,31,3472,0.9841,110.2238,0.5,0.5
flow_9524,0x10002534,09,ICMP,48,auto,96.0,96.0,96.0,0.3968,0.6299,96.0,96.0,96.0,0.0,0.476104,0.523896,0.5,0.00014276,0.011948,33,1.0,2.0,96.0,33.482,66,6336,1.9712,189.236,0.5,0.5
flow_9536,0x10002540,09,ICMP,48,auto,112.0,112.0,112.0,0.0764,0.2764,112.0,112.0,112.0,0.0,0.480164,0.519836,0.5,9.836e-05,0.009918,23,1.0,2.0,112.0,23.9033,47,5264,1.9663,220.2204,0.5,0.5
flow_9548,0x1000254c,09,ICMP,48,auto,112.0,112.0,112.0,0.0365,0.1911,112.0,112.0,112.0,0.0,0.972741,1.027259,1.0,0.00018576,0.01363,7,1.0,2.0,112.0,14.2,14,1568,0.9859,110.4229,0.5,0.5
flow_9560,0x10002558,09,ICMP,48,auto,112.0,112.0,112.0,0.5238,0.7237,112.0,112.0,112.0,0.0,0.983634,1.016366,1.0,6.697e-05,0.008183,7,1.0,2.0,112.0,14.6031,14,1568,0.9587,107.3744,0.5,0.5
flow_9572,0x10002564,09,ICMP,48,auto,112.0,112.0,112.0,0.3676,0.6063,112.0,112.0,112.0,0.0,0.976251,1.023749,1.0,0.00014101,0.011875,8,1.0,2.0,112.0,17.0988,17,1904,0.9942,111.3526,0.5,0.5
flow_9584,0x10002570,09,ICMP,48,auto,104.0,104.0,104.0,0.1262,0.3552,104.0,104.0,104.0,0.0,0.989814,1.010186,1.0,2.594e-05,0.005093,13,1.0,2.0,104.0,27.2157,27,2808,0.9921,103.1757,0.5,0.5
flow_9596,0x1000257c,09,ICMP,48,auto,96.0,96.0,96.0,0.5434,0.7371,96.0,96.0,96.0,0.0,0.977879,1.022121,1.0,0.00012234,0.011061,9,1.0,2.0,96.0,19.3303,19,1824,0.9829,94.3598,0.5,0.5
flow_9608,0x10002588,09,ICMP,48,auto,112.0,112.0,112.0,0.3644,0.6037,112.0,112.0,112.0,0.0,0.482036,0.517964,0.5,8.067e-05,0.008982,20,1.0,2.0,112.0,20.2051,40,4480,1.9797,221.7257,0.5,0.5
flow_9620,0x10002594,09,ICMP,48,auto,112.0,112.0,112.0,0.1775,0.4213,112.0,112.0,112.0,0.0,0.494074,0.505926,0.5,8.78e-06,0.002963,17,1.0,2.0,112.0,17.7616,35,3920,1.9705,220.7008,0.5,0.5
flow_9632,0x100025a0,09,ICMP,48,auto,96.0,96.0,96.0,0.2317,0.4814,96.0,96.0,96.0,0.0,0.472023,0.527977,0.5,0.00019568,0.013989,11,1.0,2.0,96.0,11.3446,22,2112,1.9392,186.1673,0.5,0.5
flow_9644,0x100025ac,09,ICMP,48,auto,104.0,104.0,104.0,0.5145,0.7173,104.0,104.0,104.0,0.0,0.990539,1.009461,1.0,2.238e-05,0.004731,13,1.0,2.0,104.0,26.666,26,2704,0.975,101.4026,0.5,0.5
flow_9656,0x100025b8,09,ICMP,48,auto,96.0,96.0,96.0,0.6174,0.7858,96.0,96.0,96.0,0.0,0.985305,1.014695,1.0,5.399e-05,0.007348,13,1.0,2.0,96.0,27.574,27,2592,0.9792,94.0016,0.5,0.5
flow_9668,0x100025c4,09,ICMP,48,auto,104.0,104.0,104.0,0.0103,0.1013,104.0,104.0,104.0,0.0,0.974096,1.025904,1.0,0.00016775,0.012952,6,1.0,2.0,104.0,13.4006,13,1352,0.9701,100.891,0.5,0.5
flow_9680,0x100025d0,09,ICMP,48,auto,104.0,104.0,104.0,0.5223,0.7227,104.0,104.0,104.0,0.0,0.992018,1.007982,1.0,1.593e-05,0.003991,15,1.0,2.0,104.0,31.0537,31,3224,0.9983,103.8203,0.5,0.5
flow_9692,0x100025dc,09,ICMP,48,auto,104.0,104.0,104.0,0.1797,0.4239,104.0,104.0,104.0,0.0,0.480657,0.519343,0.5,9.353e-05,0.009671,39,1.0,2.0,104.0,39.7913,79,8216,1.9854,206.4775,0.5,0.5
flow_9704,0x100025e8,09,ICMP,48,auto,104.0,104.0,104.0,0.2312,0.4808,104.0,104.0,104.0,0.0,0.486255,0.513745,0.5,4.723e-05,0.006873,16,1.0,2.0,104.0,16.6931,33,3432,1.9769,205.594,0.5,0.5
flow_9716,0x100025f4,09,ICMP,48,auto,112.0,112.0,112.0,0.08,0.2828,112.0,112.0,112.0,0.0,0.482089,0.517911,0.5,8.02e-05,0.008955,13,1.0,2.0,112.0,13.3338,26,2912,1.9499,218.3925,0.5,0.5
flow_9728,0x10002600,09,ICMP,48,auto,112.0,112.0,112.0,0.3236,0.5689,112.0,112.0,112.0,0.0,0.984092,1.015908,1.0,6.326e-05,0.007954,11,1.0,2.0,112.0,22.5476,22,2464,0.9757,109.2797,0.5,0.5
flow_9740,0x1000260c,09,ICMP,48,auto,96.0,96.0,96.0,0.4589,0.6775,96.0,96.0,96.0,0.0,0.478134,0.521866,0.5,0.00011953,0.010933,18,1.0,2.0,96.0,18.9384,37,3552,1.9537,187.5556,0.5,0.5
flow_9752,0x10002618,09,ICMP,48,auto,104.0,104.0,104.0,0.1018,0.319,104.0,104.0,104.0,0.0,0.98194,1.01806,1.0,8.155e-05,0.00903,12,1.0,2.0,104.0,24.2694,24,2496,0.9889,102.8457,0.5,0.5
flow_9764,0x10002624,09,ICMP,48,auto,96.0,96.0,96.0,0.132,0.3633,96.0,96.0,96.0,0.0,0.47503,0.52497,0.5,0.00015588,0.012485,39,1.0,2.0,96.0,39.7843,79,7584,1.9857,190.6278,0.5,0.5
flow_9776,0x10002630,09,ICMP,48,auto,104.0,104.0,104.0,0.4228,0.6502,104.0,104.0,104.0,0.0,0.97532,1.02468,1.0,0.00015227,0.01234,12,1.0,2.0,104.0,24.2018,24,2496,0.9917,103.1327,0.5,0.5
flow_9788,0x1000263c,09,ICMP,48,auto,96.0,96.0,96.0,0.4091,0.6396,96.0,96.0,96.0,0.0,0.991696,1.008304,1.0,1.724e-05,0.004152,9,1.0,2.0,96.0,18.2845,18,1728,0.9844,94.5062,0.5,0.5
flow_9800,0x10002648,09,ICMP,48,auto,112.0,112.0,112.0,0.0783,0.2798,112.0,112.0,112.0,0.0,0.474747,0.525253,0.5,0.00015943,0.012626,26,1.0,2.0,112.0,26.8691,53,5936,1.9725,220.9226,0.5,0.5
flow_9812,0x10002654,09,ICMP,48,auto,112.0,112.0,112.0,0.1473,0.3839,112.0,112.0,112.0,0.0,0.98911,1.01089,1.0,2.965e-05,0.005445,11,1.0,2.0,112.0,23.4588,23,2576,0.9804,109.8096,0.5,0.5
flow_9824,0x10002660,09,ICMP,48,auto,96.0,96.0,96.0,0.3424,0.5851,96.0,96.0,96.0,0.0,0.485139,0.514861,0.5,5.521e-05,0.00743,18,1.0,2.0,96.0,18.8593,37,3552,1.9619,188.3421,0.5,0.5
flow_9836,0x1000266c,09,ICMP,48,auto,104.0,104.0,104.0,0.1161,0.3407,104.0,104.0,104.0,0.0,0.982646,1.017354,1.0,7.529e-05,0.008677,5,1.0,2.0,104.0,11.2453,11,1144,0.9782,101.731,0.5,0.5
flow_9848,0x10002678,09,ICMP,48,auto,112.0,112.0,112.0,0.0167,0.1292,112.0,112.0,112.0,0.0,0.978531,1.021469,1.0,0.00011523,0.010735,6,1.0,2.0,112.0,13.6244,13,1456,0.9542,106.8673,0.5,0.5
flow_9860,0x10002684,09,ICMP,48,auto,104.0,104.0,104.0,0.1246,0.3529,104.0,104.0,104.0,0.0,0.990816,1.009184,1.0,2.109e-05,0.004592,6,1.0,2.0,104.0,12.859,12,1248,0.9332,97.0529,0.5,0.5
flow_9872,0x10002690,09,ICMP,48,auto,96.0,96.0,96.0,0.0166,0.1289,96.0,96.0,96.0,0.0,0.982701,1.017299,1.0,7.481e-05,0.008649,14,1.0,2.0,96.0,29.1948,29,2784,0.9933,95.3594,0.5,0.5
flow_9884,0x1000269c,09,ICMP,48,auto,112.0,112.0,112.0,0.1341,0.3661,112.0,112.0,112.0,0.0,0.990527,1.009473,1.0,2.243e-05,0.004736,19,1.0,2.0,112.0,39.8093,39,4368,0.9797,109.723,0.5,0.5
flow_9896,0x100026a8,09,ICMP,48,auto,104.0,104.0,104.0,0.0796,0.2821,104.0,104.0,104.0,0.0,0.486466,0.513534,0.5,4.58e-05,0.006767,19,1.0,2.0,104.0,19.1383,38,3952,1.9855,206.497,0.5,0.5
flow_9908,0x100026b4,09,ICMP,48,auto,104.0,104.0,104.0,0.1436,0.3789,104.0,104.0,104.0,0.0,0.481456,0.518544,0.5,8.597e-05,0.009272,12,1.0,2.0,104.0,12.7948,25,2600,1.9539,203.2075,0.5,0.5
flow_9920,0x100026c0,09,ICMP,48,auto,104.0,104.0,104.0,0.0795,0.2819,104.0,104.0,104.0,0.0,0.978574,1.021426,1.0,0.00011477,0.010713,11,1.0,2.0,104.0,22.0269,22,2288,0.9988,103.8731,0.5,0.5
flow_9932,0x100026cc,09,ICMP,48,auto,96.0,96.0,96.0,0.0807,0.284,96.0,96.0,96.0,0.0,0.989017,1.010983,1.0,3.016e-05,0.005492,13,1.0,2.0,96.0,27.3969,27,2592,0.9855,94.6093,0.5,0.5
flow_9944,0x100026d8,09,ICMP,48,auto,112.0,112.0,112.0,0.1214,0.3485,112.0,112.0,112.0,0.0,0.481171,0.518829,0.5,8.863e-05,0.009415,26,1.0,2.0,112.0,26.3205,52,5824,1.9756,221.2722,0.5,0.5
flow_9956,0x100026e4,09,ICMP,48,auto,96.0,96.0,96.0,0.2761,0.5254,96.0,96.0,96.0,0.0,0.975185,1.024815,1.0,0.00015395,0.012408,8,1.0,2.0,96.0,16.286,16,1536,0.9824,94.3141,0.5,0.5
flow_9968,0x100026f0,09,ICMP,48,auto,112.0,112.0,112.0,0.4179,0.6465,112.0,112.0,112.0,0.0,0.492667,0.507333,0.5,1.344e-05,0.003666,14,1.0,2.0,112.0,14.1691,28,3136,1.9761,221.3262,0.5,0.5
flow_9980,0x100026fc,09,ICMP,48,auto,112.0,112.0,112.0,0.2936,0.5419,112.0,112.0,112.0,0.0,0.489066,0.510934,0.5,2.989e-05,0.005467,39,1.0,2.0,112.0,39.3812,78,8736,1.9806,221.8315,0.5,0.5
flow_9992,0x10002708,09,ICMP,48,auto,104.0,104.0,104.0,0.373,0.6108,104.0,104.0,104.0,0.0,0.487766,0.512234,0.5,3.742e-05,0.006117,12,1.0,2.0,104.0,12.5592,25,2600,1.9906,207.0189,0.5,0.5
