flow_id,spi,scenario_id,traffic_type,dscp_label,label_source,pkt_len_min,pkt_len_max,pkt_len_mean,pkt_len_var,pkt_len_std,pkt_len_median,pkt_len_q25,pkt_len_q75,pkt_len_iqr,iat_min,iat_max,iat_mean,iat_var,iat_std,burst_count,burst_len_mean,burst_len_max,burst_bytes_mean,flow_duration_s,total_packets,total_bytes,packet_rate_pps,byte_rate_bps,forward_packet_ratio,forward_byte_ratio
flow_0001,0x10000001,02,VoIP,46,correlator,158.6382,211.3895,181.9145,145.557,12.0647,181.2336,173.4692,190.3598,16.8906,0.024156,0.043547,0.031912,1.504e-05,0.003878,148,3.4002,5.219,618.539,36.8002,1153,209747,31.3314,5699.6174,0.4793,0.4866
flow_0013,0x1000000d,02,VoIP,46,correlator,118.2025,197.2925,147.8574,469.2387,21.6619,147.8523,132.694,163.0207,30.3267,0.025922,0.034696,0.029432,3.08e-06,0.001755,77,4.033,5.6092,596.3053,16.4973,560,82800,33.945,5019.0113,0.5004,0.5082
flow_0025,0x10000019,02,VoIP,46,correlator,172.2284,228.2943,196.5898,96.7264,9.835,196.6012,189.7053,203.4743,13.7689,0.025018,0.042373,0.03196,1.205e-05,0.003471,191,4.5516,8.1854,894.7983,43.1942,1351,265592,31.2773,6148.7882,0.4773,0.4808
flow_0037,0x10000025,02,VoIP,46,correlator,114.7096,194.4543,143.3646,311.5601,17.6511,143.1854,131.0089,155.7204,24.7115,0.013762,0.031884,0.021011,1.314e-05,0.003625,51,3.6186,6.6923,518.7767,10.15,483,69245,47.5861,6822.1582,0.5207,0.52
flow_0049,0x10000031,02,VoIP,46,correlator,163.9291,212.9913,180.0498,36.1185,6.0099,179.8391,175.8429,184.2567,8.4138,0.015445,0.028003,0.020469,6.31e-06,0.002512,89,4.5236,6.3017,814.4754,23.9591,1170,210658,48.8332,8792.4005,0.4893,0.479
flow_0061,0x1000003d,02,VoIP,46,correlator,159.4514,212.1607,182.9093,106.8932,10.3389,182.5009,175.6721,190.1466,14.4745,0.025636,0.035945,0.02976,4.25e-06,0.002062,117,4.2054,6.4802,769.2048,39.5215,1328,242903,33.6019,6146.0935,0.4923,0.4885
flow_0073,0x10000049,02,VoIP,46,correlator,73.507,108.1628,85.1877,54.121,7.3567,85.1103,80.038,90.3374,10.2994,0.0172,0.027507,0.021323,4.25e-06,0.002061,70,2.5778,5.7698,219.5944,22.4323,1052,89617,46.8966,3994.9955,0.4954,0.5002
flow_0085,0x10000055,02,VoIP,46,correlator,122.7635,210.43,157.2608,449.1583,21.1934,157.0892,142.4254,172.0961,29.6707,0.014389,0.028386,0.019988,7.84e-06,0.002799,142,3.9763,7.772,625.3097,29.0136,1451,228185,50.0111,7864.769,0.4892,0.4831
flow_0097,0x10000061,02,VoIP,46,correlator,167.2769,215.2821,185.4843,129.5688,11.3828,186.3087,177.5163,193.4522,15.936,0.022568,0.040363,0.029686,1.267e-05,0.003559,33,2.5637,5.5366,475.528,14.2483,479,88846,33.618,6235.5498,0.4999,0.5006
flow_0109,0x1000006d,02,VoIP,46,correlator,130.7208,193.3636,158.7293,242.2984,15.5659,159.2373,147.8331,169.6254,21.7923,0.013348,0.033448,0.021388,1.616e-05,0.00402,209,2.8224,6.2736,447.998,37.7007,1762,279680,46.7366,7418.4373,0.4781,0.4959
flow_0121,0x10000079,02,VoIP,46,correlator,127.1163,209.5842,161.1463,117.9875,10.8622,161.2417,153.5428,168.7498,15.2071,0.012265,0.032714,0.020445,1.673e-05,0.00409,125,4.8866,7.2529,787.4575,26.2597,1284,206911,48.8961,7879.3991,0.4809,0.4695
flow_0133,0x10000085,02,VoIP,46,correlator,187.0813,230.3277,208.5893,171.1059,13.0807,207.9488,199.4327,217.7458,18.313,0.015124,0.025876,0.019425,4.62e-06,0.00215,267,2.8598,5.6989,596.5196,33.4388,1721,358982,51.4672,10735.5072,0.4965,0.493
flow_0145,0x10000091,02,VoIP,46,correlator,95.2429,126.218,105.9534,21.9016,4.6799,106.2725,102.6775,109.2294,6.5519,0.025921,0.037999,0.030752,5.83e-06,0.002416,195,3.6916,8.6052,391.1363,42.3952,1378,146003,32.5037,3443.8599,0.4735,0.4774
flow_0157,0x1000009d,02,VoIP,46,correlator,120.8109,205.7363,159.106,332.0623,18.2226,158.8177,146.3501,171.8618,25.5116,0.014891,0.028304,0.020256,7.2e-06,0.002683,132,2.9807,6.5274,474.2463,27.2934,1347,214315,49.3526,7852.265,0.4851,0.4797
flow_0169,0x100000a9,02,VoIP,46,correlator,172.6933,218.1047,190.1915,81.0401,9.0022,191.0068,183.89,196.4931,12.6031,0.014518,0.027021,0.019519,6.25e-06,0.002501,88,3.4978,8.2187,665.2596,18.8765,967,183915,51.2276,9743.0475,0.527,0.5184
flow_0181,0x100000b5,02,VoIP,46,correlator,123.0561,188.4097,154.2113,356.8239,18.8898,153.7887,140.9884,167.4341,26.4457,0.024038,0.037468,0.02941,7.22e-06,0.002686,231,2.8963,7.7752,446.6386,41.0375,1395,215124,33.9933,5242.1341,0.49,0.4809
flow_0193,0x100000c1,02,VoIP,46,correlator,73.7453,107.5219,88.7307,43.4953,6.5951,89.8268,84.1141,93.3473,9.2331,0.021205,0.041125,0.029173,1.587e-05,0.003984,80,2.4476,7.6669,217.173,29.009,994,88198,34.2652,3040.3646,0.5104,0.5087
flow_0205,0x100000cd,02,VoIP,46,correlator,176.9702,231.1937,199.7794,72.7644,8.5302,199.2127,193.8083,205.7506,11.9423,0.014338,0.029395,0.020361,9.07e-06,0.003011,148,4.7482,9.2513,948.5877,42.0062,2063,412144,49.1118,9811.4985,0.5279,0.5265
flow_0217,0x100000d9,02,VoIP,46,correlator,162.3825,207.2337,182.1533,61.2249,7.8246,181.3315,176.6761,187.6306,10.9545,0.023301,0.043274,0.03129,1.596e-05,0.003995,28,3.7843,8.2083,689.3205,13.1867,421,76686,31.9262,5815.4268,0.5126,0.5208
flow_0229,0x100000e5,02,VoIP,46,correlator,111.1519,193.5915,141.6173,197.123,14.04,141.9204,131.7892,151.4453,19.6561,0.016324,0.028689,0.02127,6.12e-06,0.002473,147,3.6777,5.005,520.8296,38.4007,1805,255619,47.0043,6656.6222,0.4721,0.4917
flow_0241,0x100000f1,02,VoIP,46,correlator,179.4468,233.3308,200.0533,129.4934,11.3795,199.7869,192.0876,208.019,15.9313,0.025657,0.035438,0.029569,3.83e-06,0.001956,129,3.2471,7.9451,649.5831,43.7103,1478,295678,33.8136,6764.499,0.4737,0.4866
flow_0253,0x100000fd,02,VoIP,46,correlator,74.7164,107.1646,85.5036,42.4888,6.5183,86.2,80.9408,90.0665,9.1257,0.015231,0.03064,0.021395,9.5e-06,0.003082,55,2.1848,7.1544,186.807,13.0896,611,52242,46.6783,3991.1121,0.4934,0.4905
flow_0265,0x10000109,02,VoIP,46,correlator,175.444,214.4643,191.1624,94.7512,9.734,189.7942,184.3485,197.9762,13.6276,0.013658,0.034485,0.021989,1.735e-05,0.004165,159,2.9707,6.1886,567.8899,23.6542,1075,205499,45.4465,8687.634,0.4708,0.4547
flow_0277,0x10000115,02,VoIP,46,correlator,181.6739,219.4538,199.1627,85.2527,9.2332,199.0024,192.6994,205.6259,12.9265,0.012025,0.03291,0.020379,1.745e-05,0.004177,111,2.8852,8.9453,574.6202,34.153,1675,333597,49.0439,9767.7076,0.5033,0.5078
flow_0289,0x10000121,02,VoIP,46,correlator,177.4101,233.3969,201.9064,169.4528,13.0174,202.1218,192.7942,211.0186,18.2244,0.017155,0.02801,0.021497,4.71e-06,0.002171,41,2.1559,9.4624,435.2815,10.5289,489,98732,46.4437,9377.2629,0.5115,0.5296
flow_0301,0x1000012d,02,VoIP,46,correlator,135.9655,217.4386,169.3338,330.3915,18.1767,168.3299,156.6101,182.0575,25.4473,0.02329,0.041696,0.030652,1.355e-05,0.003681,54,3.4444,7.5158,583.2603,19.7335,643,108881,32.5842,5517.5816,0.4754,0.4821
flow_0313,0x10000139,02,VoIP,46,correlator,115.9015,177.5167,145.3556,229.0601,15.1347,145.0629,134.7613,155.9499,21.1886,0.012734,0.030996,0.020039,1.334e-05,0.003652,74,4.7035,7.8346,683.6863,17.0993,853,123988,49.885,7251.0473,0.4816,0.4754
flow_0325,0x10000145,02,VoIP,46,correlator,92.269,122.5868,106.4963,45.9705,6.7802,106.6963,101.7501,111.2424,9.4922,0.017433,0.028848,0.021999,5.21e-06,0.002283,83,2.8061,8.46,298.844,18.3794,835,88924,45.4313,4838.244,0.4989,0.4877
flow_0337,0x10000151,02,VoIP,46,correlator,95.4833,129.2838,108.048,29.4844,5.43,108.4025,104.2471,111.849,7.6019,0.015717,0.027698,0.02051,5.74e-06,0.002396,100,3.5172,9.9216,380.0267,20.7149,1010,109128,48.7572,5268.0922,0.4834,0.4829
flow_0349,0x1000015d,02,VoIP,46,correlator,123.6345,201.1652,158.4305,154.1938,12.4175,159.9122,149.7382,167.1227,17.3845,0.015747,0.030044,0.021466,8.18e-06,0.002859,57,4.4121,8.7586,699.0112,10.2991,479,75888,46.5087,7368.3752,0.5225,0.5266
flow_0361,0x10000169,02,VoIP,46,correlator,186.5143,242.2339,207.9742,157.2294,12.5391,208.9624,199.1968,216.7515,17.5548,0.015502,0.028754,0.020803,7.02e-06,0.00265,98,3.2808,8.6584,682.3207,24.3878,1172,243745,48.0568,9994.5381,0.4755,0.4887
flow_0373,0x10000175,02,VoIP,46,correlator,85.9187,114.2771,98.7015,40.8551,6.3918,97.8199,94.2272,103.1758,8.9485,0.027333,0.036819,0.031127,3.6e-06,0.001897,128,3.9551,8.1356,390.3758,34.3028,1102,108769,32.1256,3170.8449,0.4836,0.4812
flow_0385,0x10000181,02,VoIP,46,correlator,164.9314,220.4954,187.3071,156.6836,12.5173,185.8768,178.5449,196.0692,17.5243,0.022903,0.041618,0.030389,1.401e-05,0.003743,153,2.3426,8.8596,438.7767,33.5561,1104,206786,32.9001,6162.4007,0.5075,0.5083
flow_0397,0x1000018d,02,VoIP,46,correlator,183.425,232.4234,200.8315,68.7542,8.2918,199.7221,195.0272,206.6358,11.6085,0.016071,0.029388,0.021398,7.09e-06,0.002663,41,4.9862,9.845,1001.3914,9.7318,454,91177,46.6513,9368.9924,0.4833,0.4935
flow_0409,0x10000199,02,VoIP,46,correlator,141.0366,223.8926,170.932,353.3819,18.7985,171.4772,157.7731,184.0909,26.3178,0.025926,0.039019,0.031163,6.86e-06,0.002619,60,2.2911,7.2564,391.6208,18.4722,592,101191,32.0482,5478.015,0.4726,0.4527
flow_0421,0x100001a5,02,VoIP,46,correlator,93.2683,125.194,106.1635,24.993,4.9993,106.5038,102.664,109.663,6.999,0.015888,0.03085,0.021873,8.96e-06,0.002993,91,3.1371,7.1371,333.0499,25.3711,1159,123043,45.6819,4849.7282,0.4902,0.4763
flow_0433,0x100001b1,02,VoIP,46,correlator,192.8173,237.1151,208.2837,112.42,10.6028,208.6383,200.8617,215.7057,14.844,0.015039,0.026054,0.019445,4.85e-06,0.002203,250,3.4083,8.6582,709.9008,35.828,1842,383658,51.4124,10708.3417,0.5091,0.4975
flow_0445,0x100001bd,02,VoIP,46,correlator,185.9997,233.7116,206.5793,92.324,9.6085,207.1876,199.8533,213.3052,13.452,0.024245,0.042825,0.031677,1.381e-05,0.003716,92,3.0288,5.6158,625.6794,24.8813,785,162164,31.5498,6517.5071,0.5133,0.5156
flow_0457,0x100001c9,02,VoIP,46,correlator,159.8169,209.7548,181.3026,131.0505,11.4477,183.0376,173.2892,189.316,16.0268,0.025221,0.037952,0.030314,6.48e-06,0.002546,51,2.0782,6.6412,376.7753,16.3781,540,97903,32.9709,5977.6768,0.5107,0.495
flow_0469,0x100001d5,02,VoIP,46,correlator,169.6736,214.1491,189.7737,191.4709,13.8373,190.5335,180.0876,199.4599,19.3722,0.014376,0.028705,0.020107,8.21e-06,0.002866,66,4.5702,5.7018,867.3025,12.6274,627,118988,49.654,9423.024,0.505,0.5013
flow_0481,0x100001e1,02,VoIP,46,correlator,124.8937,207.4882,152.7716,185.9393,13.636,154.7362,143.2264,162.3168,19.0903,0.014479,0.027257,0.01959,6.53e-06,0.002556,119,3.0937,8.1299,472.6339,30.4164,1552,237101,51.0251,7795.1674,0.4989,0.5128
flow_0493,0x100001ed,02,VoIP,46,correlator,176.3766,220.4403,197.2682,146.8919,12.1199,198.3307,188.7843,205.7521,16.9679,0.023105,0.038556,0.029285,9.55e-06,0.00309,81,2.6183,9.3882,516.5021,32.3532,1104,217784,34.1234,6731.4581,0.4977,0.4815
flow_0505,0x100001f9,02,VoIP,46,correlator,188.7509,236.5215,209.9307,80.4433,8.969,209.6576,203.6524,216.2091,12.5566,0.014057,0.032574,0.021464,1.372e-05,0.003703,102,2.8978,8.5185,608.3447,30.7993,1434,301040,46.5594,9774.2343,0.4943,0.4983
flow_0517,0x10000205,02,VoIP,46,correlator,115.4326,202.3842,155.0988,112.9242,10.6266,153.3122,147.6602,162.5374,14.8772,0.0213,0.041211,0.029265,1.586e-05,0.003982,115,2.6014,9.3682,403.4814,33.3099,1138,176502,34.164,5298.7839,0.4821,0.4904
flow_0529,0x10000211,02,VoIP,46,correlator,127.2507,209.1633,156.5552,319.1038,17.8635,154.619,144.0507,169.0596,25.0089,0.028067,0.03705,0.03166,3.23e-06,0.001797,101,3.08,6.2818,482.1865,38.9941,1231,192719,31.5688,4942.2552,0.4763,0.4939
flow_0541,0x1000021d,02,VoIP,46,correlator,89.4189,121.8641,102.4629,43.5464,6.599,102.8077,97.8436,107.0821,9.2386,0.013937,0.032596,0.021401,1.393e-05,0.003732,83,3.6615,5.221,375.1634,17.5611,820,84019,46.6941,4784.3784,0.5162,0.5091
flow_0553,0x10000229,02,VoIP,46,correlator,89.8299,126.387,101.6836,57.4385,7.5788,102.4181,96.3784,106.9888,10.6103,0.024304,0.036277,0.029093,5.73e-06,0.002395,48,4.7562,9.3517,483.6309,15.5747,535,54400,34.3506,3492.8415,0.4883,0.4855
flow_0565,0x10000235,02,VoIP,46,correlator,72.5894,108.6733,86.5856,23.3106,4.8281,85.9349,83.2059,89.9653,6.7593,0.022239,0.042173,0.030213,1.589e-05,0.003987,93,2.4786,9.5716,214.6087,30.3892,1005,87018,33.071,2863.4508,0.5034,0.4836
flow_0577,0x10000241,02,VoIP,46,correlator,89.2355,126.1129,102.2204,18.2154,4.268,102.8263,99.2328,105.2079,5.9751,0.017582,0.028518,0.021956,4.78e-06,0.002187,46,4.3323,8.3614,442.8498,12.7113,578,59083,45.4712,4648.0554,0.5166,0.5243
flow_0589,0x1000024d,02,VoIP,46,correlator,126.6993,218.0722,163.6591,215.8407,14.6915,163.3279,153.375,173.9432,20.5681,0.02298,0.039045,0.029406,1.032e-05,0.003213,125,4.6463,9.7837,760.4117,28.2428,960,157112,33.9909,5562.9019,0.4852,0.4735
flow_0601,0x10000259,02,VoIP,46,correlator,189.5772,225.9964,204.8095,75.5463,8.6917,205.2295,198.7252,210.8937,12.1684,0.022348,0.041966,0.030195,1.539e-05,0.003924,96,4.7019,7.8034,963.0009,25.1101,831,170196,33.0943,6778.0019,0.4916,0.4734
flow_0613,0x10000265,02,VoIP,46,correlator,177.8994,228.0663,202.3541,50.1124,7.079,201.236,197.3988,207.3094,9.9106,0.011933,0.029649,0.019019,1.255e-05,0.003543,155,4.3526,5.8109,880.7649,44.3116,2329,471282,52.5596,10635.6279,0.5287,0.5218
flow_0625,0x10000271,02,VoIP,46,correlator,159.0928,213.0605,180.3878,108.6348,10.4228,181.3952,173.0918,187.6837,14.5919,0.014349,0.031536,0.021224,1.182e-05,0.003437,98,4.3527,8.3398,785.1788,28.9062,1361,245507,47.0833,8493.2287,0.5099,0.5164
flow_0637,0x1000027d,02,VoIP,46,correlator,182.7652,228.7861,198.9694,87.2693,9.3418,197.7226,192.4301,205.5086,13.0785,0.012857,0.028606,0.019157,9.92e-06,0.00315,57,2.3599,5.3679,469.5412,13.3605,697,138681,52.1688,10379.9397,0.5128,0.4953
flow_0649,0x10000289,02,VoIP,46,correlator,73.5478,112.2486,88.3312,27.9176,5.2837,88.5639,84.6326,92.0297,7.3972,0.025062,0.039437,0.030812,8.26e-06,0.002875,108,2.2295,6.2234,196.9318,35.734,1159,102375,32.4341,2864.9212,0.523,0.5045
flow_0661,0x10000295,02,VoIP,46,correlator,73.4762,106.8735,86.88,23.2293,4.8197,86.8475,83.5062,90.2538,6.7476,0.024934,0.037285,0.029874,6.1e-06,0.00247,46,4.1184,9.5157,357.8027,18.0926,605,52562,33.439,2905.162,0.4838,0.4952
flow_0673,0x100002a1,02,VoIP,46,correlator,173.2211,216.09,191.198,166.032,12.8853,191.4326,182.1783,200.2178,18.0395,0.01205,0.032696,0.020308,1.705e-05,0.004129,137,2.9371,5.3696,561.5695,28.0775,1382,264235,49.2208,9410.9011,0.4835,0.4671
flow_0685,0x100002ad,02,VoIP,46,correlator,78.8596,116.0903,92.6304,29.0588,5.3906,91.8208,88.857,96.4038,7.5469,0.0139,0.031643,0.020997,1.259e-05,0.003549,100,4.9621,6.225,459.6427,23.6885,1128,104487,47.618,4410.8665,0.5044,0.5088
flow_0697,0x100002b9,02,VoIP,46,correlator,115.8339,198.6165,149.4329,400.7785,20.0195,149.5122,135.4192,163.4465,28.0272,0.013393,0.027911,0.0192,8.43e-06,0.002904,161,4.6884,9.8707,700.6062,24.0499,1252,187089,52.0584,7779.196,0.4731,0.4849
flow_0709,0x100002c5,02,VoIP,46,correlator,182.3008,233.9936,201.745,51.1149,7.1495,202.7745,196.7404,206.7497,10.0093,0.013009,0.029998,0.019804,1.154e-05,0.003398,180,3.4341,5.6602,692.8102,36.0952,1822,367579,50.4777,10183.6032,0.5121,0.5318
flow_0721,0x100002d1,02,VoIP,46,correlator,144.784,208.2378,170.4155,331.7192,18.2132,169.8591,157.6663,183.1647,25.4984,0.014066,0.02699,0.019236,6.68e-06,0.002585,251,4.1739,8.8773,711.2962,34.3253,1784,304021,51.9733,8857.0513,0.5081,0.4979
flow_0733,0x100002dd,02,VoIP,46,correlator,173.4377,227.0187,196.967,69.025,8.3081,198.056,191.1513,202.7827,11.6314,0.024794,0.039592,0.030713,8.76e-06,0.00296,103,4.0586,7.154,799.4179,22.9299,746,146937,32.534,6408.1082,0.5261,0.5447
flow_0745,0x100002e9,02,VoIP,46,correlator,84.617,116.8114,95.2035,40.5598,6.3687,95.2878,90.7454,99.6615,8.9161,0.017461,0.02589,0.020832,2.84e-06,0.001686,92,2.2939,8.6774,218.3829,14.4551,693,65976,47.9415,4564.1942,0.4772,0.4839
flow_0757,0x100002f5,02,VoIP,46,correlator,77.0969,105.5557,89.2673,61.4707,7.8403,88.4098,83.7791,94.7556,10.9765,0.021253,0.041112,0.029196,1.577e-05,0.003972,57,2.8624,8.2438,255.5212,19.1282,655,58470,34.2426,3056.7435,0.4815,0.4799
flow_0769,0x10000301,02,VoIP,46,correlator,181.1783,227.8462,197.2933,89.2817,9.4489,198.7229,190.6791,203.9075,13.2285,0.025032,0.042161,0.031883,1.174e-05,0.003426,68,3.6316,7.2074,716.4922,29.9408,939,185258,31.3619,6187.484,0.4814,0.4675
flow_0781,0x1000030d,02,VoIP,46,correlator,151.8023,229.4861,178.5747,436.8124,20.9001,177.4587,163.9447,193.2048,29.2601,0.016077,0.029451,0.021427,7.15e-06,0.002675,143,3.2734,9.9656,584.5532,34.3937,1605,286612,46.6655,8333.2716,0.4874,0.484
flow_0793,0x10000319,02,VoIP,46,correlator,189.911,242.382,207.6007,157.029,12.5311,207.7471,198.8289,216.3725,17.5436,0.022529,0.043713,0.031003,1.795e-05,0.004237,61,4.0964,8.6604,850.4225,24.3378,785,162966,32.2543,6695.9929,0.5151,0.5027
flow_0805,0x10000325,02,VoIP,46,correlator,120.8295,194.0988,151.7108,215.5936,14.6831,151.6432,141.4326,161.989,20.5564,0.011619,0.030939,0.019347,1.493e-05,0.003864,215,3.2716,7.0836,496.3405,30.5387,1578,239399,51.6721,7839.2005,0.506,0.5104
flow_0817,0x10000331,02,VoIP,46,correlator,81.2688,114.3147,91.9592,33.4292,5.7818,91.5417,87.912,96.0065,8.0945,0.014788,0.0303,0.020993,9.62e-06,0.003102,241,4.852,9.7821,446.1844,32.2953,1538,141433,47.623,4379.3619,0.4866,0.4917
flow_0829,0x1000033d,02,VoIP,46,correlator,88.7414,122.5558,102.2749,56.3087,7.5039,102.5102,97.0222,107.5277,10.5055,0.027412,0.037353,0.031389,3.95e-06,0.001988,131,2.3765,5.3957,243.0575,37.9001,1207,123445,31.8469,3257.1196,0.5206,0.5317
flow_0841,0x10000349,02,VoIP,46,correlator,131.1124,204.236,157.5723,102.2986,10.1143,158.045,150.4923,164.6523,14.16,0.024637,0.039487,0.030577,8.82e-06,0.00297,89,2.9713,6.4075,468.1996,29.0694,950,149693,32.6805,5149.5114,0.4949,0.5107
flow_0853,0x10000355,02,VoIP,46,correlator,80.6053,110.3472,91.6391,61.0307,7.8122,90.5266,86.1706,97.1077,10.9371,0.013765,0.029053,0.01988,9.35e-06,0.003058,89,2.195,8.213,201.1488,15.1138,760,69645,50.285,4608.0262,0.5094,0.523
flow_0865,0x10000361,02,VoIP,46,correlator,185.2843,237.3874,204.0795,78.0987,8.8373,202.7991,197.8934,210.2656,12.3723,0.015349,0.02856,0.020633,6.98e-06,0.002642,126,3.4481,7.1271,703.6809,34.0492,1650,336731,48.4593,9889.5445,0.5046,0.5081
flow_0877,0x1000036d,02,VoIP,46,correlator,167.6888,211.3782,183.8737,77.9364,8.8282,185.4313,177.694,190.0534,12.3594,0.01602,0.030662,0.021877,8.58e-06,0.002928,258,2.5504,7.9801,468.9512,42.366,1936,355979,45.697,8402.4677,0.4862,0.4736
flow_0889,0x10000379,02,VoIP,46,correlator,138.8179,207.489,172.1632,121.3194,11.0145,171.3798,164.4531,179.8734,15.4203,0.024936,0.035784,0.029275,4.71e-06,0.00217,34,4.91,6.8947,845.3204,8.8821,303,52165,34.1136,5873.061,0.4845,0.4806
flow_0901,0x10000385,02,VoIP,46,correlator,131.0241,211.5814,162.8895,433.9041,20.8304,162.792,148.3082,177.4707,29.1625,0.02788,0.037441,0.031704,3.66e-06,0.001912,186,2.7987,5.483,455.8803,44.1743,1393,226905,31.5342,5136.5871,0.5182,0.5376
flow_0913,0x10000391,02,VoIP,46,correlator,90.4545,122.6301,101.2161,25.1066,5.0106,100.1503,97.7087,104.7236,7.0149,0.013049,0.028591,0.019266,9.66e-06,0.003108,71,4.243,9.2407,429.461,16.784,871,88159,51.8947,5252.5667,0.5295,0.5279
flow_0925,0x1000039d,02,VoIP,46,correlator,75.4957,108.1528,89.2677,28.9258,5.3783,89.4403,85.5029,93.0325,7.5296,0.015455,0.028511,0.020677,6.82e-06,0.002611,137,3.5266,5.2699,314.8103,33.5271,1621,144702,48.349,4315.9761,0.5262,0.5227
flow_0937,0x100003a9,02,VoIP,46,correlator,126.7368,194.6787,155.7983,229.2909,15.1424,157.0391,145.1987,166.398,21.1993,0.016533,0.026449,0.0205,3.93e-06,0.001983,106,4.1208,6.6645,642.0104,20.579,1003,156265,48.7389,7593.4112,0.4705,0.4539
flow_0949,0x100003b5,02,VoIP,46,correlator,193.4766,235.3685,208.5012,86.6868,9.3106,207.8951,201.9838,215.0186,13.0348,0.024359,0.040016,0.030622,9.81e-06,0.003131,75,4.077,8.1034,850.0579,15.4927,505,105293,32.596,6796.2879,0.5199,0.5337
flow_0961,0x100003c1,02,VoIP,46,correlator,93.6076,126.3259,104.3433,30.1033,5.4866,105.7931,100.5026,108.1839,7.6813,0.012865,0.029805,0.019641,1.148e-05,0.003388,85,3.8434,6.6839,401.0315,12.644,643,67092,50.8541,5306.2233,0.5122,0.5196
flow_0973,0x100003cd,02,VoIP,46,correlator,74.3296,108.2436,86.1268,31.6627,5.627,86.5156,82.1879,90.0657,7.8777,0.024904,0.039725,0.030833,8.79e-06,0.002964,112,4.9585,5.9318,427.0621,44.328,1437,123764,32.4174,2792.0027,0.5157,0.5178
flow_0985,0x100003d9,02,VoIP,46,correlator,88.8277,117.4234,101.2438,53.0963,7.2867,99.1685,96.1431,106.3445,10.2014,0.012252,0.029557,0.019174,1.198e-05,0.003461,145,3.8198,8.661,386.7278,18.4747,963,97497,52.1252,5277.3143,0.501,0.4813
flow_0997,0x100003e5,02,VoIP,46,correlator,139.5574,214.1367,169.9873,429.1346,20.7156,169.3678,155.4865,184.4882,29.0018,0.011927,0.029801,0.019077,1.278e-05,0.003575,188,4.5843,9.1265,779.2662,42.3739,2221,377541,52.4143,8909.752,0.5217,0.5154
flow_1009,0x100003f1,02,VoIP,46,correlator,93.361,123.495,104.9575,42.4568,6.5159,104.8211,100.3964,109.5186,9.1222,0.02482,0.036157,0.029355,5.14e-06,0.002267,129,3.5221,5.9773,369.6681,35.4266,1206,126578,34.0422,3572.9639,0.4816,0.4877
flow_1021,0x100003fd,02,VoIP,46,correlator,159.2673,203.5347,180.461,174.1631,13.1971,179.1488,171.2231,189.699,18.4759,0.011306,0.03211,0.019628,1.731e-05,0.004161,191,3.5517,9.7967,640.9482,28.2183,1437,259322,50.9243,9189.8396,0.4955,0.4925
flow_1033,0x10000409,02,VoIP,46,correlator,117.1836,194.9697,150.7456,162.7627,12.7578,150.7573,141.8151,159.6761,17.861,0.012799,0.028962,0.019264,1.045e-05,0.003233,172,3.9032,8.3652,588.3834,23.7509,1232,185718,51.8718,7819.4218,0.4964,0.5083
flow_1045,0x10000415,02,VoIP,46,correlator,130.5828,200.6466,170.2254,303.9471,17.4341,168.0745,158.0216,182.4293,24.4077,0.023539,0.044018,0.031731,1.678e-05,0.004096,44,3.8908,5.5024,662.3176,19.212,605,102986,31.4907,5360.4916,0.5062,0.5252
flow_1057,0x10000421,02,VoIP,46,correlator,127.6811,220.9419,166.1661,313.3651,17.7021,166.6914,153.7747,178.5576,24.783,0.023493,0.0375,0.029096,7.85e-06,0.002801,47,4.0327,8.0721,670.1039,18.6658,641,106512,34.3408,5706.2594,0.5259,0.5094
flow_1069,0x1000042d,02,VoIP,46,correlator,139.7295,225.0039,175.829,227.5129,15.0835,175.7927,165.2705,186.3875,21.1169,0.023228,0.039094,0.029575,1.007e-05,0.003173,80,4.8447,5.8239,851.836,21.6869,733,128882,33.7992,5942.8469,0.5198,0.5111
flow_1081,0x10000439,02,VoIP,46,correlator,93.521,122.1046,105.9947,60.9956,7.81,106.6512,100.5277,111.4617,10.934,0.013703,0.033551,0.021642,1.576e-05,0.00397,46,3.0108,7.6743,319.1251,8.5415,394,41761,46.1278,4889.1998,0.4743,0.4699
flow_1093,0x10000445,02,VoIP,46,correlator,83.5794,116.3444,96.9833,20.7155,4.5514,99.3359,93.7973,100.1693,6.372,0.024706,0.040843,0.031161,1.042e-05,0.003227,66,2.3803,6.6306,230.8516,25.8126,828,80302,32.0774,3110.9652,0.4775,0.4625
flow_1105,0x10000451,02,VoIP,46,correlator,82.3471,116.6896,93.2367,46.5132,6.8201,92.2511,88.4627,98.0107,9.5481,0.015667,0.025782,0.019713,4.09e-06,0.002023,53,2.3265,9.8011,216.9107,12.163,617,57527,50.7277,4729.68,0.4867,0.4678
flow_1117,0x1000045d,02,VoIP,46,correlator,180.9087,228.0052,200.2548,39.8011,6.3088,201.6004,195.8386,204.6709,8.8323,0.028168,0.036695,0.031579,2.91e-06,0.001705,41,3.6829,6.7168,737.5168,13.9187,440,88112,31.6122,6330.4794,0.4717,0.4814
flow_1129,0x10000469,02,VoIP,46,correlator,114.4884,195.7888,146.5939,145.9096,12.0793,146.1724,138.1384,155.0494,16.911,0.016037,0.028573,0.021051,6.29e-06,0.002507,170,4.1995,6.9272,615.6175,40.7731,1936,283805,47.4823,6960.5933,0.4936,0.4741
flow_1141,0x10000475,02,VoIP,46,correlator,182.8614,228.6376,199.7562,55.4002,7.4431,196.6224,194.546,204.9664,10.4204,0.026965,0.036026,0.030589,3.28e-06,0.001812,76,4.4932,6.8586,897.5445,33.7158,1102,220131,32.6849,6529.008,0.4842,0.4691
flow_1153,0x10000481,02,VoIP,46,correlator,167.5278,220.8927,186.3754,37.9045,6.1567,184.9814,182.0657,190.685,8.6193,0.027859,0.038052,0.031936,4.16e-06,0.002038,51,4.5313,7.5326,844.5217,18.0637,565,105302,31.2781,5829.4697,0.4736,0.4587
flow_1165,0x1000048d,02,VoIP,46,correlator,165.7939,210.0546,183.2263,187.7796,13.7033,181.7887,173.6341,192.8186,19.1846,0.025429,0.038616,0.030704,6.96e-06,0.002637,87,2.7218,8.929,498.7008,31.9146,1039,190372,32.5556,5965.0456,0.4755,0.4882
flow_1177,0x10000499,02,VoIP,46,correlator,178.9304,232.9467,199.0183,87.8487,9.3728,198.6514,192.4574,205.5793,13.1219,0.025115,0.041526,0.031679,1.077e-05,0.003282,92,2.7351,9.0072,544.3417,24.6185,777,154637,31.5616,6281.3325,0.4868,0.467
flow_1189,0x100004a5,02,VoIP,46,correlator,160.3885,215.6925,182.4998,157.0804,12.5332,182.6365,173.7266,191.273,17.5464,0.022562,0.042706,0.030619,1.623e-05,0.004029,114,2.5836,8.4247,471.5127,30.1528,984,179579,32.6337,5955.6228,0.5163,0.5328
flow_1201,0x100004b1,02,VoIP,46,correlator,94.0313,122.6754,106.7341,59.4018,7.7073,107.655,101.339,112.1292,10.7902,0.021903,0.041682,0.029815,1.565e-05,0.003956,60,3.605,8.1244,384.7793,12.4738,418,44614,33.5102,3576.617,0.5007,0.5178
flow_1213,0x100004bd,02,VoIP,46,correlator,174.0727,221.5122,191.4345,149.8041,12.2394,191.5675,182.8669,200.0021,17.1352,0.015912,0.030367,0.021694,8.36e-06,0.002891,266,3.0817,5.0739,589.952,37.4152,1724,330033,46.0775,8820.8229,0.5131,0.4963
flow_1225,0x100004c9,02,VoIP,46,correlator,144.5233,224.7582,176.1369,227.7845,15.0925,178.0094,165.5721,186.7016,21.1295,0.014727,0.025808,0.019159,4.91e-06,0.002216,193,3.3623,5.5094,592.229,34.7239,1812,319159,52.1831,9191.3305,0.5074,0.5195
flow_1237,0x100004d5,02,VoIP,46,correlator,146.3842,212.0278,176.4104,371.0076,19.2616,175.3635,162.9274,189.8935,26.9662,0.016425,0.03033,0.021987,7.73e-06,0.002781,131,2.1254,5.4757,374.945,18.9751,863,152242,45.4806,8023.2502,0.4703,0.4634
flow_1249,0x100004e1,02,VoIP,46,correlator,80.3743,111.7522,91.4977,16.5642,4.0699,90.5059,88.6487,94.3466,5.6979,0.014373,0.028193,0.019901,7.64e-06,0.002764,174,4.6511,8.4105,425.5656,27.5009,1381,126358,50.2165,4594.6808,0.5222,0.5212
flow_1261,0x100004ed,02,VoIP,46,correlator,76.5415,110.3776,91.5225,20.0703,4.48,92.7586,88.3865,94.6585,6.272,0.025516,0.038528,0.030721,6.77e-06,0.002602,103,2.6404,7.6943,241.6515,38.6612,1258,115135,32.5391,2978.0486,0.5173,0.5329
flow_1273,0x100004f9,02,VoIP,46,correlator,137.3556,204.6492,166.7793,156.6947,12.5178,167.9804,158.0169,175.5417,17.5249,0.014941,0.025209,0.019048,4.22e-06,0.002054,282,2.8421,6.3139,474.0019,38.9427,2044,340896,52.4873,8753.7762,0.5118,0.5083
flow_1285,0x10000505,02,VoIP,46,correlator,168.1611,222.7745,191.9833,176.5141,13.2859,192.6994,182.6832,201.2834,18.6002,0.023559,0.044072,0.031764,1.683e-05,0.004103,77,2.4955,8.1404,479.0861,19.5328,614,117877,31.4344,6034.8333,0.5109,0.4944
flow_1297,0x10000511,02,VoIP,46,correlator,167.619,219.1976,187.3649,44.2537,6.6523,185.8348,182.7082,192.0215,9.3133,0.026511,0.039182,0.031579,6.42e-06,0.002534,104,3.9991,5.6985,749.284,40.2113,1273,238515,31.6577,5931.536,0.5244,0.5224
flow_1309,0x1000051d,02,VoIP,46,correlator,83.0985,113.0717,93.6643,56.9896,7.5491,95.6575,88.3799,98.9487,10.5688,0.01584,0.027162,0.020368,5.13e-06,0.002264,66,2.909,8.6569,272.468,19.478,956,89543,49.0809,4597.1259,0.4725,0.4577
flow_1321,0x10000529,02,VoIP,46,correlator,176.8469,219.1166,195.0852,195.223,13.9722,193.7789,185.3046,204.8657,19.5611,0.01224,0.033112,0.020589,1.743e-05,0.004174,75,3.9046,8.5853,761.7305,21.1778,1028,200547,48.5415,9469.7022,0.5131,0.5185
flow_1333,0x10000535,02,VoIP,46,correlator,89.807,126.6692,102.8664,55.0428,7.4191,103.8715,97.673,108.0597,10.3867,0.011395,0.03054,0.019053,1.466e-05,0.003829,116,2.4752,8.465,254.6132,20.1775,1059,108935,52.4843,5398.8428,0.4868,0.4739
flow_1345,0x10000541,02,VoIP,46,correlator,173.8891,220.611,196.1236,50.78,7.126,195.7186,191.1354,201.1118,9.9764,0.015138,0.031271,0.021591,1.041e-05,0.003227,116,3.7078,6.2209,727.1827,37.1045,1718,336940,46.3017,9080.8479,0.5083,0.5249
flow_1357,0x1000054d,02,VoIP,46,correlator,176.9546,225.8399,196.5467,140.5008,11.8533,196.7044,188.2494,204.8441,16.5946,0.025557,0.040559,0.031558,9e-06,0.003,92,2.0922,6.9224,411.2053,42.6077,1350,265338,31.6844,6227.4619,0.5016,0.5032
flow_1369,0x10000559,02,VoIP,46,correlator,136.57,221.2511,166.5264,397.8166,19.9453,166.9864,152.5646,180.4881,27.9235,0.024603,0.043024,0.031972,1.357e-05,0.003684,36,3.7426,8.2647,623.2371,13.1052,409,68109,31.2091,5197.1134,0.5264,0.5261
flow_1381,0x10000565,02,VoIP,46,correlator,80.2508,117.5736,92.6721,22.2284,4.7147,92.8296,89.3718,95.9724,6.6006,0.021059,0.041978,0.029427,1.75e-05,0.004184,61,4.0844,8.7975,378.5063,13.9168,472,43741,33.9159,3143.0377,0.5016,0.5209
flow_1393,0x10000571,02,VoIP,46,correlator,82.3215,110.3543,95.3032,39.6974,6.3006,95.3435,90.8928,99.7136,8.8208,0.01314,0.032515,0.02089,1.502e-05,0.003875,105,3.3884,5.5926,322.9226,24.3123,1163,110837,47.8359,4558.8925,0.5176,0.533
flow_1405,0x1000057d,02,VoIP,46,correlator,183.6163,225.924,199.6682,57.2562,7.5668,200.354,194.3714,204.9649,10.5935,0.027613,0.036444,0.031145,3.12e-06,0.001766,139,3.4693,6.4971,692.7034,43.7472,1404,280334,32.0935,6408.0442,0.4751,0.4787
flow_1417,0x10000589,02,VoIP,46,correlator,184.221,232.2138,204.8671,187.6062,13.6969,205.9357,195.2793,214.455,19.1757,0.027387,0.03727,0.03134,3.91e-06,0.001977,102,2.7939,7.7167,572.3862,35.1146,1120,229451,31.8956,6534.3447,0.5228,0.5217
flow_1429,0x10000595,02,VoIP,46,correlator,166.9953,215.0089,182.7709,78.9544,8.8856,182.0705,176.5509,188.9908,12.4399,0.024768,0.036235,0.029355,5.26e-06,0.002293,91,4.6016,5.4957,841.0365,36.6072,1247,227915,34.0643,6225.9614,0.4929,0.4988
flow_1441,0x100005a1,02,VoIP,46,correlator,117.5402,192.2761,151.3251,122.154,11.0523,152.8299,143.5885,159.0618,15.4733,0.027869,0.037047,0.03154,3.37e-06,0.001836,58,4.3702,7.4672,661.3235,25.6529,813,123027,31.6923,4795.8281,0.4803,0.4942
flow_1453,0x100005ad,02,VoIP,46,correlator,179.9157,222.7155,196.5959,51.6037,7.1836,197.4079,191.5674,201.6244,10.057,0.015547,0.024637,0.019183,3.31e-06,0.001818,178,2.1368,9.6948,420.0815,34.6143,1804,354659,52.1172,10246.0202,0.5099,0.5005
flow_1465,0x100005b9,02,VoIP,46,correlator,171.9719,210.6017,190.192,129.3771,11.3744,191.2685,182.2299,198.1541,15.9242,0.012933,0.033116,0.021006,1.629e-05,0.004037,87,3.3318,7.3881,633.6874,25.5041,1214,230893,47.6001,9053.1593,0.508,0.4966
flow_1477,0x100005c5,02,VoIP,46,correlator,174.6874,219.8294,197.0134,177.2464,13.3134,198.3448,187.694,206.3327,18.6387,0.024146,0.038403,0.029848,8.13e-06,0.002851,45,4.0364,6.0593,795.2203,16.3684,548,107963,33.4792,6595.831,0.4705,0.4535
flow_1489,0x100005d1,02,VoIP,46,correlator,146.4455,225.0729,175.1362,333.9425,18.2741,175.711,162.3444,187.9281,25.5837,0.026474,0.035951,0.030265,3.59e-06,0.001895,71,2.3535,5.66,412.1753,30.1103,994,174085,33.0119,5781.5694,0.4985,0.4897
flow_1501,0x100005dd,02,VoIP,46,correlator,91.5802,122.3359,104.6049,26.8058,5.1774,105.8802,100.9807,108.2291,7.2484,0.016021,0.025601,0.019853,3.67e-06,0.001916,179,4.2754,8.0161,447.2302,40.3365,2031,212452,50.3514,5266.9874,0.501,0.5118
flow_1513,0x100005e9,02,VoIP,46,correlator,170.2938,222.8613,194.8844,62.3733,7.8977,193.9205,189.3561,200.4128,11.0567,0.012493,0.030592,0.019732,1.31e-05,0.00362,44,2.5417,6.9709,495.3424,12.0527,610,118879,50.6112,9863.3026,0.5279,0.5311
flow_1525,0x100005f5,02,VoIP,46,correlator,83.48,117.0725,96.2429,31.1983,5.5855,97.1332,92.333,100.1528,7.8198,0.024207,0.039057,0.030147,8.82e-06,0.00297,97,4.7411,8.662,456.2936,21.2674,705,67851,33.1494,3190.3821,0.474,0.4902
flow_1537,0x10000601,02,VoIP,46,correlator,163.4065,216.0875,182.1945,138.8671,11.7842,182.0824,173.9455,190.4434,16.4979,0.012691,0.030221,0.019703,1.229e-05,0.003506,178,3.1844,5.6563,580.1875,23.0338,1169,212985,50.7515,9246.6258,0.5212,0.5348
flow_1549,0x1000060d,02,VoIP,46,correlator,79.9416,110.4312,90.2576,37.9476,6.1602,91.4985,85.9455,94.5697,8.6242,0.018413,0.02701,0.021852,2.96e-06,0.00172,136,4.2763,7.6246,385.9648,39.4613,1805,162915,45.741,4128.477,0.4814,0.4959
flow_1561,0x10000619,02,VoIP,46,correlator,165.5432,208.6958,184.1377,87.8697,9.3739,186.5394,177.576,190.6995,13.1234,0.013725,0.031435,0.020809,1.255e-05,0.003542,103,4.3724,6.0858,805.1293,13.7973,663,122083,48.0527,8848.2949,0.4889,0.4872
flow_1573,0x10000625,02,VoIP,46,correlator,80.9776,110.5458,95.4156,18.6641,4.3202,96.9308,92.3915,98.4398,6.0483,0.024159,0.03752,0.029503,7.14e-06,0.002672,78,2.6062,6.3299,248.6745,34.5509,1171,111731,33.892,3233.8045,0.5161,0.507
flow_1585,0x10000631,02,VoIP,46,correlator,123.7367,203.732,153.7583,212.692,14.584,154.6449,143.5495,163.9671,20.4175,0.027796,0.038021,0.031886,4.18e-06,0.002045,191,3.0932,7.5759,475.6044,37.5058,1176,180819,31.3552,4821.0954,0.4718,0.4812
flow_1597,0x1000063d,02,VoIP,46,correlator,92.8771,127.6865,104.5521,24.0409,4.9032,107.5334,101.1199,107.9843,6.8644,0.024354,0.041607,0.031255,1.191e-05,0.003451,76,3.6686,9.6417,383.5625,32.2972,1033,108002,31.9842,3344.0015,0.4787,0.4729
flow_1609,0x10000649,02,VoIP,46,correlator,181.3656,232.2198,197.9235,138.7525,11.7793,198.7486,189.678,206.1691,16.4911,0.01541,0.028365,0.020592,6.71e-06,0.002591,97,2.3245,6.0766,460.0637,22.1471,1075,212767,48.5392,9607.0058,0.479,0.4659
flow_1621,0x10000655,02,VoIP,46,correlator,165.3688,213.9897,184.6783,172.8149,13.1459,183.999,175.4761,193.8804,18.4043,0.022445,0.041338,0.030002,1.428e-05,0.003779,67,3.68,9.8659,679.6191,23.1702,772,142571,33.3187,6153.2137,0.4785,0.4964
flow_1633,0x10000661,02,VoIP,46,correlator,91.4908,121.4136,103.9023,37.2113,6.1001,103.5658,99.6323,108.1724,8.5402,0.025286,0.041213,0.031657,1.015e-05,0.003185,67,4.8007,8.0663,498.8042,22.5065,710,73770,31.5465,3277.7263,0.4837,0.4837
flow_1645,0x1000066d,02,VoIP,46,correlator,191.4086,230.8631,206.8126,91.9602,9.5896,207.0677,200.0999,213.5253,13.4254,0.021817,0.040432,0.029263,1.386e-05,0.003723,151,4.5717,8.3818,945.4855,42.5573,1454,300705,34.1657,7065.8925,0.5055,0.5183
flow_1657,0x10000679,02,VoIP,46,correlator,189.6728,236.8736,206.3845,154.3163,12.4224,207.9636,197.6888,215.0802,17.3914,0.024728,0.035733,0.02913,4.84e-06,0.002201,99,4.6752,6.5848,964.8844,35.4319,1216,250963,34.3194,7082.9664,0.5073,0.4884
flow_1669,0x10000685,02,VoIP,46,correlator,181.3923,227.7768,201.6874,57.0892,7.5557,200.629,196.3983,206.9764,10.578,0.01497,0.026337,0.019517,5.17e-06,0.002274,141,3.6087,6.7066,727.829,19.999,1024,206527,51.2025,10326.8505,0.5065,0.5012
flow_1681,0x10000691,02,VoIP,46,correlator,181.8712,238.3133,204.6579,42.3432,6.5072,205.1786,200.1029,209.2129,9.11,0.015188,0.031966,0.021899,1.126e-05,0.003355,186,2.9402,5.7718,601.7379,40.6247,1855,379640,45.6619,9345.057,0.4719,0.4536
flow_1693,0x1000069d,02,VoIP,46,correlator,115.618,189.4673,150.221,108.119,10.398,151.0462,142.9424,157.4997,14.5572,0.015586,0.026868,0.020099,5.09e-06,0.002256,74,4.2388,9.7945,636.7568,18.5937,925,138954,49.7482,7473.1941,0.4771,0.4696
flow_1705,0x100006a9,02,VoIP,46,correlator,81.5188,120.1118,95.2462,63.2232,7.9513,93.063,89.6803,100.8121,11.1318,0.01553,0.030127,0.021369,8.52e-06,0.00292,158,4.8099,9.9862,458.1268,40.0405,1873,178396,46.7777,4455.3902,0.4898,0.509
flow_1717,0x100006b5,02,VoIP,46,correlator,174.7901,219.3984,198.8037,145.42,12.059,198.1985,190.3624,207.2451,16.8826,0.024056,0.042778,0.031545,1.402e-05,0.003744,123,4.7282,8.8175,939.9848,25.9424,822,163416,31.6855,6299.1758,0.4914,0.5107
flow_1729,0x100006c1,02,VoIP,46,correlator,182.4351,233.1062,206.2241,65.1286,8.0702,208.1323,200.575,211.8733,11.2983,0.02529,0.03664,0.02983,5.15e-06,0.00227,48,2.3216,7.8534,478.7603,15.6103,523,107855,33.5036,6909.235,0.5266,0.5268
flow_1741,0x100006cd,02,VoIP,46,correlator,84.5259,111.1594,95.0817,46.9286,6.8504,96.5504,90.2864,99.877,9.5906,0.014822,0.026988,0.019689,5.92e-06,0.002433,178,3.712,7.7325,352.9462,37.049,1881,178848,50.7705,4827.3308,0.5262,0.5076
flow_1753,0x100006d9,02,VoIP,46,correlator,162.8925,213.3211,182.6219,95.7326,9.7843,183.2471,175.7729,189.4709,13.698,0.015525,0.03075,0.021615,9.27e-06,0.003045,148,3.1048,8.857,567.0064,42.7988,1980,361591,46.263,8448.6276,0.5004,0.5019
flow_1765,0x100006e5,02,VoIP,46,correlator,181.7531,230.048,200.7945,156.3412,12.5036,200.6311,192.042,209.5471,17.5051,0.025208,0.038372,0.030474,6.93e-06,0.002633,52,2.5096,9.3149,503.9062,22.684,744,149391,32.7985,6585.755,0.4817,0.501
flow_1777,0x100006f1,02,VoIP,46,correlator,126.0497,203.3718,165.8707,341.1896,18.4713,166.8856,152.9408,178.8006,25.8598,0.013275,0.029472,0.019754,1.049e-05,0.003239,146,4.8278,5.5368,800.7834,36.1677,1830,303543,50.5977,8392.664,0.5024,0.4941
flow_1789,0x100006fd,02,VoIP,46,correlator,180.0602,227.7889,201.0547,130.0263,11.4029,200.5483,193.0727,209.0368,15.9641,0.024654,0.039655,0.030655,9e-06,0.003,85,4.2508,8.7875,854.6415,27.783,906,182155,32.6099,6556.3545,0.4898,0.4838
flow_1801,0x10000709,02,VoIP,46,correlator,121.49,211.632,157.0036,190.3862,13.798,156.1721,147.345,166.6622,19.3173,0.016847,0.028187,0.021383,5.14e-06,0.002268,194,2.3331,5.1245,366.3002,38.2778,1790,281036,46.7634,7342.0087,0.472,0.4839
flow_1813,0x10000715,02,VoIP,46,correlator,168.5185,208.2847,185.6806,63.3026,7.9563,184.4777,180.1112,191.25,11.1388,0.011506,0.032261,0.019808,1.723e-05,0.004151,149,4.1615,7.3473,772.7026,26.9211,1359,252339,50.4808,9373.2779,0.4718,0.4737
flow_1825,0x10000721,02,VoIP,46,correlator,175.5774,215.7507,191.0766,176.2591,13.2763,191.8316,181.7832,200.37,18.5868,0.021687,0.041643,0.029669,1.593e-05,0.003991,51,4.6407,7.3523,886.7299,22.1461,746,142543,33.6854,6436.4854,0.4931,0.4786
flow_1837,0x1000072d,02,VoIP,46,correlator,165.3538,213.3551,184.9505,59.8305,7.735,186.8935,179.536,190.365,10.829,0.026188,0.038096,0.030951,5.67e-06,0.002382,99,2.7966,7.2091,517.2259,44.621,1441,266513,32.2942,5972.8174,0.5237,0.5199
flow_1849,0x10000739,02,VoIP,46,correlator,116.9754,182.0266,150.7576,154.4435,12.4275,150.5362,142.0583,159.4569,17.3985,0.024355,0.035982,0.029006,5.41e-06,0.002325,51,4.5751,9.7371,689.725,13.6332,470,70856,34.4747,5197.3212,0.4799,0.4691
flow_1861,0x10000745,02,VoIP,46,correlator,173.2922,217.7122,193.9008,85.1838,9.2295,193.3681,187.4402,200.3615,12.9213,0.024196,0.04239,0.031474,1.324e-05,0.003639,45,2.2818,6.0128,442.4431,18.5036,587,113819,31.7236,6151.1887,0.4764,0.4659
flow_1873,0x10000751,02,VoIP,46,correlator,83.7066,117.1476,95.0521,39.2983,6.2688,95.249,90.6639,99.4403,8.7764,0.026081,0.039073,0.031278,6.75e-06,0.002598,97,2.8274,6.2763,268.754,41.0724,1313,124803,31.968,3038.613,0.4939,0.5061
flow_1885,0x1000075d,02,VoIP,46,correlator,90.9452,124.2925,100.9602,28.2878,5.3186,100.0952,97.2371,104.6832,7.4461,0.022555,0.040648,0.029792,1.309e-05,0.003619,211,3.6331,7.702,366.7969,42.3172,1420,143363,33.5561,3387.8223,0.4872,0.4809
flow_1897,0x10000769,02,VoIP,46,correlator,180.788,234.6888,202.391,101.7348,10.0864,204.5087,195.3305,209.4514,14.1209,0.0119,0.030158,0.019203,1.333e-05,0.003652,64,4.0067,8.8209,810.9099,10.7665,560,113338,52.0134,10526.9583,0.4741,0.4784
flow_1909,0x10000775,02,VoIP,46,correlator,87.8035,118.0091,98.9648,20.2211,4.4968,99.3302,95.817,102.1125,6.2955,0.012675,0.031989,0.020401,1.492e-05,0.003863,95,4.9038,5.2449,485.2989,27.5057,1348,133404,49.0081,4850.0574,0.5058,0.4978
flow_1921,0x10000781,02,VoIP,46,correlator,86.1459,120.9997,96.2702,16.3239,4.0403,97.1687,93.442,99.0984,5.6564,0.025154,0.037868,0.03024,6.47e-06,0.002543,82,4.0674,7.8636,391.5652,23.1071,764,73550,33.0634,3183.0012,0.4854,0.4865
flow_1933,0x1000078d,02,VoIP,46,correlator,82.1252,112.9865,93.9389,50.3171,7.0935,94.5442,88.9735,98.9044,9.9308,0.015264,0.029156,0.020821,7.72e-06,0.002778,254,2.3687,7.0386,222.5138,40.3319,1937,181959,48.0265,4511.5448,0.5285,0.5364
flow_1945,0x10000799,02,VoIP,46,correlator,139.1875,208.3943,168.8648,124.5075,11.1583,169.9756,161.054,176.6756,15.6216,0.017459,0.027763,0.021581,4.25e-06,0.002061,125,2.2919,9.9871,387.0183,38.0667,1763,297708,46.3135,7820.703,0.4703,0.484
flow_1957,0x100007a5,02,VoIP,46,correlator,185.0523,238.952,209.7451,171.3543,13.0902,208.5474,200.5819,218.9082,18.3263,0.024212,0.043312,0.031852,1.459e-05,0.00382,160,2.4741,5.2199,518.921,41.2938,1296,271829,31.3849,6582.8045,0.5096,0.5269
flow_1969,0x100007b1,02,VoIP,46,correlator,86.1762,116.5419,97.0063,53.0993,7.2869,94.9714,91.9054,102.1071,10.2017,0.013632,0.034254,0.021881,1.701e-05,0.004124,37,2.6004,8.0764,252.2544,8.7034,397,38511,45.6143,4424.821,0.5268,0.5418
flow_1981,0x100007bd,02,VoIP,46,correlator,109.0177,193.6355,142.6812,189.4592,13.7644,143.7398,133.0461,152.3163,19.2702,0.025542,0.03611,0.029769,4.47e-06,0.002114,89,2.2092,5.6066,315.2168,39.5335,1327,189337,33.5665,4789.2817,0.5053,0.4888
flow_1993,0x100007c9,02,VoIP,46,correlator,70.9761,108.0434,85.0507,19.339,4.3976,83.9303,81.9724,88.129,6.1567,0.024095,0.040304,0.030578,1.051e-05,0.003242,162,2.0395,6.0428,173.4591,40.9061,1337,113712,32.6846,2779.8319,0.5249,0.5134
flow_2005,0x100007d5,02,Video,34,correlator,236.293,1499.5552,1319.4815,83825.4355,289.5262,1152.6393,865.5165,1480.0,614.4835,0.000606,0.080564,0.008754,0.00077924,0.027915,97,20.6419,54.7662,27236.6078,25.6721,2932,3868719,114.2097,150697.5711,0.8434,0.9046
flow_2017,0x100007e1,02,Video,34,correlator,194.5385,1488.3612,1091.7201,165256.6389,406.5177,1173.1729,671.3644,1478.3612,806.9968,0.000527,0.147715,0.007761,0.00084094,0.028999,221,25.4636,66.9618,27799.1361,53.0941,6840,7467365,128.8278,140643.9419,0.9002,0.9267
flow_2029,0x100007ed,02,Video,34,correlator,257.388,1499.2928,1336.0764,138922.1082,372.7226,1382.1858,669.0084,1480.0,810.9916,0.000555,0.146473,0.006066,0.00011588,0.010765,293,25.8567,65.2685,34546.5461,43.1602,7115,9506183,164.851,220253.4715,0.8115,0.9318
flow_2041,0x100007f9,02,Video,34,correlator,204.2935,1465.1644,1090.2668,147751.9371,384.3851,1081.9896,736.2273,1455.1644,718.9371,0.000796,0.063094,0.005164,0.00011669,0.010802,176,15.8553,85.59,17286.4583,20.3959,3949,4305463,193.6172,211094.3674,0.9177,0.9049
flow_2053,0x10000805,02,Video,34,correlator,136.7383,1481.3608,1164.6445,107617.4508,328.051,1184.2379,698.1193,1471.3608,773.2414,0.000646,0.078555,0.008945,8.707e-05,0.009331,242,25.6117,81.8154,29828.5779,55.4434,6198,7218466,111.7898,130195.3171,0.8958,0.9632
flow_2065,0x10000811,02,Video,34,correlator,135.7239,1466.8068,1138.8392,108511.3981,329.4107,1343.9168,679.051,1456.8068,777.7557,0.000308,0.059596,0.008173,0.00039211,0.019802,99,17.9725,37.9853,20467.7874,12.5118,1530,1742423,122.2844,139262.209,0.7989,0.9069
flow_2077,0x1000081d,02,Video,34,correlator,227.53,1485.1319,1308.4303,71173.3571,266.7834,1363.5075,799.3549,1475.1319,675.777,0.00099,0.087942,0.006616,0.00077593,0.027856,314,14.1006,43.2022,18449.6017,42.117,6366,8329467,151.1503,197769.6205,0.7264,0.9441
flow_2089,0x10000829,02,Video,34,correlator,142.9121,1492.6478,1312.4612,186840.653,432.2507,1251.4233,865.0394,1480.0,614.9606,0.000606,0.061662,0.011538,0.00032385,0.017996,98,21.7048,56.0117,28486.708,35.7966,3102,4071254,86.6563,113732.9996,0.8527,0.977
flow_2101,0x10000835,02,Video,34,correlator,236.1993,1467.6107,1052.8539,111702.9382,334.2199,1300.8266,871.2754,1457.6107,586.3352,0.000404,0.125006,0.01128,0.00012091,0.010996,177,21.9231,55.8571,23081.8212,55.572,4926,5186358,88.6417,93326.7675,0.8156,0.9062
flow_2113,0x10000841,02,Video,34,correlator,196.3312,1471.7068,1345.701,152714.2102,390.7867,1200.861,820.7342,1461.7068,640.9726,0.000745,0.111395,0.013467,0.00021181,0.014554,210,24.6588,78.3414,33183.4141,47.2234,3506,4718027,74.2429,99908.723,0.8574,0.8756
flow_2125,0x1000084d,02,Video,34,correlator,197.7685,1475.8449,1181.6407,122189.2703,349.5558,1180.9585,774.6718,1465.8449,691.173,0.000591,0.087917,0.011408,0.00036158,0.019015,116,14.4791,76.8424,17109.0703,27.8365,2440,2883203,87.6547,103576.4033,0.9168,0.8538
flow_2137,0x10000859,02,Video,34,correlator,121.7046,1493.1581,1262.0679,64704.8262,254.3714,1161.8065,738.8749,1480.0,741.1251,0.000197,0.050318,0.006822,0.00022028,0.014842,298,13.2389,39.5197,16708.368,49.1862,7209,9098247,146.5656,184975.7205,0.7757,0.8961
flow_2149,0x10000865,02,Video,34,correlator,173.4477,1475.5055,1294.8658,194025.195,440.4829,1113.8787,821.0247,1465.5055,644.4808,0.000235,0.113466,0.004857,8.857e-05,0.009411,383,29.0333,77.0295,37594.2434,46.869,9650,12495454,205.893,266603.8442,0.7523,0.877
flow_2161,0x10000871,02,Video,34,correlator,229.0171,1483.5485,1249.2806,124746.7982,353.1951,1388.4128,882.9828,1473.5485,590.5656,0.000798,0.139192,0.010569,8.892e-05,0.00943,126,17.1209,62.6157,21388.7892,38.7187,3663,4576114,94.6056,118188.8693,0.8796,0.9639
flow_2173,0x1000087d,02,Video,34,correlator,138.6829,1460.0061,920.4162,91254.7525,302.084,1195.539,844.9271,1450.0061,605.079,0.000936,0.107638,0.003364,0.00031324,0.017699,622,11.9448,45.2817,10994.1914,51.6846,15364,14141274,297.2643,273606.8716,0.8716,0.9623
flow_2185,0x10000889,02,Video,34,correlator,207.189,1465.8947,1082.9541,69332.2912,263.3103,1080.1096,887.5891,1455.8947,568.3056,0.000617,0.068711,0.004857,0.00022864,0.015121,268,29.6164,68.3328,32073.2262,21.4814,4422,4788822,205.8524,222928.6538,0.8259,0.9655
flow_2197,0x10000895,02,Video,34,correlator,254.7292,1472.6319,1185.9846,189467.614,435.2788,1162.0115,787.9508,1462.6319,674.6811,0.000143,0.071964,0.007962,0.00038378,0.01959,210,12.102,35.9981,14352.7383,53.7276,6747,8001838,125.5779,148933.412,0.7404,0.933
flow_2209,0x100008a1,02,Video,34,correlator,217.2375,1461.6954,921.5205,108246.3205,329.0081,1247.8254,844.9571,1451.6954,606.7383,0.000697,0.097023,0.013783,0.00019389,0.013924,104,20.6593,50.7724,19038.0083,48.8408,3543,3264947,72.5419,66848.8246,0.8797,0.9185
flow_2221,0x100008ad,02,Video,34,correlator,215.7553,1470.7296,1169.2699,198559.963,445.6007,1062.8282,869.4985,1460.7296,591.2311,0.000553,0.09122,0.008863,0.0002066,0.014374,119,15.7628,65.3709,18431.0042,20.6081,2325,2718552,112.8199,131916.8733,0.7366,0.8615
flow_2233,0x100008b9,02,Video,34,correlator,138.1506,1495.3777,1156.3764,168128.789,410.0351,1143.8336,810.7977,1480.0,669.2023,0.000129,0.081295,0.008132,0.00070038,0.026465,140,12.2908,59.014,14212.7448,26.7517,3289,3803322,122.9453,142171.0954,0.8283,0.8535
flow_2245,0x100008c5,02,Video,34,correlator,232.017,1472.3261,969.9988,106968.433,327.0603,1193.8251,770.0992,1462.3261,692.2269,0.000396,0.051515,0.007925,0.00035853,0.018935,214,17.4657,46.6278,16941.662,41.5963,5248,5090553,126.165,122379.8338,0.8983,0.8809
flow_2257,0x100008d1,02,Video,34,correlator,204.1744,1490.5328,1284.87,87451.2823,295.7216,1147.8303,797.9374,1480.0,682.0626,0.000979,0.126228,0.012722,0.00096389,0.031047,92,18.9118,70.7583,24299.1715,23.1717,1821,2339748,78.5874,100974.5453,0.8226,0.8588
flow_2269,0x100008dd,02,Video,34,correlator,192.8106,1491.5867,1235.6465,81418.8486,285.3399,1169.5016,895.5764,1480.0,584.4236,0.000366,0.050733,0.004028,0.00040396,0.020099,367,16.4092,60.9742,20275.986,38.5177,9562,11815251,248.2496,306748.6929,0.7984,0.9103
flow_2281,0x100008e9,02,Video,34,correlator,135.578,1492.2826,1027.7256,149774.9713,387.0077,1061.9906,779.9473,1480.0,700.0527,0.000671,0.110855,0.004026,0.00083449,0.028888,190,16.0336,66.3948,16478.1235,22.6217,5619,5774790,248.39,255276.7663,0.7384,0.8625
flow_2293,0x100008f5,02,Video,34,correlator,241.8358,1490.9031,1211.9381,103153.2989,321.1749,1255.0993,772.65,1480.0,707.35,0.000922,0.148441,0.004294,0.00092596,0.03043,329,12.2208,79.2363,14810.8982,23.9024,5565,6744435,232.8213,282165.0355,0.8463,0.9483
flow_2305,0x10000901,02,Video,34,correlator,160.4053,1499.797,920.9363,164735.7097,405.8765,1171.771,732.6648,1480.0,747.3352,0.00046,0.145056,0.013893,0.0005752,0.023983,115,14.6175,37.4269,13461.7921,24.734,1780,1639266,71.9658,66275.8796,0.8015,0.958
flow_2317,0x1000090d,02,Video,34,correlator,186.7349,1480.7741,940.9941,188182.5228,433.8001,1157.787,745.7257,1470.7741,725.0484,0.000639,0.112703,0.006969,0.0003024,0.01739,356,29.3907,74.2693,27656.521,40.731,5844,5499169,143.478,135011.9456,0.8965,0.8708
flow_2329,0x10000919,02,Video,34,correlator,251.5749,1496.5637,948.5148,181846.3466,426.4345,1424.8955,822.6985,1480.0,657.3015,0.000181,0.050425,0.005206,0.00037497,0.019364,313,28.3859,48.9679,26924.405,56.163,10787,10231628,192.066,182177.4413,0.8442,0.915
flow_2341,0x10000925,02,Video,34,correlator,172.2273,1496.392,1244.3971,99462.2443,315.3764,1424.2016,652.79,1480.0,827.21,0.00089,0.071631,0.009842,0.00049742,0.022303,51,17.002,52.8706,21157.2868,16.1898,1644,2045788,101.5453,126362.6213,0.7411,0.9696
flow_2353,0x10000931,02,Video,34,correlator,178.0124,1482.8466,1220.9463,96640.2052,310.8701,1407.824,692.3285,1472.8466,780.518,0.000543,0.137666,0.012997,0.00120186,0.034668,43,17.1247,55.0371,20908.2815,15.435,1187,1449263,76.9031,93894.4898,0.8101,0.9276
flow_2365,0x1000093d,02,Video,34,correlator,241.3795,1463.654,1105.2335,134238.8548,366.3862,1391.95,691.9947,1453.654,761.6594,0.000995,0.089304,0.013614,0.00091278,0.030212,86,25.8519,42.5128,28572.4051,18.0887,1328,1467750,73.4162,81141.9923,0.7812,0.9784
flow_2377,0x10000949,02,Video,34,correlator,225.3695,1465.2837,1088.6032,173828.1575,416.927,1242.2194,824.1912,1455.2837,631.0925,0.000493,0.113603,0.007303,0.00034049,0.018452,159,11.0959,84.5298,12079.0844,36.3136,4972,5412535,136.9184,149049.7561,0.9052,0.8817
flow_2389,0x10000955,02,Video,34,correlator,252.6353,1476.2037,1064.8989,99613.8293,315.6166,1339.8635,738.8262,1466.2037,727.3776,0.000487,0.082229,0.008355,0.00078071,0.027941,47,20.5341,81.8233,21866.7138,12.7387,1524,1622905,119.6358,127399.9363,0.8436,0.8761
flow_2401,0x10000961,02,Video,34,correlator,194.2703,1467.3759,1212.4515,160849.3384,401.0603,1067.9703,838.1649,1457.3759,619.211,0.0006,0.062705,0.004349,0.00050623,0.0225,482,14.4778,37.7994,17553.6656,58.2719,13398,16244425,229.9221,278769.4391,0.875,0.9594
flow_2413,0x1000096d,02,Video,34,correlator,232.2932,1480.6731,1286.1448,201639.523,449.0429,1377.2391,723.5147,1470.6731,747.1584,0.00067,0.126906,0.009772,0.00119622,0.034586,208,23.8493,67.3551,30673.6922,55.5198,5681,7306588,102.3239,131603.3568,0.7877,0.8823
flow_2425,0x10000979,02,Video,34,correlator,147.7714,1466.1685,1052.5783,146034.1162,382.1441,1092.7883,721.0273,1456.1685,735.1413,0.000252,0.103362,0.0133,0.00024861,0.015767,32,14.4492,42.3072,15208.9483,13.5992,1022,1075734,75.1517,79102.961,0.8816,0.9596
flow_2437,0x10000985,02,Video,34,correlator,181.2563,1483.1248,924.7323,95635.0274,309.2491,1141.6074,715.1545,1473.1248,757.9703,0.000541,0.076552,0.012476,0.00026992,0.016429,151,18.4657,74.9841,17075.7856,57.6259,4618,4270413,80.1375,74105.7562,0.783,0.8607
flow_2449,0x10000991,02,Video,34,correlator,202.8252,1460.5987,1116.9781,167533.8612,409.309,1142.5535,829.7328,1450.5987,620.8658,0.000465,0.051285,0.010581,0.00063819,0.025262,62,22.3369,66.7977,24949.8102,21.0068,1985,2217201,94.4931,105546.6722,0.8251,0.86
flow_2461,0x1000099d,02,Video,34,correlator,151.1562,1499.8282,980.1445,98380.5813,313.6568,1345.4549,709.2526,1480.0,770.7474,0.000685,0.064922,0.006753,0.00051226,0.022633,284,16.9231,39.346,16587.0877,43.4227,6430,6302329,148.0793,145139.1003,0.9148,0.9401
flow_2473,0x100009a9,02,Video,34,correlator,229.5954,1493.3344,1122.5453,96339.0499,310.3853,1385.3911,862.6211,1480.0,617.3789,0.000357,0.084885,0.009063,0.00076589,0.027675,212,11.4424,60.1753,12844.6248,57.3147,6324,7098976,110.3382,123859.6279,0.7991,0.88
flow_2485,0x100009b5,02,Video,34,correlator,129.8202,1491.0873,1295.7062,144599.534,380.2625,1113.2436,776.9555,1480.0,703.0445,0.000579,0.105048,0.009062,0.00101991,0.031936,101,11.006,88.2374,14260.4955,27.312,3013,3903962,110.3178,142939.4724,0.8413,0.9599
flow_2497,0x100009c1,02,Video,34,correlator,127.8964,1489.8937,1327.0683,145014.2828,380.8074,1116.6236,854.3806,1479.8937,625.513,0.000182,0.090078,0.012884,0.00054992,0.02345,99,15.9701,83.0236,21193.3791,38.3298,2974,3946700,77.5898,102966.9063,0.7701,0.9798
flow_2509,0x100009cd,02,Video,34,correlator,123.0422,1470.3939,1035.3943,117900.6781,343.3667,1357.3301,695.1191,1460.3939,765.2748,0.000168,0.085611,0.006929,8.323e-05,0.009123,173,25.2636,85.2688,26157.7899,35.9966,5195,5378873,144.3193,149427.4097,0.9016,0.8632
flow_2521,0x100009d9,02,Video,34,correlator,246.7021,1477.9232,1173.6702,192560.9903,438.8177,1088.9869,759.1037,1467.9232,708.8195,0.000415,0.119542,0.011151,0.00038105,0.01952,178,18.88,73.8796,22158.9382,41.073,3683,4322627,89.6696,105242.5497,0.8454,0.9089
flow_2533,0x100009e5,02,Video,34,correlator,210.4701,1499.7668,1303.3851,193780.6655,440.2053,1282.3607,850.1296,1480.0,629.8704,0.000342,0.090161,0.013863,0.0001525,0.012349,99,16.9001,81.3479,22027.3193,41.8964,3022,3938829,72.1302,94013.4725,0.8509,0.8984
flow_2545,0x100009f1,02,Video,34,correlator,156.0721,1488.9374,984.7125,113650.8862,337.1215,1065.191,720.9791,1478.9374,757.9583,0.000655,0.061131,0.003881,0.00051599,0.022715,820,17.9242,62.554,17650.1885,53.9488,13902,13689473,257.6889,253749.5126,0.8364,0.8915
flow_2557,0x100009fd,02,Video,34,correlator,138.1919,1488.2883,1268.1486,125041.4591,353.612,1426.7437,751.3427,1478.2883,726.9456,0.000197,0.118763,0.013476,0.00037915,0.019472,49,16.6973,76.6034,21174.6386,20.7824,1542,1955485,74.1975,94093.4565,0.8163,0.9198
flow_2569,0x10000a09,02,Video,34,correlator,215.6514,1476.7552,1028.2828,178989.418,423.0714,1285.4345,887.6135,1466.7552,579.1417,0.000272,0.063588,0.006911,0.0005341,0.023111,186,13.9959,73.6604,14391.7324,40.0973,5801,5965068,144.6732,148764.969,0.8543,0.9127
flow_2581,0x10000a15,02,Video,34,correlator,171.9846,1465.5035,1331.6925,173867.3175,416.974,1295.0571,787.233,1455.5035,668.2706,0.000932,0.113912,0.013065,0.00116413,0.034119,117,26.1869,75.3189,34872.9621,46.9381,3592,4783439,76.5263,101909.4489,0.756,0.9487
flow_2593,0x10000a21,02,Video,34,correlator,179.6066,1480.0207,1093.3724,66792.0114,258.4415,1335.5908,738.0868,1470.0207,731.9339,0.000619,0.135144,0.00872,0.0009822,0.03134,103,14.5586,83.7484,15918.0238,18.5798,2130,2328883,114.6406,125344.8169,0.8763,0.9584
flow_2605,0x10000a2d,02,Video,34,correlator,169.4412,1491.6532,1230.8677,80357.3083,283.4736,1223.8961,836.9935,1480.0,643.0065,0.000666,0.0846,0.005388,0.0003201,0.017891,293,22.8458,78.032,28120.1457,53.9596,10015,12327140,185.6018,228451.2984,0.9013,0.9412
flow_2617,0x10000a39,02,Video,34,correlator,203.7333,1487.5931,1349.4072,70464.9527,265.4524,1281.8229,708.1108,1477.5931,769.4823,0.000696,0.098035,0.01361,0.00088801,0.0298,125,15.746,80.0682,21247.7406,44.702,3284,4431453,73.4643,99133.2121,0.8225,0.8834
flow_2629,0x10000a45,02,Video,34,correlator,152.6315,1473.4165,954.698,173110.4834,416.0655,1282.7122,860.3265,1463.4165,603.09,0.000601,0.114584,0.009737,0.00100739,0.031739,53,21.9542,48.3142,20959.6624,14.7053,1510,1441593,102.684,98032.1621,0.7425,0.8951
flow_2641,0x10000a51,02,Video,34,correlator,257.6248,1492.5925,924.8425,106772.7152,326.7609,1430.2014,788.1672,1480.0,691.8328,0.000291,0.147843,0.011188,0.00033456,0.018291,100,14.8763,88.1823,13758.23,29.3593,2624,2426786,89.3754,82658.1562,0.7717,0.9688
flow_2653,0x10000a5d,02,Video,34,correlator,238.043,1486.2849,1203.012,150272.6926,387.6502,1161.8856,855.1355,1476.2849,621.1494,0.000282,0.126558,0.003759,0.00068515,0.026175,718,25.8711,81.0623,31123.195,49.9316,13281,15977202,265.9839,319981.8689,0.7306,0.9059
flow_2665,0x10000a69,02,Video,34,correlator,240.6877,1472.8082,943.4664,68709.4601,262.1249,1200.9487,818.4356,1462.8082,644.3727,0.000403,0.142025,0.003077,0.00092063,0.030342,595,24.7401,68.0447,23341.4657,55.4767,18027,17007869,324.9469,306576.5258,0.8789,0.8732
flow_2677,0x10000a75,02,Video,34,correlator,205.0761,1492.8683,930.0727,88822.8655,298.0317,1186.1805,864.3469,1480.0,615.6531,0.00048,0.14168,0.012133,0.00115521,0.033988,294,14.7851,78.9936,13751.2013,54.994,4532,4215089,82.409,76646.3383,0.853,0.879
flow_2689,0x10000a81,02,Video,34,correlator,127.7721,1476.9394,1305.3271,150457.658,387.8887,1303.0854,886.0645,1466.9394,580.8749,0.000739,0.098394,0.011046,0.0006382,0.025263,116,24.5249,48.3435,32013.021,25.7753,2333,3045328,90.5129,118148.9228,0.9062,0.9024
flow_2701,0x10000a8d,02,Video,34,correlator,254.9909,1493.1398,924.4312,73281.4342,270.7054,1405.8261,674.8491,1480.0,805.1509,0.000569,0.059764,0.01157,0.00054423,0.023329,150,28.5768,61.4546,26417.3215,46.978,4060,3753190,86.4235,79892.5432,0.9025,0.8739
flow_2713,0x10000a99,02,Video,34,correlator,211.0526,1498.5048,936.8064,186370.5413,431.7065,1101.386,742.2117,1480.0,737.7883,0.000338,0.076111,0.00518,0.00078011,0.02793,296,25.6912,63.9676,24067.6343,31.8509,6148,5759485,193.0247,180826.7041,0.8312,0.871
flow_2725,0x10000aa5,02,Video,34,correlator,167.2551,1471.2462,1125.0757,192276.9876,438.494,1348.7975,701.0941,1461.2462,760.1521,0.000834,0.111711,0.012423,0.00036218,0.019031,161,24.2638,66.113,27298.6485,44.5912,3589,4037896,80.4866,90553.5563,0.8437,0.9211
flow_2737,0x10000ab1,02,Video,34,correlator,196.256,1499.4399,987.4617,123075.3843,350.821,1120.202,822.052,1480.0,657.948,0.00089,0.122769,0.013823,0.00071201,0.026683,92,20.6512,56.5872,20392.267,32.9979,2387,2357071,72.3379,71430.8868,0.7386,0.9412
flow_2749,0x10000abd,02,Video,34,correlator,138.5019,1461.4838,1022.1713,192918.5894,439.225,1121.1869,745.7707,1451.4838,705.7131,0.000624,0.059774,0.003426,0.00011377,0.010666,492,22.4443,56.7958,22941.9126,55.1618,16099,16455935,291.8507,298321.3803,0.8976,0.9134
flow_2761,0x10000ac9,02,Video,34,correlator,232.4832,1483.3194,912.97,100636.6558,317.2328,1166.2213,830.7644,1473.3194,642.5549,0.000594,0.072789,0.010995,0.00093898,0.030643,130,23.355,87.4658,21322.3791,32.789,2982,2722476,90.9452,83030.2143,0.8115,0.933
flow_2773,0x10000ad5,02,Video,34,correlator,147.2671,1497.0924,1228.8629,66946.5755,258.7404,1183.3632,750.3462,1480.0,729.6538,0.000231,0.130068,0.0043,0.00065505,0.025594,314,13.2847,52.4405,16325.0293,40.3932,9393,11542709,232.539,285758.6022,0.8611,0.9089
flow_2785,0x10000ae1,02,Video,34,correlator,142.0347,1498.6138,953.7005,202094.6983,449.5494,1206.7176,687.3122,1480.0,792.6878,0.000483,0.053622,0.009703,7.59e-05,0.008712,146,10.0706,63.1988,9604.2927,39.1363,4033,3846274,103.0502,98279.0599,0.909,0.9018
flow_2797,0x10000aed,02,Video,34,correlator,250.5537,1478.508,1174.6449,192241.137,438.4531,1248.4831,850.8145,1468.508,617.6935,0.000418,0.122843,0.004155,0.00055613,0.023582,445,11.7657,69.158,13820.4856,54.1246,13026,15300925,240.6671,282698.3384,0.8688,0.8539
flow_2809,0x10000af9,02,Video,34,correlator,161.1677,1463.2527,905.0003,157175.5918,396.4538,1267.7127,776.9138,1453.2527,676.339,0.000883,0.068937,0.014843,0.00045244,0.021271,77,29.8068,84.9186,26975.1814,24.7107,1664,1505920,67.3392,60941.9856,0.8097,0.9598
flow_2821,0x10000b05,02,Video,34,correlator,253.9134,1484.6792,911.4961,87256.6978,295.3924,1386.366,667.4428,1474.6792,807.2364,0.000791,0.075388,0.003122,0.00102139,0.031959,639,12.382,60.3288,11286.171,58.3901,18705,17049535,320.3456,291993.8068,0.893,0.9368
flow_2833,0x10000b11,02,Video,34,correlator,238.4252,1492.3185,1007.5205,92914.604,304.819,1318.3319,864.9448,1480.0,615.0552,0.000314,0.068067,0.00502,0.00078063,0.02794,181,24.851,61.3285,25037.9157,28.2026,5617,5659242,199.1658,200663.6491,0.8628,0.9028
flow_2845,0x10000b1d,02,Video,34,correlator,131.2355,1482.626,940.9814,72064.5742,268.4485,1369.5636,831.0443,1472.626,641.5818,0.000493,0.059864,0.00454,0.00028528,0.01689,517,23.4098,70.3087,22028.1991,52.3187,11522,10841988,220.227,207229.5151,0.9029,0.9465
flow_2857,0x10000b29,02,Video,34,correlator,243.5042,1483.2649,906.5874,117854.8987,343.3,1207.5871,888.3294,1473.2649,584.9355,0.000669,0.112502,0.005247,8.269e-05,0.009093,201,21.9335,54.4172,19884.6383,27.3282,5208,4721507,190.5721,172770.2736,0.8041,0.8684
flow_2869,0x10000b35,02,Video,34,correlator,226.7963,1496.6501,1228.137,84208.196,290.1865,1100.7571,866.4047,1480.0,613.5953,0.000789,0.140311,0.011162,0.00092703,0.030447,122,14.7373,40.7986,18099.3641,30.025,2689,3302460,89.5587,109990.3268,0.8166,0.9148
flow_2881,0x10000b41,02,Video,34,correlator,244.2066,1488.2148,1056.0656,178702.5088,422.7322,1235.0936,697.4164,1478.2148,780.7984,0.000212,0.09562,0.014959,0.00116726,0.034165,152,19.9418,45.7447,21059.8104,59.3374,3966,4188356,66.8381,70585.4197,0.8039,0.9148
flow_2893,0x10000b4d,02,Video,34,correlator,127.6036,1489.7896,904.6415,96177.9406,310.1257,1389.187,819.95,1479.7896,659.8397,0.000413,0.135025,0.010342,0.00124641,0.035304,90,19.5619,87.7714,17696.5376,17.2639,1669,1509846,96.6755,87456.6272,0.8607,0.8646
flow_2905,0x10000b59,02,Video,34,correlator,171.6833,1499.3773,900.2211,141169.3176,375.7251,1137.5192,710.9462,1480.0,769.0538,0.000323,0.149429,0.003209,0.00051779,0.022755,551,17.0778,38.9378,15373.8244,52.1115,16238,14617790,311.6009,280509.661,0.8538,0.8529
flow_2917,0x10000b65,02,Video,34,correlator,169.985,1498.5381,1042.2785,87534.2323,295.8618,1241.8584,876.3291,1480.0,603.6709,0.000854,0.14455,0.01109,0.00017842,0.013357,155,23.4354,75.4787,24426.2453,46.2266,4168,4344216,90.1645,93976.5494,0.8919,0.9356
flow_2929,0x10000b71,02,Video,34,correlator,229.5575,1486.3879,939.6258,105431.4283,324.7021,1180.0171,895.3827,1476.3879,581.0052,0.000333,0.134408,0.00867,9.707e-05,0.009853,188,12.8824,72.8448,12104.6069,54.799,6320,5938435,115.3305,108367.5271,0.8005,0.9456
flow_2941,0x10000b7d,02,Video,34,correlator,238.9138,1488.5842,1267.0534,165720.1794,407.0874,1353.2421,886.1127,1478.5842,592.4716,0.000821,0.077023,0.010265,0.00095354,0.030879,128,12.0693,64.182,15292.4944,39.1549,3814,4832541,97.4079,123421.018,0.7206,0.8812
flow_2953,0x10000b89,02,Video,34,correlator,248.8927,1469.2598,1080.7947,85091.066,291.7037,1243.5374,862.7514,1459.2598,596.5084,0.000832,0.127955,0.012995,0.00068336,0.026141,159,21.958,84.8116,23732.0922,58.2553,4482,4844121,76.9372,83153.2877,0.7923,0.9141
flow_2965,0x10000b95,02,Video,34,correlator,186.7974,1461.4684,1058.1807,195205.9702,441.8212,1366.8993,887.7795,1451.4684,563.6888,0.000271,0.103239,0.010906,0.00119963,0.034636,177,14.2749,70.9601,15105.4587,47.6726,4371,4625307,91.6878,97022.2456,0.9142,0.918
flow_2977,0x10000ba1,02,Video,34,correlator,218.8473,1479.0905,982.6784,71125.9989,266.6946,1257.9688,652.8755,1469.0905,816.215,0.000911,0.078526,0.004779,0.00077312,0.027805,222,26.0977,49.3117,25645.6902,30.366,6354,6243938,209.2473,205622.748,0.8852,0.9764
flow_2989,0x10000bad,02,Video,34,correlator,244.694,1461.9248,1233.9768,117401.5758,342.6391,1229.5315,678.6136,1451.9248,773.3112,0.000214,0.06043,0.006162,0.00093117,0.030515,197,17.5824,70.5231,21696.3052,38.7906,6294,7766650,162.2559,200219.9693,0.9004,0.9659
flow_3001,0x10000bb9,02,Video,34,correlator,231.9475,1469.168,1225.5558,82735.2141,287.6373,1119.4015,866.2121,1459.168,592.9559,0.000718,0.142892,0.01403,0.00122335,0.034976,75,10.8307,64.6189,13273.6689,19.1281,1363,1670432,71.2562,87328.4692,0.7643,0.9239
flow_3013,0x10000bc5,02,Video,34,correlator,186.8399,1473.8218,909.2563,179373.4382,423.525,1404.3883,767.6254,1463.8218,696.1965,0.000367,0.146001,0.005255,0.00074512,0.027297,193,10.9889,89.4395,9991.7243,26.9355,5125,4659938,190.2695,173003.7102,0.8352,0.9768
flow_3025,0x10000bd1,02,Video,34,correlator,202.0405,1460.5968,1069.4168,168391.2312,410.355,1400.8177,773.5644,1450.5968,677.0324,0.00048,0.091714,0.005129,0.00104466,0.032321,398,14.6969,75.7933,15717.1184,45.7881,8927,9546683,194.9632,208496.9132,0.7572,0.8551
flow_3037,0x10000bdd,02,Video,34,correlator,191.8711,1463.9438,1135.8274,177599.2534,421.4253,1184.2508,778.6193,1453.9438,675.3245,0.000209,0.140407,0.005444,0.00114198,0.033793,628,25.5083,53.5638,28973.0827,54.7528,10056,11421880,183.6617,208608.0058,0.7649,0.9023
flow_3049,0x10000be9,02,Video,34,correlator,177.7247,1477.9822,1180.6463,186731.1827,432.124,1139.6666,674.137,1467.9822,793.8452,0.000815,0.122789,0.011584,6.877e-05,0.008293,265,14.0742,65.3408,16616.6457,51.6386,4457,5262140,86.3114,101903.1963,0.7855,0.96
flow_3061,0x10000bf5,02,Video,34,correlator,122.8113,1470.697,1079.5726,86555.8691,294.2038,1338.5068,855.4917,1460.697,605.2053,0.000758,0.087599,0.011052,0.0006264,0.025028,167,18.5966,78.3802,20076.3523,43.2551,3913,4224367,90.4634,97661.7487,0.8782,0.9021
flow_3073,0x10000c01,02,Video,34,correlator,185.5103,1469.9147,1124.6893,96927.4226,311.3317,1178.9606,758.8219,1459.9147,701.0928,0.00018,0.071668,0.013034,0.0004844,0.022009,270,22.9546,46.6136,25816.7648,59.3291,4551,5118460,76.7077,86272.2961,0.8064,0.8964
flow_3085,0x10000c0d,02,Video,34,correlator,253.6604,1485.69,1339.2995,110063.1072,331.7576,1118.8529,685.1146,1475.69,790.5754,0.000409,0.112115,0.014691,0.00036667,0.019148,35,27.515,74.8348,36850.8447,14.7511,1004,1344656,68.0629,91156.5454,0.8035,0.8651
flow_3097,0x10000c19,02,Video,34,correlator,225.8275,1496.7498,1184.7739,101128.1567,318.0065,1390.762,713.2725,1480.0,766.7275,0.000838,0.141421,0.014351,0.00023685,0.01539,81,11.572,53.7733,13710.1681,22.8725,1593,1887344,69.6468,82515.6977,0.8201,0.8612
flow_3109,0x10000c25,02,Video,34,correlator,190.5943,1479.2318,1292.473,80754.7674,284.1738,1057.1153,705.4629,1469.2318,763.7689,0.000858,0.121306,0.006723,0.00062167,0.024933,593,13.8024,39.7902,17839.2232,59.9181,8911,11517226,148.7196,192216.0509,0.8527,0.9055
flow_3121,0x10000c31,02,Video,34,correlator,239.9057,1478.9997,961.133,64243.6871,253.4634,1193.3073,682.1526,1468.9997,786.8471,0.000488,0.123723,0.00515,9.574e-05,0.009784,339,10.2342,62.9985,9836.4019,38.7202,7519,7226758,194.1881,186640.5556,0.7855,0.8811
flow_3133,0x10000c3d,02,Video,34,correlator,182.8078,1467.8313,1003.081,76895.3913,277.3002,1390.926,879.9817,1457.8313,577.8495,0.000282,0.089696,0.008919,0.00087831,0.029636,153,18.4775,75.9698,18534.4253,22.826,2559,2566884,112.1088,112454.1745,0.869,0.9076
flow_3145,0x10000c49,02,Video,34,correlator,154.1755,1471.5245,911.7948,119835.9817,346.1733,1133.6222,766.8409,1461.5245,694.6836,0.00039,0.094683,0.012748,0.00033613,0.018334,137,21.9984,36.5947,20058.035,35.7837,2806,2558496,78.4156,71498.9307,0.8172,0.9344
flow_3157,0x10000c55,02,Video,34,correlator,206.9011,1480.1105,1182.2352,106301.5675,326.0392,1051.0789,859.7251,1470.1105,610.3854,0.000859,0.060378,0.003805,0.00118862,0.034476,157,20.8733,70.6902,24677.1872,17.8574,4693,5548229,262.8047,310696.882,0.778,0.9649
flow_3169,0x10000c61,02,Video,34,correlator,258.3692,1491.4683,1338.8708,132210.1058,363.6071,1256.3317,818.9386,1480.0,661.0614,0.000845,0.06098,0.005637,0.00035888,0.018944,283,21.65,45.4168,28986.558,34.0345,6037,8082763,177.3788,237487.2627,0.9056,0.9529
flow_3181,0x10000c6d,02,Video,34,correlator,247.8206,1470.2287,993.6753,103594.4589,321.8609,1377.9878,726.0151,1460.2287,734.2136,0.000441,0.144074,0.012068,0.00015754,0.012552,65,28.3911,78.1725,28211.5123,22.8616,1894,1882021,82.8465,82322.5319,0.9096,0.9727
flow_3193,0x10000c79,02,Video,34,correlator,169.8985,1473.0035,1140.7333,142207.685,377.1043,1330.6698,675.0178,1463.0035,787.9857,0.000531,0.117275,0.003613,0.00072287,0.026886,397,12.225,78.2483,13945.4988,26.4771,7328,8359293,276.7671,315717.4376,0.8006,0.8608
flow_3205,0x10000c85,02,Video,34,correlator,144.4875,1470.9649,1059.279,70440.584,265.4065,1368.6245,753.7371,1460.9649,707.2278,0.000255,0.133583,0.014091,9.085e-05,0.009532,150,10.9336,84.2169,11581.7238,34.2629,2431,2575107,70.9513,75157.2566,0.7723,0.9034
flow_3217,0x10000c91,02,Video,34,correlator,123.2973,1463.1571,1064.7488,140057.8208,374.243,1257.0442,777.444,1453.1571,675.7132,0.000895,0.132648,0.008007,0.00070905,0.026628,277,28.809,82.3673,30674.3767,46.3219,5785,6159571,124.8869,132973.1844,0.9096,0.9305
flow_3229,0x10000c9d,02,Video,34,correlator,152.4986,1472.3126,1103.8649,73309.0789,270.7565,1367.5657,857.9703,1462.3126,604.3423,0.000652,0.099091,0.010154,0.00107372,0.032768,240,14.3498,65.7076,15840.2282,40.799,4018,4435329,98.4827,108711.6027,0.7424,0.9552
flow_3241,0x10000ca9,02,Video,34,correlator,256.0155,1465.6276,1106.4469,120853.6166,347.6401,1142.5574,853.4073,1455.6276,602.2203,0.000567,0.068056,0.009352,0.00120659,0.034736,291,15.667,86.6717,17334.6681,48.9747,5237,5794462,106.9328,118315.4205,0.9153,0.951
flow_3253,0x10000cb5,02,Video,34,correlator,241.459,1465.4506,1015.7504,195911.1494,442.6185,1173.6278,752.4263,1455.4506,703.0243,0.000918,0.115343,0.012745,0.00020348,0.014265,34,15.7496,47.7578,15997.706,14.982,1175,1193506,78.4274,79662.6433,0.8996,0.8923
flow_3265,0x10000cc1,02,Video,34,correlator,244.9528,1475.7696,1004.774,94531.8353,307.4603,1113.0426,895.4035,1465.7696,570.3661,0.000183,0.094862,0.008192,0.0011429,0.033807,210,19.9466,54.2804,20041.8254,34.7665,4243,4263256,122.0429,122625.5223,0.7693,0.8975
flow_3277,0x10000ccd,02,Video,34,correlator,127.8821,1492.4842,1150.2857,103686.4921,322.0039,1086.6173,753.4237,1480.0,726.5763,0.000237,0.133038,0.007911,0.0008227,0.028683,71,22.9801,35.7889,26433.6525,14.2995,1807,2078566,126.368,145359.3167,0.7338,0.8856
flow_3289,0x10000cd9,02,Video,34,correlator,131.9521,1490.7626,1157.5556,110584.9456,332.5431,1229.5463,741.7799,1480.0,738.2201,0.000517,0.104472,0.008955,0.00032999,0.018166,291,12.6703,62.3828,14666.5955,47.0688,5255,6082954,111.6451,129235.3465,0.815,0.9233
flow_3301,0x10000ce5,02,Video,34,correlator,160.287,1497.7202,1261.6336,123644.7951,351.6316,1223.7004,766.4387,1480.0,713.5613,0.00095,0.116299,0.008191,0.0010349,0.03217,110,17.1119,71.9042,21588.8882,21.2533,2594,3272677,122.0514,153984.0636,0.7341,0.935
flow_3313,0x10000cf1,02,Video,34,correlator,162.7852,1498.5068,1239.1832,164602.573,405.7124,1327.426,797.0685,1480.0,682.9315,0.000224,0.083406,0.009861,0.00025791,0.01606,83,27.0628,43.7281,33535.7063,23.0203,2334,2892253,101.3887,125639.1561,0.8519,0.8658
flow_3325,0x10000cfd,02,Video,34,correlator,186.6026,1484.2961,1054.7512,143824.679,379.2422,1415.7292,875.873,1474.2961,598.4231,0.000456,0.060106,0.010988,0.00116403,0.034118,108,26.0284,86.5896,27453.5024,33.7089,3067,3234922,90.985,95966.5182,0.8234,0.8985
flow_3337,0x10000d09,02,Video,34,correlator,233.657,1485.281,1246.8368,197574.1877,444.4932,1224.3166,671.0176,1475.281,804.2635,0.000466,0.094923,0.009425,0.0008599,0.029324,327,23.1456,73.8965,28858.8201,47.3932,5028,6269095,106.0912,132278.4327,0.9141,0.9449
flow_3349,0x10000d15,02,Video,34,correlator,169.3663,1481.2185,937.3631,102959.6215,320.8732,1050.2473,856.3634,1471.2185,614.8551,0.000738,0.105492,0.007365,0.00068657,0.026202,231,18.149,51.8273,17012.1597,40.2645,5467,5124564,135.7773,127272.6398,0.7342,0.8954
flow_3361,0x10000d21,02,Video,34,correlator,221.3469,1482.5623,1152.3723,86040.2743,293.3262,1374.3734,716.2455,1472.5623,756.3168,0.000136,0.097955,0.013296,0.00047209,0.021728,100,21.6426,89.529,24940.3488,43.3947,3263,3760190,75.1935,86650.8894,0.7961,0.8819
flow_3373,0x10000d2d,02,Video,34,correlator,193.4351,1472.3867,1195.7817,174114.587,417.2704,1357.0919,774.4348,1462.3867,687.9519,0.0001,0.06856,0.003891,0.0001787,0.013368,118,20.9231,36.9652,25019.4735,13.4754,3463,4140992,256.9877,307301.2333,0.8435,0.9558
flow_3385,0x10000d39,02,Video,34,correlator,243.0025,1488.9197,1183.4038,129803.1119,360.282,1405.8785,730.8509,1478.9197,748.0688,0.000833,0.099763,0.01198,0.00074328,0.027263,189,28.628,56.3022,33878.4861,35.693,2979,3525359,83.4617,98768.9145,0.8304,0.8758
flow_3397,0x10000d45,02,Video,34,correlator,136.0221,1466.4059,1098.4029,82152.9246,286.6233,1336.7183,650.0143,1456.4059,806.3916,0.000393,0.125406,0.014442,7.447e-05,0.00863,222,26.0216,76.3331,28582.2404,53.859,3729,4095944,69.2363,76049.3413,0.812,0.9315
flow_3409,0x10000d51,02,Video,34,correlator,208.6304,1490.0505,1112.4548,186525.5222,431.886,1274.9658,780.3017,1480.0,699.6983,0.000647,0.082902,0.013285,0.00041823,0.020451,68,16.7206,37.0753,18600.906,22.1843,1669,1856687,75.2334,83693.7373,0.8173,0.9353
flow_3421,0x10000d5d,02,Video,34,correlator,141.5063,1468.9354,1032.926,103202.6804,321.2517,1196.3385,705.7714,1458.9354,753.1639,0.000121,0.094145,0.00581,0.00065145,0.025524,322,16.6581,65.1678,17206.5894,56.6009,9741,10061732,172.0997,177766.2573,0.9164,0.9431
flow_3433,0x10000d69,02,Video,34,correlator,173.1638,1496.5606,1097.0646,96020.1507,309.8712,1344.2122,792.3476,1480.0,687.6524,0.000807,0.143296,0.003761,0.00111474,0.033388,212,22.6771,41.775,24878.2663,23.974,6374,6992689,265.8712,291677.7995,0.7719,0.8749
flow_3445,0x10000d75,02,Video,34,correlator,256.3746,1491.5892,972.7954,102819.2233,320.6544,1127.3784,857.4398,1480.0,622.5602,0.000274,0.120741,0.00622,0.00051875,0.022776,442,23.7177,44.1016,23072.4413,47.6648,7663,7454531,160.7684,156394.7246,0.9108,0.9644
flow_3457,0x10000d81,02,Video,34,correlator,160.3344,1479.0406,1251.0643,79457.9538,281.8829,1400.5107,885.3802,1469.0406,583.6604,0.00093,0.141923,0.007139,0.00086332,0.029382,133,19.8081,65.3646,24781.2488,17.49,2449,3063856,140.0226,175177.1923,0.7888,0.86
flow_3469,0x10000d8d,02,Video,34,correlator,248.6268,1498.7596,903.1886,109148.3688,330.3761,1343.0257,694.3662,1480.0,785.6338,0.000608,0.073028,0.003383,8.592e-05,0.009269,470,24.5181,81.3995,22144.4335,24.3786,7206,6508377,295.5867,266970.5077,0.8667,0.8677
flow_3481,0x10000d99,02,Video,34,correlator,217.7285,1468.209,1025.5723,147219.363,383.6918,1164.435,702.5801,1458.209,755.6288,0.000682,0.085164,0.008938,0.00122069,0.034938,173,10.6269,72.0858,10898.6285,36.8853,4126,4231511,111.8601,114720.656,0.7611,0.9194
flow_3493,0x10000da5,02,Video,34,correlator,238.5791,1478.5213,1284.1596,160010.2574,400.0128,1086.0031,888.6622,1468.5213,579.8591,0.00079,0.057393,0.010528,0.00038415,0.0196,68,22.5912,63.8418,29010.6617,20.5672,1953,2507963,94.9568,121939.687,0.8549,0.9735
flow_3505,0x10000db1,02,Video,34,correlator,178.7246,1473.0421,1157.6014,63504.3467,252.0007,1107.482,803.2965,1463.0421,659.7456,0.000992,0.054773,0.011872,0.00070565,0.026564,132,13.9783,83.9768,16181.3096,36.7294,3093,3580461,84.2105,97482.2083,0.7487,0.9156
flow_3517,0x10000dbd,02,Video,34,correlator,198.117,1484.7915,1135.5075,188721.9363,434.4214,1184.051,844.6986,1474.7915,630.0929,0.00044,0.065089,0.007343,9.401e-05,0.009696,271,25.7089,67.497,29192.6978,33.148,4513,5124545,136.1468,154595.7284,0.7276,0.9339
flow_3529,0x10000dc9,02,Video,34,correlator,209.1921,1464.5326,1180.378,176146.3674,419.6979,1315.9362,824.8641,1454.5326,629.6685,0.000107,0.121493,0.004926,0.0009255,0.030422,531,16.2358,48.3155,19164.3991,51.0993,10373,12244060,202.9969,239612.997,0.8839,0.9047
flow_3541,0x10000dd5,02,Video,34,correlator,231.06,1493.6965,1307.8486,167695.975,409.507,1412.5734,694.5433,1480.0,785.4567,0.000319,0.13967,0.006328,0.00042505,0.020617,134,20.4327,83.018,26722.9035,20.6287,3260,4263586,158.0321,206682.0612,0.7718,0.976
flow_3553,0x10000de1,02,Video,34,correlator,169.7015,1467.3539,1135.7366,119396.5083,345.538,1362.6989,699.335,1457.3539,758.0189,0.000133,0.125121,0.011958,0.00107882,0.032845,87,11.2215,51.1891,12744.6507,25.175,2105,2390725,83.6146,94964.1326,0.7424,0.8803
flow_3565,0x10000ded,02,Video,34,correlator,252.1561,1482.6334,939.9337,155120.0468,393.8528,1303.7206,710.8524,1472.6334,761.781,0.00039,0.083498,0.005495,0.00035496,0.01884,505,24.9665,62.4677,23466.9009,46.666,8492,7981917,181.9741,171043.5883,0.7548,0.937
flow_3577,0x10000df9,02,Video,34,correlator,172.6943,1486.6496,923.6479,138773.6896,372.5234,1161.6854,787.6592,1476.6496,688.9904,0.000241,0.130518,0.010817,0.0004242,0.020596,106,16.3471,38.2012,15098.9971,20.2778,1874,1730916,92.4164,85360.211,0.7906,0.9485
flow_3589,0x10000e05,02,Video,34,correlator,152.2917,1488.4574,1005.6446,103714.4518,322.0473,1409.1082,827.6582,1478.4574,650.7992,0.000848,0.067034,0.012018,0.00086218,0.029363,207,21.2345,79.5646,21354.3223,57.2088,4760,4786868,83.204,83673.6889,0.8905,0.9158
flow_3601,0x10000e11,02,Video,34,correlator,131.5421,1493.8151,1032.2035,67314.3617,259.4501,1098.9411,684.4517,1480.0,795.5483,0.000742,0.09033,0.008246,7.827e-05,0.008847,110,16.6223,37.269,17157.5793,31.2615,3790,3912051,121.2353,125139.5088,0.801,0.9107
flow_3613,0x10000e1d,02,Video,34,correlator,210.3419,1474.4582,1327.5134,153495.5694,391.7851,1056.7145,687.7181,1464.4582,776.7401,0.000398,0.094312,0.007778,0.00037734,0.019425,236,12.7775,59.4349,16962.3673,57.282,7364,9775808,128.5569,170661.0143,0.8563,0.8713
flow_3625,0x10000e29,02,Video,34,correlator,218.5398,1487.7549,1241.0664,110579.2573,332.5346,1273.5227,769.0973,1477.7549,708.6576,0.000927,0.06274,0.007367,0.00013971,0.01182,254,26.4284,60.9249,32799.3772,43.1368,5855,7266443,135.7309,168451.0729,0.7573,0.8696
flow_3637,0x10000e35,02,Video,34,correlator,131.8898,1465.733,1025.9448,195935.3829,442.6459,1218.936,851.1702,1455.733,604.5628,0.000322,0.145274,0.003155,0.00044803,0.021167,426,13.2403,38.4688,13583.7946,21.5363,6825,7002073,316.9065,325128.5165,0.7831,0.9794
flow_3649,0x10000e41,02,Video,34,correlator,151.3939,1469.2612,1099.7863,194928.4929,441.5071,1137.3228,732.7696,1459.2612,726.4915,0.000696,0.122796,0.00971,0.00056338,0.023736,207,11.423,72.1943,12562.8359,49.9832,5147,5660599,102.9747,113250.1316,0.8385,0.8778
flow_3661,0x10000e4d,02,Video,34,correlator,242.3662,1494.7791,909.0926,160670.8946,400.8377,1417.1455,843.416,1480.0,636.584,0.000552,0.107417,0.004398,0.00118099,0.034366,182,27.5411,79.8746,25037.4327,25.5818,5816,5287282,227.3493,206681.514,0.7614,0.8665
flow_3673,0x10000e59,02,Video,34,correlator,131.2481,1492.1561,1048.008,67400.1059,259.6153,1189.6409,792.1949,1480.0,687.8051,0.000438,0.117952,0.014107,0.0004342,0.020837,178,24.0115,64.6811,25164.2728,46.4715,3294,3452138,70.8821,74284.9779,0.8218,0.9776
flow_3685,0x10000e65,02,Video,34,correlator,236.6443,1467.6705,1170.1342,140819.6336,375.2594,1301.2445,866.2025,1457.6705,591.468,0.000445,0.102161,0.011099,0.00014291,0.011955,55,15.0464,77.4637,17606.2877,20.8906,1882,2202192,90.0885,105415.609,0.9103,0.8857
flow_3697,0x10000e71,02,Video,34,correlator,242.0153,1486.0078,1278.1165,182709.5535,427.4454,1205.4346,852.8282,1476.0078,623.1796,0.00063,0.109648,0.00752,0.00012312,0.011096,202,27.9049,73.6174,35665.7747,48.5237,6452,8246407,132.966,169946.0834,0.8453,0.852
flow_3709,0x10000e7d,02,Video,34,correlator,160.0462,1481.7178,1315.3645,119655.7449,345.9129,1250.2231,670.8182,1471.7178,800.8996,0.000599,0.10784,0.007942,0.00016311,0.012771,88,16.0565,70.9827,21120.2088,23.7178,2986,3927678,125.8969,165600.2994,0.9158,0.9545
flow_3721,0x10000e89,02,Video,34,correlator,236.124,1496.039,902.0231,86912.134,294.8086,1369.7153,796.3904,1480.0,683.6096,0.000778,0.078161,0.003855,0.00090653,0.030109,378,22.9441,75.9011,20696.1085,47.7077,12374,11161634,259.3711,233958.7315,0.7298,0.9235
flow_3733,0x10000e95,02,Video,34,correlator,195.0395,1474.7925,1342.6774,189260.5481,435.0409,1193.0597,733.5128,1464.7925,731.2797,0.000739,0.112162,0.014396,0.00099434,0.031533,111,26.7347,74.7946,35896.0994,46.9858,3263,4381156,69.4465,93244.2797,0.85,0.9718
flow_3745,0x10000ea1,02,Video,34,correlator,243.5886,1492.1413,1120.677,175574.9594,419.0167,1051.9577,759.3376,1480.0,720.6624,0.00048,0.117886,0.005043,0.00035125,0.018742,295,15.9935,72.9057,17923.5888,50.5046,10015,11223580,198.2986,222228.6661,0.8875,0.902
flow_3757,0x10000ead,02,Video,34,correlator,223.5492,1460.5851,1240.3574,164032.8324,405.0097,1330.3876,827.4113,1450.5851,623.1738,0.000971,0.074219,0.008086,9.866e-05,0.009933,182,16.6353,53.0301,20633.6802,26.651,3296,4088217,123.6727,153398.3054,0.7919,0.9025
flow_3769,0x10000eb9,02,Video,34,correlator,190.7026,1461.7112,1194.5107,98498.9372,313.8454,1085.5733,704.4751,1451.7112,747.2361,0.000104,0.056937,0.00384,0.0010579,0.032525,622,17.2952,51.8678,20659.2976,50.1931,13070,15612254,260.3943,311043.7719,0.8981,0.9707
flow_3781,0x10000ec5,02,Video,34,correlator,226.0833,1488.2309,969.1307,120673.681,347.3812,1125.8989,708.4331,1478.2309,769.7978,0.000528,0.08843,0.008925,0.00036391,0.019076,105,15.2392,63.7602,14768.7671,15.509,1737,1683380,111.9992,108541.8267,0.7626,0.9313
flow_3793,0x10000ed1,02,Video,34,correlator,216.9595,1467.9239,1092.4864,192026.9062,438.2087,1364.7706,650.3306,1457.9239,807.5933,0.000743,0.075831,0.012127,0.00061275,0.024754,233,27.9769,58.8939,30564.3297,50.339,4151,4534910,82.4609,90087.4036,0.7413,0.9411
flow_3805,0x10000edd,02,Video,34,correlator,236.8699,1485.0549,941.1207,112551.996,335.4877,1309.0004,876.8628,1475.0549,598.1921,0.000115,0.089018,0.005645,0.00050605,0.022496,272,12.8653,55.3051,12107.7654,28.5645,5060,4762070,177.1427,166712.6347,0.7322,0.9678
flow_3817,0x10000ee9,02,Video,34,correlator,130.7948,1467.611,1051.0449,168568.2387,410.5706,1150.2918,820.926,1457.611,636.685,0.00029,0.09286,0.006116,0.00021811,0.014768,182,21.5329,80.7495,22631.995,24.8979,4070,4277752,163.4677,171811.8267,0.8732,0.9068
flow_3829,0x10000ef5,02,Video,34,correlator,127.974,1494.9027,1033.9515,189676.6165,435.5188,1155.6211,668.9626,1480.0,811.0374,0.000403,0.126471,0.00354,0.00082206,0.028672,407,28.3476,79.8011,29310.0285,43.2688,12221,12635921,282.444,292033.3762,0.7503,0.9679
flow_3841,0x10000f01,02,Video,34,correlator,198.251,1477.301,1144.6085,88900.895,298.1625,1288.7209,743.66,1467.301,723.6411,0.000475,0.084989,0.003651,0.00120395,0.034698,479,29.5469,37.7541,33819.6768,42.113,11535,13203059,273.9062,313515.3848,0.8833,0.8527
flow_3853,0x10000f0d,02,Video,34,correlator,179.1736,1485.0969,1275.0548,100697.7316,317.3291,1219.3155,848.2369,1475.0969,626.86,0.000504,0.086736,0.005405,0.00055578,0.023575,209,22.2737,65.8078,28400.1689,17.28,3196,4075075,184.9542,235826.7472,0.9072,0.8892
flow_3865,0x10000f19,02,Video,34,correlator,194.8329,1492.7316,979.9928,144651.392,380.3306,1380.6768,732.1788,1480.0,747.8212,0.000413,0.142421,0.01214,0.00095984,0.030981,150,25.1454,44.5626,24642.3004,31.333,2580,2528381,82.3412,80693.7476,0.7612,0.9352
flow_3877,0x10000f25,02,Video,34,correlator,138.1904,1492.2072,1048.9846,166441.4865,407.9724,1127.1869,828.7285,1480.0,651.2715,0.000185,0.096021,0.01402,0.00026394,0.016246,76,16.055,62.71,16841.4988,27.0416,1928,2022442,71.2977,74790.1336,0.7516,0.8725
flow_3889,0x10000f31,02,Video,34,correlator,182.6217,1461.2913,1204.0019,111376.4018,333.731,1144.8744,803.8757,1451.2913,647.4156,0.000356,0.14564,0.010588,0.00075064,0.027398,55,22.6623,49.9758,27285.3926,20.2575,1913,2303255,94.4344,113699.1203,0.7598,0.8801
flow_3901,0x10000f3d,02,Video,34,correlator,201.9343,1463.1309,1109.6878,123157.6052,350.9382,1077.1108,875.9884,1453.1309,577.1425,0.00091,0.134365,0.013067,9.555e-05,0.009775,112,23.1939,41.7402,25737.9816,49.2907,3772,4185742,76.5256,84919.4734,0.752,0.8594
flow_3913,0x10000f49,02,Video,34,correlator,124.2552,1492.0289,1286.4159,108485.2984,329.3711,1406.8365,689.0269,1480.0,790.9731,0.000476,0.148255,0.01272,0.00099718,0.031578,101,29.4266,49.1014,37854.8146,22.1464,1741,2239650,78.6134,101129.5105,0.7257,0.9011
flow_3925,0x10000f55,02,Video,34,correlator,132.3254,1490.291,1285.0633,129295.8962,359.5774,1427.683,896.3097,1480.0,583.6903,0.000688,0.055572,0.004965,0.00023354,0.015282,180,20.5186,53.223,26367.7339,31.2474,6293,8086903,201.3927,258802.4004,0.7571,0.9475
flow_3937,0x10000f61,02,Video,34,correlator,179.0471,1483.6694,1040.1916,65790.87,256.4973,1251.5908,735.4704,1473.6694,738.1989,0.000178,0.080998,0.014064,0.00081369,0.028525,60,21.5033,54.7443,22367.5193,24.4673,1739,1808893,71.0745,73931.0901,0.7644,0.9073
flow_3949,0x10000f6d,02,Video,34,correlator,139.4384,1493.9102,1335.4624,67278.3294,259.3807,1225.5397,650.4722,1480.0,829.5278,0.000346,0.094394,0.01405,0.00045578,0.021349,209,16.9044,35.572,22575.2031,57.6566,4103,5479402,71.1627,95035.0928,0.7639,0.965
flow_3961,0x10000f79,02,Video,34,correlator,208.0799,1470.8269,941.0545,127842.3571,357.5505,1316.6465,729.1172,1460.8269,731.7097,0.000339,0.117634,0.014021,0.00010909,0.010445,213,11.9801,60.5915,11273.9394,51.6517,3683,3465903,71.3046,67101.4814,0.7891,0.9215
flow_3973,0x10000f85,02,Video,34,correlator,152.4152,1461.6056,904.0626,77121.6407,277.7078,1069.2143,719.3916,1451.6056,732.214,0.000571,0.136179,0.003548,0.00107696,0.032817,518,19.312,74.6332,17459.2196,44.5689,12562,11356834,281.8559,254815.3684,0.7842,0.919
flow_3985,0x10000f91,02,Video,34,correlator,256.0205,1472.3438,1320.7501,140722.6578,375.1302,1057.2579,742.8372,1462.3438,719.5065,0.00046,0.091657,0.005387,0.00058103,0.024105,315,15.426,69.2878,20373.9022,56.3027,10451,13803158,185.6217,245159.8554,0.8932,0.9748
flow_3997,0x10000f9d,02,Video,34,correlator,228.5679,1476.9031,951.6518,122658.1399,350.2258,1073.5712,699.1024,1466.9031,767.8007,0.000902,0.137562,0.00729,0.00012132,0.011015,98,28.7969,35.1636,27404.6554,12.2066,1674,1593065,137.1387,130508.3272,0.9113,0.9245
flow_4009,0x10000fa9,02,Web,0,correlator,123.0171,1462.0241,783.4531,133499.6127,365.376,584.5016,195.0983,1160.8758,965.7775,0.001134,2.953263,0.121708,0.02924586,0.171014,12,8.6803,18.1499,6800.5702,21.53,176,137887,8.1746,6404.4197,0.4178,0.2528
flow_4021,0x10000fb5,02,Web,0,correlator,116.2312,1486.2063,581.3486,146149.0278,382.2944,575.7342,183.426,1275.6474,1092.2215,0.002539,2.133926,0.13856,0.13886224,0.372642,11,7.0338,28.8741,4089.1169,19.069,137,79644,7.1845,4176.6319,0.4404,0.2272
flow_4033,0x10000fc1,02,Web,0,correlator,89.1424,1473.9154,713.1239,181527.6539,426.0606,492.0757,186.9257,1367.1673,1180.2416,0.00111,1.996502,0.104088,0.00921475,0.095993,22,7.404,17.4542,5279.9761,32.3072,310,221068,9.5954,6842.6787,0.2932,0.1935
flow_4045,0x10000fcd,02,Web,0,correlator,111.8072,1498.5131,625.81,176759.0205,420.4272,488.5892,178.0746,1310.5162,1132.4416,0.00467,1.857473,0.119564,0.05498854,0.234496,21,8.7517,31.3604,5476.9069,28.8921,241,150820,8.3414,5220.1044,0.3919,0.13
flow_4057,0x10000fd9,02,Web,0,correlator,119.926,1492.419,575.6085,250106.9404,500.1069,346.6819,122.0413,1355.3904,1233.3491,0.003081,0.562274,0.054269,0.03503261,0.18717,14,7.4455,20.7733,4285.6938,11.1725,205,117999,18.3487,10561.5753,0.4414,0.1965
flow_4069,0x10000fe5,02,Web,0,correlator,83.4278,1479.8475,653.7387,192299.5353,438.5197,604.925,190.644,1213.5659,1022.9219,0.003754,1.925629,0.117819,0.14533906,0.381234,20,7.2524,18.1069,4741.1462,14.1083,119,77794,8.4348,5514.073,0.3395,0.1526
flow_4081,0x10000ff1,02,Web,0,correlator,98.2897,1469.3376,758.7438,165248.1882,406.5073,586.3508,161.3828,1222.1304,1060.7476,0.00469,3.151334,0.095813,0.12596539,0.354916,33,8.6544,13.5965,6566.4805,32.9439,343,260249,10.4116,7899.7668,0.4676,0.2972
flow_4093,0x10000ffd,02,Web,0,correlator,113.8619,1494.6351,708.5448,175339.9946,418.7362,553.5319,129.6733,1300.494,1170.8207,0.003027,2.294031,0.108665,0.05475679,0.234002,6,8.8747,19.0845,6288.1535,7.5029,69,48889,9.1964,6516.0168,0.4049,0.3081
flow_4105,0x10001009,02,Web,0,correlator,124.1672,1454.579,849.65,218346.4229,467.2755,623.4863,131.0845,1160.7884,1029.7039,0.004799,1.273047,0.166598,0.02062467,0.143613,9,8.5154,21.2264,7235.1052,16.3957,98,83265,5.9772,5078.4601,0.3998,0.2049
flow_4117,0x10001015,02,Web,0,correlator,112.8363,1475.3241,618.9231,160563.9437,400.7043,485.6658,141.1215,1304.9605,1163.839,0.002745,3.437148,0.117567,0.01754725,0.132466,20,8.9614,18.1118,5546.4026,34.0742,289,178868,8.4815,5249.3667,0.3487,0.1216
flow_4129,0x10001021,02,Web,0,correlator,120.3594,1452.3938,706.4864,231793.7241,481.4496,424.3444,191.7113,1165.3999,973.6886,0.001506,0.874675,0.167793,0.09624589,0.310235,6,5.1849,29.5399,3663.0881,9.3844,55,38856,5.8608,4140.4831,0.3509,0.1423
flow_4141,0x1000102d,02,Web,0,correlator,125.5781,1460.395,516.9862,110213.8326,331.9847,425.1615,197.1865,1112.6022,915.4157,0.004709,1.255632,0.04803,0.02093988,0.144706,16,8.7566,31.7703,4527.0192,8.8705,184,95125,20.7429,10723.7609,0.2942,0.2623
flow_4153,0x10001039,02,Web,0,correlator,120.0402,1486.9081,732.2594,228319.9454,477.8284,595.1642,103.4405,1397.474,1294.0335,0.004059,2.089443,0.09589,0.19925259,0.446377,7,4.2462,23.1838,3109.3438,8.6927,90,65903,10.3535,7581.3877,0.3731,0.148
flow_4165,0x10001045,02,Web,0,correlator,128.3835,1448.9995,612.3039,149371.0856,386.4856,548.4885,103.8523,1235.9265,1132.0742,0.002058,1.323094,0.097017,0.03552864,0.18849,30,8.5454,20.9485,5232.3712,22.4645,231,141442,10.2829,6296.2317,0.311,0.1952
flow_4177,0x10001051,02,Web,0,correlator,81.8321,1495.518,640.4781,262427.5631,512.2768,253.7417,109.3976,1122.4551,1013.0575,0.001224,0.814509,0.086646,0.01701247,0.130432,12,6.9466,12.8991,4449.1181,10.2088,117,74935,11.4607,7340.2373,0.3949,0.2713
flow_4189,0x1000105d,02,Web,0,correlator,87.8469,1463.1684,544.8412,207224.6218,455.2193,554.4759,162.4167,1282.4527,1120.0359,0.002252,1.802851,0.177542,0.17390345,0.417017,11,7.3942,24.7799,4028.6588,26.6726,150,81726,5.6238,3064.0452,0.4314,0.1842
flow_4201,0x10001069,02,Web,0,correlator,101.2024,1495.7294,755.2781,255906.0294,505.8716,301.501,146.6433,1257.4111,1110.7678,0.001377,2.01462,0.093151,0.00700376,0.083688,10,4.096,19.9864,3093.5879,9.164,98,74017,10.6941,8076.9697,0.4775,0.2343
flow_4213,0x10001075,02,Web,0,correlator,112.7815,1448.2019,567.7941,137229.1326,370.4445,297.319,170.8053,1290.2556,1119.4503,0.004491,2.563941,0.153657,0.0174489,0.132094,6,4.2203,27.3535,2396.283,7.9008,51,28957,6.455,3665.0673,0.3667,0.364
flow_4225,0x10001081,02,Web,0,correlator,119.5713,1481.9104,704.53,252736.0166,502.7286,276.8921,187.3759,1341.1832,1153.8074,0.004973,0.820834,0.157975,0.02926665,0.171075,6,4.3196,17.7339,3043.2791,7.7924,49,34521,6.2882,4430.1044,0.463,0.2905
flow_4237,0x1000108d,02,Web,0,correlator,99.531,1468.9411,834.0218,229761.9932,479.3349,555.5483,145.1286,1143.3358,998.2072,0.002395,1.742185,0.151655,0.1335518,0.365447,38,5.9277,28.6074,4943.8588,32.6863,215,179314,6.5777,5485.9091,0.3735,0.1802
flow_4249,0x10001099,02,Web,0,correlator,114.0103,1480.2668,804.3375,245778.0328,495.7601,311.5048,110.8872,1366.7504,1255.8632,0.002096,2.993126,0.097041,0.043888,0.209495,8,3.852,22.4711,3098.2741,11.1611,115,92498,10.3037,8287.5439,0.4238,0.2287
flow_4261,0x100010a5,02,Web,0,correlator,125.9385,1485.2546,493.2019,137167.9638,370.3619,367.6903,194.4021,1339.9034,1145.5013,0.002744,1.962958,0.151682,0.01078349,0.103844,20,8.5204,20.832,4202.2608,17.3803,114,56225,6.5592,3234.9856,0.3159,0.3746
flow_4273,0x100010b1,02,Web,0,correlator,129.4914,1462.0643,698.938,145927.9012,382.0051,622.865,125.6698,1158.8931,1033.2233,0.003547,1.40928,0.16208,0.01576502,0.125559,8,5.1684,28.1212,3612.3955,7.7772,47,32850,6.0433,4223.8921,0.4644,0.3549
flow_4285,0x100010bd,02,Web,0,correlator,106.503,1485.9704,661.2199,187578.9438,433.1038,422.0832,165.749,1120.3096,954.5607,0.003733,2.018231,0.141484,0.00718241,0.084749,10,6.0518,14.1858,4001.5386,14.4507,102,67444,7.0585,4667.1788,0.2908,0.225
flow_4297,0x100010c9,02,Web,0,correlator,120.3529,1472.5167,792.0487,158317.7293,397.8916,618.7684,197.7254,1265.6893,1067.9639,0.001748,0.565753,0.168558,0.07224285,0.26878,8,8.6198,31.2172,6827.2755,11.8527,70,55443,5.9059,4677.6877,0.3212,0.2514
flow_4309,0x100010d5,02,Web,0,correlator,98.5713,1470.7008,649.5452,159383.938,399.2292,293.1822,151.7164,1369.5721,1217.8558,0.002583,2.079538,0.128814,0.05714876,0.239058,42,4.1464,12.5448,2693.2776,29.0553,225,146147,7.7439,5029.9662,0.4677,0.1452
flow_4321,0x100010e1,02,Web,0,correlator,110.5943,1490.8594,778.204,252781.6477,502.774,599.9499,102.0898,1208.844,1106.7542,0.002495,2.529417,0.119347,0.20003597,0.447254,19,8.1762,27.8005,6362.7525,23.9323,200,155640,8.3569,6503.3344,0.3121,0.2458
flow_4333,0x100010ed,02,Web,0,correlator,122.2671,1453.2507,794.9391,115772.8785,340.2541,275.9498,187.1089,1197.5283,1010.4194,0.004186,2.799543,0.134566,0.0244608,0.1564,11,4.0398,22.1196,3211.3956,18.3152,136,108111,7.4255,5902.8048,0.3107,0.1466
flow_4345,0x100010f9,02,Web,0,correlator,126.8258,1497.9061,673.548,144403.9248,380.0052,590.617,189.0874,1189.1841,1000.0967,0.003937,3.348643,0.100505,0.01225119,0.110685,27,7.6702,25.2003,5166.2499,30.1721,300,202064,9.943,6697.052,0.3639,0.3708
flow_4357,0x10001105,02,Web,0,correlator,110.6649,1457.611,509.192,218853.1496,467.8174,301.2516,184.4331,1250.3374,1065.9042,0.002528,1.133676,0.042294,0.17283824,0.415738,49,8.8553,16.3737,4509.0723,23.5272,556,283110,23.6322,12033.2826,0.2925,0.246
flow_4369,0x10001111,02,Web,0,correlator,99.3075,1471.7421,708.6313,145362.0994,381.2638,375.6871,179.4267,1154.0916,974.6649,0.003617,3.463209,0.1495,0.03215225,0.17931,6,3.5177,23.7092,2492.7338,6.9769,46,32597,6.5932,4672.1422,0.3718,0.2763
flow_4381,0x1000111d,02,Web,0,correlator,99.212,1471.527,681.2716,252059.6627,502.0554,442.5409,176.6329,1234.932,1058.2991,0.002537,1.205983,0.082507,0.09972779,0.315797,11,7.2112,13.7913,4912.7699,7.6076,92,62676,12.0932,8238.6241,0.3881,0.2394
flow_4393,0x10001129,02,Web,0,correlator,84.0148,1446.2461,469.4052,204225.9219,451.9136,316.2123,136.3472,1366.6322,1230.2851,0.002269,0.909874,0.133752,0.01946858,0.13953,22,8.6385,16.6443,4054.9764,27.1401,202,94819,7.4429,3493.6834,0.3773,0.3413
flow_4405,0x10001135,02,Web,0,correlator,123.8362,1444.9989,804.7537,199070.3003,446.1729,573.882,140.2158,1192.0139,1051.7981,0.004878,2.2278,0.135953,0.17942649,0.423588,25,4.866,24.467,3915.922,19.7676,145,116689,7.3352,5903.0289,0.4326,0.2516
flow_4417,0x10001141,02,Web,0,correlator,108.8806,1494.0709,522.0314,235597.094,485.3835,415.8734,148.542,1346.7954,1198.2534,0.001797,0.905096,0.04724,0.07874911,0.280623,41,7.7265,24.3697,4033.4645,26.256,555,289727,21.1381,11034.7147,0.3817,0.2387
flow_4429,0x1000114d,02,Web,0,correlator,98.8615,1462.7965,610.0491,256178.0497,506.1403,558.4254,180.0596,1112.9459,932.8863,0.002238,2.829044,0.056599,0.03147308,0.177407,52,6.4925,17.9033,3960.7306,29.8629,527,321495,17.6473,10765.7142,0.2985,0.3449
flow_4441,0x10001159,02,Web,0,correlator,97.0182,1461.3863,779.181,193170.4585,439.5116,496.3433,195.8552,1167.0009,971.1457,0.003088,1.006736,0.073543,0.0936852,0.30608,19,4.839,22.1615,3770.4931,9.3397,126,98176,13.4908,10511.6651,0.4718,0.297
flow_4453,0x10001165,02,Web,0,correlator,98.9429,1470.8367,848.6773,193605.386,440.0061,268.1244,107.224,1222.3664,1115.1424,0.004457,1.516626,0.177819,0.00733436,0.085641,8,6.1586,22.1562,5226.6941,21.8722,123,104387,5.6236,4772.5948,0.3439,0.3281
flow_4465,0x10001171,02,Web,0,correlator,91.7077,1450.3721,651.2769,109176.862,330.4192,529.0902,188.4267,1158.7746,970.3479,0.00298,3.128744,0.159349,0.13674281,0.369788,7,8.908,16.8411,5801.5482,11.4112,71,46240,6.222,4052.1678,0.3067,0.2274
flow_4477,0x1000117d,02,Web,0,correlator,100.3793,1491.6171,747.961,135961.7417,368.7299,378.5559,143.3084,1148.4439,1005.1354,0.00214,1.356164,0.066443,0.03298101,0.181607,21,7.2399,13.3393,5415.1649,18.3154,275,205689,15.0147,11230.3798,0.3817,0.1811
flow_4489,0x10001189,02,Web,0,correlator,82.3909,1464.4884,824.8554,155113.9227,393.845,608.919,170.0892,1365.4621,1195.3728,0.001783,2.473045,0.053921,0.06806794,0.260898,77,8.7732,21.3964,7236.5946,27.0036,500,412427,18.5161,15273.0574,0.3695,0.3504
flow_4501,0x10001195,02,Web,0,correlator,104.4921,1475.4338,585.6799,187676.9327,433.217,265.1527,102.3877,1371.1654,1268.7778,0.002145,2.891158,0.112283,0.01179953,0.108626,12,6.2633,18.6728,3668.2914,7.8195,69,40411,8.8241,5167.964,0.4756,0.148
flow_4513,0x100011a1,02,Web,0,correlator,101.9626,1477.9839,836.9719,122357.6521,349.7966,603.2674,184.6535,1374.3935,1189.7399,0.004867,0.910628,0.118485,0.02018427,0.142071,9,8.3358,21.1448,6976.8126,13.8446,116,97088,8.3787,7012.7136,0.4295,0.1732
flow_4525,0x100011ad,02,Web,0,correlator,129.2124,1496.1372,657.71,136131.2766,368.9597,584.0344,185.6878,1268.884,1083.1962,0.002872,0.963967,0.086176,0.00739766,0.08601,35,6.3458,16.9639,4173.7025,18.7169,217,142723,11.5938,7625.3668,0.4573,0.152
flow_4537,0x100011b9,02,Web,0,correlator,117.0898,1486.2534,830.0062,203359.7452,450.9543,480.3604,158.128,1127.5255,969.3975,0.002318,3.160517,0.163784,0.18796258,0.433547,22,8.0694,23.5765,6697.6675,25.4697,155,128650,6.0857,5051.1066,0.2992,0.1353
flow_4549,0x100011c5,02,Web,0,correlator,90.5401,1468.3705,681.3916,183148.4622,427.9585,441.8576,160.6292,1336.8192,1176.19,0.002657,0.63106,0.078601,0.01564671,0.125087,31,4.324,18.796,2946.3095,23.5156,299,203736,12.715,8663.8718,0.4626,0.3466
flow_4561,0x100011d1,02,Web,0,correlator,124.5865,1459.6427,736.8133,259431.8842,509.3446,460.5209,183.9376,1224.7069,1040.7693,0.002021,2.794419,0.130084,0.10569292,0.325104,12,5.6444,30.0698,4158.8999,15.571,119,87680,7.6424,5630.976,0.4663,0.1494
flow_4573,0x100011dd,02,Web,0,correlator,109.6894,1454.8653,608.5855,162531.5844,403.1521,609.3541,173.935,1288.8037,1114.8687,0.00145,1.358229,0.046967,0.07833267,0.27988,38,5.4621,26.8819,3324.1778,9.4168,200,121717,21.2387,12925.5504,0.3652,0.1425
flow_4585,0x100011e9,02,Web,0,correlator,103.5154,1492.3572,625.4137,107524.6281,327.9095,373.1396,131.5785,1218.4786,1086.9001,0.003923,2.595184,0.055174,0.01032192,0.101597,22,6.6652,21.1961,4168.4957,11.4949,208,130086,18.095,11316.8747,0.4424,0.252
flow_4597,0x100011f5,02,Web,0,correlator,95.9386,1469.3092,715.4016,134162.1427,366.2815,262.6153,149.2529,1310.9028,1161.65,0.001787,1.524248,0.084843,0.14944125,0.386576,42,5.6857,24.5056,4067.5453,34.3198,404,289022,11.7716,8421.4402,0.4756,0.3142
flow_4609,0x10001201,02,Web,0,correlator,95.3489,1499.399,568.5192,252304.9565,502.2997,609.5065,185.5054,1147.5681,962.0628,0.003639,1.577672,0.106194,0.01890741,0.137504,43,8.2219,13.2047,4674.2793,34.3395,323,183631,9.4061,5347.5223,0.4385,0.3272
flow_4621,0x1000120d,02,Web,0,correlator,106.1307,1448.0342,632.4721,116233.9351,340.931,526.6659,107.5666,1357.8704,1250.3038,0.004406,3.393421,0.043812,0.14696383,0.383359,48,7.6281,14.4013,4824.5307,14.4925,330,208715,22.7704,14401.5644,0.4552,0.3476
flow_4633,0x10001219,02,Web,0,correlator,87.5679,1473.1372,526.688,146208.3778,382.372,566.7577,141.7379,1114.9519,973.214,0.004568,0.732727,0.109621,0.06585748,0.256627,31,4.8978,15.1115,2579.6367,17.5743,160,84270,9.1042,4795.0578,0.3127,0.1529
flow_4645,0x10001225,02,Web,0,correlator,88.1038,1471.7768,553.7263,110085.6933,331.7916,349.0756,127.0886,1286.9457,1159.8571,0.001665,3.277901,0.080178,0.19086859,0.436885,19,7.2305,17.6211,4003.7377,18.2826,228,126249,12.4709,6905.4287,0.3687,0.1796
flow_4657,0x10001231,02,Web,0,correlator,102.6134,1454.2829,453.1886,231894.1015,481.5538,551.4352,111.1306,1263.9955,1152.8649,0.002345,0.734495,0.104324,0.00676261,0.082235,29,5.4413,19.5291,2465.9425,19.621,188,85199,9.5816,4342.2387,0.2945,0.2807
flow_4669,0x1000123d,02,Web,0,correlator,86.7072,1497.0543,494.8303,235902.4615,485.6979,520.3391,175.5081,1268.3027,1092.7946,0.004033,3.35942,0.143886,0.03949419,0.198731,23,4.3752,30.1039,2164.9618,31.9301,221,109357,6.9214,3424.8879,0.3627,0.1847
flow_4681,0x10001249,02,Web,0,correlator,84.5288,1447.743,634.2733,182893.3419,427.6603,326.5126,183.1775,1312.6241,1129.4466,0.001901,2.892708,0.121995,0.03920198,0.197995,25,5.9049,12.3182,3745.3018,30.0245,246,156031,8.1933,5196.7959,0.4443,0.1918
flow_4693,0x10001255,02,Web,0,correlator,100.1471,1455.8974,577.7023,240677.2518,490.5887,257.7597,169.7819,1253.0092,1083.2273,0.002503,3.172696,0.146331,0.09267783,0.30443,9,8.6624,26.6717,5004.2643,18.1121,123,71057,6.791,3923.1763,0.3649,0.3756
flow_4705,0x10001261,02,Web,0,correlator,115.3721,1474.0358,755.1285,144212.8625,379.7537,272.8093,117.2306,1243.2031,1125.9725,0.001183,2.443366,0.110669,0.02494857,0.157951,24,6.5209,26.4588,4924.1381,29.1677,263,198598,9.0168,6808.8306,0.3986,0.1225
flow_4717,0x1000126d,02,Web,0,correlator,95.9489,1468.4984,535.8336,147092.4689,383.5264,317.7013,110.1298,1225.9739,1115.8441,0.001884,2.420762,0.071849,0.02272983,0.150764,38,3.7276,27.3016,1997.3988,16.665,231,123777,13.8614,7427.3559,0.3145,0.279
flow_4729,0x10001279,02,Web,0,correlator,90.6937,1460.2757,567.7859,155930.6613,394.8806,279.782,152.8983,1127.4722,974.574,0.004134,1.702783,0.143048,0.01661668,0.128906,23,6.6882,20.4525,3797.4919,22.7826,159,90277,6.979,3962.5399,0.4093,0.1436
flow_4741,0x10001285,02,Web,0,correlator,127.8894,1442.1614,581.0809,110429.7093,332.3097,558.3847,117.2172,1137.2924,1020.0752,0.001386,2.601728,0.052619,0.06081491,0.246607,18,4.2933,16.6606,2494.783,10.646,202,117378,18.9744,11025.6006,0.4514,0.1244
flow_4753,0x10001291,02,Web,0,correlator,111.7208,1458.3959,452.8507,181628.8464,426.1794,299.273,131.5272,1369.7736,1238.2465,0.003373,2.668971,0.062228,0.12764218,0.35727,13,7.2945,25.4137,3303.3236,10.9056,175,79248,16.0468,7266.7215,0.324,0.2322
flow_4765,0x1000129d,02,Web,0,correlator,126.9679,1498.3593,654.3759,190602.9678,436.581,429.7858,189.2815,1356.0806,1166.7991,0.002013,0.608524,0.050249,0.17125577,0.413831,82,7.3641,20.1867,4818.8923,27.1049,539,352708,19.8857,13012.7079,0.3968,0.2756
flow_4777,0x100012a9,02,Web,0,correlator,81.648,1491.9418,675.7286,192104.7116,438.2975,362.1894,116.4864,1271.5967,1155.1103,0.004369,2.742742,0.151957,0.0422846,0.205632,15,3.9885,22.7801,2695.1119,24.2345,159,107440,6.5609,4433.3524,0.2803,0.3112
flow_4789,0x100012b5,02,Web,0,correlator,106.6572,1479.2066,745.8146,261058.9802,510.9393,308.9215,171.414,1103.8493,932.4354,0.001025,2.612528,0.117596,0.14179246,0.376553,22,7.0389,22.4152,5249.6931,16.9519,144,107397,8.4946,6335.4034,0.3397,0.2411
flow_4801,0x100012c1,02,Web,0,correlator,101.458,1447.2335,752.4291,185221.4946,430.3737,514.4311,108.5181,1250.113,1141.5949,0.004499,3.06712,0.138168,0.0928469,0.304708,39,3.7233,26.5419,2801.4846,32.8114,237,178325,7.2231,5434.8495,0.3508,0.1545
flow_4813,0x100012cd,02,Web,0,correlator,94.1566,1459.8504,571.2008,157365.6345,396.6934,372.6195,143.63,1353.7976,1210.1676,0.003123,2.807591,0.120142,0.03348972,0.183002,42,8.7238,30.7221,4983.0369,34.108,283,161649,8.2972,4739.3262,0.3169,0.1621
flow_4825,0x100012d9,02,Web,0,correlator,93.7725,1484.9102,671.8659,215843.435,464.5895,446.8619,140.6682,1176.3326,1035.6644,0.004225,1.497669,0.045772,0.03640571,0.190803,22,6.2484,21.5901,4198.067,10.5404,230,154529,21.8208,14660.6337,0.3303,0.1465
flow_4837,0x100012e5,02,Web,0,correlator,82.1087,1442.0831,569.3805,168883.7348,410.9547,605.8188,171.1906,1218.676,1047.4854,0.003601,2.646609,0.066194,0.04247778,0.206101,15,8.3816,29.895,4772.3373,12.9976,196,111598,15.0797,8586.0219,0.3984,0.2124
flow_4849,0x100012f1,02,Web,0,correlator,112.0972,1461.2794,742.6086,223669.686,472.9373,342.0958,119.3574,1304.4246,1185.0671,0.002706,0.788587,0.055656,0.0069191,0.083181,13,8.6565,27.9104,6428.3968,8.3254,149,110648,17.897,13290.4202,0.3762,0.3006
flow_4861,0x100012fd,02,Web,0,correlator,98.0324,1474.4369,451.4541,192597.6489,438.8595,270.0726,176.549,1372.8981,1196.349,0.003125,0.475373,0.082947,0.01434419,0.119767,9,7.1681,24.4449,3236.0577,8.0614,97,43791,12.0327,5432.1909,0.3103,0.1665
flow_4873,0x10001309,02,Web,0,correlator,101.1478,1457.3511,699.6448,204328.4246,452.027,470.1913,175.4166,1226.221,1050.8045,0.003597,1.989341,0.084654,0.01671608,0.129291,14,4.5994,31.2529,3217.9134,11.4907,135,94452,11.7486,8219.8509,0.3523,0.1603
flow_4885,0x10001315,02,Web,0,correlator,128.7232,1480.8015,578.5911,256269.9054,506.2311,286.4081,134.3482,1249.6492,1115.3011,0.002121,0.756184,0.057456,0.10601662,0.325602,42,6.1078,27.3016,3533.9013,34.0394,592,342525,17.3916,10062.6082,0.322,0.3001
flow_4897,0x10001321,02,Web,0,correlator,119.7352,1494.7259,758.5819,176623.4328,420.2659,466.5249,143.8584,1394.0739,1250.2155,0.004844,2.758911,0.163318,0.08170683,0.285844,11,5.43,25.2297,4119.1017,22.3237,136,103167,6.0922,4621.4024,0.3646,0.3597
flow_4909,0x1000132d,02,Web,0,correlator,91.8185,1488.6522,728.9447,103839.1122,322.2408,474.6377,145.2588,1381.59,1236.3313,0.003194,0.747065,0.151088,0.16446714,0.405545,11,5.2109,17.8411,3798.4474,22.0781,146,106425,6.6129,4820.3778,0.4571,0.2285
flow_4921,0x10001339,02,Web,0,correlator,94.5892,1451.7184,847.8721,199437.8595,446.5847,382.3694,127.1282,1224.2781,1097.1499,0.004093,2.765605,0.118822,0.14770123,0.384319,14,7.909,23.2523,6705.7906,21.3209,179,151769,8.3955,7118.3068,0.3166,0.3111
flow_4933,0x10001345,02,Web,0,correlator,113.6208,1476.7236,579.8145,140353.662,374.638,598.102,139.7422,1399.1276,1259.3854,0.004328,2.98653,0.070484,0.0547348,0.233955,16,8.9889,24.6474,5211.8881,9.5358,135,78274,14.1571,8208.4204,0.3471,0.1959
flow_4945,0x10001351,02,Web,0,correlator,105.7038,1442.9697,663.4271,246620.2714,496.6088,644.7956,154.0913,1211.0853,1056.994,0.004075,3.195925,0.107644,0.15460169,0.393194,18,6.6775,20.6466,4430.0407,18.383,170,112782,9.2477,6135.1292,0.3302,0.3473
flow_4957,0x1000135d,02,Web,0,correlator,101.8066,1459.0674,496.5434,186770.1524,432.1691,586.0456,161.4698,1270.0722,1108.6024,0.002533,2.046689,0.133925,0.03539034,0.188123,48,5.3438,31.6416,2653.4094,33.6499,251,124632,7.4592,3703.7817,0.4421,0.1345
flow_4969,0x10001369,02,Web,0,correlator,103.6299,1475.6673,721.1372,236765.2976,486.5853,649.932,176.2492,1191.6463,1015.397,0.004761,2.502331,0.165256,0.05481041,0.234116,5,4.2461,29.4016,3062.0196,10.1179,61,43989,6.0289,4347.6348,0.4084,0.2351
flow_4981,0x10001375,02,Web,0,correlator,127.4936,1442.7215,458.6299,180160.5885,424.4533,538.9766,191.6066,1187.3695,995.7629,0.002908,2.963468,0.087789,0.01103919,0.105068,47,8.9355,17.0635,4098.0939,30.5793,348,159603,11.3803,5219.3212,0.4055,0.3616
flow_4993,0x10001381,02,Web,0,correlator,117.9094,1468.8218,638.7648,253307.5058,503.2966,478.6629,164.9224,1290.7456,1125.8233,0.002101,3.495036,0.045729,0.03932365,0.198302,25,6.7974,19.4949,4341.9487,15.9808,349,222928,21.8387,13949.7491,0.3439,0.1429
flow_5005,0x1000138d,02,Web,0,correlator,107.8641,1498.3015,563.1031,188385.6175,434.0341,587.2556,143.4967,1104.4659,960.9692,0.002407,2.58093,0.06615,0.10703746,0.327166,10,6.2502,26.0521,3519.4893,7.5091,113,63630,15.0484,8473.6977,0.2856,0.3675
flow_5017,0x10001399,02,Web,0,correlator,91.8244,1447.2814,687.234,184045.6065,429.0054,301.2074,164.9445,1205.8241,1040.8796,0.002878,2.648939,0.043893,0.16674467,0.408344,21,8.6859,31.0716,5969.2653,9.2804,211,145006,22.7361,15624.9825,0.4299,0.2857
flow_5029,0x100013a5,02,Web,0,correlator,124.1778,1479.1364,664.5003,243155.498,493.108,549.9118,124.3486,1340.5705,1216.2219,0.003054,1.03649,0.176724,0.05223688,0.228554,4,4.1985,21.1173,2789.887,7.036,39,25915,5.543,3683.2212,0.3836,0.3177
flow_5041,0x100013b1,02,Web,0,correlator,87.0679,1474.3908,693.122,249405.5623,499.4052,462.9089,126.8273,1246.7608,1119.9335,0.002262,2.509126,0.125683,0.02262131,0.150404,11,8.6933,19.9146,6025.542,16.7657,133,92185,7.9329,5498.4241,0.4244,0.2297
flow_5053,0x100013bd,02,Web,0,correlator,97.575,1460.0294,626.5948,130181.1019,360.8062,419.9609,182.3261,1266.5739,1084.2478,0.002021,2.569716,0.088949,0.0224639,0.14988,6,6.5918,12.5957,4130.4175,7.4509,83,52007,11.1396,6979.9644,0.3789,0.1941
flow_5065,0x100013c9,02,Web,0,correlator,128.1909,1461.1905,786.838,226333.5503,475.7453,553.8199,103.5379,1350.1049,1246.567,0.002912,3.110327,0.094776,0.10265739,0.320402,13,8.9552,18.4127,7046.3156,14.7151,155,121959,10.5334,8288.0254,0.3465,0.3137
flow_5077,0x100013d5,02,Web,0,correlator,115.9351,1477.3735,782.8584,113257.9501,336.5382,460.7354,131.7335,1278.5647,1146.8312,0.001042,1.285052,0.052135,0.05880512,0.242498,116,8.5602,25.9762,6701.4014,32.7693,628,491635,19.1643,15002.9047,0.4566,0.326
flow_5089,0x100013e1,02,Web,0,correlator,97.3781,1486.8958,513.7049,159611.7504,399.5144,258.5769,183.8484,1114.6115,930.7631,0.003185,3.482069,0.085721,0.14271815,0.377781,18,4.745,28.0442,2437.5547,9.9123,115,59076,11.6017,5959.8398,0.4053,0.3362
flow_5101,0x100013ed,02,Web,0,correlator,98.306,1448.2547,806.3846,118254.5404,343.8816,481.4022,197.6145,1185.9734,988.359,0.002909,2.711502,0.075942,0.02685287,0.163868,23,5.0547,25.5834,4076.0713,9.2103,121,97572,13.1375,10593.8094,0.295,0.3196
flow_5113,0x100013f9,02,Web,0,correlator,127.0187,1488.5823,797.4637,116475.9808,341.2858,640.3519,136.9837,1124.0766,987.0929,0.003494,3.080224,0.141923,0.11659124,0.341455,17,8.0314,27.6809,6404.7568,33.2939,234,186606,7.0283,5604.8066,0.3501,0.2403
flow_5125,0x10001405,02,Web,0,correlator,96.1745,1456.5419,684.5129,240341.1751,490.246,484.6678,116.0572,1142.3872,1026.33,0.004868,0.426589,0.17084,0.06382843,0.252643,4,6.8887,16.1485,4715.3909,6.1656,36,24642,5.8388,3996.672,0.4647,0.128
flow_5137,0x10001411,02,Web,0,correlator,90.9938,1447.8108,633.2867,256804.7745,506.7591,627.9277,193.1006,1252.7663,1059.6657,0.00475,3.442998,0.167385,0.05885352,0.242597,6,4.9446,19.0649,3131.3494,13.267,79,50029,5.9546,3770.9325,0.3874,0.3441
flow_5149,0x1000141d,02,Web,0,correlator,112.0859,1498.8584,819.7603,192494.8848,438.7424,302.1873,119.6128,1206.5524,1086.9396,0.001683,1.68397,0.17924,0.20212907,0.449588,14,8.1874,31.2447,6711.7332,27.8166,155,127062,5.5722,4567.8408,0.4498,0.2893
flow_5161,0x10001429,02,Web,0,correlator,97.0995,1493.0414,539.7674,240941.5061,490.8579,348.6397,191.1922,1168.4033,977.2111,0.002168,2.112664,0.068061,0.00807251,0.089847,24,3.5685,27.7119,1926.1554,14.7339,216,116589,14.66,7912.959,0.3358,0.1657
flow_5173,0x10001435,02,Web,0,correlator,112.5604,1481.2159,649.7412,102517.0293,320.1828,569.9658,137.3425,1176.2187,1038.8762,0.003971,2.84691,0.153771,0.13326079,0.365049,6,4.8432,18.1315,3146.8564,11.3802,74,48080,6.5025,4224.875,0.3319,0.1769
flow_5185,0x10001441,02,Web,0,correlator,81.8645,1469.334,760.0588,111963.307,334.6092,389.2036,113.9607,1315.487,1201.5263,0.002068,2.091502,0.041073,0.05703685,0.238824,15,7.0698,23.027,5373.4731,8.3621,203,154291,24.2763,18451.3037,0.3459,0.1268
flow_5197,0x1000144d,02,Web,0,correlator,126.7858,1444.5948,846.1335,163896.9516,404.8419,445.4886,102.2808,1179.2232,1076.9423,0.002507,3.4005,0.143371,0.18328368,0.428116,14,3.6745,29.2863,3109.1596,27.2377,189,159919,6.9389,5871.2391,0.4426,0.2744
flow_5209,0x10001459,02,Web,0,correlator,111.8673,1490.0493,847.4674,186929.7344,432.3537,392.4151,145.0686,1272.3859,1127.3172,0.004302,3.328421,0.071414,0.02981107,0.172659,46,5.0127,14.4112,4248.1389,30.2479,423,358478,13.9845,11851.3438,0.3168,0.2065
flow_5221,0x10001465,02,Web,0,correlator,110.9689,1470.3545,763.3104,111676.4138,334.1802,292.9831,112.9934,1393.1279,1280.1344,0.002102,1.620647,0.077793,0.12498619,0.353534,17,4.1052,28.27,3133.5226,13.6868,175,133579,12.786,9759.6707,0.4709,0.2124
flow_5233,0x10001471,02,Web,0,correlator,122.0117,1482.2139,496.1823,105095.2244,324.1839,578.3591,117.1116,1243.6436,1126.532,0.004411,2.165451,0.166032,0.00884394,0.094042,16,5.709,27.2241,2832.6969,18.2896,110,54580,6.0143,2984.2097,0.4585,0.1585
flow_5245,0x1000147d,02,Web,0,correlator,83.0547,1481.6446,508.94,232458.3637,482.1394,370.7921,185.8929,1104.8272,918.9343,0.001416,2.834985,0.12916,0.01755398,0.132491,22,6.2596,26.5291,3185.7863,32.105,248,126217,7.7247,3931.3825,0.406,0.1204
flow_5257,0x10001489,02,Web,0,correlator,96.4538,1464.1331,798.1705,213167.9573,461.7012,363.3575,191.5864,1114.3597,922.7734,0.003575,3.414035,0.04824,0.0814168,0.285336,39,4.8103,30.121,3839.4418,16.6881,345,275368,20.6735,16500.9075,0.3119,0.1414
flow_5269,0x10001495,02,Web,0,correlator,116.1501,1491.8723,638.5702,262543.1479,512.3896,341.7238,178.2783,1290.6276,1112.3493,0.004999,3.045694,0.17832,0.11382204,0.337375,14,5.8621,26.3306,3743.3546,22.6755,127,81098,5.6008,3576.4609,0.3105,0.1901
flow_5281,0x100014a1,02,Web,0,correlator,123.8278,1498.6882,656.2862,124309.1711,352.5751,289.7501,161.3369,1334.202,1172.8651,0.003858,3.175398,0.098135,0.18311231,0.427916,22,7.0025,13.6367,4595.6132,25.796,262,171946,10.1566,6665.6145,0.4552,0.189
flow_5293,0x100014ad,02,Web,0,correlator,116.0345,1462.0749,781.3958,102953.9975,320.8645,275.821,184.0849,1215.0738,1030.9889,0.003014,3.208175,0.058764,0.09784067,0.312795,51,4.8677,12.3941,3803.629,27.6424,470,367256,17.0029,13285.9709,0.3945,0.1686
flow_5305,0x100014b9,02,Web,0,correlator,112.7387,1464.2391,773.4756,134833.7251,367.1971,452.1833,180.14,1180.5298,1000.3899,0.001946,2.176694,0.115458,0.18740429,0.432902,32,4.2811,17.0189,3311.3015,29.3458,254,196462,8.6554,6694.7147,0.3609,0.1434
flow_5317,0x100014c5,02,Web,0,correlator,82.7014,1486.5548,649.6688,186289.0596,431.6122,509.1082,115.9831,1280.8551,1164.872,0.002609,1.85275,0.124232,0.02906001,0.17047,7,4.3401,13.5603,2819.6015,8.4922,68,44177,8.0073,5202.0526,0.425,0.2793
flow_5329,0x100014d1,02,Web,0,correlator,96.1244,1499.7132,804.6697,170299.1575,412.6732,572.634,100.4054,1134.9684,1034.5631,0.003914,3.176162,0.056092,0.13723238,0.370449,16,7.7188,21.5693,6211.0914,7.7193,137,110239,17.7478,14280.9965,0.4289,0.1937
flow_5341,0x100014dd,02,Web,0,correlator,116.2113,1441.8911,584.7392,184733.9122,429.8068,255.4254,193.2031,1388.4832,1195.2802,0.004286,1.860734,0.121861,0.00806984,0.089832,46,6.9583,13.7901,4068.8097,29.3416,240,140337,8.1795,4782.8755,0.4383,0.2577
flow_5353,0x100014e9,02,Web,0,correlator,80.3522,1462.2565,842.957,154615.2534,393.2115,480.1602,151.6674,1193.6678,1042.0004,0.001233,3.099011,0.133245,0.1955228,0.44218,30,5.9372,17.2935,5004.7758,23.9281,179,150889,7.4808,6305.9438,0.4673,0.1752
flow_5365,0x100014f5,02,Web,0,correlator,119.9182,1467.7549,666.993,201684.4586,449.0929,320.0251,177.1179,1109.9219,932.8039,0.001949,3.453345,0.127427,0.05607992,0.236812,25,5.4877,27.0075,3660.2533,27.352,214,142736,7.8239,5218.4925,0.3735,0.2425
flow_5377,0x10001501,02,Web,0,correlator,90.6758,1447.3524,531.3363,124679.951,353.1005,537.8017,191.5514,1389.9229,1198.3715,0.002565,3.06446,0.052802,0.08462966,0.290912,51,3.6239,18.6052,1925.486,23.5542,446,236975,18.9351,10060.8394,0.281,0.3302
flow_5389,0x1000150d,02,Web,0,correlator,105.2326,1464.1225,702.0481,133796.2125,365.7816,310.7324,134.2384,1375.7457,1241.5074,0.001856,1.317009,0.149816,0.13068517,0.361504,9,7.6119,17.6933,5343.9256,17.4537,116,81437,6.6462,4665.9006,0.4041,0.1879
flow_5401,0x10001519,02,Web,0,correlator,103.4138,1479.5209,789.4568,238882.3506,488.7559,395.8325,112.1772,1246.9372,1134.76,0.004492,1.296746,0.115335,0.01927304,0.138827,22,7.5685,17.7996,5974.9875,27.5519,238,187890,8.6383,6819.5057,0.4153,0.1644
flow_5413,0x10001525,02,Web,0,correlator,92.1895,1484.8786,688.6616,187906.8895,433.4823,573.66,103.8258,1169.5705,1065.7448,0.003744,1.078575,0.066956,0.1870779,0.432525,53,4.0666,27.7045,2800.4874,33.0244,493,339510,14.9284,10280.5901,0.4367,0.2133
flow_5425,0x10001531,02,Web,0,correlator,83.7352,1497.8506,749.2499,147803.782,384.4526,358.4344,188.5825,1334.6146,1146.0321,0.001836,1.051413,0.151991,0.16110967,0.401385,21,4.8487,25.0461,3632.9012,21.2526,139,104145,6.5404,4900.3343,0.3145,0.1285
flow_5437,0x1000153d,02,Web,0,correlator,99.5482,1487.0388,586.6561,262583.1129,512.4286,519.2222,192.8287,1224.2581,1031.4295,0.002187,1.806178,0.060126,0.02647548,0.162713,35,3.7323,16.2899,2189.5733,16.9572,282,165437,16.6301,9756.1393,0.4034,0.3532
flow_5449,0x10001549,02,Web,0,correlator,91.7304,1499.9772,487.1508,231444.5634,481.0869,435.6635,107.2168,1172.7911,1065.5743,0.001333,1.041579,0.16386,0.03569061,0.18892,21,4.8472,19.0549,2361.3138,23.7135,144,70149,6.0725,2958.1938,0.4696,0.175
flow_5461,0x10001555,02,Web,0,correlator,96.4233,1449.6507,802.8629,154596.009,393.187,373.0228,147.5188,1386.8621,1239.3433,0.002462,3.282943,0.170559,0.03964161,0.199102,12,5.0722,31.851,4072.2792,23.2172,136,109189,5.8577,4702.942,0.3994,0.3058
flow_5473,0x10001561,02,Web,0,correlator,82.8095,1466.8196,547.8416,212947.1564,461.462,435.8519,170.0633,1338.1087,1168.0453,0.004074,3.263382,0.053808,0.01239468,0.111331,25,6.2462,29.9221,3421.9033,12.7485,236,129290,18.5119,10141.5481,0.4776,0.208
flow_5485,0x1000156d,02,Web,0,correlator,94.2857,1440.6776,537.4362,154651.7428,393.2579,255.2805,162.7952,1256.5988,1093.8036,0.002363,3.153562,0.074023,0.0131635,0.114732,9,5.375,30.0496,2888.7281,9.0073,121,65029,13.4335,7219.5803,0.2962,0.2605
flow_5497,0x10001579,02,Web,0,correlator,98.7685,1490.006,799.2277,222906.4796,472.1297,437.0726,141.2017,1135.425,994.2232,0.002289,1.119896,0.066046,0.12836073,0.358275,67,4.3971,19.1853,3514.2455,25.1433,380,303706,15.1134,12079.0062,0.3678,0.341
flow_5509,0x10001585,02,Web,0,correlator,118.1143,1474.6706,574.3391,184593.755,429.6438,302.1389,142.0823,1336.297,1194.2147,0.00452,0.423059,0.138218,0.0071448,0.084527,15,8.5761,13.8745,4925.6163,27.5858,199,114293,7.2139,4143.1847,0.2824,0.2158
flow_5521,0x10001591,02,Web,0,correlator,90.8866,1451.1116,510.8009,200366.7167,447.6234,488.9892,117.8912,1279.7588,1161.8677,0.004136,0.862724,0.069012,0.02640588,0.162499,27,3.7908,29.1813,1936.3425,25.2415,365,186442,14.4603,7386.3211,0.3626,0.3366
flow_5533,0x1000159d,02,Web,0,correlator,87.4526,1474.8519,539.2779,124940.5875,353.4694,460.6374,100.897,1272.4553,1171.5583,0.00254,1.288959,0.04885,0.02857177,0.169032,65,7.0347,28.9212,3793.674,27.968,572,308466,20.452,11029.2596,0.4486,0.3306
flow_5545,0x100015a9,02,Web,0,correlator,84.6513,1473.2413,776.307,119084.1249,345.0857,278.1535,195.1549,1357.9548,1162.7999,0.001986,1.895499,0.061621,0.15281187,0.390912,14,4.8633,14.203,3775.438,11.5731,187,145169,16.1582,12543.6663,0.3227,0.2606
flow_5557,0x100015b5,02,Web,0,correlator,108.1979,1499.4279,840.1657,224883.8463,474.2192,484.3312,124.8675,1154.5661,1029.6986,0.001477,1.559505,0.076983,0.15442348,0.392968,40,7.0891,22.7017,5955.9818,32.6719,424,356230,12.9775,10903.2487,0.3021,0.3429
flow_5569,0x100015c1,02,Web,0,correlator,123.2151,1448.8186,533.9556,120818.8599,347.5901,563.0184,114.41,1130.2802,1015.8702,0.00304,1.969689,0.102113,0.15751664,0.396884,41,5.2391,27.5056,2797.4213,22.1467,216,115334,9.7532,5207.7398,0.3083,0.34
flow_5581,0x100015cd,02,Web,0,correlator,80.7946,1442.2258,608.6331,114476.8933,338.3443,284.2323,121.333,1243.257,1121.924,0.002333,3.414451,0.102646,0.08633884,0.293835,27,5.8072,21.0163,3534.4691,16.8986,164,99815,9.705,5906.7186,0.4703,0.3523
flow_5593,0x100015d9,02,Web,0,correlator,81.7381,1484.1315,833.1159,114163.6837,337.8812,488.3764,125.5701,1212.456,1086.886,0.002128,0.610317,0.178128,0.08572177,0.292783,12,3.9572,19.9129,3296.8417,22.3129,125,104139,5.6021,4667.2024,0.4649,0.2632
flow_5605,0x100015e5,02,Web,0,correlator,123.5873,1495.9064,836.5993,239858.9621,489.754,391.9736,147.4688,1349.7265,1202.2577,0.004593,1.519154,0.127974,0.02159578,0.146955,5,8.5665,25.1148,7166.7161,6.0524,47,39320,7.7656,6496.6445,0.4589,0.2133
flow_5617,0x100015f1,02,Web,0,correlator,87.7938,1464.9669,651.3751,107122.3534,327.2955,619.5806,100.1624,1114.4373,1014.2749,0.003675,2.843241,0.104052,0.03987903,0.199697,19,5.2291,24.2949,3406.1056,26.7329,256,166752,9.5762,6237.6995,0.4597,0.2925
flow_5629,0x100015fd,02,Web,0,correlator,94.5381,1467.304,466.1229,237168.9798,487.0,626.5866,137.39,1353.3086,1215.9186,0.003584,1.333635,0.070882,0.08460851,0.290875,17,4.9376,29.1297,2301.5247,13.6828,193,89961,14.1053,6574.7346,0.4541,0.2479
flow_5641,0x10001609,02,Web,0,correlator,81.3347,1484.865,692.1574,209227.6976,457.4141,269.1949,120.6429,1162.7014,1042.0585,0.001647,2.176628,0.086837,0.06259193,0.250184,31,6.0028,30.176,4154.8935,26.856,309,213876,11.5058,7963.7947,0.4076,0.2985
flow_5653,0x10001615,02,Web,0,correlator,124.3811,1497.8725,588.2243,264691.9488,514.4822,527.9961,144.5195,1264.2394,1119.7199,0.004609,0.705682,0.089163,0.04932691,0.222097,19,4.5665,23.6175,2686.1509,17.858,200,117644,11.1995,6587.754,0.4676,0.2443
flow_5665,0x10001621,02,Web,0,correlator,98.11,1494.6679,500.4724,175190.6156,418.5578,583.6733,172.3915,1283.835,1111.4435,0.003739,2.994712,0.10502,0.06660441,0.258078,6,8.5352,25.3854,4271.6439,9.4267,89,44542,9.4413,4725.0978,0.3838,0.2696
flow_5677,0x1000162d,02,Web,0,correlator,110.769,1493.6793,628.687,158768.0709,398.4571,567.1006,139.9319,1320.0726,1180.1407,0.001832,2.363811,0.119783,0.05886227,0.242615,12,8.7118,18.1472,5476.9969,15.5366,129,81100,8.303,5219.9305,0.2912,0.3484
flow_5689,0x10001639,02,Web,0,correlator,97.8519,1479.4851,534.5265,123740.8103,351.7681,631.6178,158.3516,1269.4589,1111.1073,0.004282,2.127652,0.130476,0.03763557,0.193999,17,6.7928,23.9089,3630.9256,16.9478,129,68953,7.6116,4068.5623,0.3131,0.3187
flow_5701,0x10001645,02,Web,0,correlator,84.9278,1491.9998,655.8033,254022.6797,504.0066,264.7551,154.6897,1192.201,1037.5112,0.002431,2.700248,0.144004,0.06554947,0.256026,4,3.5458,22.5524,2325.3498,7.0098,48,31478,6.8475,4490.5544,0.3203,0.2487
flow_5713,0x10001651,02,Web,0,correlator,111.7505,1447.5273,553.9828,198157.2646,445.1486,437.5339,163.4994,1174.7726,1011.2732,0.003137,0.48429,0.046509,0.03727624,0.193071,15,5.2357,21.9738,2900.4892,6.3597,136,75341,21.3845,11846.5392,0.2988,0.2372
flow_5725,0x1000165d,02,Web,0,correlator,85.5217,1479.9124,517.6193,138579.5347,372.2627,565.8405,166.6042,1145.1973,978.5931,0.003264,1.214827,0.141027,0.04408666,0.209968,10,8.3325,12.9582,4313.0586,11.7732,83,42962,7.0499,3649.1231,0.4263,0.3627
flow_5737,0x10001669,02,Web,0,correlator,109.3718,1492.635,760.16,108295.2819,329.0825,560.9092,150.9736,1355.5229,1204.5494,0.002587,1.661191,0.178295,0.04313145,0.207681,4,8.4725,14.2079,6440.4886,11.718,65,49410,5.547,4216.5736,0.3231,0.3426
flow_5749,0x10001675,02,Web,0,correlator,97.4405,1450.6932,651.2251,164167.5051,405.1759,462.428,136.8478,1127.7748,990.927,0.004223,2.902225,0.141264,0.10500999,0.324052,11,8.2775,27.1429,5390.5319,19.8344,140,91171,7.0584,4596.6053,0.331,0.1727
flow_5761,0x10001681,02,Web,0,correlator,124.5429,1495.7065,634.4096,166352.4447,407.8633,399.6941,108.3131,1362.2983,1253.9851,0.002012,0.870192,0.147166,0.0174416,0.132067,15,4.9184,14.0179,3120.2906,28.1729,191,121172,6.7796,4301.0108,0.3536,0.1549
flow_5773,0x1000168d,02,Web,0,correlator,128.7879,1445.9274,725.1773,222148.5694,471.3264,604.1779,186.8829,1300.3708,1113.4879,0.003659,1.892165,0.048279,0.09188538,0.303126,37,7.0762,24.4716,5131.5006,16.9923,351,254537,20.6564,14979.5423,0.4336,0.2979
flow_5785,0x10001699,02,Web,0,correlator,115.5986,1470.5691,657.9157,232069.3119,481.7357,309.0789,155.8379,1376.8708,1221.0329,0.004308,1.758421,0.148192,0.01852107,0.136092,22,7.8655,22.5606,5174.8156,32.3623,218,143425,6.7362,4431.8539,0.4026,0.2212
flow_5797,0x100016a5,02,Web,0,correlator,114.208,1485.8308,493.8077,187164.1788,432.6248,475.8153,140.6948,1264.9502,1124.2554,0.001205,1.679118,0.064127,0.09483233,0.307949,67,8.7842,20.0325,4337.6973,21.9919,342,168882,15.5512,7679.289,0.3244,0.249
flow_5809,0x100016b1,02,Web,0,correlator,97.7332,1471.9587,590.2949,120012.9268,346.4288,265.1976,153.0096,1186.813,1033.8034,0.004069,2.297005,0.152288,0.03865961,0.19662,11,4.8125,30.9655,2840.8104,23.3859,153,90315,6.5424,3861.9377,0.3158,0.1595
flow_5821,0x100016bd,02,Web,0,correlator,85.9057,1463.4638,601.1336,138979.3874,372.7994,443.5948,197.6763,1212.9151,1015.2388,0.002256,1.267339,0.044368,0.01837468,0.135553,22,7.7332,26.5842,4648.7038,12.646,285,171323,22.5368,13547.622,0.3139,0.3746
flow_5833,0x100016c9,02,Web,0,correlator,109.6085,1490.8927,700.3467,102680.7145,320.4383,517.0884,194.5627,1258.6324,1064.0696,0.001616,3.488745,0.105701,0.04253681,0.206245,27,5.9389,19.4349,4159.294,32.0265,302,211504,9.4297,6604.0402,0.4583,0.2023
flow_5845,0x100016d5,02,Web,0,correlator,127.6857,1471.8722,494.8429,237576.0759,487.4178,326.9145,170.5117,1201.2257,1030.714,0.004747,2.171962,0.079225,0.04594988,0.214359,18,5.8794,23.6682,2909.3643,19.6162,247,122226,12.5916,6230.8583,0.3167,0.1695
flow_5857,0x100016e1,02,Web,0,correlator,117.587,1464.7979,601.1689,108835.8219,329.9027,371.2678,164.8421,1370.4142,1205.5721,0.003674,0.502713,0.085607,0.1361003,0.368918,60,4.9536,18.4642,2977.9643,30.1246,351,211010,11.6516,7004.5665,0.4584,0.2697
flow_5869,0x100016ed,02,Web,0,correlator,102.6399,1460.5083,558.7782,269259.002,518.9017,396.1126,155.3797,1125.8821,970.5024,0.00286,1.958878,0.089112,0.00896472,0.094682,44,4.7168,30.7825,2635.6357,21.3235,239,133547,11.2083,6262.8993,0.3489,0.2293
flow_5881,0x100016f9,02,Web,0,correlator,109.7959,1475.137,675.1136,172218.9687,414.9927,310.6335,157.4272,1210.0037,1052.5765,0.002997,2.775997,0.128315,0.15804909,0.397554,13,5.5751,14.4163,3763.8274,14.98,116,78313,7.7436,5227.8203,0.307,0.3453
flow_5893,0x10001705,02,Web,0,correlator,105.3866,1457.4163,840.9126,201500.7589,448.8884,579.475,190.32,1212.9858,1022.6658,0.001464,0.47917,0.153133,0.00836025,0.091434,15,6.2393,31.412,5246.6768,22.4424,146,122773,6.5055,5470.5793,0.2998,0.279
flow_5905,0x10001711,02,Web,0,correlator,84.3368,1492.9703,685.5076,170434.455,412.8371,286.5915,128.0838,1315.898,1187.8142,0.00328,2.083683,0.151388,0.12262964,0.350185,7,6.8108,14.5795,4668.8738,14.2568,94,64437,6.5933,4519.7295,0.3823,0.2301
flow_5917,0x1000171d,02,Web,0,correlator,92.4694,1448.9988,805.6313,222440.5624,471.636,269.2688,178.0066,1337.6209,1159.6143,0.001324,0.751408,0.133724,0.0243511,0.156048,4,7.3589,13.6705,5928.5798,6.6744,49,39475,7.3415,5914.4285,0.3135,0.1709
flow_5929,0x10001729,02,Web,0,correlator,81.2446,1480.8887,813.1828,213759.1203,462.3409,339.4879,183.9538,1257.752,1073.7982,0.001673,2.332543,0.056909,0.0279542,0.167195,35,5.4306,15.9112,4416.0367,27.3204,480,390327,17.5693,14287.0367,0.3102,0.2669
flow_5941,0x10001735,02,Web,0,correlator,86.8265,1444.8565,815.0819,219415.0696,468.4176,492.7695,177.2911,1276.7521,1099.461,0.00454,1.203941,0.128891,0.14611188,0.382246,8,7.9291,12.577,6462.8379,7.4021,57,46459,7.7005,6276.4316,0.4426,0.2711
flow_5953,0x10001741,02,Web,0,correlator,129.9877,1495.791,757.3895,209946.3779,458.1991,557.1527,172.0439,1242.1644,1070.1205,0.001418,0.937434,0.159519,0.17472997,0.418007,10,7.7562,23.7556,5874.4807,18.9153,118,89371,6.2383,4724.7875,0.2971,0.129
flow_5965,0x1000174d,02,Web,0,correlator,124.873,1475.6714,525.6698,173948.9171,417.0718,353.069,192.6362,1192.129,999.4928,0.003366,1.681586,0.052462,0.02650197,0.162794,23,6.1067,17.4222,3210.1165,10.6251,202,106185,19.0115,9993.7464,0.4578,0.1425
flow_5977,0x10001759,02,Web,0,correlator,123.2688,1442.2143,849.7278,228164.405,477.6656,635.4317,172.1595,1138.2759,966.1164,0.004283,1.995756,0.084451,0.00958803,0.097918,21,3.5684,21.8171,3032.204,11.7616,139,118112,11.8181,10042.1585,0.3181,0.2108
flow_5989,0x10001765,02,Web,0,correlator,84.7289,1489.6615,521.4587,140087.7636,374.283,331.0219,139.208,1205.6112,1066.4032,0.004608,2.091812,0.085024,0.0867993,0.294617,18,4.6135,27.2872,2405.7392,21.4516,252,131407,11.7474,6125.7468,0.2917,0.2185
flow_6001,0x10001771,02,Email,0,correlator,110.8904,1163.0734,303.7496,10214.9975,101.0693,178.5721,157.1271,538.0103,380.8832,0.055686,9.639102,0.725497,2.5808131,1.606491,4,4.695,5.511,1426.0922,17.7966,24,7289,1.3486,409.5728,0.5152,0.4644
flow_6013,0x1000177d,02,Email,0,correlator,130.0512,655.9652,413.9937,18280.3145,135.2047,188.6476,159.4309,370.4757,211.0448,0.042077,11.359706,0.943789,2.72140294,1.649668,5,4.8698,6.7482,2016.0805,27.81,29,12005,1.0428,431.6792,0.4413,0.4132
flow_6025,0x10001789,02,Email,0,correlator,107.5793,665.9042,243.2215,9454.1334,97.2324,267.2927,110.3784,507.9486,397.5703,0.055915,4.609471,0.360687,2.68534015,1.638701,12,3.0414,9.7707,739.7414,29.5471,81,19700,2.7414,666.7325,0.4518,0.5128
flow_6037,0x10001795,02,Email,0,correlator,101.8066,1046.049,254.9067,9887.4847,99.4358,235.4805,145.4953,481.7606,336.2654,0.02852,11.184408,0.496896,1.15496846,1.074695,3,2.259,11.319,575.8287,11.2809,22,5607,1.9502,497.0346,0.4463,0.4579
flow_6049,0x100017a1,02,Email,0,correlator,89.8355,958.5037,321.7931,49947.5947,223.4896,192.02,104.6702,431.9101,327.2399,0.048137,3.495063,0.256521,2.20132974,1.483688,8,3.0389,5.0347,977.9106,9.7462,37,11906,3.7963,1221.6037,0.6163,0.5367
flow_6061,0x100017ad,02,Email,0,correlator,132.3447,651.8855,290.3696,15959.8839,126.3324,175.4911,128.0424,514.2159,386.1736,0.057426,2.624934,0.939217,2.0135621,1.419,3,3.3071,7.2303,960.2863,16.823,17,4936,1.0105,293.4075,0.5991,0.3737
flow_6073,0x100017b9,02,Email,0,correlator,125.2819,782.1484,221.3739,34702.2678,186.2854,231.6687,112.4953,533.6354,421.1401,0.047425,4.530925,0.946036,1.02299694,1.011433,4,3.9583,10.3745,876.2588,13.5876,15,3320,1.104,244.3412,0.4863,0.4832
flow_6085,0x100017c5,02,Email,0,correlator,85.8901,801.8217,301.5384,10790.7556,103.8786,227.7303,148.3461,405.6054,257.2594,0.013869,11.166812,0.468662,1.00250522,1.001252,3,4.1247,7.3254,1243.745,10.1542,21,6332,2.0681,623.5814,0.4688,0.6369
flow_6097,0x100017d1,02,Email,0,correlator,129.5217,891.1235,412.7444,35449.1206,188.2794,163.6057,127.3115,506.9212,379.6098,0.031977,11.128232,0.800761,1.56851931,1.252405,5,4.8545,7.7579,2003.6731,15.7291,19,7842,1.2079,498.5648,0.441,0.488
flow_6109,0x100017dd,02,Email,0,correlator,94.3211,820.7542,317.3727,53031.5902,230.2859,209.4891,134.473,411.1621,276.6891,0.015081,6.056729,0.823722,1.13576353,1.065722,4,3.5839,7.6648,1137.4285,20.9254,25,7934,1.1947,379.1564,0.6178,0.4303
flow_6121,0x100017e9,02,Email,0,correlator,118.7921,1125.7118,311.5926,18985.3556,137.7874,282.24,105.7665,429.2291,323.4626,0.052928,10.15391,0.525557,1.22562634,1.10708,5,2.8908,9.4956,900.7488,16.539,31,9659,1.8744,584.0125,0.4457,0.5949
flow_6133,0x100017f5,02,Email,0,correlator,128.3279,652.8496,362.0169,13813.8646,117.5324,271.4123,136.8845,431.9379,295.0534,0.031164,4.622228,0.4921,0.62410486,0.790003,6,2.6693,5.0674,966.3415,15.3824,31,11222,2.0153,729.5328,0.5756,0.5904
flow_6145,0x10001801,02,Email,0,correlator,123.2562,1175.108,270.1595,35562.0353,188.579,201.548,113.5299,379.4064,265.8765,0.036858,8.989811,0.506516,0.79708479,0.892796,8,2.6149,6.4201,706.4396,19.8387,39,10536,1.9659,531.0838,0.4979,0.4745
flow_6157,0x1000180d,02,Email,0,correlator,92.7165,939.6016,254.4212,53662.7625,231.6522,202.8148,133.4149,510.2653,376.8504,0.047318,2.816375,0.537005,2.38488711,1.544308,8,3.1599,10.1339,803.9556,28.3662,52,13229,1.8332,466.365,0.5627,0.4819
flow_6169,0x10001819,02,Email,0,correlator,104.9199,1074.8241,230.1745,31366.9477,177.1072,232.5484,110.4141,444.7378,334.3237,0.05945,10.085407,0.598168,2.29972702,1.516485,7,3.0508,6.5019,702.2187,15.6298,26,5984,1.6635,382.8592,0.4954,0.643
flow_6181,0x10001825,02,Email,0,correlator,115.5675,1025.6793,309.6096,12161.3714,110.2786,245.9203,138.5086,431.7579,293.2493,0.059538,6.047089,0.267835,0.61034204,0.781244,17,4.5207,13.6747,1399.6654,28.8212,107,33128,3.7125,1149.4315,0.5489,0.4008
flow_6193,0x10001831,02,Email,0,correlator,90.2061,1014.2883,342.4783,14883.6791,121.9987,211.0102,154.5385,491.2789,336.7404,0.051582,6.519897,0.693438,0.9456594,0.97245,3,3.9493,7.03,1352.5449,17.5976,25,8561,1.4206,486.4856,0.5464,0.6482
flow_6205,0x1000183d,02,Email,0,correlator,124.9625,1026.4472,227.1889,20352.8702,142.6635,239.8813,150.0088,413.4988,263.49,0.011384,10.542938,0.751128,1.62816844,1.275997,4,3.5823,10.5706,813.8682,20.9145,27,6134,1.291,293.2895,0.6189,0.4168
flow_6217,0x10001849,02,Email,0,correlator,88.4221,1141.2768,258.5252,57363.4017,239.5066,203.0583,125.5589,474.2186,348.6597,0.038617,3.450511,0.40332,2.45513671,1.566888,7,4.3992,13.6395,1137.3114,20.3096,50,12926,2.4619,636.4466,0.5198,0.4684
flow_6229,0x10001855,02,Email,0,correlator,103.4299,630.7721,363.9815,52434.0784,228.9849,241.5903,125.7483,463.9375,338.1892,0.047891,6.581678,0.839173,0.99947281,0.999736,2,4.3338,5.2941,1577.4307,15.2264,18,6551,1.1822,430.2389,0.4979,0.6142
flow_6241,0x10001861,02,Email,0,correlator,102.289,1099.0508,262.2339,50562.6766,224.8615,280.3562,142.9846,505.6232,362.6386,0.056534,10.304426,0.675317,3.09865995,1.760301,3,4.1769,13.3028,1095.3181,16.9658,25,6555,1.4736,386.3654,0.4389,0.4583
flow_6253,0x1000186d,02,Email,0,correlator,90.4968,1082.8721,263.4769,13220.1257,114.9788,225.7871,110.9558,501.776,390.8202,0.058244,7.859572,0.424882,2.5500291,1.596881,7,3.0152,13.1879,794.4379,14.9323,35,9221,2.3439,617.5198,0.4041,0.3683
flow_6265,0x10001879,02,Email,0,correlator,131.6999,1046.4441,290.5982,35319.4895,187.9348,299.1503,101.2741,546.2122,444.9381,0.056995,5.709765,0.594431,1.22269544,1.105756,7,4.1206,7.1608,1197.4437,17.6446,29,8427,1.6436,477.5961,0.4135,0.3507
flow_6277,0x10001885,02,Email,0,correlator,101.7433,679.1155,390.6303,11518.4658,107.3241,199.2053,105.4289,467.9191,362.4901,0.059208,4.724789,0.617012,2.93423668,1.712961,10,4.746,8.2711,1853.9179,21.4968,34,13281,1.5816,617.8133,0.6104,0.3939
flow_6289,0x10001891,02,Email,0,correlator,136.6926,1006.7887,283.2829,34346.9898,185.3294,178.0668,114.545,390.0346,275.4896,0.041871,3.119625,0.6031,1.76090995,1.326993,12,4.8976,10.4071,1387.4199,25.9417,43,12181,1.6576,469.5536,0.4387,0.375
flow_6301,0x1000189d,02,Email,0,correlator,112.4411,694.4886,397.0502,30509.1485,174.6687,251.3886,138.7381,468.9794,330.2413,0.039454,11.474422,0.648735,1.50713842,1.227656,3,3.7278,8.2116,1480.1379,10.43,16,6352,1.534,609.0145,0.5193,0.589
flow_6313,0x100018a9,02,Email,0,correlator,131.9054,611.0611,330.279,26689.0887,163.368,198.5878,116.2874,441.0643,324.7769,0.010899,6.77104,0.871573,2.3073703,1.519003,4,3.1854,7.7935,1052.0742,14.0265,16,5284,1.1407,376.7154,0.4014,0.4343
flow_6325,0x100018b5,02,Email,0,correlator,101.9698,862.8746,309.1376,23841.9331,154.4083,217.5593,129.9376,474.4429,344.5053,0.03264,4.865828,0.672347,0.96497492,0.982331,3,3.7759,7.3302,1167.2701,10.0741,15,4637,1.489,460.2887,0.6161,0.6177
flow_6337,0x100018c1,02,Email,0,correlator,132.7441,805.621,407.8529,28422.071,168.5885,234.5298,135.1972,416.9637,281.7665,0.053725,3.985457,0.663035,1.52651024,1.23552,5,3.1926,8.7473,1302.1005,18.527,27,11012,1.4573,594.3759,0.5947,0.5318
flow_6349,0x100018cd,02,Email,0,correlator,97.7892,1148.3763,249.2789,47981.491,219.0468,233.2733,144.0747,520.4152,376.3405,0.025521,4.032142,0.880328,0.79360659,0.890846,3,2.394,8.065,596.7735,13.3388,15,3739,1.1245,280.3106,0.5087,0.6076
flow_6361,0x100018d9,02,Email,0,correlator,103.8461,1047.0379,247.5172,20038.6609,141.558,240.0276,133.0543,447.2383,314.184,0.055308,7.612303,0.881863,0.3652636,0.60437,8,3.7718,10.9421,933.5794,26.7987,30,7425,1.1195,277.0662,0.5981,0.4412
flow_6373,0x100018e5,02,Email,0,correlator,116.5631,860.0996,404.1347,18059.6369,134.3861,176.3474,143.3384,386.6699,243.3315,0.023322,9.426802,0.390899,1.4890761,1.220277,7,4.6877,6.056,1894.4599,16.5908,42,16973,2.5315,1023.0362,0.5662,0.6373
flow_6385,0x100018f1,02,Email,0,correlator,132.493,1166.7415,247.2114,27318.6426,165.2835,259.4345,128.4427,499.2017,370.759,0.031643,3.703537,0.618824,0.45521941,0.674699,13,4.7866,6.9236,1183.314,26.3588,42,10382,1.5934,393.8719,0.5364,0.6022
flow_6397,0x100018fd,02,Email,0,correlator,80.3798,823.1187,234.7457,31770.9725,178.2441,170.7498,153.0836,454.8318,301.7482,0.051236,8.013577,0.68027,2.28498593,1.511617,4,4.7255,6.358,1109.2845,10.3493,15,3521,1.4494,340.216,0.6035,0.3829
flow_6409,0x10001909,02,Email,0,correlator,126.4108,805.8265,357.9326,25081.7989,158.3723,269.3979,101.663,473.1753,371.5123,0.02474,8.290117,0.87249,1.84297139,1.357561,5,4.7878,5.934,1713.7058,19.5239,22,7874,1.1268,403.2997,0.4257,0.6231
flow_6421,0x10001915,02,Email,0,correlator,100.8715,853.1645,317.1332,24323.5259,155.96,180.6028,155.7192,385.9856,230.2664,0.027636,6.697934,0.739784,0.52843062,0.726932,2,3.968,5.2244,1258.386,13.4333,18,5708,1.34,424.915,0.5553,0.4577
flow_6433,0x10001921,02,Email,0,correlator,117.5415,991.2987,360.1512,38623.5083,196.5286,168.9968,157.7315,460.1643,302.4328,0.025467,6.603401,0.500497,1.23187083,1.109897,10,2.3935,9.1267,862.0175,26.0634,52,18727,1.9951,718.517,0.415,0.3625
flow_6445,0x1000192d,02,Email,0,correlator,84.4832,767.6002,287.9012,34006.2879,184.4079,289.0273,123.9849,488.2677,364.2828,0.029172,10.509752,0.835317,2.01247113,1.418616,4,3.1607,9.7803,909.9692,14.9793,17,4894,1.1349,326.7172,0.4636,0.4343
flow_6457,0x10001939,02,Email,0,correlator,117.0222,829.8197,283.4864,53518.8515,231.3414,174.8638,115.9965,442.6811,326.6846,0.012176,7.376209,0.784749,2.19637436,1.482017,3,2.1287,13.0241,603.4631,19.8335,25,7087,1.2605,357.3241,0.4674,0.5165
flow_6469,0x10001945,02,Email,0,correlator,100.9988,730.9982,336.4322,12456.0869,111.6068,160.8241,112.3623,443.4555,331.0933,0.0315,8.947125,0.925508,0.74443618,0.862807,3,3.1635,10.1069,1064.3142,8.4299,15,5046,1.7794,598.5812,0.584,0.4633
flow_6481,0x10001951,02,Email,0,correlator,92.1085,796.9721,384.4196,52568.9467,229.2792,205.9582,112.7232,492.7089,379.9857,0.049562,8.989574,0.316063,1.18783056,1.089876,22,2.0214,9.0612,777.0702,22.2019,70,26909,3.1529,1212.0151,0.3957,0.615
flow_6493,0x1000195d,02,Email,0,correlator,128.2238,887.1642,402.6706,15343.7566,123.8699,296.4461,133.842,423.803,289.961,0.01262,3.354619,0.395509,1.35451262,1.163835,4,4.7971,11.9982,1931.6641,8.5271,21,8456,2.4627,991.6586,0.6191,0.5808
flow_6505,0x10001969,02,Email,0,correlator,112.1475,689.4579,363.864,30002.9699,173.2137,180.3884,122.7813,463.9526,341.1712,0.012635,7.701956,0.917492,1.241574,1.114259,5,2.7874,7.9603,1014.2179,29.7621,32,11643,1.0752,391.2019,0.4277,0.3654
flow_6517,0x10001975,02,Email,0,correlator,121.0951,864.5805,301.8229,32317.4393,179.7705,179.9953,105.7442,421.3068,315.5627,0.050526,7.917827,0.891306,1.11643973,1.056617,2,4.3971,6.7657,1327.1419,15.797,17,5130,1.0762,324.7456,0.4422,0.4091
flow_6529,0x10001981,02,Email,0,correlator,98.9054,942.6122,351.5396,11120.6932,105.4547,251.534,128.7684,394.5593,265.7909,0.046053,11.426637,0.572863,2.28321344,1.511031,7,3.2939,5.0503,1157.945,29.9959,52,18280,1.7336,609.4158,0.4755,0.5201
flow_6541,0x1000198d,02,Email,0,correlator,97.1468,997.011,398.4895,48671.5398,220.6163,231.6409,121.5905,376.7025,255.1121,0.045841,8.696696,0.719047,0.60594272,0.778423,4,4.1637,9.276,1659.2005,19.8484,27,10759,1.3603,542.058,0.571,0.4765
flow_6553,0x10001999,02,Email,0,correlator,85.2742,946.3073,401.691,35990.3704,189.7113,183.5944,119.1951,369.7637,250.5685,0.027337,8.071311,0.628004,1.55334381,1.246332,12,3.5856,6.1605,1440.2882,27.5187,43,17272,1.5626,627.6468,0.4099,0.5408
flow_6565,0x100019a5,02,Email,0,correlator,118.5882,888.5487,256.695,28636.1022,169.222,284.1894,146.6313,444.9083,298.277,0.034704,10.834451,0.335672,0.81702659,0.903895,5,4.0248,11.7197,1033.1403,10.6887,31,7957,2.9003,744.4305,0.5248,0.5862
flow_6577,0x100019b1,02,Email,0,correlator,137.4626,919.8798,415.3664,26322.6228,162.2425,246.3921,143.3953,396.7563,253.361,0.052899,2.530584,0.750226,1.67064322,1.292534,4,4.1866,7.8911,1738.9691,25.3441,33,13707,1.3021,540.8367,0.6058,0.3991
flow_6589,0x100019bd,02,Email,0,correlator,132.7138,1086.4617,417.0211,22292.0413,149.3052,189.6276,112.1371,478.4317,366.2946,0.020019,9.524548,0.913365,0.40166259,0.633769,7,3.6551,7.4017,1524.2637,27.2792,29,12093,1.0631,443.305,0.4532,0.5972
flow_6601,0x100019c9,02,Email,0,correlator,88.9004,775.9285,418.6684,23851.6451,154.4398,178.5712,118.047,540.2929,422.2459,0.019001,8.515366,0.700321,1.15249917,1.073545,5,4.8971,11.8785,2050.2718,21.5298,30,12560,1.3934,583.3779,0.5827,0.3703
flow_6613,0x100019d5,02,Email,0,correlator,87.2982,608.4233,337.0009,18058.6986,134.3827,270.0673,150.9392,418.3153,267.376,0.058355,5.50327,0.34766,1.0727516,1.035737,11,4.407,12.9182,1485.1777,25.3838,73,24601,2.8759,969.1627,0.4591,0.6076
flow_6625,0x100019e1,02,Email,0,correlator,85.6297,648.2151,383.7536,48443.2625,220.0983,252.6988,148.4983,356.0955,207.5972,0.056083,8.779783,0.892867,1.37406386,1.172205,4,2.4365,5.0232,935.0243,26.3338,29,11128,1.1012,422.5751,0.4615,0.432
flow_6637,0x100019ed,02,Email,0,correlator,88.705,1037.6134,239.3094,50941.2413,225.7017,177.6781,100.8474,389.1146,288.2671,0.016594,3.756244,0.783711,1.89531054,1.376703,3,3.485,8.5856,834.0034,8.5766,15,3589,1.7489,418.4625,0.4194,0.5768
flow_6649,0x100019f9,02,Email,0,correlator,116.8712,772.7427,232.8782,56632.454,237.9757,284.5623,153.5365,435.6586,282.1221,0.03459,5.209438,0.763439,0.89816342,0.947715,3,2.4085,5.8555,560.8772,15.9816,20,4657,1.2514,291.3975,0.4719,0.5102
flow_6661,0x10001a05,02,Email,0,correlator,81.2292,828.6401,242.2095,33640.2658,183.4128,259.289,156.8195,502.9017,346.0821,0.058537,4.662898,0.732261,0.82815436,0.91003,2,3.5178,13.464,852.0382,11.7003,15,3633,1.282,310.5044,0.5286,0.4689
flow_6673,0x10001a11,02,Email,0,correlator,129.3339,748.345,393.1747,29045.7855,170.4282,168.6125,108.0056,496.7315,388.7259,0.034933,10.915621,0.537821,3.02192776,1.738369,5,3.5223,7.1296,1384.8946,13.846,25,9829,1.8056,709.8791,0.4569,0.4363
flow_6685,0x10001a1d,02,Email,0,correlator,111.1665,1000.8294,384.2746,54748.2513,233.9834,208.9348,149.6829,408.3231,258.6402,0.039223,8.393277,0.25145,1.94067304,1.39308,16,4.1604,11.0181,1598.7241,19.0599,75,28820,3.935,1512.0757,0.5339,0.4812
flow_6697,0x10001a29,02,Email,0,correlator,133.1598,705.9991,403.9318,50700.2894,225.1672,245.0067,103.2997,541.8107,438.511,0.045663,3.626846,0.796952,1.47145223,1.213034,9,3.54,12.9146,1429.9004,27.4503,34,13733,1.2386,500.2866,0.5337,0.4684
flow_6709,0x10001a35,02,Email,0,correlator,80.7812,877.8174,368.5589,18575.4801,136.2919,215.0712,120.4202,359.7222,239.302,0.01222,9.928235,0.821352,0.91796911,0.958107,10,3.9921,7.9559,1471.317,29.6538,36,13268,1.214,447.4298,0.4913,0.462
flow_6721,0x10001a41,02,Email,0,correlator,90.1025,1151.4125,230.2779,20393.9665,142.8074,283.012,156.7655,544.5019,387.7364,0.026442,8.834833,0.457546,2.21477418,1.488212,7,3.8967,6.5532,897.3217,21.5388,47,10823,2.1821,502.4881,0.4067,0.4811
flow_6733,0x10001a4d,02,Email,0,correlator,122.8381,1068.5081,274.1171,34042.4026,184.5058,257.0532,141.3171,394.2367,252.9196,0.049521,8.805031,0.278953,1.68935681,1.299753,9,2.3349,11.413,640.0413,8.6362,30,8223,3.4737,952.151,0.4838,0.549
flow_6745,0x10001a59,02,Email,0,correlator,88.6799,1015.7655,351.294,54403.3902,233.2453,189.114,143.7074,397.2384,253.5309,0.059208,11.454734,0.497175,1.23484498,1.111236,10,2.8975,11.0811,1017.8739,19.1094,38,13349,1.9885,698.5564,0.4811,0.5454
flow_6757,0x10001a65,02,Email,0,correlator,85.4274,1040.8649,334.5744,9403.4067,96.9712,179.3156,147.4176,368.1592,220.7416,0.042052,6.240246,0.900285,1.58650023,1.259564,6,2.3356,12.0706,781.4201,25.7174,28,9368,1.0888,364.2666,0.5995,0.4644
flow_6769,0x10001a71,02,Email,0,correlator,107.676,1090.7261,271.2867,8665.2748,93.0875,195.1343,103.4579,496.1046,392.6467,0.03186,7.179859,0.264572,0.77332951,0.879392,10,3.2365,9.0137,878.0145,14.2542,53,14378,3.7182,1008.687,0.4307,0.4496
flow_6781,0x10001a7d,02,Email,0,correlator,103.5693,704.5675,335.9123,17645.6473,132.8369,297.9791,117.5743,416.4764,298.9021,0.01639,9.503712,0.667242,0.840089,0.916564,5,2.576,7.2874,865.3095,14.9351,22,7390,1.473,494.8074,0.59,0.3551
flow_6793,0x10001a89,02,Email,0,correlator,110.6184,852.4223,270.2377,9122.2032,95.5102,211.8601,120.9335,489.2272,368.2937,0.027073,2.540338,0.587283,1.56329532,1.250318,9,3.46,5.4394,935.0299,19.9345,33,8917,1.6554,447.314,0.5298,0.5306
flow_6805,0x10001a95,02,Email,0,correlator,122.3959,780.8688,306.221,45084.91,212.3321,208.5833,109.8442,382.2749,272.4307,0.043213,8.184217,0.363798,1.31858947,1.148299,11,3.2,11.7573,979.9097,25.1747,69,21129,2.7408,839.2947,0.5493,0.6143
flow_6817,0x10001aa1,02,Email,0,correlator,85.4013,977.8681,350.6019,21603.131,146.98,191.1435,128.0197,523.6554,395.6357,0.0209,3.650865,0.928726,0.65599945,0.809938,2,3.5519,10.3792,1245.3172,13.6159,15,5259,1.1017,386.2385,0.5394,0.4397
flow_6829,0x10001aad,02,Email,0,correlator,107.1953,1089.9076,386.1618,8327.838,91.257,197.0191,137.4012,448.7759,311.3747,0.058198,6.015237,0.68437,1.24024939,1.113665,8,3.4828,8.1259,1344.9322,20.0839,29,11198,1.4439,557.5607,0.4299,0.4788
flow_6841,0x10001ab9,02,Email,0,correlator,100.4846,820.4355,247.4942,9383.3361,96.8676,199.2838,119.6663,386.085,266.4187,0.049449,7.761157,0.360584,0.44613528,0.667934,14,2.022,7.4163,500.4212,29.4957,81,20047,2.7462,679.6577,0.5384,0.6098
flow_6853,0x10001ac5,02,Email,0,correlator,113.536,1039.5381,337.6937,26047.4497,161.3922,256.255,151.5692,350.8746,199.3054,0.054152,7.46592,0.531227,2.09446667,1.447227,13,4.3898,13.1255,1482.3946,29.8439,56,18910,1.8764,633.6299,0.4291,0.6117
flow_6865,0x10001ad1,02,Email,0,correlator,86.7277,651.909,338.7991,9145.6501,95.6329,194.9975,159.1688,410.4142,251.2454,0.022429,7.756065,0.254312,0.6001067,0.774666,25,2.4489,5.7607,829.6715,25.8047,101,34218,3.914,1326.0367,0.4873,0.6203
flow_6877,0x10001add,02,Email,0,correlator,112.123,1167.3725,265.1948,9134.4064,95.5741,183.1861,135.6086,386.5411,250.9325,0.017241,10.504975,0.657393,2.98610262,1.728034,8,3.7346,7.995,990.3898,24.6599,37,9812,1.5004,397.8931,0.3846,0.4808
flow_6889,0x10001ae9,02,Email,0,correlator,128.1088,770.6807,317.3016,33084.894,181.8925,240.0729,153.0987,456.2502,303.1515,0.040776,8.851946,0.519433,2.58964726,1.609238,3,2.478,7.0122,786.2614,11.6166,22,6980,1.8938,600.8641,0.571,0.5415
flow_6901,0x10001af5,02,Email,0,correlator,108.579,698.145,414.2114,17569.6919,132.5507,171.7325,141.1824,416.6086,275.4261,0.016247,7.910497,0.357716,0.61624194,0.785011,8,4.9653,5.9318,2056.6755,14.189,39,16154,2.7486,1138.4912,0.3867,0.5675
flow_6913,0x10001b01,02,Email,0,correlator,81.168,624.2729,284.2974,11974.9886,109.4303,234.9054,158.8909,530.8467,371.9558,0.034773,6.676297,0.87975,1.81801689,1.348339,5,2.67,8.1001,759.0794,24.5932,27,7676,1.0979,312.1192,0.6053,0.5109
flow_6925,0x10001b0d,02,Email,0,correlator,129.5546,756.0379,264.2357,47855.0749,218.758,253.7786,142.4929,396.3904,253.8975,0.022703,7.252677,0.479608,1.09478534,1.04632,13,4.5771,12.3013,1209.4426,29.8411,62,16382,2.0777,548.9738,0.5004,0.6338
flow_6937,0x10001b19,02,Email,0,correlator,122.6939,1135.9627,392.3824,34183.7538,184.8885,204.2079,143.9786,448.1769,304.1983,0.013036,7.469471,0.460382,0.58004338,0.761606,16,3.2375,5.8555,1270.3482,24.033,52,20403,2.1637,848.958,0.4358,0.3617
flow_6949,0x10001b25,02,Email,0,correlator,130.5927,1017.9364,353.7957,22127.614,148.7535,299.4266,100.2557,359.4897,259.234,0.045912,8.17007,0.431523,1.13564343,1.065666,10,2.1869,5.3204,773.7148,21.1739,49,17335,2.3142,818.6983,0.4865,0.4923
flow_6961,0x10001b31,02,Email,0,correlator,98.4305,669.3818,403.3141,16671.1552,129.1168,180.5231,159.4357,353.8664,194.4308,0.044614,6.204882,0.822612,0.46363701,0.680909,4,2.3789,10.224,959.4393,14.9772,18,7259,1.2018,484.6704,0.4561,0.4685
flow_6973,0x10001b3d,02,Email,0,correlator,87.3431,935.5641,416.0162,16831.0021,129.7344,176.2119,111.5524,360.6974,249.145,0.020648,6.493174,0.357291,0.37110774,0.609186,13,4.4881,9.684,1867.1109,19.7271,55,22880,2.788,1159.826,0.4925,0.6147
flow_6985,0x10001b49,02,Email,0,correlator,119.7584,636.0197,271.0194,31563.4957,177.6612,211.7719,116.7389,512.5786,395.8397,0.035329,8.287466,0.38121,1.49877839,1.224246,11,2.7037,6.4774,732.7509,29.6824,77,20868,2.5941,703.0426,0.565,0.5515
flow_6997,0x10001b55,02,Email,0,correlator,129.8359,898.1763,239.3893,22303.146,149.3424,226.7469,150.3282,436.8826,286.5544,0.010699,5.961893,0.500902,1.96426156,1.401521,7,3.2367,10.4541,774.8365,13.377,26,6224,1.9436,465.2762,0.4465,0.4824
flow_7009,0x10001b61,02,Email,0,correlator,95.3075,705.8512,391.8085,23027.412,151.7479,272.1122,151.6028,422.5844,270.9816,0.010943,10.064534,0.49683,2.23309398,1.494354,6,3.5298,8.7725,1382.9885,19.8539,39,15280,1.9643,769.6217,0.4985,0.5746
flow_7021,0x10001b6d,02,Email,0,correlator,126.5941,771.1524,280.0899,9185.0983,95.8389,284.9956,114.9259,549.5266,434.6007,0.049936,10.301879,0.342651,1.77713704,1.333093,7,4.9686,7.425,1391.6546,10.2148,29,8122,2.839,795.1172,0.5498,0.5147
flow_7033,0x10001b79,02,Email,0,correlator,85.9383,833.8268,338.5178,10896.5702,104.3866,186.9408,121.684,352.9211,231.237,0.04275,5.222861,0.299987,0.519657,0.720872,9,3.8642,12.9147,1308.1125,12.9603,43,14556,3.3178,1123.1184,0.6069,0.5567
flow_7045,0x10001b85,02,Email,0,correlator,125.7312,945.3178,297.8112,40654.118,201.6287,222.9495,144.0209,514.9397,370.9188,0.023783,10.324058,0.591028,2.1423624,1.463681,12,4.0632,13.6877,1210.0806,29.1989,49,14592,1.6781,499.7441,0.4038,0.4711
flow_7057,0x10001b91,02,Email,0,correlator,106.0879,1061.5247,339.3149,48386.2336,219.9687,190.2161,156.752,467.234,310.482,0.023475,9.322622,0.77569,1.09404799,1.045967,4,4.8476,10.3807,1644.8646,18.9899,24,8143,1.2638,428.8058,0.4332,0.6475
flow_7069,0x10001b9d,02,Email,0,correlator,103.446,1037.3557,347.1875,44199.8114,210.2375,168.3198,100.5074,533.2845,432.777,0.027191,4.255584,0.396285,1.2113381,1.100608,12,3.9356,5.4671,1366.3993,23.1518,58,20136,2.5052,869.7372,0.5398,0.4516
flow_7081,0x10001ba9,02,Email,0,correlator,120.7282,690.5664,224.681,24386.5919,156.1621,250.2153,117.0128,505.8156,388.8027,0.030847,9.313831,0.85265,0.85516065,0.924749,2,3.2185,12.137,723.1371,14.796,17,3819,1.149,258.1107,0.4754,0.3568
flow_7093,0x10001bb5,02,Email,0,correlator,133.6223,1016.6875,322.9952,24672.402,157.0745,249.5671,156.4358,393.1183,236.6826,0.033277,6.683488,0.929704,0.78245506,0.884565,2,3.7502,12.6958,1211.2904,14.2894,15,4844,1.0497,338.993,0.6031,0.3885
flow_7105,0x10001bc1,02,Email,0,correlator,84.6071,1128.5248,403.9874,17925.7709,133.8872,265.3779,128.5504,428.8183,300.2679,0.01877,11.830148,0.772841,2.60200751,1.613074,4,4.5559,8.8224,1840.5297,19.8838,25,10099,1.2573,507.9013,0.6155,0.5561
flow_7117,0x10001bcd,02,Email,0,correlator,106.1036,992.6556,347.9099,28507.4502,168.8415,194.4512,156.6724,420.5371,263.8647,0.045056,6.374668,0.376805,0.70922324,0.842154,10,3.9324,13.0276,1368.1283,14.111,37,12872,2.6221,912.1968,0.5292,0.5826
flow_7129,0x10001bd9,02,Email,0,correlator,100.2462,834.8357,277.746,45934.2001,214.3227,202.245,146.4603,530.132,383.6718,0.044477,5.242627,0.511217,2.75571945,1.660036,10,3.4853,10.0231,968.0303,28.125,55,15276,1.9556,543.1474,0.5202,0.4962
flow_7141,0x10001be5,02,Email,0,correlator,117.606,936.0053,222.6403,48941.318,221.2268,179.8067,120.7888,495.9118,375.123,0.035201,2.719034,0.326541,2.21963394,1.489844,11,2.2846,6.3538,508.6381,19.4175,59,13135,3.0385,676.4531,0.4597,0.3687
flow_7153,0x10001bf1,02,Email,0,correlator,117.715,665.9896,361.4479,28306.7947,168.2462,297.4447,106.0859,365.233,259.147,0.016684,7.304558,0.659214,1.25076683,1.118377,5,4.6216,6.4225,1670.4852,21.2083,32,11566,1.5088,545.3526,0.4806,0.3803
flow_7165,0x10001bfd,02,Email,0,correlator,93.1291,675.9239,361.9974,18644.775,136.5459,276.9962,121.1616,448.2697,327.1082,0.045026,10.974533,0.298091,2.14237732,1.463686,5,3.6274,10.5601,1313.1088,8.4783,28,10135,3.3025,1195.4042,0.5165,0.4222
flow_7177,0x10001c09,02,Email,0,correlator,130.3662,1164.3653,251.6988,14531.2368,120.5456,250.0474,155.3294,408.2239,252.8946,0.030488,4.157998,0.884682,2.61956742,1.618508,6,3.8266,10.0952,963.1543,20.9395,23,5789,1.0984,276.463,0.4746,0.4041
flow_7189,0x10001c15,02,Email,0,correlator,94.1711,789.4069,316.4023,24803.2281,157.4904,244.5659,112.6292,398.1854,285.5562,0.042466,11.535739,0.766107,2.10402245,1.450525,5,4.0172,12.0507,1271.0581,17.5005,22,6960,1.2571,397.7037,0.4483,0.3744
flow_7201,0x10001c21,02,Email,0,correlator,111.0199,1041.8443,344.5789,33515.2605,183.0717,289.0832,132.3737,397.5161,265.1424,0.011098,5.94366,0.483115,2.74598577,1.657102,6,2.4803,8.7401,854.6669,10.6019,21,7236,1.9808,682.5171,0.47,0.5837
flow_7213,0x10001c2d,02,Email,0,correlator,121.373,746.8772,374.7397,40630.8035,201.5708,221.6015,125.3882,459.1864,333.7982,0.055623,6.596324,0.888801,2.03625544,1.426974,2,2.3209,11.6038,869.7204,11.9685,15,5621,1.2533,469.6477,0.3971,0.396
flow_7225,0x10001c39,02,Email,0,correlator,94.3537,843.3298,252.7884,53192.6384,230.6353,237.1554,129.0481,489.312,360.2639,0.012408,3.794105,0.893743,1.3423431,1.158595,6,3.3279,6.8727,841.2545,29.5263,33,8342,1.1176,282.5275,0.4985,0.4615
flow_7237,0x10001c45,02,Email,0,correlator,123.9161,1145.2934,315.0936,31461.3379,177.3734,264.1749,100.1527,424.2896,324.1369,0.016134,7.502115,0.334633,2.96556923,1.722083,8,3.6474,12.387,1149.2805,19.3541,57,17960,2.9451,927.97,0.4151,0.4326
flow_7249,0x10001c51,02,Email,0,correlator,122.0501,1149.5136,361.5213,28195.7903,167.916,249.6102,158.6679,471.25,312.5821,0.032461,8.328726,0.760578,2.71856224,1.648806,4,3.4163,11.7808,1235.0699,12.3729,16,5784,1.2932,467.4744,0.4023,0.6206
flow_7261,0x10001c5d,02,Email,0,correlator,132.7245,904.7226,330.9704,29695.0447,172.3225,272.9565,133.0797,462.9104,329.8307,0.03752,7.120489,0.639517,2.94229502,1.715312,3,3.6631,8.2861,1212.3651,14.6948,22,7281,1.4971,495.482,0.409,0.6429
flow_7273,0x10001c69,02,Email,0,correlator,83.893,1185.3335,358.627,54994.4033,234.5089,162.4374,124.5727,548.2638,423.6911,0.03853,9.357339,0.882896,1.00548978,1.002741,2,4.0126,8.5706,1439.0169,15.2745,17,6096,1.113,399.097,0.3989,0.5589
flow_7285,0x10001c75,02,Email,0,correlator,100.4354,1021.1498,333.9408,41935.0405,204.7805,293.3938,101.9635,435.1349,333.1715,0.020258,8.262783,0.807688,2.80379705,1.674454,5,2.7268,11.6345,910.5942,25.4238,31,10352,1.2193,407.1771,0.4662,0.487
flow_7297,0x10001c81,02,Email,0,correlator,105.3311,1162.2098,371.6467,16884.5544,129.9406,286.7678,104.6014,373.8094,269.208,0.042358,7.233473,0.478487,1.35068714,1.162191,6,2.6164,11.5268,972.3821,18.5043,38,14122,2.0536,763.173,0.5253,0.3525
flow_7309,0x10001c8d,02,Email,0,correlator,120.4522,916.009,337.2481,33529.8214,183.1115,275.5204,117.4384,437.7264,320.288,0.041514,11.723429,0.787538,2.36197726,1.536873,2,2.2918,5.4108,772.9178,11.4996,15,5058,1.3044,439.8425,0.4866,0.5827
flow_7321,0x10001c99,02,Email,0,correlator,97.2455,713.9711,221.4566,48493.1999,220.2117,294.8062,145.5254,506.0547,360.5292,0.041401,10.926999,0.488572,1.48287633,1.217734,3,4.6722,5.69,1034.6838,10.7134,21,4650,1.9602,434.0367,0.4384,0.5719
flow_7333,0x10001ca5,02,Email,0,correlator,81.3452,680.2276,357.3085,31207.5521,176.6566,217.9792,158.7748,544.0082,385.2335,0.019521,7.906309,0.709533,0.50028394,0.707308,5,3.6905,11.6201,1318.663,14.3329,20,7146,1.3954,498.5728,0.5542,0.3734
flow_7345,0x10001cb1,02,Email,0,correlator,99.0483,746.7589,413.1426,43454.2879,208.4569,199.5761,149.3581,486.8197,337.4617,0.03179,11.047387,0.274157,1.67673865,1.294889,13,3.8353,9.7732,1584.5072,22.9071,83,34290,3.6233,1496.9178,0.499,0.4801
flow_7357,0x10001cbd,02,Email,0,correlator,130.0233,772.1508,383.5991,18791.4675,137.082,278.7702,107.3092,436.2889,328.9797,0.055471,5.445655,0.350123,1.65986528,1.288358,13,2.1376,12.6438,819.9623,16.6727,47,18029,2.819,1081.351,0.573,0.3898
flow_7369,0x10001cc9,02,Email,0,correlator,137.875,905.3701,371.6084,9102.4175,95.4066,261.9131,150.6668,426.6427,275.9759,0.033827,7.530537,0.395305,1.12848444,1.062301,12,4.961,8.0169,1843.5369,18.3723,46,17093,2.5038,930.3657,0.4941,0.4034
flow_7381,0x10001cd5,02,Email,0,correlator,84.3308,685.5392,308.7866,46457.398,215.5398,160.8771,141.434,509.8901,368.4561,0.047102,5.423934,0.691046,1.56542549,1.25117,5,4.7399,13.6069,1463.6298,23.3602,33,10189,1.4127,436.1686,0.4325,0.6386
flow_7393,0x10001ce1,02,Email,0,correlator,135.2925,892.9201,289.8398,54016.1651,232.4138,246.2846,141.5177,405.2476,263.7299,0.020038,6.841037,0.540303,2.39269818,1.546835,4,3.3661,11.6015,975.6283,12.9182,23,6666,1.7804,516.0157,0.606,0.4012
flow_7405,0x10001ced,02,Email,0,correlator,106.594,701.979,319.7477,11957.0076,109.3481,179.8781,143.7157,454.0469,310.3312,0.046707,2.607503,0.365811,0.81894179,0.904954,8,3.4959,5.9198,1117.8106,21.945,59,18865,2.6885,859.6508,0.4298,0.3567
flow_7417,0x10001cf9,02,Email,0,correlator,111.199,1124.6094,311.9699,51874.4246,227.7596,287.5274,115.8282,458.6973,342.8691,0.059815,7.438256,0.642144,0.37710746,0.614091,8,4.4273,13.8116,1381.1867,17.936,27,8423,1.5053,469.6129,0.4011,0.4928
flow_7429,0x10001d05,02,Email,0,correlator,91.7385,733.5771,221.4303,39764.1742,199.4096,186.533,120.5632,409.023,288.4597,0.013988,11.005515,0.42974,0.5185137,0.720079,13,2.4501,10.2817,542.5242,23.2561,54,11957,2.322,514.1456,0.5485,0.3974
flow_7441,0x10001d11,02,Email,0,correlator,122.893,1172.4045,261.7503,10868.5275,104.2522,250.2602,144.6657,366.4154,221.7497,0.044209,10.521537,0.682856,1.89325513,1.375956,5,4.3211,10.5971,1131.0462,22.2,32,8376,1.4414,377.2968,0.4773,0.4447
flow_7453,0x10001d1d,02,Email,0,correlator,112.8995,1052.1923,368.7218,36660.6467,191.4697,180.9488,152.6516,532.4434,379.7918,0.026598,8.918294,0.467975,1.01371668,1.006835,5,2.5088,6.8693,925.0579,10.9787,23,8480,2.095,772.4017,0.5854,0.6424
flow_7465,0x10001d29,02,Email,0,correlator,95.893,993.2785,400.5241,52254.2408,228.5919,167.7106,101.0313,549.2185,448.1873,0.031018,4.29914,0.579139,1.16955791,1.081461,11,3.9174,6.8345,1568.9958,25.4398,43,17222,1.6903,676.972,0.5584,0.6438
flow_7477,0x10001d35,02,Email,0,correlator,123.6098,647.8715,412.4126,24733.3852,157.2685,277.4343,122.9035,368.6369,245.7335,0.026825,11.939755,0.279903,1.66141628,1.288959,22,3.2481,12.6953,1339.5427,24.8771,88,36292,3.5374,1458.8515,0.4584,0.5045
flow_7489,0x10001d41,02,Email,0,correlator,93.5012,705.9309,313.111,30219.8582,173.8386,287.4776,154.6576,496.7649,342.1073,0.024192,10.252496,0.284441,1.5287998,1.236446,11,2.6706,12.9159,836.2055,19.4284,68,21291,3.5,1095.8672,0.4145,0.3864
flow_7501,0x10001d4d,02,Email,0,correlator,116.6089,1102.5758,242.8943,43179.6499,207.7971,229.2642,141.385,474.6547,333.2697,0.027499,5.474626,0.362677,0.66589992,0.816027,10,3.8385,8.1296,932.3493,13.0906,36,8744,2.7501,667.9594,0.5558,0.6476
flow_7513,0x10001d59,02,Email,0,correlator,91.4221,1014.3041,374.7195,23157.7248,152.1766,274.1262,114.3333,359.048,244.7147,0.041985,7.509942,0.277737,0.73713629,0.858566,13,4.029,8.6594,1509.732,20.8434,75,28103,3.5983,1348.2908,0.558,0.5562
flow_7525,0x10001d65,02,Email,0,correlator,123.7534,1027.6294,259.947,56742.7158,238.2073,203.4094,106.9864,544.1208,437.1344,0.039372,8.905204,0.667884,3.19774827,1.788225,5,3.5809,5.1257,930.839,23.8999,35,9098,1.4644,380.6705,0.3889,0.6024
flow_7537,0x10001d71,02,Email,0,correlator,129.4676,716.5072,402.9022,9481.5324,97.3732,194.7676,155.2793,484.1361,328.8568,0.049516,10.816453,0.360477,2.85693012,1.690246,12,4.9776,13.6571,2005.4775,26.6323,73,29411,2.741,1104.3362,0.461,0.6017
flow_7549,0x10001d7d,02,Email,0,correlator,85.708,1160.6975,291.483,39669.0429,199.1709,168.9365,148.0519,427.035,278.9831,0.037495,10.581205,0.633798,2.23065992,1.493539,2,3.4111,8.1474,994.2887,8.6548,15,4372,1.7331,505.1519,0.4073,0.3575
flow_7561,0x10001d89,02,Email,0,correlator,86.9712,958.2993,352.2739,32091.9736,179.1423,218.822,143.5555,411.7045,268.149,0.028569,11.555635,0.746482,0.36761309,0.606311,3,4.6821,6.7035,1649.3677,16.0897,21,7397,1.3052,459.7358,0.5741,0.4431
flow_7573,0x10001d95,02,Email,0,correlator,80.832,649.155,263.1805,40816.0511,202.0298,193.4924,112.3664,361.6684,249.3019,0.011113,6.93166,0.613436,0.64343771,0.802146,2,2.1159,6.1631,556.8656,10.4592,17,4474,1.6254,427.7575,0.418,0.4023
flow_7585,0x10001da1,02,Email,0,correlator,82.2148,609.1861,275.9226,33597.9054,183.2973,294.7734,147.7453,513.3317,365.5864,0.038764,4.083909,0.643855,0.70025016,0.83681,6,3.2815,10.9477,905.4488,22.5206,34,9381,1.5097,416.5529,0.5557,0.3611
flow_7597,0x10001dad,02,Email,0,correlator,124.7268,1088.4264,372.2194,20131.8325,141.8867,283.8794,101.6118,361.32,259.7082,0.042902,8.175655,0.935889,0.38408449,0.619746,2,4.9079,11.3312,1826.799,9.4829,15,5583,1.5818,588.7417,0.4473,0.4833
flow_7609,0x10001db9,02,Email,0,correlator,132.8344,979.0008,312.9119,20788.375,144.1817,251.014,151.2543,447.3798,296.1255,0.026485,3.924449,0.361304,1.10285772,1.05017,10,3.0416,7.1996,951.7442,23.664,65,20339,2.7468,859.4905,0.5626,0.6367
flow_7621,0x10001dc5,02,Email,0,correlator,106.8327,819.2195,313.0462,39417.995,198.5397,238.7073,123.5648,481.8003,358.2355,0.047505,3.828717,0.766059,0.98999394,0.994984,3,2.6754,11.6678,837.539,18.311,23,7200,1.2561,393.2065,0.5107,0.3816
flow_7633,0x10001dd1,02,Email,0,correlator,113.6044,1076.8401,224.7127,40966.9071,202.4028,271.5114,123.9124,375.6656,251.7533,0.023269,8.913922,0.332458,1.54687291,1.243733,9,3.8282,7.2663,860.2408,16.8492,50,11235,2.9675,666.7957,0.6068,0.4696
flow_7645,0x10001ddd,02,Email,0,correlator,131.3219,939.6176,277.9935,50890.3395,225.5889,193.2547,130.0068,532.4,402.3932,0.011876,9.223151,0.464758,1.11257251,1.054786,7,2.6315,11.0298,731.5453,18.8405,40,11119,2.1231,590.165,0.4524,0.426
flow_7657,0x10001de9,02,Email,0,correlator,116.0967,920.4109,253.9382,27455.4434,165.6968,296.8148,103.3643,419.1076,315.7433,0.051385,8.903436,0.374303,0.62330661,0.789498,11,2.5144,12.4613,638.4932,18.4606,49,12442,2.6543,673.9745,0.5536,0.4787
flow_7669,0x10001df5,02,Email,0,correlator,123.1279,820.497,384.2409,30265.8315,173.9708,283.0847,141.2085,454.1557,312.9472,0.042182,9.275454,0.34931,2.19572154,1.481797,7,4.1993,5.1107,1613.5358,16.8802,48,18443,2.8436,1092.5788,0.5127,0.4587
flow_7681,0x10001e01,02,Email,0,correlator,87.0336,959.959,261.8932,30376.2111,174.2877,171.0027,146.481,485.247,338.766,0.037838,8.766705,0.484369,2.5926608,1.610174,5,4.2958,9.1652,1125.0285,17.6587,36,9428,2.0387,533.9009,0.5136,0.3855
flow_7693,0x10001e0d,02,Email,0,correlator,120.2736,759.8485,348.9849,19237.4077,138.699,259.4203,116.5227,379.6129,263.0902,0.034578,4.680044,0.539405,0.46031303,0.678464,8,2.7108,8.7087,946.0254,25.7024,47,16402,1.8286,638.1512,0.603,0.4376
flow_7705,0x10001e19,02,Email,0,correlator,91.2726,1032.7536,414.1143,8102.1631,90.012,218.3955,118.8027,523.0018,404.1991,0.044449,7.907875,0.815962,0.74303798,0.861997,3,4.092,8.9433,1694.5382,10.1066,15,6211,1.4842,614.5482,0.5297,0.4256
flow_7717,0x10001e25,02,Email,0,correlator,109.2371,870.2994,368.3994,16105.343,126.9068,270.8388,140.1053,362.3318,222.2265,0.040312,7.117385,0.598273,0.6157878,0.784721,7,4.2028,12.8028,1548.3023,25.8616,43,15841,1.6627,612.5292,0.5773,0.5927
flow_7729,0x10001e31,02,Email,0,correlator,136.6499,723.9729,414.2426,32692.2751,180.8101,188.738,123.3996,462.6042,339.2046,0.01155,5.911147,0.457263,0.61545735,0.784511,16,3.3828,7.8437,1401.2929,27.2606,59,24440,2.1643,896.531,0.5691,0.6277
flow_7741,0x10001e3d,02,Email,0,correlator,97.8508,1054.5028,410.4311,45623.1414,213.5957,254.8921,139.99,375.7525,235.7625,0.034319,4.402845,0.798385,2.57063434,1.60332,6,3.1586,6.8872,1296.4066,27.0849,33,13544,1.2184,500.0571,0.4176,0.363
flow_7753,0x10001e49,02,Email,0,correlator,106.0075,1037.8255,353.8239,26284.7248,162.1256,292.8477,141.0374,352.2938,211.2565,0.025499,8.683818,0.756459,0.81582538,0.903231,3,3.1453,9.4189,1112.8679,9.8609,15,5307,1.5212,538.1844,0.4559,0.4978
flow_7765,0x10001e55,02,Email,0,correlator,98.9949,1063.7134,248.8557,22412.8087,149.7091,220.4203,145.9802,404.9398,258.9595,0.012399,3.75274,0.738004,1.7043879,1.305522,4,3.6295,12.7887,903.2299,19.5761,26,6470,1.3281,330.5049,0.3817,0.5441
flow_7777,0x10001e61,02,Email,0,correlator,104.3867,1126.5152,400.7663,53832.7193,232.0188,249.194,154.8064,380.3113,225.5049,0.044888,11.526315,0.45997,1.32732835,1.152097,10,2.7331,7.5287,1095.3375,23.7009,51,20439,2.1518,862.3726,0.6072,0.5839
flow_7789,0x10001e6d,02,Email,0,correlator,123.9142,1127.828,245.1668,46370.4698,215.338,196.8768,102.9477,434.694,331.7463,0.010407,3.840714,0.628603,1.15335903,1.073946,10,4.6217,7.4124,1133.0978,27.8142,44,10787,1.5819,387.824,0.4751,0.4142
flow_7801,0x10001e79,02,Email,0,correlator,112.9357,809.562,267.203,10712.8107,103.5027,290.6627,111.7154,499.8667,388.1513,0.018864,3.089892,0.569398,2.59060504,1.609536,5,3.4585,11.4731,924.1096,15.9779,28,7481,1.7524,468.2091,0.4826,0.384
flow_7813,0x10001e85,02,Email,0,correlator,103.9944,687.4117,258.2237,21538.9694,146.7616,289.4375,118.4931,359.9058,241.4127,0.016509,3.565055,0.896741,2.92391924,1.709947,4,4.2037,12.6671,1085.5026,27.698,30,7746,1.0831,279.6592,0.4458,0.5531
flow_7825,0x10001e91,02,Email,0,correlator,106.1091,953.3081,312.8377,45898.4117,214.2391,255.2225,128.9069,511.4019,382.4949,0.023454,4.169619,0.525526,2.65935101,1.630752,9,2.6134,12.2072,817.5663,26.294,50,15641,1.9016,594.8499,0.4422,0.6005
flow_7837,0x10001e9d,02,Email,0,correlator,111.0174,680.6213,365.6279,27546.538,165.9715,258.9023,105.9321,429.3931,323.461,0.038043,11.457329,0.252342,2.50601093,1.583039,20,4.8337,6.3049,1767.3234,21.0183,83,30347,3.9489,1443.8349,0.5808,0.4797
flow_7849,0x10001ea9,02,Email,0,correlator,108.0488,1047.7216,355.279,11566.0152,107.5454,247.0145,131.5852,542.2276,410.6424,0.013462,10.527374,0.427639,0.98347993,0.991706,5,4.9499,9.8788,1758.5963,16.8413,39,13855,2.3157,822.6795,0.5017,0.4424
flow_7861,0x10001eb5,02,Email,0,correlator,121.2479,1123.8874,287.2174,39831.7694,199.579,255.798,128.8959,437.7917,308.8958,0.016069,2.582216,0.8523,1.35854425,1.165566,2,4.8484,8.2386,1392.5416,13.9834,16,4595,1.1442,328.6034,0.5316,0.4101
flow_7873,0x10001ec1,02,Email,0,correlator,96.4551,926.8348,227.9292,47201.5286,217.2591,246.3561,122.9942,363.3376,240.3433,0.050598,9.197191,0.71127,1.9189162,1.38525,3,3.7591,9.4656,856.8163,12.5385,17,3874,1.3558,308.9682,0.5829,0.456
flow_7885,0x10001ecd,02,Email,0,correlator,132.7348,837.2458,378.3403,8420.0021,91.7606,175.2127,107.1512,502.2707,395.1195,0.042598,3.058096,0.643432,0.9762376,0.988047,3,3.6676,9.2876,1387.5933,12.6162,19,7188,1.506,569.7454,0.5336,0.5511
flow_7897,0x10001ed9,02,Email,0,correlator,119.1949,1115.757,314.4416,25678.9969,160.2467,234.1867,150.9979,430.0688,279.0709,0.015052,4.298232,0.325887,0.45666045,0.675767,7,4.4074,9.9347,1385.8824,11.3682,34,10691,2.9908,940.432,0.4959,0.3625
flow_7909,0x10001ee5,02,Email,0,correlator,136.4114,803.9937,337.3811,10304.5984,101.5116,196.8655,152.4806,530.4505,377.9699,0.040292,8.236789,0.945852,3.16782998,1.77984,2,4.6759,8.1149,1577.5565,11.0167,15,5060,1.3616,459.3025,0.4983,0.4145
flow_7921,0x10001ef1,02,Email,0,correlator,100.7589,894.5565,225.7464,32061.2369,179.0565,263.2088,133.8688,441.646,307.7772,0.056793,8.801431,0.835942,2.50594849,1.583019,6,2.4089,13.4128,543.8089,29.1196,34,7675,1.1676,263.5685,0.5221,0.4785
flow_7933,0x10001efd,02,Email,0,correlator,102.2179,869.4897,247.5403,37637.395,194.0036,244.5088,152.0352,360.9602,208.925,0.014661,9.632662,0.77712,2.18232022,1.477268,7,4.6063,12.2118,1140.2564,24.6978,31,7673,1.2552,310.6755,0.5164,0.37
flow_7945,0x10001f09,02,Email,0,correlator,125.4303,1137.6773,307.707,33955.2742,184.2696,287.0645,113.8864,404.5337,290.6472,0.020719,11.289344,0.411313,2.49718705,1.580249,16,4.6882,8.4136,1442.6022,21.9565,53,16308,2.4139,742.7415,0.4865,0.5236
flow_7957,0x10001f15,02,Email,0,correlator,111.1827,1088.0094,372.687,22828.2572,151.0902,205.351,120.0252,469.4187,349.3935,0.022693,4.546782,0.338856,1.66883071,1.291832,10,2.3614,5.3696,880.0636,22.0231,64,23851,2.906,1082.9992,0.5372,0.6002
flow_7969,0x10001f21,02,Email,0,correlator,85.5132,890.6039,358.2241,8142.3694,90.2351,165.4071,121.6539,402.1565,280.5026,0.05974,6.106547,0.606853,2.8640545,1.692352,6,3.3137,8.1548,1187.0371,23.04,37,13254,1.6059,575.2602,0.5946,0.4684
flow_7981,0x10001f2d,02,Email,0,correlator,91.3768,690.2568,234.9565,37063.2545,192.5182,191.0573,118.3673,437.3025,318.9352,0.038293,4.849328,0.293995,0.71929459,0.848112,21,4.7209,13.6536,1109.2143,21.3018,72,16916,3.38,794.1101,0.4752,0.4445
flow_7993,0x10001f39,02,Email,0,correlator,128.7324,654.8631,364.8693,42955.9131,207.2581,219.9688,143.0425,385.3243,242.2818,0.010675,10.528555,0.935772,3.10737634,1.762775,2,2.7709,6.4213,1011.0325,15.8553,16,5837,1.0091,368.1407,0.5471,0.4196
flow_8005,0x10001f45,02,ICMP,48,correlator,104.0,104.0,104.0,0.1626,0.4033,104.0,104.0,104.0,0.0,0.991006,1.008994,1.0,2.022e-05,0.004497,17,1.0,2.0,104.0,34.9667,34,3536,0.9724,101.1249,0.5,0.5
flow_8017,0x10001f51,02,ICMP,48,correlator,96.0,96.0,96.0,0.4797,0.6926,96.0,96.0,96.0,0.0,0.490052,0.509948,0.5,2.474e-05,0.004974,12,1.0,2.0,96.0,12.9438,25,2400,1.9314,185.4163,0.5,0.5
flow_8029,0x10001f5d,02,ICMP,48,correlator,112.0,112.0,112.0,0.0958,0.3095,112.0,112.0,112.0,0.0,0.986755,1.013245,1.0,4.386e-05,0.006623,8,1.0,2.0,112.0,16.348,16,1792,0.9787,109.6159,0.5,0.5
flow_8041,0x10001f69,02,ICMP,48,correlator,112.0,112.0,112.0,0.4101,0.6404,112.0,112.0,112.0,0.0,0.492887,0.507113,0.5,1.265e-05,0.003556,25,1.0,2.0,112.0,25.3257,50,5600,1.9743,221.119,0.5,0.5
flow_8053,0x10001f75,02,ICMP,48,correlator,96.0,96.0,96.0,0.3869,0.622,96.0,96.0,96.0,0.0,0.995635,1.004365,1.0,4.76e-06,0.002182,15,1.0,2.0,96.0,30.6967,30,2880,0.9773,93.8212,0.5,0.5
flow_8065,0x10001f81,02,ICMP,48,correlator,104.0,104.0,104.0,0.0785,0.2801,104.0,104.0,104.0,0.0,0.485577,0.514423,0.5,5.201e-05,0.007212,27,1.0,2.0,104.0,27.5203,55,5720,1.9985,207.8462,0.5,0.5
flow_8077,0x10001f8d,02,ICMP,48,correlator,104.0,104.0,104.0,0.4811,0.6936,104.0,104.0,104.0,0.0,0.978113,1.021887,1.0,0.00011976,0.010943,9,1.0,2.0,104.0,18.3736,18,1872,0.9797,101.8853,0.5,0.5
flow_8089,0x10001f99,02,ICMP,48,correlator,96.0,96.0,96.0,0.2244,0.4737,96.0,96.0,96.0,0.0,0.480424,0.519576,0.5,9.58e-05,0.009788,20,1.0,2.0,96.0,20.8139,41,3936,1.9698,189.1041,0.5,0.5
flow_8101,0x10001fa5,02,ICMP,48,correlator,96.0,96.0,96.0,0.3603,0.6002,96.0,96.0,96.0,0.0,0.981717,1.018283,1.0,8.357e-05,0.009142,15,1.0,2.0,96.0,30.3685,30,2880,0.9879,94.8352,0.5,0.5
flow_8113,0x10001fb1,02,ICMP,48,correlator,112.0,112.0,112.0,0.4814,0.6938,112.0,112.0,112.0,0.0,0.483096,0.516904,0.5,7.143e-05,0.008452,12,1.0,2.0,112.0,12.638,25,2800,1.9782,221.5545,0.5,0.5
flow_8125,0x10001fbd,02,ICMP,48,correlator,112.0,112.0,112.0,0.0193,0.1388,112.0,112.0,112.0,0.0,0.478564,0.521436,0.5,0.00011487,0.010718,21,1.0,2.0,112.0,21.0624,42,4704,1.9941,223.3362,0.5,0.5
flow_8137,0x10001fc9,02,ICMP,48,correlator,104.0,104.0,104.0,0.3974,0.6304,104.0,104.0,104.0,0.0,0.989269,1.010731,1.0,2.879e-05,0.005366,5,1.0,2.0,104.0,11.2748,11,1144,0.9756,101.4653,0.5,0.5
flow_8149,0x10001fd5,02,ICMP,48,correlator,104.0,104.0,104.0,0.6265,0.7915,104.0,104.0,104.0,0.0,0.486118,0.513882,0.5,4.818e-05,0.006941,10,1.0,2.0,104.0,10.9434,21,2184,1.919,199.5728,0.5,0.5
flow_8161,0x10001fe1,02,ICMP,48,correlator,104.0,104.0,104.0,0.2252,0.4745,104.0,104.0,104.0,0.0,0.977704,1.022296,1.0,0.00012428,0.011148,9,1.0,2.0,104.0,18.1981,18,1872,0.9891,102.8676,0.5,0.5
flow_8173,0x10001fed,02,ICMP,48,correlator,96.0,96.0,96.0,0.617,0.7855,96.0,96.0,96.0,0.0,0.487443,0.512557,0.5,3.942e-05,0.006279,19,1.0,2.0,96.0,19.4425,38,3648,1.9545,187.6298,0.5,0.5
flow_8185,0x10001ff9,02,ICMP,48,correlator,96.0,96.0,96.0,0.1495,0.3866,96.0,96.0,96.0,0.0,0.495266,0.504734,0.5,5.6e-06,0.002367,32,1.0,2.0,96.0,32.4538,64,6144,1.972,189.3155,0.5,0.5
flow_8197,0x10002005,02,ICMP,48,correlator,104.0,104.0,104.0,0.1107,0.3327,104.0,104.0,104.0,0.0,0.97923,1.02077,1.0,0.00010785,0.010385,13,1.0,2.0,104.0,27.7893,27,2808,0.9716,101.0462,0.5,0.5
flow_8209,0x10002011,02,ICMP,48,correlator,104.0,104.0,104.0,0.0323,0.1797,104.0,104.0,104.0,0.0,0.478474,0.521526,0.5,0.00011584,0.010763,26,1.0,2.0,104.0,26.2762,52,5408,1.979,205.8134,0.5,0.5
flow_8221,0x1000201d,02,ICMP,48,correlator,104.0,104.0,104.0,0.1408,0.3752,104.0,104.0,104.0,0.0,0.479004,0.520996,0.5,0.00011021,0.010498,20,1.0,2.0,104.0,20.7435,41,4264,1.9765,205.558,0.5,0.5
flow_8233,0x10002029,02,ICMP,48,correlator,96.0,96.0,96.0,0.2223,0.4715,96.0,96.0,96.0,0.0,0.478393,0.521607,0.5,0.00011671,0.010803,25,1.0,2.0,96.0,25.7409,51,4896,1.9813,190.2032,0.5,0.5
flow_8245,0x10002035,02,ICMP,48,correlator,104.0,104.0,104.0,0.28,0.5292,104.0,104.0,104.0,0.0,0.493885,0.506115,0.5,9.35e-06,0.003058,16,1.0,2.0,104.0,16.809,33,3432,1.9632,204.1767,0.5,0.5
flow_8257,0x10002041,02,ICMP,48,correlator,96.0,96.0,96.0,0.1404,0.3748,96.0,96.0,96.0,0.0,0.986379,1.013621,1.0,4.638e-05,0.00681,7,1.0,2.0,96.0,15.3804,15,1440,0.9753,93.6257,0.5,0.5
flow_8269,0x1000204d,02,ICMP,48,correlator,96.0,96.0,96.0,0.0466,0.2158,96.0,96.0,96.0,0.0,0.995196,1.004804,1.0,5.77e-06,0.002402,5,1.0,2.0,96.0,10.5462,10,960,0.9482,91.0283,0.5,0.5
flow_8281,0x10002059,02,ICMP,48,correlator,112.0,112.0,112.0,0.5331,0.7302,112.0,112.0,112.0,0.0,0.991301,1.008699,1.0,1.892e-05,0.004349,14,1.0,2.0,112.0,29.1655,29,3248,0.9943,111.3646,0.5,0.5
flow_8293,0x10002065,02,ICMP,48,correlator,96.0,96.0,96.0,0.4099,0.6403,96.0,96.0,96.0,0.0,0.982939,1.017061,1.0,7.277e-05,0.00853,8,1.0,2.0,96.0,16.1578,16,1536,0.9902,95.0624,0.5,0.5
flow_8305,0x10002071,02,ICMP,48,correlator,96.0,96.0,96.0,0.2118,0.4602,96.0,96.0,96.0,0.0,0.48279,0.51721,0.5,7.405e-05,0.008605,13,1.0,2.0,96.0,13.1383,26,2496,1.9789,189.9791,0.5,0.5
flow_8317,0x1000207d,02,ICMP,48,correlator,112.0,112.0,112.0,0.1268,0.3562,112.0,112.0,112.0,0.0,0.992462,1.007538,1.0,1.421e-05,0.003769,5,1.0,2.0,112.0,10.9408,10,1120,0.914,102.3688,0.5,0.5
flow_8329,0x10002089,02,ICMP,48,correlator,96.0,96.0,96.0,0.0321,0.1792,96.0,96.0,96.0,0.0,0.487213,0.512787,0.5,4.088e-05,0.006394,15,1.0,2.0,96.0,15.3359,30,2880,1.9562,187.7945,0.5,0.5
flow_8341,0x10002095,02,ICMP,48,correlator,104.0,104.0,104.0,0.2374,0.4873,104.0,104.0,104.0,0.0,0.981702,1.018298,1.0,8.371e-05,0.009149,7,1.0,2.0,104.0,15.1887,15,1560,0.9876,102.7078,0.5,0.5
flow_8353,0x100020a1,02,ICMP,48,correlator,96.0,96.0,96.0,0.5765,0.7593,96.0,96.0,96.0,0.0,0.977191,1.022809,1.0,0.00013006,0.011404,17,1.0,2.0,96.0,35.15,35,3360,0.9957,95.5904,0.5,0.5
flow_8365,0x100020ad,02,ICMP,48,correlator,96.0,96.0,96.0,0.2414,0.4913,96.0,96.0,96.0,0.0,0.477536,0.522464,0.5,0.00012616,0.011232,38,1.0,2.0,96.0,38.4292,76,7296,1.9777,189.8558,0.5,0.5
flow_8377,0x100020b9,02,ICMP,48,correlator,104.0,104.0,104.0,0.1347,0.367,104.0,104.0,104.0,0.0,0.99043,1.00957,1.0,2.289e-05,0.004785,6,1.0,2.0,104.0,12.9795,12,1248,0.9245,96.1516,0.5,0.5
flow_8389,0x100020c5,02,ICMP,48,correlator,112.0,112.0,112.0,0.5181,0.7198,112.0,112.0,112.0,0.0,0.977682,1.022318,1.0,0.00012453,0.011159,16,1.0,2.0,112.0,33.4467,33,3696,0.9866,110.5043,0.5,0.5
flow_8401,0x100020d1,02,ICMP,48,correlator,112.0,112.0,112.0,0.3722,0.6101,112.0,112.0,112.0,0.0,0.97871,1.02129,1.0,0.00011331,0.010645,19,1.0,2.0,112.0,39.668,39,4368,0.9832,110.1139,0.5,0.5
flow_8413,0x100020dd,02,ICMP,48,correlator,96.0,96.0,96.0,0.2638,0.5136,96.0,96.0,96.0,0.0,0.994313,1.005687,1.0,8.09e-06,0.002844,7,1.0,2.0,96.0,14.4161,14,1344,0.9711,93.2292,0.5,0.5
flow_8425,0x100020e9,02,ICMP,48,correlator,96.0,96.0,96.0,0.0248,0.1575,96.0,96.0,96.0,0.0,0.479597,0.520403,0.5,0.00010407,0.010201,13,1.0,2.0,96.0,13.9883,27,2592,1.9302,185.2976,0.5,0.5
flow_8437,0x100020f5,02,ICMP,48,correlator,104.0,104.0,104.0,0.0126,0.1124,104.0,104.0,104.0,0.0,0.493243,0.506757,0.5,1.142e-05,0.003379,27,1.0,2.0,104.0,27.8923,55,5720,1.9719,205.0745,0.5,0.5
flow_8449,0x10002101,02,ICMP,48,correlator,96.0,96.0,96.0,0.5904,0.7684,96.0,96.0,96.0,0.0,0.480707,0.519293,0.5,9.305e-05,0.009646,28,1.0,2.0,96.0,28.6656,57,5472,1.9884,190.8909,0.5,0.5
flow_8461,0x1000210d,02,ICMP,48,correlator,112.0,112.0,112.0,0.2158,0.4646,112.0,112.0,112.0,0.0,0.994312,1.005688,1.0,8.09e-06,0.002844,7,1.0,2.0,112.0,14.8989,14,1568,0.9397,105.2425,0.5,0.5
flow_8473,0x10002119,02,ICMP,48,correlator,104.0,104.0,104.0,0.2345,0.4843,104.0,104.0,104.0,0.0,0.993667,1.006333,1.0,1.003e-05,0.003167,6,1.0,2.0,104.0,12.0876,12,1248,0.9928,103.246,0.5,0.5
flow_8485,0x10002125,02,ICMP,48,correlator,112.0,112.0,112.0,0.3227,0.5681,112.0,112.0,112.0,0.0,0.49157,0.50843,0.5,1.777e-05,0.004215,34,1.0,2.0,112.0,34.9173,69,7728,1.9761,221.3229,0.5,0.5
flow_8497,0x10002131,02,ICMP,48,correlator,104.0,104.0,104.0,0.0584,0.2416,104.0,104.0,104.0,0.0,0.479477,0.520523,0.5,0.0001053,0.010262,39,1.0,2.0,104.0,39.291,78,8112,1.9852,206.4596,0.5,0.5
flow_8509,0x1000213d,02,ICMP,48,correlator,96.0,96.0,96.0,0.066,0.2569,96.0,96.0,96.0,0.0,0.493446,0.506554,0.5,1.074e-05,0.003277,35,1.0,2.0,96.0,35.394,70,6720,1.9777,189.8628,0.5,0.5
flow_8521,0x10002149,02,ICMP,48,correlator,112.0,112.0,112.0,0.0841,0.29,112.0,112.0,112.0,0.0,0.983448,1.016552,1.0,6.85e-05,0.008276,12,1.0,2.0,112.0,24.9867,24,2688,0.9605,107.5774,0.5,0.5
flow_8533,0x10002155,02,ICMP,48,correlator,112.0,112.0,112.0,0.3609,0.6007,112.0,112.0,112.0,0.0,0.482077,0.517923,0.5,8.031e-05,0.008962,20,1.0,2.0,112.0,20.3849,40,4480,1.9622,219.7702,0.5,0.5
flow_8545,0x10002161,02,ICMP,48,correlator,96.0,96.0,96.0,0.1993,0.4464,96.0,96.0,96.0,0.0,0.980585,1.019415,1.0,9.424e-05,0.009708,10,1.0,2.0,96.0,21.313,21,2016,0.9853,94.5901,0.5,0.5
flow_8557,0x1000216d,02,ICMP,48,correlator,104.0,104.0,104.0,0.1227,0.3503,104.0,104.0,104.0,0.0,0.490925,0.509075,0.5,2.059e-05,0.004537,11,1.0,2.0,104.0,11.3343,22,2288,1.941,201.8652,0.5,0.5
flow_8569,0x10002179,02,ICMP,48,correlator,112.0,112.0,112.0,0.2695,0.5191,112.0,112.0,112.0,0.0,0.986931,1.013069,1.0,4.27e-05,0.006534,7,1.0,2.0,112.0,14.0702,14,1568,0.995,111.4411,0.5,0.5
flow_8581,0x10002185,02,ICMP,48,correlator,96.0,96.0,96.0,0.2335,0.4832,96.0,96.0,96.0,0.0,0.985793,1.014207,1.0,5.046e-05,0.007104,6,1.0,2.0,96.0,12.7948,12,1152,0.9379,90.0364,0.5,0.5
flow_8593,0x10002191,02,ICMP,48,correlator,104.0,104.0,104.0,0.0259,0.1609,104.0,104.0,104.0,0.0,0.479303,0.520697,0.5,0.0001071,0.010349,32,1.0,2.0,104.0,32.3883,64,6656,1.976,205.5066,0.5,0.5
flow_8605,0x1000219d,02,ICMP,48,correlator,112.0,112.0,112.0,0.5826,0.7633,112.0,112.0,112.0,0.0,0.980969,1.019031,1.0,9.054e-05,0.009515,5,1.0,2.0,112.0,10.8872,10,1120,0.9185,102.8729,0.5,0.5
flow_8617,0x100021a9,02,ICMP,48,correlator,112.0,112.0,112.0,0.3953,0.6288,112.0,112.0,112.0,0.0,0.475802,0.524198,0.5,0.00014639,0.012099,36,1.0,2.0,112.0,36.3396,72,8064,1.9813,221.9069,0.5,0.5
flow_8629,0x100021b5,02,ICMP,48,correlator,104.0,104.0,104.0,0.1889,0.4346,104.0,104.0,104.0,0.0,0.488999,0.511001,0.5,3.026e-05,0.0055,35,1.0,2.0,104.0,35.4548,70,7280,1.9743,205.3317,0.5,0.5
flow_8641,0x100021c1,02,ICMP,48,correlator,96.0,96.0,96.0,0.0109,0.1044,96.0,96.0,96.0,0.0,0.495074,0.504926,0.5,6.07e-06,0.002463,17,1.0,2.0,96.0,17.3037,34,3264,1.9649,188.6299,0.5,0.5
flow_8653,0x100021cd,02,ICMP,48,correlator,104.0,104.0,104.0,0.6072,0.7792,104.0,104.0,104.0,0.0,0.481643,0.518357,0.5,8.424e-05,0.009178,35,1.0,2.0,104.0,35.6129,71,7384,1.9937,207.3405,0.5,0.5
flow_8665,0x100021d9,02,ICMP,48,correlator,96.0,96.0,96.0,0.3597,0.5997,96.0,96.0,96.0,0.0,0.977922,1.022078,1.0,0.00012186,0.011039,16,1.0,2.0,96.0,32.7303,32,3072,0.9777,93.8581,0.5,0.5
flow_8677,0x100021e5,02,ICMP,48,correlator,112.0,112.0,112.0,0.0317,0.1781,112.0,112.0,112.0,0.0,0.479658,0.520342,0.5,0.00010344,0.010171,39,1.0,2.0,112.0,39.9703,79,8848,1.9765,221.3645,0.5,0.5
flow_8689,0x100021f1,02,ICMP,48,correlator,96.0,96.0,96.0,0.5682,0.7538,96.0,96.0,96.0,0.0,0.978255,1.021745,1.0,0.00011821,0.010872,10,1.0,2.0,96.0,20.6137,20,1920,0.9702,93.1418,0.5,0.5
flow_8701,0x100021fd,02,ICMP,48,correlator,104.0,104.0,104.0,0.332,0.5762,104.0,104.0,104.0,0.0,0.98396,1.01604,1.0,6.432e-05,0.00802,14,1.0,2.0,104.0,28.767,28,2912,0.9733,101.2272,0.5,0.5
flow_8713,0x10002209,02,ICMP,48,correlator,112.0,112.0,112.0,0.0295,0.1718,112.0,112.0,112.0,0.0,0.979688,1.020312,1.0,0.00010314,0.010156,16,1.0,2.0,112.0,33.5488,33,3696,0.9836,110.1679,0.5,0.5
flow_8725,0x10002215,02,ICMP,48,correlator,112.0,112.0,112.0,0.4083,0.639,112.0,112.0,112.0,0.0,0.986641,1.013359,1.0,4.461e-05,0.006679,7,1.0,2.0,112.0,15.9485,15,1680,0.9405,105.3392,0.5,0.5
flow_8737,0x10002221,02,ICMP,48,correlator,96.0,96.0,96.0,0.5222,0.7226,96.0,96.0,96.0,0.0,0.982579,1.017421,1.0,7.587e-05,0.00871,19,1.0,2.0,96.0,39.2992,39,3744,0.9924,95.2691,0.5,0.5
flow_8749,0x1000222d,02,ICMP,48,correlator,112.0,112.0,112.0,0.3084,0.5554,112.0,112.0,112.0,0.0,0.481615,0.518385,0.5,8.451e-05,0.009193,11,1.0,2.0,112.0,11.4688,22,2464,1.9182,214.8436,0.5,0.5
flow_8761,0x10002239,02,ICMP,48,correlator,96.0,96.0,96.0,0.0256,0.1599,96.0,96.0,96.0,0.0,0.492722,0.507278,0.5,1.324e-05,0.003639,31,1.0,2.0,96.0,31.1483,62,5952,1.9905,191.086,0.5,0.5
flow_8773,0x10002245,02,ICMP,48,correlator,96.0,96.0,96.0,0.0376,0.194,96.0,96.0,96.0,0.0,0.975856,1.024144,1.0,0.00014573,0.012072,8,1.0,2.0,96.0,16.8701,16,1536,0.9484,91.0486,0.5,0.5
flow_8785,0x10002251,02,ICMP,48,correlator,96.0,96.0,96.0,0.3669,0.6057,96.0,96.0,96.0,0.0,0.482713,0.517287,0.5,7.471e-05,0.008643,15,1.0,2.0,96.0,15.1735,30,2880,1.9771,189.804,0.5,0.5
flow_8797,0x1000225d,02,ICMP,48,correlator,104.0,104.0,104.0,0.3415,0.5844,104.0,104.0,104.0,0.0,0.979114,1.020886,1.0,0.00010905,0.010443,18,1.0,2.0,104.0,37.1616,37,3848,0.9957,103.5478,0.5,0.5
flow_8809,0x10002269,02,ICMP,48,correlator,104.0,104.0,104.0,0.1083,0.3291,104.0,104.0,104.0,0.0,0.489126,0.510874,0.5,2.956e-05,0.005437,18,1.0,2.0,104.0,18.1697,36,3744,1.9813,206.0571,0.5,0.5
flow_8821,0x10002275,02,ICMP,48,correlator,104.0,104.0,104.0,0.0445,0.211,104.0,104.0,104.0,0.0,0.992177,1.007823,1.0,1.53e-05,0.003912,10,1.0,2.0,104.0,20.1246,20,2080,0.9938,103.3561,0.5,0.5
flow_8833,0x10002281,02,ICMP,48,correlator,96.0,96.0,96.0,0.4147,0.644,96.0,96.0,96.0,0.0,0.482615,0.517385,0.5,7.556e-05,0.008692,10,1.0,2.0,96.0,10.8522,21,2016,1.9351,185.7689,0.5,0.5
flow_8845,0x1000228d,02,ICMP,48,correlator,112.0,112.0,112.0,0.3396,0.5828,112.0,112.0,112.0,0.0,0.491393,0.508607,0.5,1.852e-05,0.004303,34,1.0,2.0,112.0,34.5472,69,7728,1.9973,223.6941,0.5,0.5
flow_8857,0x10002299,02,ICMP,48,correlator,96.0,96.0,96.0,0.3733,0.611,96.0,96.0,96.0,0.0,0.989149,1.010851,1.0,2.944e-05,0.005425,19,1.0,2.0,96.0,38.4507,38,3648,0.9883,94.8747,0.5,0.5
flow_8869,0x100022a5,02,ICMP,48,correlator,104.0,104.0,104.0,0.3922,0.6263,104.0,104.0,104.0,0.0,0.476538,0.523462,0.5,0.00013761,0.011731,37,1.0,2.0,104.0,37.8834,75,7800,1.9798,205.8949,0.5,0.5
flow_8881,0x100022b1,02,ICMP,48,correlator,112.0,112.0,112.0,0.1724,0.4152,112.0,112.0,112.0,0.0,0.483875,0.516125,0.5,6.501e-05,0.008063,23,1.0,2.0,112.0,23.0779,46,5152,1.9932,223.2435,0.5,0.5
flow_8893,0x100022bd,02,ICMP,48,correlator,96.0,96.0,96.0,0.1753,0.4186,96.0,96.0,96.0,0.0,0.495503,0.504497,0.5,5.06e-06,0.002249,11,1.0,2.0,96.0,11.1926,22,2112,1.9656,188.6962,0.5,0.5
flow_8905,0x100022c9,02,ICMP,48,correlator,112.0,112.0,112.0,0.2215,0.4706,112.0,112.0,112.0,0.0,0.994619,1.005381,1.0,7.24e-06,0.002691,7,1.0,2.0,112.0,15.9249,15,1680,0.9419,105.4954,0.5,0.5
flow_8917,0x100022d5,02,ICMP,48,correlator,96.0,96.0,96.0,0.4088,0.6394,96.0,96.0,96.0,0.0,0.994086,1.005914,1.0,8.74e-06,0.002957,13,1.0,2.0,96.0,27.24,27,2592,0.9912,95.1544,0.5,0.5
flow_8929,0x100022e1,02,ICMP,48,correlator,112.0,112.0,112.0,0.5989,0.7739,112.0,112.0,112.0,0.0,0.994831,1.005169,1.0,6.68e-06,0.002584,8,1.0,2.0,112.0,16.7815,16,1792,0.9534,106.7842,0.5,0.5
flow_8941,0x100022ed,02,ICMP,48,correlator,96.0,96.0,96.0,0.1101,0.3318,96.0,96.0,96.0,0.0,0.995048,1.004952,1.0,6.13e-06,0.002476,8,1.0,2.0,96.0,16.3417,16,1536,0.9791,93.9925,0.5,0.5
flow_8953,0x100022f9,02,ICMP,48,correlator,112.0,112.0,112.0,0.4001,0.6325,112.0,112.0,112.0,0.0,0.975796,1.024204,1.0,0.00014646,0.012102,9,1.0,2.0,112.0,19.5735,19,2128,0.9707,108.7186,0.5,0.5
flow_8965,0x10002305,02,ICMP,48,correlator,104.0,104.0,104.0,0.0119,0.1092,104.0,104.0,104.0,0.0,0.476,0.524,0.5,0.000144,0.012,20,1.0,2.0,104.0,20.0364,40,4160,1.9964,207.6225,0.5,0.5
flow_8977,0x10002311,02,ICMP,48,correlator,112.0,112.0,112.0,0.1656,0.4069,112.0,112.0,112.0,0.0,0.984465,1.015535,1.0,6.033e-05,0.007767,8,1.0,2.0,112.0,16.3496,16,1792,0.9786,109.6054,0.5,0.5
flow_8989,0x1000231d,02,ICMP,48,correlator,112.0,112.0,112.0,0.0277,0.1663,112.0,112.0,112.0,0.0,0.978015,1.021985,1.0,0.00012083,0.010992,9,1.0,2.0,112.0,18.663,18,2016,0.9645,108.0213,0.5,0.5
flow_9001,0x10002329,02,ICMP,48,correlator,104.0,104.0,104.0,0.1243,0.3526,104.0,104.0,104.0,0.0,0.99143,1.00857,1.0,1.836e-05,0.004285,7,1.0,2.0,104.0,15.6773,15,1560,0.9568,99.5071,0.5,0.5
flow_9013,0x10002335,02,ICMP,48,correlator,112.0,112.0,112.0,0.3423,0.585,112.0,112.0,112.0,0.0,0.975981,1.024019,1.0,0.00014423,0.012009,10,1.0,2.0,112.0,20.2443,20,2240,0.9879,110.6483,0.5,0.5
flow_9025,0x10002341,02,ICMP,48,correlator,112.0,112.0,112.0,0.0867,0.2945,112.0,112.0,112.0,0.0,0.491619,0.508381,0.5,1.756e-05,0.004191,30,1.0,2.0,112.0,30.8244,61,6832,1.979,221.6426,0.5,0.5
flow_9037,0x1000234d,02,ICMP,48,correlator,96.0,96.0,96.0,0.5851,0.7649,96.0,96.0,96.0,0.0,0.976464,1.023536,1.0,0.00013848,0.011768,16,1.0,2.0,96.0,33.6332,33,3168,0.9812,94.1927,0.5,0.5
flow_9049,0x10002359,02,ICMP,48,correlator,96.0,96.0,96.0,0.5702,0.7551,96.0,96.0,96.0,0.0,0.984213,1.015787,1.0,6.231e-05,0.007894,15,1.0,2.0,96.0,30.5721,30,2880,0.9813,94.2037,0.5,0.5
flow_9061,0x10002365,02,ICMP,48,correlator,96.0,96.0,96.0,0.0182,0.1349,96.0,96.0,96.0,0.0,0.987305,1.012695,1.0,4.029e-05,0.006347,12,1.0,2.0,96.0,25.1137,25,2400,0.9955,95.5652,0.5,0.5
flow_9073,0x10002371,02,ICMP,48,correlator,96.0,96.0,96.0,0.5943,0.7709,96.0,96.0,96.0,0.0,0.98764,1.01236,1.0,3.819e-05,0.00618,6,1.0,2.0,96.0,12.9069,12,1152,0.9297,89.2546,0.5,0.5
flow_9085,0x1000237d,02,ICMP,48,correlator,104.0,104.0,104.0,0.1201,0.3465,104.0,104.0,104.0,0.0,0.987514,1.012486,1.0,3.898e-05,0.006243,5,1.0,2.0,104.0,11.1554,11,1144,0.9861,102.5515,0.5,0.5
flow_9097,0x10002389,02,ICMP,48,correlator,112.0,112.0,112.0,0.2023,0.4498,112.0,112.0,112.0,0.0,0.494314,0.505686,0.5,8.08e-06,0.002843,16,1.0,2.0,112.0,16.669,33,3696,1.9797,221.7286,0.5,0.5
flow_9109,0x10002395,02,ICMP,48,correlator,96.0,96.0,96.0,0.2053,0.453,96.0,96.0,96.0,0.0,0.994658,1.005342,1.0,7.13e-06,0.002671,15,1.0,2.0,96.0,30.1396,30,2880,0.9954,95.5555,0.5,0.5
flow_9121,0x100023a1,02,ICMP,48,correlator,112.0,112.0,112.0,0.6328,0.7955,112.0,112.0,112.0,0.0,0.494876,0.505124,0.5,6.56e-06,0.002562,21,1.0,2.0,112.0,21.5499,43,4816,1.9954,223.4808,0.5,0.5
flow_9133,0x100023ad,02,ICMP,48,correlator,112.0,112.0,112.0,0.0524,0.2288,112.0,112.0,112.0,0.0,0.990757,1.009243,1.0,2.136e-05,0.004622,14,1.0,2.0,112.0,29.8604,29,3248,0.9712,108.7728,0.5,0.5
flow_9145,0x100023b9,02,ICMP,48,correlator,112.0,112.0,112.0,0.4161,0.6451,112.0,112.0,112.0,0.0,0.494281,0.505719,0.5,8.18e-06,0.002859,14,1.0,2.0,112.0,14.3627,28,3136,1.9495,218.343,0.5,0.5
flow_9157,0x100023c5,02,ICMP,48,correlator,112.0,112.0,112.0,0.2535,0.5035,112.0,112.0,112.0,0.0,0.490289,0.509711,0.5,2.358e-05,0.004856,24,1.0,2.0,112.0,24.738,49,5488,1.9808,221.8448,0.5,0.5
flow_9169,0x100023d1,02,ICMP,48,correlator,112.0,112.0,112.0,0.2487,0.4987,112.0,112.0,112.0,0.0,0.975762,1.024238,1.0,0.00014686,0.012119,16,1.0,2.0,112.0,32.3325,32,3584,0.9897,110.8484,0.5,0.5
flow_9181,0x100023dd,02,ICMP,48,correlator,104.0,104.0,104.0,0.0395,0.1989,104.0,104.0,104.0,0.0,0.492872,0.507128,0.5,1.27e-05,0.003564,16,1.0,2.0,104.0,16.5213,33,3432,1.9974,207.7323,0.5,0.5
flow_9193,0x100023e9,02,ICMP,48,correlator,96.0,96.0,96.0,0.0917,0.3028,96.0,96.0,96.0,0.0,0.486223,0.513777,0.5,4.745e-05,0.006889,35,1.0,2.0,96.0,35.8972,71,6816,1.9779,189.8755,0.5,0.5
flow_9205,0x100023f5,02,ICMP,48,correlator,96.0,96.0,96.0,0.0594,0.2437,96.0,96.0,96.0,0.0,0.494495,0.505505,0.5,7.58e-06,0.002752,37,1.0,2.0,96.0,37.434,74,7104,1.9768,189.7741,0.5,0.5
flow_9217,0x10002401,02,ICMP,48,correlator,96.0,96.0,96.0,0.046,0.2145,96.0,96.0,96.0,0.0,0.987652,1.012348,1.0,3.812e-05,0.006174,15,1.0,2.0,96.0,31.4493,31,2976,0.9857,94.6285,0.5,0.5
flow_9229,0x1000240d,02,ICMP,48,correlator,104.0,104.0,104.0,0.5885,0.7672,104.0,104.0,104.0,0.0,0.476202,0.523798,0.5,0.00014159,0.011899,20,1.0,2.0,104.0,20.9153,41,4264,1.9603,203.8696,0.5,0.5
flow_9241,0x10002419,02,ICMP,48,correlator,104.0,104.0,104.0,0.3839,0.6196,104.0,104.0,104.0,0.0,0.990655,1.009345,1.0,2.183e-05,0.004672,10,1.0,2.0,104.0,21.7457,21,2184,0.9657,100.4335,0.5,0.5
flow_9253,0x10002425,02,ICMP,48,correlator,104.0,104.0,104.0,0.0851,0.2916,104.0,104.0,104.0,0.0,0.98354,1.01646,1.0,6.773e-05,0.00823,12,1.0,2.0,104.0,24.1628,24,2496,0.9933,103.2991,0.5,0.5
flow_9265,0x10002431,02,ICMP,48,correlator,104.0,104.0,104.0,0.0261,0.1614,104.0,104.0,104.0,0.0,0.987265,1.012735,1.0,4.055e-05,0.006368,5,1.0,2.0,104.0,10.5038,10,1040,0.952,99.0117,0.5,0.5
flow_9277,0x1000243d,02,ICMP,48,correlator,112.0,112.0,112.0,0.4205,0.6485,112.0,112.0,112.0,0.0,0.494538,0.505462,0.5,7.46e-06,0.002731,15,1.0,2.0,112.0,15.4643,30,3360,1.94,217.2746,0.5,0.5
flow_9289,0x10002449,02,ICMP,48,correlator,112.0,112.0,112.0,0.0528,0.2298,112.0,112.0,112.0,0.0,0.983426,1.016574,1.0,6.868e-05,0.008287,18,1.0,2.0,112.0,36.0905,36,4032,0.9975,111.7191,0.5,0.5
flow_9301,0x10002455,02,ICMP,48,correlator,96.0,96.0,96.0,0.0557,0.2361,96.0,96.0,96.0,0.0,0.483235,0.516765,0.5,7.026e-05,0.008382,29,1.0,2.0,96.0,29.7926,59,5664,1.9804,190.1146,0.5,0.5
flow_9313,0x10002461,02,ICMP,48,correlator,96.0,96.0,96.0,0.114,0.3376,96.0,96.0,96.0,0.0,0.983353,1.016647,1.0,6.928e-05,0.008323,11,1.0,2.0,96.0,23.8735,23,2208,0.9634,92.4876,0.5,0.5
flow_9325,0x1000246d,02,ICMP,48,correlator,112.0,112.0,112.0,0.427,0.6535,112.0,112.0,112.0,0.0,0.988338,1.011662,1.0,3.4e-05,0.005831,7,1.0,2.0,112.0,14.5333,14,1568,0.9633,107.8901,0.5,0.5
flow_9337,0x10002479,02,ICMP,48,correlator,96.0,96.0,96.0,0.1449,0.3807,96.0,96.0,96.0,0.0,0.984864,1.015136,1.0,5.727e-05,0.007568,16,1.0,2.0,96.0,33.3838,33,3168,0.9885,94.8963,0.5,0.5
flow_9349,0x10002485,02,ICMP,48,correlator,104.0,104.0,104.0,0.4187,0.6471,104.0,104.0,104.0,0.0,0.483165,0.516835,0.5,7.086e-05,0.008418,12,1.0,2.0,104.0,12.907,25,2600,1.9369,201.4403,0.5,0.5
flow_9361,0x10002491,02,ICMP,48,correlator,104.0,104.0,104.0,0.0424,0.2059,104.0,104.0,104.0,0.0,0.979611,1.020389,1.0,0.00010393,0.010194,10,1.0,2.0,104.0,21.518,21,2184,0.9759,101.4965,0.5,0.5
flow_9373,0x1000249d,02,ICMP,48,correlator,104.0,104.0,104.0,0.4309,0.6564,104.0,104.0,104.0,0.0,0.988103,1.011897,1.0,3.538e-05,0.005948,7,1.0,2.0,104.0,14.2974,14,1456,0.9792,101.8367,0.5,0.5
flow_9385,0x100024a9,02,ICMP,48,correlator,104.0,104.0,104.0,0.5055,0.711,104.0,104.0,104.0,0.0,0.490848,0.509152,0.5,2.094e-05,0.004576,35,1.0,2.0,104.0,35.9819,71,7384,1.9732,205.2144,0.5,0.5
flow_9397,0x100024b5,02,ICMP,48,correlator,112.0,112.0,112.0,0.3386,0.5819,112.0,112.0,112.0,0.0,0.977669,1.022331,1.0,0.00012467,0.011166,7,1.0,2.0,112.0,15.9935,15,1680,0.9379,105.0424,0.5,0.5
flow_9409,0x100024c1,02,ICMP,48,correlator,112.0,112.0,112.0,0.1381,0.3716,112.0,112.0,112.0,0.0,0.994504,1.005496,1.0,7.55e-06,0.002748,6,1.0,2.0,112.0,12.5189,12,1344,0.9585,107.3576,0.5,0.5
flow_9421,0x100024cd,02,ICMP,48,correlator,96.0,96.0,96.0,0.164,0.405,96.0,96.0,96.0,0.0,0.98074,1.01926,1.0,9.274e-05,0.00963,5,1.0,2.0,96.0,10.1694,10,960,0.9833,94.4008,0.5,0.5
flow_9433,0x100024d9,02,ICMP,48,correlator,112.0,112.0,112.0,0.4398,0.6632,112.0,112.0,112.0,0.0,0.978408,1.021592,1.0,0.00011656,0.010796,6,1.0,2.0,112.0,13.6547,13,1456,0.9521,106.6301,0.5,0.5
flow_9445,0x100024e5,02,ICMP,48,correlator,96.0,96.0,96.0,0.1149,0.3389,96.0,96.0,96.0,0.0,0.484701,0.515299,0.5,5.852e-05,0.00765,20,1.0,2.0,96.0,20.7519,41,3936,1.9757,189.669,0.5,0.5
flow_9457,0x100024f1,02,ICMP,48,correlator,112.0,112.0,112.0,0.0428,0.2068,112.0,112.0,112.0,0.0,0.492759,0.507241,0.5,1.311e-05,0.00362,18,1.0,2.0,112.0,18.4426,36,4032,1.952,218.6245,0.5,0.5
flow_9469,0x100024fd,02,ICMP,48,correlator,104.0,104.0,104.0,0.1618,0.4022,104.0,104.0,104.0,0.0,0.486342,0.513658,0.5,4.663e-05,0.006829,27,1.0,2.0,104.0,27.5801,55,5720,1.9942,207.3956,0.5,0.5
flow_9481,0x10002509,02,ICMP,48,correlator,96.0,96.0,96.0,0.5125,0.7159,96.0,96.0,96.0,0.0,0.979882,1.020118,1.0,0.00010118,0.010059,18,1.0,2.0,96.0,36.9287,36,3456,0.9749,93.5859,0.5,0.5
flow_9493,0x10002515,02,ICMP,48,correlator,96.0,96.0,96.0,0.0746,0.2731,96.0,96.0,96.0,0.0,0.986086,1.013914,1.0,4.84e-05,0.006957,17,1.0,2.0,96.0,34.0797,34,3264,0.9977,95.7754,0.5,0.5
flow_9505,0x10002521,02,ICMP,48,correlator,104.0,104.0,104.0,0.1682,0.4101,104.0,104.0,104.0,0.0,0.979104,1.020896,1.0,0.00010917,0.010448,18,1.0,2.0,104.0,36.0435,36,3744,0.9988,103.8745,0.5,0.5
flow_9517,0x1000252d,02,ICMP,48,correlator,96.0,96.0,96.0,0.2225,0.4717,96.0,96.0,96.0,0.0,0.992822,1.007178,1.0,1.288e-05,0.003589,9,1.0,2.0,96.0,18.1551,18,1728,0.9915,95.1799,0.5,0.5
flow_9529,0x10002539,02,ICMP,48,correlator,112.0,112.0,112.0,0.4477,0.6691,112.0,112.0,112.0,0.0,0.992797,1.007203,1.0,1.297e-05,0.003601,12,1.0,2.0,112.0,25.0492,25,2800,0.998,111.7801,0.5,0.5
flow_9541,0x10002545,02,ICMP,48,correlator,104.0,104.0,104.0,0.2978,0.5457,104.0,104.0,104.0,0.0,0.985553,1.014447,1.0,5.218e-05,0.007224,16,1.0,2.0,104.0,32.643,32,3328,0.9803,101.9514,0.5,0.5
flow_9553,0x10002551,02,ICMP,48,correlator,96.0,96.0,96.0,0.1269,0.3563,96.0,96.0,96.0,0.0,0.495554,0.504446,0.5,4.94e-06,0.002223,36,1.0,2.0,96.0,36.9155,73,7008,1.9775,189.8392,0.5,0.5
flow_9565,0x1000255d,02,ICMP,48,correlator,96.0,96.0,96.0,0.0316,0.1779,96.0,96.0,96.0,0.0,0.483352,0.516648,0.5,6.929e-05,0.008324,35,1.0,2.0,96.0,35.7171,71,6816,1.9878,190.8332,0.5,0.5
flow_9577,0x10002569,02,ICMP,48,correlator,96.0,96.0,96.0,0.1512,0.3888,96.0,96.0,96.0,0.0,0.487436,0.512564,0.5,3.946e-05,0.006282,36,1.0,2.0,96.0,36.6303,73,7008,1.9929,191.317,0.5,0.5
flow_9589,0x10002575,02,ICMP,48,correlator,104.0,104.0,104.0,0.0578,0.2404,104.0,104.0,104.0,0.0,0.986691,1.013309,1.0,4.428e-05,0.006655,12,1.0,2.0,104.0,25.3735,25,2600,0.9853,102.4689,0.5,0.5
flow_9601,0x10002581,02,ICMP,48,correlator,96.0,96.0,96.0,0.1477,0.3843,96.0,96.0,96.0,0.0,0.492946,0.507054,0.5,1.244e-05,0.003527,36,1.0,2.0,96.0,36.0477,72,6912,1.9974,191.7461,0.5,0.5
flow_9613,0x1000258d,02,ICMP,48,correlator,112.0,112.0,112.0,0.0416,0.204,112.0,112.0,112.0,0.0,0.975772,1.024228,1.0,0.00014675,0.012114,19,1.0,2.0,112.0,39.7966,39,4368,0.98,109.758,0.5,0.5
flow_9625,0x10002599,02,ICMP,48,correlator,104.0,104.0,104.0,0.1086,0.3296,104.0,104.0,104.0,0.0,0.979352,1.020648,1.0,0.00010659,0.010324,7,1.0,2.0,104.0,15.241,15,1560,0.9842,102.3554,0.5,0.5
flow_9637,0x100025a5,02,ICMP,48,correlator,104.0,104.0,104.0,0.0204,0.1429,104.0,104.0,104.0,0.0,0.978278,1.021722,1.0,0.00011796,0.010861,11,1.0,2.0,104.0,22.5372,22,2288,0.9762,101.5209,0.5,0.5
flow_9649,0x100025b1,02,ICMP,48,correlator,112.0,112.0,112.0,0.2836,0.5325,112.0,112.0,112.0,0.0,0.483403,0.516597,0.5,6.886e-05,0.008298,12,1.0,2.0,112.0,12.9251,25,2800,1.9342,216.6324,0.5,0.5
flow_9661,0x100025bd,02,ICMP,48,correlator,112.0,112.0,112.0,0.2869,0.5356,112.0,112.0,112.0,0.0,0.480675,0.519325,0.5,9.336e-05,0.009662,25,1.0,2.0,112.0,25.7165,51,5712,1.9832,222.1144,0.5,0.5
flow_9673,0x100025c9,02,ICMP,48,correlator,104.0,104.0,104.0,0.2437,0.4937,104.0,104.0,104.0,0.0,0.492938,0.507062,0.5,1.247e-05,0.003531,29,1.0,2.0,104.0,29.6193,59,6136,1.9919,207.1624,0.5,0.5
flow_9685,0x100025d5,02,ICMP,48,correlator,112.0,112.0,112.0,0.1721,0.4148,112.0,112.0,112.0,0.0,0.485291,0.514709,0.5,5.409e-05,0.007354,38,1.0,2.0,112.0,38.9866,77,8624,1.975,221.2042,0.5,0.5
flow_9697,0x100025e1,02,ICMP,48,correlator,112.0,112.0,112.0,0.0401,0.2003,112.0,112.0,112.0,0.0,0.976911,1.023089,1.0,0.00013328,0.011545,14,1.0,2.0,112.0,29.6031,29,3248,0.9796,109.7183,0.5,0.5
flow_9709,0x100025ed,02,ICMP,48,correlator,112.0,112.0,112.0,0.3542,0.5951,112.0,112.0,112.0,0.0,0.477828,0.522172,0.5,0.0001229,0.011086,14,1.0,2.0,112.0,14.3439,28,3136,1.952,218.6296,0.5,0.5
flow_9721,0x100025f9,02,ICMP,48,correlator,112.0,112.0,112.0,0.0133,0.1155,112.0,112.0,112.0,0.0,0.983407,1.016593,1.0,6.883e-05,0.008297,7,1.0,2.0,112.0,14.4072,14,1568,0.9717,108.8347,0.5,0.5
flow_9733,0x10002605,02,ICMP,48,correlator,96.0,96.0,96.0,0.162,0.4025,96.0,96.0,96.0,0.0,0.489275,0.510725,0.5,2.876e-05,0.005363,13,1.0,2.0,96.0,13.2879,26,2496,1.9567,187.8401,0.5,0.5
flow_9745,0x10002611,02,ICMP,48,correlator,96.0,96.0,96.0,0.5941,0.7708,96.0,96.0,96.0,0.0,0.990458,1.009542,1.0,2.276e-05,0.004771,12,1.0,2.0,96.0,25.0217,25,2400,0.9991,95.9168,0.5,0.5
flow_9757,0x1000261d,02,ICMP,48,correlator,112.0,112.0,112.0,0.0356,0.1887,112.0,112.0,112.0,0.0,0.983373,1.016627,1.0,6.912e-05,0.008314,7,1.0,2.0,112.0,15.4265,15,1680,0.9724,108.9033,0.5,0.5
flow_9769,0x10002629,02,ICMP,48,correlator,96.0,96.0,96.0,0.2295,0.479,96.0,96.0,96.0,0.0,0.481714,0.518286,0.5,8.36e-05,0.009143,14,1.0,2.0,96.0,14.3499,28,2688,1.9512,187.3186,0.5,0.5
flow_9781,0x10002635,02,ICMP,48,correlator,112.0,112.0,112.0,0.0147,0.1212,112.0,112.0,112.0,0.0,0.491682,0.508318,0.5,1.73e-05,0.004159,21,1.0,2.0,112.0,21.1656,42,4704,1.9844,222.2475,0.5,0.5
flow_9793,0x10002641,02,ICMP,48,correlator,112.0,112.0,112.0,0.1326,0.3642,112.0,112.0,112.0,0.0,0.480408,0.519592,0.5,9.596e-05,0.009796,26,1.0,2.0,112.0,26.3208,52,5824,1.9756,221.27,0.5,0.5
flow_9805,0x1000264d,02,ICMP,48,correlator,104.0,104.0,104.0,0.1358,0.3685,104.0,104.0,104.0,0.0,0.480896,0.519104,0.5,9.124e-05,0.009552,39,1.0,2.0,104.0,39.9134,79,8216,1.9793,205.8458,0.5,0.5
flow_9817,0x10002659,02,ICMP,48,correlator,96.0,96.0,96.0,0.5146,0.7174,96.0,96.0,96.0,0.0,0.980413,1.019587,1.0,9.592e-05,0.009794,9,1.0,2.0,96.0,19.4128,19,1824,0.9787,93.9588,0.5,0.5
flow_9829,0x10002665,02,ICMP,48,correlator,104.0,104.0,104.0,0.5969,0.7726,104.0,104.0,104.0,0.0,0.479494,0.520506,0.5,0.00010513,0.010253,26,1.0,2.0,104.0,26.7138,53,5512,1.984,206.3354,0.5,0.5
flow_9841,0x10002671,02,ICMP,48,correlator,96.0,96.0,96.0,0.0624,0.2499,96.0,96.0,96.0,0.0,0.488142,0.511858,0.5,3.515e-05,0.005929,13,1.0,2.0,96.0,13.595,27,2592,1.986,190.6582,0.5,0.5
flow_9853,0x1000267d,02,ICMP,48,correlator,96.0,96.0,96.0,0.4745,0.6888,96.0,96.0,96.0,0.0,0.982434,1.017566,1.0,7.714e-05,0.008783,11,1.0,2.0,96.0,23.5875,23,2208,0.9751,93.6091,0.5,0.5
flow_9865,0x10002689,02,ICMP,48,correlator,96.0,96.0,96.0,0.6104,0.7813,96.0,96.0,96.0,0.0,0.484656,0.515344,0.5,5.886e-05,0.007672,33,1.0,2.0,96.0,33.8335,67,6432,1.9803,190.1075,0.5,0.5
flow_9877,0x10002695,02,ICMP,48,correlator,104.0,104.0,104.0,0.2253,0.4747,104.0,104.0,104.0,0.0,0.985257,1.014743,1.0,5.434e-05,0.007371,10,1.0,2.0,104.0,21.934,21,2184,0.9574,99.5714,0.5,0.5
flow_9889,0x100026a1,02,ICMP,48,correlator,112.0,112.0,112.0,0.0673,0.2594,112.0,112.0,112.0,0.0,0.49148,0.50852,0.5,1.815e-05,0.00426,28,1.0,2.0,112.0,28.0244,56,6272,1.9983,223.805,0.5,0.5
flow_9901,0x100026ad,02,ICMP,48,correlator,104.0,104.0,104.0,0.044,0.2097,104.0,104.0,104.0,0.0,0.485504,0.514496,0.5,5.254e-05,0.007248,16,1.0,2.0,104.0,16.6294,33,3432,1.9844,206.3821,0.5,0.5
flow_9913,0x100026b9,02,ICMP,48,correlator,96.0,96.0,96.0,0.5632,0.7505,96.0,96.0,96.0,0.0,0.981546,1.018454,1.0,8.514e-05,0.009227,15,1.0,2.0,96.0,30.2891,30,2880,0.9905,95.0836,0.5,0.5
flow_9925,0x100026c5,02,ICMP,48,correlator,112.0,112.0,112.0,0.1977,0.4446,112.0,112.0,112.0,0.0,0.47985,0.52015,0.5,0.00010151,0.010075,17,1.0,2.0,112.0,17.3605,34,3808,1.9585,219.3485,0.5,0.5
flow_9937,0x100026d1,02,ICMP,48,correlator,112.0,112.0,112.0,0.542,0.7362,112.0,112.0,112.0,0.0,0.485469,0.514531,0.5,5.279e-05,0.007266,22,1.0,2.0,112.0,22.4512,44,4928,1.9598,219.4978,0.5,0.5
flow_9949,0x100026dd,02,ICMP,48,correlator,96.0,96.0,96.0,0.4056,0.6369,96.0,96.0,96.0,0.0,0.488847,0.511153,0.5,3.11e-05,0.005576,37,1.0,2.0,96.0,37.0915,74,7104,1.9951,191.5264,0.5,0.5
flow_9961,0x100026e9,02,ICMP,48,correlator,104.0,104.0,104.0,0.0273,0.1654,104.0,104.0,104.0,0.0,0.489391,0.510609,0.5,2.814e-05,0.005305,34,1.0,2.0,104.0,34.1233,68,7072,1.9928,207.2482,0.5,0.5
flow_9973,0x100026f5,02,ICMP,48,correlator,104.0,104.0,104.0,0.1036,0.3219,104.0,104.0,104.0,0.0,0.994123,1.005877,1.0,8.63e-06,0.002939,14,1.0,2.0,104.0,29.9535,29,3016,0.9682,100.6894,0.5,0.5
flow_9985,0x10002701,02,ICMP,48,correlator,112.0,112.0,112.0,0.0436,0.2089,112.0,112.0,112.0,0.0,0.487659,0.512341,0.5,3.808e-05,0.006171,19,1.0,2.0,112.0,19.4125,38,4256,1.9575,219.2404,0.5,0.5
flow_9997,0x1000270d,02,ICMP,48,correlator,104.0,104.0,104.0,0.3739,0.6115,104.0,104.0,104.0,0.0,0.481439,0.518561,0.5,8.613e-05,0.009281,28,1.0,2.0,104.0,28.5448,57,5928,1.9969,207.6733,0.5,0.5
