flow_id,spi,scenario_id,traffic_type,dscp_label,label_source,pkt_len_min,pkt_len_max,pkt_len_mean,pkt_len_var,pkt_len_std,pkt_len_median,pkt_len_q25,pkt_len_q75,pkt_len_iqr,iat_min,iat_max,iat_mean,iat_var,iat_std,burst_count,burst_len_mean,burst_len_max,burst_bytes_mean,flow_duration_s,total_packets,total_bytes,packet_rate_pps,byte_rate_bps,forward_packet_ratio,forward_byte_ratio
flow_0010,0x1000000a,11,VoIP,46,auto,163.6671,205.8361,184.2075,129.4571,11.3779,184.1537,176.2429,192.172,15.9291,0.021685,0.045425,0.031181,2.254e-05,0.004748,26,2.6906,5.1871,495.6364,11.9864,384,70735,32.0363,5901.2641,0.5033,0.4981
flow_0022,0x10000016,11,VoIP,46,auto,138.1488,212.7181,164.5752,121.3064,11.0139,163.0031,156.8654,172.2849,15.4195,0.008896,0.035186,0.019412,2.765e-05,0.005258,170,4.3479,8.9756,715.5519,37.6327,1938,318946,51.4977,8475.2324,0.5268,0.5169
flow_0034,0x10000022,11,VoIP,46,auto,77.7554,111.7518,89.3249,16.4733,4.0587,87.334,86.4837,92.166,5.6822,0.015147,0.031203,0.02157,1.031e-05,0.003211,55,2.359,6.8246,210.7189,13.6837,634,56631,46.3326,4138.5805,0.5275,0.5473
flow_0046,0x1000002e,11,VoIP,46,auto,125.0469,205.9503,161.1817,318.3109,17.8413,160.4678,148.6928,173.6706,24.9778,0.023461,0.039119,0.029724,9.81e-06,0.003132,33,2.8497,7.8074,459.326,13.7513,462,74465,33.5967,5415.1095,0.5175,0.5289
flow_0058,0x1000003a,11,VoIP,46,auto,144.5834,213.4812,175.5028,299.4593,17.3049,176.3541,163.3894,187.6163,24.2269,0.022464,0.041872,0.030227,1.507e-05,0.003882,138,2.5902,6.886,454.5921,42.6091,1409,247283,33.068,5803.5241,0.4936,0.4789
flow_0070,0x10000046,11,VoIP,46,auto,176.1388,223.2799,200.2421,106.846,10.3366,198.1341,193.0065,207.4777,14.4713,0.014531,0.03285,0.021859,1.342e-05,0.003664,68,2.9615,9.8806,593.0117,17.439,797,159592,45.7023,9151.465,0.494,0.5014
flow_0082,0x10000052,11,VoIP,46,auto,165.9049,209.3157,182.9747,54.8949,7.4091,182.8723,177.7883,188.1611,10.3727,0.01462,0.032022,0.021581,1.211e-05,0.003481,152,3.0721,6.324,562.1182,21.3481,989,180961,46.3274,8476.6908,0.5066,0.4948
flow_0094,0x1000005e,11,VoIP,46,auto,172.3157,230.8819,196.3049,135.4595,11.6387,193.4378,188.1578,204.452,16.2942,0.022846,0.041654,0.030369,1.415e-05,0.003762,73,2.2693,5.3872,445.4667,21.3792,703,138002,32.8825,6454.9764,0.5168,0.5146
flow_0106,0x1000006a,11,VoIP,46,auto,109.8387,183.6363,147.0185,439.2974,20.9594,147.1584,132.3469,161.6901,29.3432,0.011598,0.035186,0.021033,2.225e-05,0.004718,93,4.8936,6.323,719.4433,16.7045,794,116732,47.5321,6988.0628,0.4958,0.4931
flow_0118,0x10000076,11,VoIP,46,auto,127.7048,199.587,157.8957,144.879,12.0366,157.076,149.4701,166.3213,16.8512,0.02397,0.0385,0.029782,8.44e-06,0.002906,42,2.9906,8.4302,472.2035,17.115,574,90632,33.5378,5295.4616,0.5214,0.5045
flow_0130,0x10000082,11,VoIP,46,auto,158.8468,211.5521,182.3447,119.2004,10.9179,181.7286,174.7022,189.9872,15.2851,0.024006,0.04078,0.030716,1.125e-05,0.003355,172,4.1893,9.2449,763.9043,35.3715,1151,209878,32.5403,5933.5356,0.4983,0.4987
flow_0142,0x1000008e,11,VoIP,46,auto,134.4862,222.0644,170.9576,430.3988,20.7461,171.7763,156.4353,185.4798,29.0445,0.012205,0.034944,0.021301,2.068e-05,0.004548,63,2.283,9.9713,390.3003,19.413,911,155742,46.9273,8022.5597,0.5162,0.4999
flow_0154,0x1000009a,11,VoIP,46,auto,182.9594,236.711,202.9223,39.1969,6.2607,201.8318,198.5398,207.3048,8.765,0.015233,0.027674,0.02021,6.19e-06,0.002488,58,2.6269,5.9906,533.0522,17.721,876,177759,49.4329,10030.983,0.5044,0.5043
flow_0166,0x100000a6,11,VoIP,46,auto,111.1779,190.9346,148.4696,108.2959,10.4065,148.0116,141.1851,155.7542,14.5691,0.022661,0.045637,0.031851,2.111e-05,0.004595,88,4.8211,9.6853,715.7802,18.2563,573,85073,31.3864,4659.9177,0.5019,0.5076
flow_0178,0x100000b2,11,VoIP,46,auto,182.0786,229.6557,204.5351,153.8745,12.4046,206.0724,195.8518,213.2183,17.3665,0.011545,0.031334,0.01946,1.566e-05,0.003958,75,2.7164,8.357,555.59,18.5565,953,194921,51.3565,10504.1651,0.4853,0.4858
flow_0190,0x100000be,11,VoIP,46,auto,82.0531,115.371,95.792,32.0097,5.6577,95.5345,91.8316,99.7524,7.9208,0.023553,0.039554,0.029953,1.024e-05,0.0032,109,3.2313,7.7847,309.5351,23.3495,779,74621,33.3626,3195.8253,0.5258,0.5073
flow_0202,0x100000ca,11,VoIP,46,auto,112.4347,186.0879,140.1994,211.8955,14.5566,139.6154,130.0098,150.389,20.3793,0.023645,0.042768,0.031294,1.463e-05,0.003825,77,3.3829,8.2126,474.2865,35.7321,1141,159967,31.9321,4476.8487,0.5251,0.5151
flow_0214,0x100000d6,11,VoIP,46,auto,162.5839,205.3488,180.3898,67.1411,8.194,181.2254,174.654,186.1256,11.4715,0.012306,0.03474,0.02128,2.013e-05,0.004487,46,4.0315,5.9742,727.2465,13.1432,617,111300,46.9445,8468.2651,0.5089,0.5082
flow_0226,0x100000e2,11,VoIP,46,auto,109.0274,190.6059,144.4068,117.2007,10.8259,145.3169,136.8287,151.985,15.1563,0.01018,0.036155,0.02057,2.699e-05,0.005195,147,3.5477,6.2586,512.3115,40.4857,1968,284192,48.6098,7019.5714,0.5004,0.4844
flow_0238,0x100000ee,11,VoIP,46,auto,165.2475,208.806,187.7003,147.0378,12.1259,188.295,179.2121,196.1884,16.9763,0.021819,0.042785,0.030205,1.758e-05,0.004193,104,3.1713,7.4211,595.2613,41.8601,1385,259964,33.0864,6210.3022,0.5168,0.5085
flow_0250,0x100000fa,11,VoIP,46,auto,160.0706,209.8561,184.9524,44.9855,6.7071,183.9051,180.2574,189.6473,9.39,0.020669,0.041935,0.029175,1.809e-05,0.004253,102,3.9861,8.1532,737.2476,26.9645,924,170895,34.2673,6337.7874,0.5264,0.5448
flow_0262,0x10000106,11,VoIP,46,auto,76.9652,104.187,87.3305,22.6913,4.7635,85.9766,83.996,90.6649,6.669,0.009827,0.034094,0.019533,2.356e-05,0.004853,118,4.6272,6.4766,404.0988,15.7611,806,70388,51.1384,4465.9194,0.4955,0.5139
flow_0274,0x10000112,11,VoIP,46,auto,120.0763,209.2973,159.342,426.1941,20.6445,159.5384,144.8909,173.7931,28.9023,0.015496,0.031729,0.02199,1.054e-05,0.003247,119,4.3953,9.5431,700.3553,27.1945,1236,196946,45.4503,7242.1231,0.5139,0.5189
flow_0286,0x1000011e,11,VoIP,46,auto,135.4457,215.369,167.5225,482.5811,21.9677,168.912,152.1451,182.8999,30.7548,0.02323,0.037747,0.029037,8.43e-06,0.002903,107,4.8199,8.1372,807.4496,28.48,980,164172,34.4101,5764.4613,0.5012,0.5131
flow_0298,0x1000012a,11,VoIP,46,auto,96.9574,130.6126,109.2534,51.2893,7.1617,107.929,104.2403,114.2666,10.0263,0.025717,0.040408,0.031593,8.63e-06,0.002938,165,2.8652,7.6681,313.0285,36.7057,1161,126843,31.6299,3455.6721,0.5015,0.5155
flow_0310,0x10000136,11,VoIP,46,auto,110.9351,199.1378,146.227,238.926,15.4572,147.8506,135.4069,157.0471,21.6401,0.02448,0.040124,0.030738,9.79e-06,0.003129,136,4.6247,6.3685,676.2548,38.0033,1236,180736,32.5235,4755.8033,0.4795,0.4717
flow_0322,0x10000142,11,VoIP,46,auto,108.0564,186.8649,146.2403,176.8682,13.2992,147.3698,136.9309,155.5498,18.6189,0.014656,0.028478,0.020185,7.64e-06,0.002764,54,2.4098,8.8771,352.4119,13.1023,649,94909,49.5333,7243.6986,0.4821,0.4914
flow_0334,0x1000014e,11,VoIP,46,auto,81.3387,119.3355,95.9361,56.4971,7.5165,95.9619,90.6746,101.1976,10.523,0.022886,0.042934,0.030905,1.608e-05,0.00401,87,3.776,5.1277,362.2556,24.0907,779,74734,32.3361,3102.1912,0.4704,0.4845
flow_0346,0x1000015a,11,VoIP,46,auto,132.8554,196.0189,161.715,145.0282,12.0428,160.7309,153.285,170.1449,16.8599,0.024723,0.036692,0.02951,5.73e-06,0.002394,23,2.2189,5.3659,358.8268,9.9273,336,54336,33.8461,5473.4,0.4971,0.4869
flow_0358,0x10000166,11,VoIP,46,auto,187.68,235.3217,204.8711,150.4868,12.2673,203.6297,196.284,213.4583,17.1742,0.010375,0.033722,0.019714,2.18e-05,0.004669,73,3.3666,9.6509,689.7177,11.182,567,116161,50.7067,10388.2485,0.5037,0.4992
flow_0370,0x10000172,11,VoIP,46,auto,74.0846,107.3703,88.7318,19.4022,4.4048,89.0471,85.6484,91.8151,6.1667,0.025897,0.04065,0.031798,8.71e-06,0.002951,138,2.5823,9.3962,229.1325,32.5039,1022,90683,31.4423,2789.9074,0.4789,0.4596
flow_0382,0x1000017e,11,VoIP,46,auto,169.2268,221.0277,191.4226,151.3397,12.302,191.652,182.8112,200.034,17.2228,0.025366,0.039552,0.03104,8.05e-06,0.002837,32,4.906,9.8371,939.1099,14.7762,476,91117,32.214,6166.4734,0.4722,0.4675
flow_0394,0x1000018a,11,VoIP,46,auto,119.7298,181.9495,151.7161,359.5685,18.9623,152.2521,138.4425,164.9897,26.5472,0.024284,0.040286,0.030684,1.024e-05,0.0032,93,4.6324,5.2297,702.8034,38.3178,1248,189341,32.5697,4941.3351,0.5295,0.5195
flow_0406,0x10000196,11,VoIP,46,auto,75.7205,113.2958,89.9442,32.7014,5.7185,88.5415,85.9412,93.9471,8.0059,0.027014,0.039328,0.031939,6.07e-06,0.002463,59,2.2545,6.9133,202.7804,21.6054,676,60802,31.2885,2814.2025,0.4857,0.5038
flow_0418,0x100001a2,11,VoIP,46,auto,79.7628,107.5769,91.7105,54.089,7.3545,92.4466,86.5624,96.8587,10.2963,0.021553,0.043956,0.030514,2.008e-05,0.004481,47,4.1591,9.6426,381.4299,20.3767,667,61170,32.7334,3001.9562,0.5245,0.5441
flow_0430,0x100001ae,11,VoIP,46,auto,133.8269,206.2189,169.5537,277.944,16.6717,170.5445,157.8836,181.2239,23.3403,0.010643,0.033407,0.019749,2.073e-05,0.004553,158,3.2046,8.036,543.3451,43.2968,2192,371661,50.6273,8584.0355,0.5295,0.5322
flow_0442,0x100001ba,11,VoIP,46,auto,118.1583,193.9495,148.2438,125.4278,11.1995,147.6994,140.4041,156.0834,15.6792,0.020447,0.042023,0.029077,1.862e-05,0.004315,56,4.9677,8.3473,736.4314,19.5212,671,99471,34.373,5095.5472,0.5015,0.5023
flow_0454,0x100001c6,11,VoIP,46,auto,134.0945,203.9548,159.5955,278.8882,16.6999,159.3799,147.9055,171.2855,23.3799,0.023167,0.044208,0.031584,1.771e-05,0.004208,107,3.8552,6.2873,615.2738,35.5536,1125,179544,31.6424,5049.9565,0.5284,0.5245
flow_0466,0x100001d2,11,VoIP,46,auto,177.6742,231.3123,197.9599,92.8466,9.6357,196.8216,191.2149,204.7049,13.49,0.023669,0.037401,0.029162,7.54e-06,0.002746,141,4.9296,5.0275,975.8689,27.5468,944,186874,34.2689,6783.8678,0.5131,0.5028
flow_0478,0x100001de,11,VoIP,46,auto,137.2452,199.2799,167.5976,220.0339,14.8335,167.4219,157.2141,177.9811,20.767,0.014642,0.027974,0.019975,7.11e-06,0.002666,150,2.8126,7.7693,471.3832,32.3771,1620,271508,50.0354,8385.8081,0.4996,0.5114
flow_0490,0x100001ea,11,VoIP,46,auto,138.5338,210.4896,175.8844,123.1577,11.0976,174.9781,168.116,183.6527,15.5367,0.021823,0.045642,0.031351,2.269e-05,0.004764,155,4.521,7.6812,795.1776,42.2416,1347,236916,31.888,5608.5933,0.5194,0.5213
flow_0502,0x100001f6,11,VoIP,46,auto,86.3295,121.718,101.2102,27.2628,5.2214,100.8038,97.5552,104.8651,7.3099,0.012709,0.028846,0.019164,1.042e-05,0.003227,30,4.0138,6.4916,406.2415,8.2653,431,43621,52.1455,5277.5867,0.4833,0.4906
flow_0514,0x10000202,11,VoIP,46,auto,74.4234,109.9857,86.4195,31.0551,5.5727,85.1172,82.5186,90.3204,7.8018,0.022405,0.040886,0.029798,1.366e-05,0.003696,38,3.3145,6.6719,286.4363,13.6253,457,39493,33.5405,2898.4989,0.4845,0.4974
flow_0526,0x1000020e,11,VoIP,46,auto,142.8663,231.676,177.8066,150.0893,12.2511,179.1129,169.2309,186.3824,17.1515,0.024224,0.042381,0.031487,1.319e-05,0.003632,45,2.423,7.0546,430.8187,21.4004,679,120730,31.7283,5641.4765,0.5224,0.5384
flow_0538,0x1000021a,11,VoIP,46,auto,109.4147,176.2244,143.0763,392.9885,19.8239,142.6894,129.1996,156.9531,27.7535,0.022784,0.039621,0.029519,1.134e-05,0.003367,43,2.1953,6.3227,314.0945,11.7756,398,56944,33.7987,4835.7658,0.5294,0.5112
flow_0550,0x10000226,11,VoIP,46,auto,180.4288,234.8141,204.8253,188.1378,13.7163,205.4593,195.2239,214.4267,19.2029,0.011194,0.032168,0.019584,1.76e-05,0.004195,102,2.4709,9.8739,506.102,20.9243,1068,218753,51.0412,10454.5063,0.5136,0.5042
flow_0562,0x10000232,11,VoIP,46,auto,121.6684,204.4527,152.8597,105.3635,10.2647,152.4481,145.6744,160.045,14.3705,0.01496,0.030161,0.02104,9.24e-06,0.00304,122,2.2728,5.7647,347.4203,37.3134,1773,271020,47.5165,7263.3457,0.5284,0.5164
flow_0574,0x1000023e,11,VoIP,46,auto,164.0885,211.0301,185.8839,40.8871,6.3943,186.1719,181.4079,190.3599,8.952,0.023789,0.043609,0.031717,1.571e-05,0.003964,119,3.5509,5.0261,660.0615,39.9926,1260,234213,31.5058,5856.4059,0.5082,0.4925
flow_0586,0x1000024a,11,VoIP,46,auto,116.9251,194.6608,145.1126,275.4949,16.598,145.5143,133.494,156.7312,23.2373,0.012463,0.03472,0.021366,1.981e-05,0.004451,141,4.9766,7.932,722.1744,40.5759,1899,275568,46.8012,6791.4233,0.5278,0.5457
flow_0598,0x10000256,11,VoIP,46,auto,128.1489,210.4698,165.5476,360.3531,18.983,166.1656,152.2595,178.8357,26.5762,0.026706,0.039767,0.03193,6.82e-06,0.002612,50,2.5416,5.7067,420.7507,22.3033,698,115552,31.2958,5180.9294,0.4919,0.4891
flow_0610,0x10000262,11,VoIP,46,auto,177.437,223.3083,197.3493,118.7564,10.8975,195.2822,189.721,204.9775,15.2566,0.023322,0.039791,0.029909,1.085e-05,0.003294,177,2.4805,9.513,489.5312,33.0527,1105,218070,33.4315,6597.655,0.5299,0.5294
flow_0622,0x1000026e,11,VoIP,46,auto,87.8711,119.7527,100.7564,53.7872,7.334,99.7351,95.6226,105.8901,10.2676,0.009513,0.033402,0.019068,2.283e-05,0.004778,153,4.1807,8.4303,421.2275,26.759,1403,141361,52.431,5282.7546,0.4886,0.508
flow_0634,0x1000027a,11,VoIP,46,auto,109.8257,186.156,143.432,120.8714,10.9942,142.4116,135.7361,151.1279,15.3918,0.023016,0.039943,0.029787,1.146e-05,0.003385,72,3.4814,9.5866,499.349,31.6444,1062,152324,33.5604,4813.6105,0.4913,0.5056
flow_0646,0x10000286,11,VoIP,46,auto,172.9397,220.5382,189.2108,179.3763,13.3931,189.7408,179.8356,198.586,18.7504,0.010816,0.035871,0.020838,2.511e-05,0.005011,80,4.3956,5.0086,831.6866,22.9565,1101,208321,47.9602,9074.5902,0.4993,0.4899
flow_0658,0x10000292,11,VoIP,46,auto,92.9084,129.3876,106.6499,17.2788,4.1568,106.3127,103.7402,109.5597,5.8195,0.013513,0.03154,0.020724,1.3e-05,0.003605,28,3.6317,9.1258,387.3176,8.3917,404,43086,48.143,5134.3848,0.5093,0.5212
flow_0670,0x1000029e,11,VoIP,46,auto,188.7651,242.1305,207.729,60.3027,7.7655,207.0769,202.2931,213.1648,10.8717,0.021897,0.04359,0.030574,1.882e-05,0.004338,48,2.5076,8.7279,520.8994,19.5173,638,132531,32.6889,6790.4264,0.5034,0.4904
flow_0682,0x100002aa,11,VoIP,46,auto,188.093,229.4009,203.5667,39.6916,6.3001,204.3119,199.1566,207.9768,8.8202,0.011785,0.03575,0.021371,2.297e-05,0.004793,220,4.0748,6.5328,829.4833,41.6759,1950,396954,46.7896,9524.7762,0.5233,0.5197
flow_0694,0x100002b6,11,VoIP,46,auto,132.7559,209.0462,159.4277,228.3214,15.1103,158.2269,148.8505,170.0049,21.1544,0.021352,0.040502,0.029012,1.467e-05,0.00383,60,2.8932,9.9813,461.2501,18.4654,636,101396,34.4427,5491.1215,0.4839,0.5004
flow_0706,0x100002c2,11,VoIP,46,auto,114.145,198.0976,144.7455,457.493,21.3891,144.8912,129.7731,159.7178,29.9447,0.013058,0.029446,0.019613,1.074e-05,0.003278,284,3.7524,6.8913,543.1446,40.5515,2067,299188,50.9722,7377.9678,0.4881,0.4952
flow_0718,0x100002ce,11,VoIP,46,auto,138.6934,208.1883,174.7597,107.3855,10.3627,174.0759,167.5058,182.0136,14.5078,0.023232,0.044685,0.031813,1.841e-05,0.004291,58,2.4397,7.7958,426.3693,27.3538,859,150118,31.4033,5488.0101,0.481,0.4733
flow_0730,0x100002da,11,VoIP,46,auto,112.5834,198.8875,145.282,297.0347,17.2347,145.6252,133.2177,157.3463,24.1286,0.020844,0.045367,0.030653,2.405e-05,0.004905,141,3.8242,6.396,555.5849,41.7754,1362,197874,32.6029,4736.6153,0.4971,0.4859
flow_0742,0x100002e6,11,VoIP,46,auto,140.4638,198.5227,167.3154,127.9293,11.3106,166.9343,159.398,175.2328,15.8348,0.014635,0.026592,0.019418,5.72e-06,0.002391,66,2.6011,5.1769,435.1972,16.5211,850,142218,51.4493,8608.2608,0.5244,0.5394
flow_0754,0x100002f2,11,VoIP,46,auto,80.058,108.9605,93.5182,53.5811,7.3199,95.6213,88.3942,98.6421,10.2479,0.010321,0.036576,0.020823,2.757e-05,0.005251,114,2.3187,5.1772,216.845,23.2833,1118,104553,48.0173,4490.4741,0.4847,0.4838
flow_0766,0x100002fe,11,VoIP,46,auto,156.5112,204.6979,180.1093,66.755,8.1704,177.9524,174.3901,185.8286,11.4385,0.015535,0.028581,0.020753,6.81e-06,0.002609,93,4.9582,7.1531,893.0145,17.8244,858,154533,48.1362,8669.7332,0.4838,0.4866
flow_0778,0x1000030a,11,VoIP,46,auto,116.8064,197.1506,150.7471,154.5662,12.4325,152.2765,142.0444,159.4498,17.4055,0.012602,0.030097,0.0196,1.224e-05,0.003499,72,4.1963,7.6534,632.5729,19.3514,987,148787,51.004,7688.6805,0.5192,0.5317
flow_0790,0x10000316,11,VoIP,46,auto,143.7968,206.791,171.3742,109.5022,10.4643,170.1007,164.0492,178.6993,14.6501,0.015889,0.02883,0.021066,6.7e-06,0.002588,135,4.3771,5.1945,750.1294,26.8991,1276,218673,47.4366,8129.3879,0.4729,0.4777
flow_0802,0x10000322,11,VoIP,46,auto,81.8667,116.5963,94.5629,36.2152,6.0179,94.3424,90.3504,98.7755,8.4251,0.02167,0.040666,0.029268,1.443e-05,0.003799,130,3.0747,9.5435,290.7489,42.1467,1440,136170,34.1663,3230.8552,0.4933,0.4937
flow_0814,0x1000032e,11,VoIP,46,auto,83.3662,118.8407,97.7452,36.01,6.0008,97.0969,93.5446,101.9458,8.4012,0.014698,0.026744,0.019517,5.8e-06,0.002409,152,4.0489,6.2299,395.7622,41.9403,2148,209956,51.2156,5006.0667,0.5282,0.5388
flow_0826,0x1000033a,11,VoIP,46,auto,76.9264,111.0885,90.1713,45.3376,6.7333,90.5758,85.4579,94.8846,9.4266,0.021547,0.047042,0.031745,2.6e-05,0.005099,67,4.7343,5.0131,426.8948,31.3169,986,88908,31.4846,2838.9816,0.5083,0.4954
flow_0838,0x10000346,11,VoIP,46,auto,83.7535,119.0096,97.6067,56.0257,7.485,97.1762,92.3672,102.8463,10.479,0.012817,0.031018,0.020098,1.325e-05,0.00364,121,3.2671,8.2414,318.8867,35.6496,1773,173056,49.7341,4854.36,0.4936,0.5031
flow_0850,0x10000352,11,VoIP,46,auto,89.3975,120.5731,100.0718,25.7905,5.0784,100.9138,96.5168,103.6267,7.1098,0.012525,0.028925,0.019085,1.076e-05,0.00328,57,2.0467,7.3455,204.8194,9.9338,520,52037,52.3467,5238.392,0.516,0.5
flow_0862,0x1000035e,11,VoIP,46,auto,112.8429,190.2181,150.4965,133.3861,11.5493,149.357,142.412,158.581,16.169,0.021488,0.044277,0.030604,2.077e-05,0.004558,74,3.2197,9.8388,484.5505,19.1208,624,93909,32.6347,4911.3594,0.5207,0.5067
flow_0874,0x1000036a,11,VoIP,46,auto,162.1897,215.7162,183.7299,76.7693,8.7618,183.4593,177.5966,189.8632,12.2665,0.019419,0.044244,0.029349,2.465e-05,0.004965,52,2.8954,9.129,531.978,12.0529,410,75329,34.0167,6249.8649,0.512,0.4923
flow_0886,0x10000376,11,VoIP,46,auto,80.0712,114.754,92.9392,16.4282,4.0532,93.8159,90.102,95.7765,5.6744,0.013693,0.028273,0.019525,8.5e-06,0.002916,113,4.2811,5.2047,397.8824,19.9172,1020,94798,51.212,4759.6026,0.4818,0.4627
flow_0898,0x10000382,11,VoIP,46,auto,192.8765,241.4264,209.7583,158.4293,12.5869,208.9343,200.9475,218.5691,17.6216,0.024399,0.040548,0.030859,1.043e-05,0.00323,58,2.2859,8.5348,479.4803,17.7061,573,120191,32.3617,6788.1139,0.5198,0.512
flow_0910,0x1000038e,11,VoIP,46,auto,88.399,127.0332,102.779,23.3589,4.8331,103.7316,99.3958,106.1621,6.7663,0.01982,0.046899,0.030651,2.933e-05,0.005416,94,3.6118,5.322,371.2154,26.1356,852,87567,32.5992,3350.4828,0.4806,0.4666
flow_0922,0x1000039a,11,VoIP,46,auto,78.6633,110.9959,91.1233,25.7597,5.0754,92.8312,87.5705,94.6761,7.1056,0.02229,0.040457,0.029557,1.32e-05,0.003633,159,3.5242,9.3094,321.1356,41.782,1413,128757,33.8184,3081.6353,0.4971,0.5104
flow_0934,0x100003a6,11,VoIP,46,auto,169.8262,215.3118,191.7312,96.4212,9.8194,190.3526,184.8576,198.6048,13.7472,0.021037,0.046093,0.031059,2.511e-05,0.005011,45,2.9334,7.7595,562.419,19.2764,620,118873,32.1636,6166.7509,0.5197,0.5286
flow_0946,0x100003b2,11,VoIP,46,auto,138.958,203.9242,171.7587,174.6493,13.2155,171.0494,162.5079,181.0096,18.5017,0.011477,0.032693,0.019963,1.8e-05,0.004243,128,2.0407,7.1376,350.5098,32.4953,1627,279451,50.0687,8599.723,0.4891,0.5031
flow_0958,0x100003be,11,VoIP,46,auto,135.9002,208.3539,167.2222,429.3739,20.7213,166.5176,152.7173,181.7272,29.0099,0.011705,0.031589,0.019658,1.582e-05,0.003977,84,4.1424,5.6295,692.7094,12.8934,655,109530,50.801,8495.0132,0.4868,0.5027
flow_0970,0x100003ca,11,VoIP,46,auto,149.34,215.2108,179.1846,162.67,12.7542,177.1417,170.2566,188.1126,17.8559,0.02189,0.041343,0.029671,1.514e-05,0.00389,52,2.8308,8.8872,507.2363,10.7683,362,64864,33.6171,6023.5879,0.4894,0.4882
flow_0982,0x100003d6,11,VoIP,46,auto,118.5329,186.7579,147.6474,422.6391,20.5582,146.4338,133.2567,162.0382,28.7815,0.024114,0.042347,0.031407,1.33e-05,0.003647,206,3.2684,6.8881,482.5724,40.8214,1299,191794,31.8215,4698.3692,0.5021,0.5045
flow_0994,0x100003e2,11,VoIP,46,auto,81.4742,115.7757,92.4713,19.1918,4.3808,92.7943,89.4047,95.5379,6.1332,0.011554,0.030371,0.019081,1.416e-05,0.003763,40,2.6345,7.8296,243.6147,10.1582,532,49194,52.3717,4842.8077,0.525,0.531
flow_1006,0x100003ee,11,VoIP,46,auto,117.766,203.0319,148.2736,439.062,20.9538,147.6419,133.6059,162.9412,29.3353,0.025335,0.038475,0.030591,6.91e-06,0.002628,138,3.2553,6.3647,482.6766,42.1845,1378,204320,32.666,4843.4872,0.5041,0.4899
flow_1018,0x100003fa,11,VoIP,46,auto,92.6359,125.3457,103.0951,36.574,6.0476,103.4512,98.8618,107.3285,8.4667,0.013464,0.028717,0.019565,9.31e-06,0.00305,116,4.9405,5.6143,509.3365,15.2602,779,80311,51.048,5262.7919,0.4821,0.4944
flow_1030,0x10000406,11,VoIP,46,auto,167.6739,216.5238,186.6915,172.6813,13.1408,186.4527,177.4929,195.8901,18.3972,0.014745,0.029376,0.020597,8.56e-06,0.002926,261,2.9033,5.4849,542.0233,37.6252,1826,340898,48.5313,9060.3697,0.4829,0.4863
flow_1042,0x10000412,11,VoIP,46,auto,86.6673,124.0029,100.4553,27.8216,5.2746,101.1054,96.763,104.1475,7.3845,0.014486,0.030331,0.020824,1.004e-05,0.003169,146,4.3196,9.8377,433.9227,36.8931,1771,177906,48.0035,4822.2002,0.5051,0.5212
flow_1054,0x1000041e,11,VoIP,46,auto,141.9215,225.3733,171.9841,297.2333,17.2405,172.2325,159.9158,184.0524,24.1366,0.015112,0.030339,0.021203,9.27e-06,0.003045,131,4.0858,7.6644,702.6872,40.4589,1908,328145,47.159,8110.577,0.5061,0.5033
flow_1066,0x1000042a,11,VoIP,46,auto,122.5017,202.0611,154.1015,162.0389,12.7295,154.3403,145.1909,163.0121,17.8212,0.024557,0.037241,0.02963,6.44e-06,0.002537,91,4.9872,5.9051,768.5302,33.5398,1131,174288,33.7212,5196.4596,0.5144,0.5323
flow_1078,0x10000436,11,VoIP,46,auto,156.7325,213.3367,181.623,96.9381,9.8457,180.5937,174.731,188.515,13.784,0.015064,0.02912,0.020687,7.9e-06,0.002811,82,2.7415,7.7876,497.9123,14.8595,718,130405,48.3194,8775.8935,0.4885,0.4976
flow_1090,0x10000442,11,VoIP,46,auto,86.6047,122.5579,101.0611,43.3576,6.5846,101.7053,96.4519,105.6704,9.2185,0.013435,0.028586,0.019495,9.18e-06,0.00303,55,4.9965,6.6466,504.949,9.8719,506,51136,51.2568,5179.9729,0.5216,0.505
flow_1102,0x1000044e,11,VoIP,46,auto,86.7556,125.2493,100.5551,54.3211,7.3703,99.1194,95.3959,105.7143,10.3184,0.01202,0.031057,0.019635,1.45e-05,0.003807,145,4.2644,6.7889,428.8043,17.5309,892,89695,50.8817,5116.4042,0.474,0.4743
flow_1114,0x1000045a,11,VoIP,46,auto,126.462,203.6543,161.2673,215.5951,14.6832,160.1767,150.989,171.5455,20.5564,0.010641,0.036794,0.021102,2.736e-05,0.005231,139,4.1769,8.2304,673.5967,39.3105,1862,300279,47.3665,7638.642,0.5232,0.5277
flow_1126,0x10000466,11,VoIP,46,auto,171.7796,222.7148,191.1888,144.8472,12.0352,190.3821,182.7641,199.6134,16.8493,0.013662,0.029014,0.019803,9.43e-06,0.003071,57,2.494,8.4497,476.8182,8.0507,406,77622,50.4305,9641.6716,0.5191,0.5286
flow_1138,0x10000472,11,VoIP,46,auto,185.4065,229.0465,207.5952,167.752,12.9519,209.6843,198.5289,216.6616,18.1327,0.011968,0.031896,0.019939,1.588e-05,0.003985,135,2.8432,8.2528,590.2415,39.8248,1997,414567,50.1446,10409.7608,0.5216,0.5411
flow_1150,0x1000047e,11,VoIP,46,auto,171.5967,214.9942,193.1195,120.3699,10.9713,192.5196,185.4396,200.7995,15.3599,0.014408,0.028677,0.020115,8.14e-06,0.002854,68,4.7947,9.8775,925.9536,9.0461,449,86710,49.6345,9585.3249,0.4703,0.4864
flow_1162,0x1000048a,11,VoIP,46,auto,113.3607,195.4593,142.4238,354.3497,18.8242,141.1214,129.2468,155.6007,26.3538,0.026463,0.037761,0.030982,5.11e-06,0.00226,148,4.8686,6.1569,693.4103,37.92,1223,174184,32.2522,4593.4658,0.5075,0.5093
flow_1174,0x10000496,11,VoIP,46,auto,92.511,129.1602,107.5088,22.8824,4.7836,107.1863,104.1603,110.8572,6.697,0.01187,0.036891,0.021878,2.504e-05,0.005004,112,3.5102,9.4387,377.3784,35.7011,1631,175346,45.6848,4911.4989,0.4798,0.4671
flow_1186,0x100004a2,11,VoIP,46,auto,81.5514,116.5152,95.7203,42.0566,6.4851,98.5173,91.1807,100.2599,9.0792,0.012738,0.031739,0.020338,1.444e-05,0.0038,206,3.2173,9.2437,307.9568,32.6169,1603,153439,49.1463,4704.2794,0.5028,0.5186
flow_1198,0x100004ae,11,VoIP,46,auto,81.3824,107.9102,92.0909,42.9224,6.5515,93.6424,87.5048,96.6769,9.1721,0.025586,0.040561,0.031576,8.97e-06,0.002995,31,4.9646,6.8019,457.1905,13.0586,413,38033,31.6267,2912.4893,0.5219,0.5324
flow_1210,0x100004ba,11,VoIP,46,auto,95.9566,123.1624,107.8528,17.2618,4.1547,106.1711,104.9445,110.7611,5.8166,0.021764,0.046116,0.031505,2.372e-05,0.004871,83,3.5198,9.1627,379.6207,22.9624,728,78516,31.704,3419.3268,0.5082,0.4938
flow_1222,0x100004c6,11,VoIP,46,auto,175.2991,213.5478,193.4868,37.9673,6.1618,191.7062,189.1736,197.8001,8.6265,0.0232,0.038575,0.02935,9.46e-06,0.003075,90,2.1343,7.9697,412.9621,30.3014,1032,199678,34.0579,6589.7359,0.4787,0.4738
flow_1234,0x100004d2,11,VoIP,46,auto,187.7649,227.0632,206.0506,71.384,8.4489,206.5194,200.1364,211.9648,11.8285,0.013987,0.031514,0.020997,1.229e-05,0.003505,133,4.2286,7.7033,871.3023,34.6095,1648,339571,47.6169,9811.4884,0.5191,0.5248
flow_1246,0x100004de,11,VoIP,46,auto,175.1492,229.4812,196.1067,100.1758,10.0088,196.783,189.1005,203.1128,14.0123,0.013841,0.028089,0.01954,8.12e-06,0.00285,166,4.4743,9.2022,877.4399,42.7258,2186,428689,51.1635,10033.4949,0.4757,0.4838
flow_1258,0x100004ea,11,VoIP,46,auto,73.3581,107.0143,87.8663,48.3214,6.9514,88.2615,83.0004,92.7323,9.7319,0.023829,0.044178,0.031969,1.656e-05,0.00407,128,2.8701,9.2538,252.1886,34.0581,1065,93577,31.2701,2747.5667,0.4939,0.5068
flow_1270,0x100004f6,11,VoIP,46,auto,193.3451,229.9634,209.9099,90.2212,9.4985,211.1706,203.261,216.5588,13.2979,0.021465,0.040849,0.029219,1.503e-05,0.003877,127,4.1934,6.1477,880.2416,29.514,1010,212009,34.221,7183.3366,0.5204,0.5144
flow_1282,0x10000502,11,VoIP,46,auto,174.7004,211.781,191.7151,73.4826,8.5722,191.5313,185.7145,197.7156,12.0011,0.026138,0.040262,0.031788,7.98e-06,0.002825,76,3.9477,6.6428,756.8304,26.9534,847,162382,31.4246,6024.5377,0.476,0.4928
flow_1294,0x1000050e,11,VoIP,46,auto,71.6144,108.5382,85.916,43.1642,6.57,82.3311,81.3171,90.515,9.1979,0.022769,0.039988,0.029657,1.186e-05,0.003444,41,3.0094,7.7036,258.5595,9.0794,306,26290,33.7027,2895.5722,0.4778,0.4802
flow_1306,0x1000051a,11,VoIP,46,auto,171.8933,214.2726,190.1414,170.5886,13.061,190.7365,180.9987,199.2841,18.2853,0.01054,0.033519,0.019732,2.112e-05,0.004596,128,4.4659,5.5062,849.1464,31.5118,1596,303465,50.6477,9630.1963,0.4701,0.4521
flow_1318,0x10000526,11,VoIP,46,auto,158.8553,205.0431,182.3413,134.7978,11.6102,182.9247,174.2142,190.4685,16.2543,0.0243,0.040551,0.0308,1.056e-05,0.00325,79,3.8556,8.414,703.0282,28.0428,910,165930,32.4504,5917.0209,0.4741,0.4823
flow_1330,0x10000532,11,VoIP,46,auto,93.1143,122.5444,103.9388,46.7271,6.8357,103.249,99.1538,108.7239,9.57,0.023772,0.042167,0.03113,1.353e-05,0.003679,43,4.0587,7.586,421.8549,14.576,468,48643,32.1076,3337.2005,0.5085,0.506
flow_1342,0x1000053e,11,VoIP,46,auto,183.0947,237.8077,205.3673,48.9248,6.9946,205.2415,200.4711,210.2636,9.7925,0.020847,0.043689,0.029984,2.087e-05,0.004568,111,3.2431,8.7839,666.0352,21.6986,723,148480,33.3202,6842.8491,0.5001,0.5106
flow_1354,0x1000054a,11,VoIP,46,auto,80.7461,112.5788,91.2908,36.3596,6.0299,91.708,87.0699,95.5117,8.4419,0.016,0.027898,0.020759,5.66e-06,0.00238,81,4.6701,6.2262,426.3415,22.1725,1068,97498,48.1677,4397.245,0.5216,0.5372
flow_1366,0x10000556,11,VoIP,46,auto,113.7973,188.8404,151.7524,139.6866,11.8189,150.9583,143.4792,160.0256,16.5465,0.024447,0.043065,0.031894,1.386e-05,0.003724,177,3.381,6.0208,513.0783,42.3503,1327,201375,31.3339,4754.9873,0.4987,0.5104
flow_1378,0x10000562,11,VoIP,46,auto,88.9398,120.6041,101.6551,31.869,5.6453,102.5287,97.7034,105.6067,7.9034,0.021769,0.04488,0.031013,2.136e-05,0.004622,129,3.8297,8.2818,389.305,43.9709,1417,144045,32.2259,3275.9176,0.5204,0.5267
flow_1390,0x1000056e,11,VoIP,46,auto,131.376,214.8068,162.3858,446.6895,21.135,162.8311,147.5913,177.1803,29.589,0.012286,0.030688,0.019647,1.355e-05,0.00368,74,2.0875,8.3125,338.984,19.3007,982,159462,50.8791,8261.9985,0.4894,0.4886
flow_1402,0x1000057a,11,VoIP,46,auto,163.1186,214.5737,181.6974,67.561,8.2196,180.8389,175.9437,187.451,11.5074,0.019016,0.04468,0.029281,2.635e-05,0.005133,80,3.7095,6.8172,674.0046,24.6258,841,152807,34.1512,6205.1613,0.5135,0.4941
flow_1414,0x10000586,11,VoIP,46,auto,173.8513,219.6033,194.0533,99.7361,9.9868,194.2416,187.0625,201.044,13.9815,0.016902,0.02938,0.021893,6.23e-06,0.002496,175,3.1263,7.7323,606.6714,29.6802,1355,262942,45.6533,8859.1722,0.5156,0.5347
flow_1426,0x10000592,11,VoIP,46,auto,186.1256,236.7878,206.9374,151.3009,12.3004,206.2322,198.3271,215.5477,17.2206,0.02138,0.04758,0.03186,2.746e-05,0.00524,116,4.3247,6.6107,894.9433,29.7241,932,192865,31.355,6488.506,0.5046,0.4881
flow_1438,0x1000059e,11,VoIP,46,auto,180.65,228.3368,199.7603,171.0953,13.0803,201.0917,190.6041,208.9166,18.3125,0.010913,0.034115,0.020194,2.153e-05,0.00464,105,4.4024,7.9593,879.4322,21.2495,1052,210147,49.5071,9889.5147,0.526,0.5249
flow_1450,0x100005aa,11,VoIP,46,auto,108.2262,188.6729,140.0223,232.4034,15.2448,140.1134,129.351,150.6937,21.3427,0.012842,0.031579,0.020337,1.404e-05,0.003747,136,4.5142,6.0621,632.0851,36.6973,1804,252600,49.1589,6883.3309,0.4975,0.5107
flow_1462,0x100005b6,11,VoIP,46,auto,129.5394,197.6086,163.4967,347.9619,18.6537,162.9482,150.4391,176.5543,26.1152,0.02648,0.03989,0.031844,7.19e-06,0.002682,24,2.6085,8.1429,426.4883,8.6405,271,44307,31.3638,5127.8136,0.4838,0.4809
flow_1474,0x100005c2,11,VoIP,46,auto,98.7595,131.9639,109.3975,27.784,5.2711,109.8358,105.7078,113.0873,7.3795,0.012548,0.035224,0.021618,2.057e-05,0.004535,54,2.7562,9.024,301.5168,16.8885,781,85439,46.2444,5058.9981,0.4709,0.4723
flow_1486,0x100005ce,11,VoIP,46,auto,92.3914,123.7089,105.8133,42.1604,6.4931,104.5842,101.2681,110.3585,9.0903,0.011043,0.032963,0.019811,1.922e-05,0.004384,46,4.9968,9.3319,528.728,10.6767,538,56927,50.3901,5331.8882,0.5225,0.5298
flow_1498,0x100005da,11,VoIP,46,auto,122.066,202.6067,157.2083,197.3666,14.0487,157.7924,147.3742,167.0424,19.6682,0.023198,0.039236,0.029613,1.029e-05,0.003208,125,4.2671,7.4417,670.8298,35.1219,1186,186449,33.7681,5308.6244,0.5186,0.5282
flow_1510,0x100005e6,11,VoIP,46,auto,81.6941,114.6164,93.8547,45.3094,6.7312,94.9048,89.1429,98.5666,9.4237,0.013301,0.030726,0.020271,1.215e-05,0.003485,60,4.6312,7.3022,434.6572,13.1919,650,61005,49.2728,4624.4429,0.5263,0.5125
flow_1522,0x100005f2,11,VoIP,46,auto,165.6748,224.3666,190.1262,165.2191,12.8538,190.3784,181.1285,199.1238,17.9953,0.022166,0.042035,0.030114,1.579e-05,0.003974,98,4.0351,8.8361,767.1849,34.5925,1148,218264,33.1864,6309.5753,0.5269,0.529
flow_1534,0x100005fe,11,VoIP,46,auto,84.9773,115.9917,96.0871,24.8812,4.9881,95.1353,92.5955,99.5788,6.9833,0.011354,0.035877,0.021163,2.405e-05,0.004904,76,4.4164,6.8692,424.3592,15.3244,724,69567,47.2448,4539.6137,0.4927,0.5122
flow_1546,0x1000060a,11,VoIP,46,auto,172.9756,223.5606,189.203,54.2951,7.3685,188.9288,184.0451,194.361,10.3159,0.02216,0.039553,0.029117,1.21e-05,0.003478,69,4.7579,5.8765,900.2112,17.6257,605,114467,34.3248,6494.3065,0.4804,0.4881
flow_1558,0x10000616,11,VoIP,46,auto,83.0213,118.6373,94.7646,16.5583,4.0692,95.2305,91.9162,97.613,5.6969,0.01301,0.030672,0.020075,1.248e-05,0.003532,182,3.8499,9.5182,364.8376,34.858,1736,164511,49.802,4719.457,0.5208,0.5214
flow_1570,0x10000622,11,VoIP,46,auto,179.9221,218.8453,195.059,75.4707,8.6874,196.2685,188.9779,201.1402,12.1623,0.011982,0.029542,0.019006,1.233e-05,0.003512,70,2.7175,7.0136,530.0634,15.3124,805,157022,52.5716,10254.5333,0.5074,0.5137
flow_1582,0x1000062e,11,VoIP,46,auto,138.8229,210.3431,172.1162,288.9871,16.9996,171.9447,160.2165,184.016,23.7995,0.011458,0.03212,0.019723,1.708e-05,0.004132,136,3.2275,9.6032,555.5102,22.8025,1156,198966,50.6962,8725.6216,0.4808,0.4683
flow_1594,0x1000063a,11,VoIP,46,auto,120.3818,205.1047,154.1641,105.6467,10.2785,155.2945,146.9692,161.359,14.3898,0.025537,0.038403,0.030684,6.62e-06,0.002573,39,2.0775,8.0502,320.2712,15.6073,508,78315,32.5489,5017.8557,0.472,0.4567
flow_1606,0x10000646,11,VoIP,46,auto,145.1252,204.9784,172.868,162.3303,12.7409,172.6813,163.9494,181.7866,17.8372,0.01469,0.031684,0.021487,1.155e-05,0.003399,98,2.6636,6.0252,460.4529,15.6262,727,125675,46.5244,8042.5704,0.5233,0.5041
flow_1618,0x10000652,11,VoIP,46,auto,90.2495,119.3817,103.5846,28.9313,5.3788,104.0137,99.8194,107.3497,7.5303,0.012214,0.029856,0.019271,1.245e-05,0.003528,62,4.6814,7.8893,484.9172,16.9953,881,91257,51.8379,5369.5439,0.5141,0.5341
flow_1630,0x1000065e,11,VoIP,46,auto,113.4159,191.0941,152.2466,176.0374,13.2679,151.4448,142.9591,161.5342,18.5751,0.023002,0.040686,0.030076,1.251e-05,0.003537,118,4.9029,5.4198,746.4556,39.2188,1304,198529,33.2494,5062.0932,0.5068,0.4907
flow_1642,0x1000066a,11,VoIP,46,auto,167.6263,216.2911,185.852,96.9933,9.8485,185.3134,178.958,192.7459,13.7879,0.015405,0.029961,0.021227,8.47e-06,0.002911,107,3.5091,5.6955,652.1695,23.1443,1090,202578,47.0959,8752.8407,0.5149,0.5288
flow_1654,0x10000676,11,VoIP,46,auto,117.7688,186.4331,149.8727,268.7726,16.3943,151.2373,138.3967,161.3487,22.952,0.02332,0.043308,0.031315,1.598e-05,0.003998,178,4.764,5.9275,713.998,37.1056,1184,177449,31.9089,4782.2702,0.5202,0.52
flow_1666,0x10000682,11,VoIP,46,auto,132.6068,213.4628,171.5506,380.4083,19.5041,172.8051,157.8977,185.2034,27.3057,0.014084,0.031648,0.02111,1.234e-05,0.003513,142,2.8524,5.7473,489.3321,39.1988,1856,318397,47.3484,8122.6203,0.5185,0.4998
flow_1678,0x1000068e,11,VoIP,46,auto,119.256,196.8773,145.5942,345.1464,18.5781,147.2343,132.5895,158.5988,26.0094,0.011893,0.030737,0.01943,1.42e-05,0.003769,137,3.5393,5.6103,515.2995,38.1223,1961,285510,51.4398,7489.3244,0.5287,0.5245
flow_1690,0x1000069a,11,VoIP,46,auto,188.9831,230.2178,209.1219,44.1826,6.647,208.485,204.469,213.7748,9.3058,0.012418,0.032584,0.020484,1.627e-05,0.004033,158,4.5854,8.7134,958.9013,39.4374,1925,402559,48.8115,10207.5389,0.5105,0.4959
flow_1702,0x100006a6,11,VoIP,46,auto,83.2049,112.4659,94.409,28.8362,5.3699,94.572,90.65,98.1679,7.5179,0.016213,0.02707,0.020556,4.72e-06,0.002171,110,2.7087,8.9431,255.7226,19.0261,925,87328,48.6175,4589.9085,0.4851,0.4711
flow_1714,0x100006b2,11,VoIP,46,auto,118.2381,177.7738,144.7321,238.437,15.4414,144.3948,133.9231,155.5411,21.618,0.011675,0.03588,0.021357,2.343e-05,0.004841,254,3.5086,5.2435,507.8006,42.2228,1976,285990,46.7994,6773.3618,0.4844,0.489
flow_1726,0x100006be,11,VoIP,46,auto,131.6131,211.487,162.9145,458.3433,21.409,162.2091,147.9282,177.9007,29.9725,0.010079,0.032714,0.019133,2.049e-05,0.004527,96,3.9847,5.5141,649.1611,12.7798,667,108663,52.1916,8502.6884,0.4777,0.4753
flow_1738,0x100006ca,11,VoIP,46,auto,102.2576,177.7418,140.3781,235.4668,15.3449,139.1011,129.6366,151.1195,21.4829,0.014487,0.032345,0.02163,1.276e-05,0.003572,58,2.6164,6.3034,367.2838,14.6274,676,94895,46.2147,6487.4851,0.5104,0.5287
flow_1750,0x100006d6,11,VoIP,46,auto,71.6284,107.7589,85.7195,18.9559,4.3538,85.3757,82.6718,88.7672,6.0954,0.024641,0.038932,0.030357,8.17e-06,0.002858,170,3.2512,6.3024,278.6946,40.0898,1320,113149,32.9261,2822.3867,0.4776,0.468
flow_1762,0x100006e2,11,VoIP,46,auto,132.3999,214.9922,160.1118,320.7042,17.9082,162.6096,147.576,172.6475,25.0715,0.023217,0.043372,0.031279,1.625e-05,0.004031,22,2.3022,9.8073,368.6146,8.3601,267,42749,31.9375,5113.4747,0.485,0.4796
flow_1774,0x100006ee,11,VoIP,46,auto,93.9438,123.8601,104.5071,55.1931,7.4292,105.7927,99.3066,109.7075,10.4009,0.0208,0.042453,0.029461,1.875e-05,0.004331,132,3.032,6.572,316.8664,32.6953,1109,115898,33.9192,3544.7885,0.5296,0.5169
flow_1786,0x100006fa,11,VoIP,46,auto,135.8537,216.075,166.3633,296.6457,17.2234,166.3959,154.3069,178.4197,24.1128,0.011794,0.035872,0.021425,2.319e-05,0.004816,48,3.8924,8.3486,647.5503,12.4416,580,96490,46.6177,7755.409,0.4719,0.453
flow_1798,0x10000706,11,VoIP,46,auto,82.058,111.983,94.0527,21.6401,4.6519,94.7595,90.7964,97.309,6.5126,0.021473,0.042273,0.029793,1.73e-05,0.00416,86,3.7868,5.5803,356.1598,32.6701,1096,103081,33.5475,3155.2051,0.4959,0.5026
flow_1810,0x10000712,11,VoIP,46,auto,130.1436,218.2994,165.7503,140.5465,11.8552,163.8541,157.4516,174.049,16.5973,0.013499,0.032567,0.021126,1.454e-05,0.003814,82,2.5948,8.5885,430.0908,17.6855,837,138732,47.3269,7844.397,0.5122,0.4999
flow_1822,0x1000071e,11,VoIP,46,auto,113.8443,204.5279,152.8152,237.6178,15.4149,152.0129,142.0248,163.6056,21.5808,0.022919,0.044475,0.031541,1.859e-05,0.004311,61,3.5629,5.2055,544.4663,28.6081,907,138603,31.7044,4844.895,0.5038,0.5148
flow_1834,0x1000072a,11,VoIP,46,auto,78.562,112.7467,91.6531,17.8476,4.2246,89.7992,88.6958,94.6103,5.9145,0.025187,0.038077,0.030343,6.65e-06,0.002578,69,2.0091,6.5007,184.142,24.1597,796,72955,32.9475,3019.7025,0.5022,0.51
flow_1846,0x10000736,11,VoIP,46,auto,183.2567,220.3466,198.5441,154.082,12.413,197.5731,189.855,207.2332,17.3782,0.02459,0.0428,0.031874,1.326e-05,0.003642,190,4.523,9.2953,898.0237,38.4032,1204,239047,31.3515,6224.6626,0.4917,0.4841
flow_1858,0x10000742,11,VoIP,46,auto,85.2225,118.2675,99.5365,19.3516,4.399,99.8591,96.4572,102.6159,6.1587,0.012637,0.031283,0.020095,1.391e-05,0.003729,96,3.5629,9.2166,354.6399,18.9529,943,93862,49.755,4952.3902,0.5132,0.5137
flow_1870,0x1000074e,11,VoIP,46,auto,138.7614,225.4635,172.0775,260.577,16.1424,171.6812,160.7779,183.3772,22.5994,0.023557,0.040702,0.030415,1.176e-05,0.003429,43,3.8532,6.8518,663.056,17.3873,571,98256,32.84,5651.0133,0.4953,0.4902
flow_1882,0x1000075a,11,VoIP,46,auto,162.5137,205.7461,184.9808,107.1318,10.3505,186.0138,177.7355,192.2262,14.4906,0.023656,0.037479,0.029185,7.64e-06,0.002765,123,3.9542,6.4883,731.4521,42.2473,1447,267667,34.2507,6335.7147,0.5134,0.5207
flow_1894,0x10000766,11,VoIP,46,auto,181.1461,227.7313,205.2313,143.471,11.9779,205.6894,196.8468,213.6159,16.7691,0.011634,0.032125,0.019831,1.68e-05,0.004098,164,2.8113,5.8583,576.9698,30.3186,1528,313593,50.3981,10343.2592,0.4844,0.4696
flow_1906,0x10000772,11,VoIP,46,auto,130.7914,199.9044,156.4662,150.4261,12.2648,155.9042,147.8808,165.0515,17.1708,0.014639,0.032437,0.021758,1.267e-05,0.00356,185,3.8295,6.4458,599.1934,31.492,1447,226406,45.9482,7189.3183,0.5109,0.5217
flow_1918,0x1000077e,11,VoIP,46,auto,73.7942,103.3632,88.2138,58.2141,7.6298,89.0029,82.8729,93.5547,10.6817,0.015079,0.030527,0.021258,9.55e-06,0.00309,106,2.4035,5.3312,212.0259,17.2466,811,71541,47.0238,4148.1282,0.4793,0.4828
flow_1930,0x1000078a,11,VoIP,46,auto,178.114,228.5947,198.2708,47.0088,6.8563,198.6764,193.4714,203.0702,9.5988,0.02408,0.042581,0.03148,1.369e-05,0.0037,59,3.9503,5.6085,783.224,19.0435,604,119755,31.7168,6288.4874,0.5014,0.4858
flow_1942,0x10000796,11,VoIP,46,auto,115.5675,179.0411,143.0853,430.601,20.7509,142.4342,128.5596,157.6109,29.0513,0.021448,0.040963,0.029254,1.523e-05,0.003903,29,2.8353,5.9863,405.6901,12.136,414,59237,34.1133,4881.0876,0.5007,0.513
flow_1954,0x100007a2,11,VoIP,46,auto,85.5906,115.0513,97.0332,22.4883,4.7422,98.8412,93.7137,100.3527,6.6391,0.020949,0.042339,0.029505,1.83e-05,0.004278,168,2.7266,9.4908,264.5752,41.1035,1393,135167,33.89,3288.4531,0.5041,0.5133
flow_1966,0x100007ae,11,VoIP,46,auto,186.0467,239.5238,205.2476,117.8737,10.857,206.281,197.6477,212.8474,15.1998,0.02184,0.040366,0.02925,1.373e-05,0.003705,35,2.705,8.5649,555.1868,14.6293,500,102623,34.1781,7014.9091,0.4738,0.4618
flow_1978,0x100007ba,11,VoIP,46,auto,147.0018,217.5601,177.3114,412.3439,20.3063,177.5372,163.097,191.5258,28.4288,0.022593,0.045858,0.031899,2.165e-05,0.004653,72,3.2183,5.6382,570.633,26.9783,845,149828,31.3214,5553.6391,0.4944,0.4857
flow_1990,0x100007c6,11,VoIP,46,auto,75.2055,109.5882,86.9925,55.5378,7.4524,85.3929,81.7759,92.2092,10.4333,0.023736,0.044135,0.031896,1.665e-05,0.00408,113,2.9062,7.3094,252.8142,35.5576,1114,96909,31.3294,2725.4064,0.5161,0.5221
flow_2002,0x100007d2,11,Video,34,auto,140.4427,1240.9253,930.5589,121066.3276,347.9459,1176.8334,671.1604,1230.9253,559.7649,0.000252,0.078974,0.013438,0.00073129,0.027042,51,24.502,51.7425,22800.5612,21.3208,1586,1475866,74.3874,69221.8634,0.7309,0.8719
flow_2014,0x100007de,11,Video,34,auto,198.6995,1260.8295,1002.1405,123330.4332,351.1843,1115.3052,824.3739,1250.8295,426.4556,0.000145,0.052664,0.009527,0.00110058,0.033175,127,20.5179,46.0074,20561.8347,21.0504,2209,2213728,104.9388,105163.3825,0.7232,0.8867
flow_2026,0x100007ea,11,Video,34,auto,156.6949,1268.6977,979.686,92597.033,304.2976,1163.0982,723.5443,1258.6977,535.1533,0.000982,0.09601,0.006724,0.00042991,0.020734,183,24.3841,83.603,23888.7319,30.114,4478,4387033,148.7015,145680.7636,0.9182,0.9132
flow_2038,0x100007f6,11,Video,34,auto,167.9748,1263.3159,974.6451,74382.4196,272.7314,1172.749,753.094,1253.3159,500.2218,0.000837,0.063024,0.014239,0.00053429,0.023115,66,13.8247,88.7207,13474.1689,19.2436,1351,1316745,70.2053,68425.2073,0.8816,0.8953
flow_2050,0x10000802,11,Video,34,auto,242.9923,1241.1613,1117.647,164108.714,405.1033,1103.4531,726.8313,1231.1613,504.33,0.000245,0.072613,0.003173,0.00102992,0.032092,245,15.758,58.4126,17611.8899,25.2749,7966,8903175,315.1737,352252.9296,0.8695,0.966
flow_2062,0x1000080e,11,Video,34,auto,214.5178,1268.1757,1128.2022,176647.9019,420.295,1174.3478,695.0348,1258.1757,563.1409,0.000699,0.149097,0.013159,0.00036242,0.019037,97,13.6433,89.1243,15392.3666,26.1428,1986,2240609,75.9673,85706.4808,0.8054,0.9519
flow_2074,0x1000081a,11,Video,34,auto,139.4491,1242.0215,1118.5275,89052.7646,298.4171,1074.865,672.2632,1232.0215,559.7583,0.000407,0.143833,0.005698,0.00029359,0.017135,261,12.655,45.5967,14154.9295,42.9417,7535,8428104,175.4705,196268.5756,0.8997,0.9325
flow_2086,0x10000826,11,Video,34,auto,193.3354,1268.275,1151.0013,124123.0494,352.311,1148.7214,695.2681,1258.275,563.0069,0.000622,0.134606,0.012698,0.00041538,0.020381,134,15.3081,66.1479,17619.6991,35.0107,2757,3173310,78.7474,90638.3443,0.7782,0.894
flow_2098,0x10000832,11,Video,34,auto,174.2496,1241.6325,970.3163,124107.8695,352.2895,1115.0889,669.5208,1231.6325,562.1118,0.000536,0.132222,0.005944,0.00029533,0.017185,208,10.0204,68.3577,9722.9879,22.4929,3784,3671676,168.2306,163236.8961,0.7851,0.9371
flow_2110,0x1000083e,11,Video,34,auto,157.5151,1277.1871,1004.2725,74512.2461,272.9693,1140.8966,834.2747,1260.0,425.7253,0.000358,0.081466,0.011233,0.00103147,0.032117,215,26.6903,68.6326,26804.3086,58.3475,5194,5216191,89.0183,89398.66,0.7562,0.9745
flow_2122,0x1000084a,11,Video,34,auto,133.4326,1277.026,983.1544,87787.5623,296.2897,1207.9044,775.4898,1260.0,484.5102,0.000779,0.067678,0.014479,0.00100178,0.031651,62,29.6706,83.2856,29170.797,28.529,1970,1936814,69.0526,67889.3516,0.9097,0.9334
flow_2134,0x10000856,11,Video,34,auto,153.3184,1266.56,938.1979,197748.1349,444.6888,1127.5639,708.0051,1256.56,548.5549,0.000233,0.068304,0.004544,0.0006757,0.025994,814,13.7366,71.917,12887.6532,57.7033,12699,11914174,220.0739,206472.8969,0.7634,0.8737
flow_2146,0x10000862,11,Video,34,auto,237.9387,1278.0036,1159.9187,179479.0405,423.6497,1118.7537,657.6665,1260.0,602.3335,0.000318,0.055529,0.004976,0.00014749,0.012145,189,12.8212,52.3659,14871.5461,25.2932,5083,5895866,200.9635,233101.2447,0.7648,0.8624
flow_2158,0x1000086e,11,Video,34,auto,155.155,1262.9113,1011.3394,87974.7641,296.6054,1088.6063,741.8927,1252.9113,511.0186,0.000561,0.097777,0.014091,0.00108127,0.032883,39,22.4755,77.8225,22730.3969,13.511,958,968863,70.9054,71709.3642,0.7912,0.9695
flow_2170,0x1000087a,11,Video,34,auto,191.8476,1247.345,970.4736,152043.1952,389.9272,1174.1691,722.954,1237.345,514.391,0.000989,0.06987,0.013962,0.00088074,0.029677,87,25.2584,85.1563,24512.5641,34.1543,2446,2373778,71.6163,69501.6685,0.8983,0.8807
flow_2182,0x10000886,11,Video,34,auto,149.4417,1275.1111,1156.6989,146471.1231,382.7155,1082.919,751.3118,1260.0,508.6882,0.000457,0.108463,0.008909,0.00056322,0.023732,207,22.0487,82.2777,25503.6638,46.4036,5208,6024087,112.2327,129819.4361,0.8196,0.9041
flow_2194,0x10000892,11,Video,34,auto,253.1251,1249.7038,1174.0835,111461.337,333.8583,1196.2328,870.631,1239.7038,369.0728,0.000737,0.128367,0.003481,0.00014075,0.011864,275,20.785,59.5078,24403.2893,23.937,6876,8072998,287.2544,337260.6172,0.7338,0.8785
flow_2206,0x1000089e,11,Video,34,auto,252.9978,1241.3275,970.3114,77844.5893,279.0064,1154.8401,780.6442,1231.3275,450.6832,0.000555,0.070616,0.013748,0.00065216,0.025537,148,22.0314,78.4531,21377.2932,57.5891,4188,4063664,72.722,70563.0241,0.7403,0.9626
flow_2218,0x100008aa,11,Video,34,auto,175.1333,1278.1549,1123.2706,191157.4668,437.2156,1110.8718,790.3225,1260.0,469.6775,0.000201,0.126958,0.013228,0.00068367,0.026147,137,25.0508,76.5633,28138.7993,55.3964,4187,4703133,75.5825,84899.5493,0.8425,0.8822
flow_2230,0x100008b6,11,Video,34,auto,149.3086,1246.0283,1160.9569,67389.469,259.5948,1124.3542,876.4889,1236.0283,359.5395,0.000766,0.088207,0.012315,0.00018264,0.013514,169,20.9755,35.4791,24351.6004,55.2617,4487,5209213,81.1955,94264.4863,0.7699,0.9037
flow_2242,0x100008c2,11,Video,34,auto,254.8176,1251.1226,961.937,187411.5947,432.9106,1174.4821,869.6581,1241.1226,371.4644,0.000462,0.090092,0.010032,0.00064734,0.025443,231,19.7339,89.8016,18982.8053,52.832,5266,5065560,99.6744,95880.4806,0.7909,0.9569
flow_2254,0x100008ce,11,Video,34,auto,141.0161,1253.0491,1185.8526,169679.4282,411.9216,1086.2823,864.3142,1243.0491,378.7349,0.000666,0.098258,0.006028,0.00110696,0.033271,300,12.5985,73.8063,14939.966,56.5475,9381,11124483,165.8959,196728.1151,0.8779,0.9203
flow_2266,0x100008da,11,Video,34,auto,231.3091,1279.8027,1127.3007,154116.0299,392.5761,1059.2132,722.0499,1260.0,537.9501,0.000415,0.075942,0.012581,0.00114203,0.033794,71,15.8297,36.1735,17844.8736,23.323,1853,2088888,79.4496,89563.5272,0.7981,0.922
flow_2278,0x100008e6,11,Video,34,auto,166.2405,1260.9353,1092.5366,109582.1618,331.032,1207.8019,857.1125,1250.9353,393.8228,0.000632,0.094214,0.011404,0.000528,0.022978,132,29.9819,67.9357,32756.3257,50.1435,4396,4802790,87.6683,95780.8244,0.8564,0.902
flow_2290,0x100008f2,11,Video,34,auto,148.5591,1264.3282,958.7905,196656.6262,443.4598,1200.8987,770.7148,1254.3282,483.6134,0.000787,0.097449,0.009767,0.00065658,0.025624,85,21.3655,54.3091,20485.058,17.8862,1831,1755545,102.3692,98150.5499,0.8827,0.9732
flow_2302,0x100008fe,11,Video,34,auto,250.4978,1259.2742,1146.5917,168365.0395,410.3231,1135.9406,673.2159,1249.2742,576.0582,0.000182,0.075509,0.01195,0.000145,0.012042,157,11.5331,85.5401,13223.7001,56.2831,4710,5400446,83.6842,95951.5362,0.8767,0.9285
flow_2314,0x1000090a,11,Video,34,auto,255.2998,1260.5466,1021.9992,74657.7891,273.2358,1053.413,753.0662,1250.5466,497.4804,0.000957,0.144053,0.005224,0.00099951,0.031615,238,16.3016,42.0979,16660.216,29.9774,5738,5864231,191.4108,195621.6199,0.8318,0.8742
flow_2326,0x10000916,11,Video,34,auto,185.2742,1278.6266,1172.0113,119250.3154,345.3264,1174.9808,730.4287,1260.0,529.5713,0.000728,0.145038,0.014408,0.00010297,0.010148,109,15.9833,59.8516,18732.5619,49.8311,3458,4052815,69.3944,81330.9804,0.7472,0.8989
flow_2338,0x10000922,11,Video,34,auto,247.88,1255.9997,1178.8778,157981.9392,397.4694,1197.0401,763.3746,1245.9997,482.6251,0.000688,0.099132,0.005334,0.00080041,0.028292,167,13.6156,76.4314,16051.1224,24.5097,4595,5416943,187.4769,221012.2929,0.9014,0.8717
flow_2350,0x1000092e,11,Video,34,auto,171.4765,1242.9721,953.9143,65826.3286,256.5664,1086.5668,772.6567,1232.9721,460.3155,0.000506,0.064785,0.005968,0.0001647,0.012834,78,19.5191,79.128,18619.5725,16.1277,2702,2577476,167.5381,159816.9685,0.7542,0.91
flow_2362,0x1000093a,11,Video,34,auto,163.9345,1263.1835,1111.0927,94192.6282,306.9082,1092.8918,886.3408,1253.1835,366.8427,0.000789,0.148206,0.013904,0.00046679,0.021605,43,15.07,79.0008,16744.1126,16.254,1168,1297756,71.8592,79842.226,0.7403,0.9525
flow_2374,0x10000946,11,Video,34,auto,140.2104,1260.8805,916.8145,101730.3315,318.9519,1071.8239,759.7492,1250.8805,491.1312,0.00055,0.099698,0.01214,0.0001068,0.010335,33,11.7947,86.263,10813.5686,12.0852,995,912230,82.332,75483.1252,0.8479,0.8874
flow_2386,0x10000952,11,Video,34,auto,159.9309,1278.1837,1040.6816,129666.7979,360.0928,1061.331,828.9164,1260.0,431.0836,0.000361,0.146075,0.004257,0.00020002,0.014143,556,20.6664,46.6514,21507.1662,58.7096,13792,14353081,234.9191,244475.9549,0.8036,0.978
flow_2398,0x1000095e,11,Video,34,auto,234.1847,1260.1189,937.902,126400.0555,355.5279,1130.2618,748.8848,1250.1189,501.2341,0.000472,0.13564,0.014906,0.0006125,0.024749,60,15.5778,86.3535,14610.4864,18.6746,1252,1174253,67.0429,62879.6491,0.8961,0.9289
flow_2410,0x1000096a,11,Video,34,auto,223.3048,1261.3132,1078.008,72456.2895,269.1771,1091.5594,732.8879,1251.3132,518.4253,0.000952,0.064552,0.011492,0.00070001,0.026458,255,16.8693,36.9019,18185.2829,57.0541,4964,5351231,87.0052,93792.2855,0.7793,0.876
flow_2422,0x10000976,11,Video,34,auto,214.003,1277.4551,996.1659,87953.0734,296.5688,1155.6339,858.2198,1260.0,401.7802,0.000401,0.089115,0.014604,0.00016158,0.012711,71,20.9441,84.0256,20863.8277,29.7132,2034,2026201,68.4544,68191.9071,0.7645,0.9019
flow_2434,0x10000982,11,Video,34,auto,174.6304,1268.4732,1086.0173,146210.2161,382.3744,1175.6221,767.1565,1258.4732,491.3167,0.000967,0.081043,0.012932,0.0003501,0.018711,56,28.5488,78.4528,31004.4996,13.8022,1067,1158780,77.3064,83956.0865,0.8079,0.9677
flow_2446,0x1000098e,11,Video,34,auto,250.3523,1255.32,1136.1668,137964.1907,371.4353,1117.8405,665.009,1245.32,580.3109,0.000992,0.145161,0.007954,0.0006265,0.02503,63,25.0924,72.5065,28509.0971,17.3862,2185,2482524,125.6747,142787.4007,0.9007,0.8923
flow_2458,0x1000099a,11,Video,34,auto,231.4552,1274.4943,1114.1637,126359.5645,355.4709,1090.9489,791.8686,1260.0,468.1314,0.000866,0.101501,0.004389,0.00059525,0.024398,222,27.2098,47.3356,30316.1449,15.2869,3482,3879517,227.7773,253781.129,0.8251,0.951
flow_2470,0x100009a6,11,Video,34,auto,207.2692,1274.4243,1167.3173,200210.6178,447.449,1185.1712,806.6581,1260.0,453.3419,0.000734,0.097264,0.008391,0.00107773,0.032829,219,25.7718,83.3082,30083.8697,36.0017,4290,5007791,119.1612,139098.8741,0.7233,0.8645
flow_2482,0x100009b2,11,Video,34,auto,231.4535,1265.7221,1134.0053,90255.9781,300.4263,1157.2257,899.6469,1255.7221,356.0752,0.000375,0.129122,0.004255,0.00054436,0.023331,218,13.2091,38.6832,14979.1739,27.5869,6483,7351756,235.0026,266494.1743,0.7408,0.8838
flow_2494,0x100009be,11,Video,34,auto,125.8612,1266.828,1187.5193,130474.6473,361.2127,1081.4035,653.9924,1256.828,602.8356,0.00019,0.104493,0.009627,0.00070721,0.026594,143,29.5052,51.2737,35038.0334,32.7227,3399,4036378,103.8728,123350.8924,0.8968,0.8948
flow_2506,0x100009ca,11,Video,34,auto,189.4885,1242.5356,933.3531,110098.8804,331.8115,1169.6654,660.2901,1232.5356,572.2455,0.000465,0.073536,0.00602,0.0010781,0.032834,527,25.7722,44.7943,24054.5229,57.5717,9563,8925655,166.1059,155035.4571,0.9126,0.9522
flow_2518,0x100009d6,11,Video,34,auto,253.512,1243.3064,1135.7337,193955.4763,440.4038,1107.3612,839.2451,1233.3064,394.0614,0.000136,0.057173,0.010814,0.00069303,0.026325,65,25.9668,70.5971,29491.4215,21.3726,1976,2244209,92.4548,105003.9547,0.7584,0.9511
flow_2530,0x100009e2,11,Video,34,auto,250.9043,1263.4814,1121.3227,156001.8573,394.9707,1099.7985,760.4792,1253.4814,493.0022,0.000723,0.050795,0.011947,0.00090596,0.030099,65,10.6317,77.5067,11921.5325,12.8314,1074,1204300,83.7007,93855.4685,0.8294,0.9156
flow_2542,0x100009ee,11,Video,34,auto,236.021,1273.7411,1166.4612,73859.9985,271.772,1072.4909,849.7236,1260.0,410.2764,0.000968,0.116281,0.014944,0.00064729,0.025442,32,26.7842,64.4716,31242.787,16.0953,1077,1256278,66.9139,78052.4216,0.8688,0.8957
flow_2554,0x100009fa,11,Video,34,auto,185.6208,1260.1284,922.1694,68083.4659,260.9281,1102.9985,700.8888,1250.1284,549.2396,0.000981,0.071209,0.004039,0.00011624,0.010781,566,13.8367,42.9916,12759.7351,59.2651,14671,13529146,247.5487,228281.7825,0.7602,0.8973
flow_2566,0x10000a06,11,Video,34,auto,259.6579,1249.8779,1141.6112,107151.8935,327.3406,1069.134,737.3564,1239.8779,502.5215,0.000202,0.093051,0.004274,0.00074763,0.027343,428,27.633,48.2546,31546.1573,44.0432,10304,11763162,233.9519,267082.1355,0.8248,0.9687
flow_2578,0x10000a12,11,Video,34,auto,158.7542,1245.606,1172.3217,183553.7383,428.4317,1117.8124,769.5677,1235.606,466.0383,0.000328,0.107999,0.009801,0.00015445,0.012428,145,22.9472,66.154,26901.5207,27.416,2797,3278983,102.0208,119601.1757,0.7854,0.9719
flow_2590,0x10000a1e,11,Video,34,auto,137.3886,1247.8064,907.6568,157055.1014,396.3018,1119.2015,884.8383,1237.8064,352.9681,0.000675,0.05546,0.005122,0.00027298,0.016522,404,13.2279,63.1655,12006.4382,36.1638,7060,6408057,195.2227,177195.1672,0.8338,0.8776
flow_2602,0x10000a2a,11,Video,34,auto,212.3428,1265.0405,1144.5429,73205.246,270.5647,1200.0929,898.4468,1255.0405,356.5937,0.000672,0.055471,0.011065,0.00042765,0.02068,265,16.4518,42.6669,18829.8133,48.1456,4351,4979906,90.3716,103434.2051,0.8652,0.9273
flow_2614,0x10000a36,11,Video,34,auto,214.4909,1250.5822,1092.4304,82707.4319,287.589,1123.5765,741.7653,1240.5822,498.8169,0.000907,0.097242,0.009823,0.00032986,0.018162,113,25.6138,59.0654,27981.2445,32.4757,3306,3611574,101.7991,111208.3797,0.7418,0.8611
flow_2626,0x10000a42,11,Video,34,auto,180.2434,1256.5958,1040.3668,195852.7077,442.5525,1088.3796,802.0685,1246.5958,444.5273,0.00036,0.10524,0.00653,0.00017332,0.013165,310,29.7463,54.9508,30947.0502,41.1355,6299,6553270,153.128,159309.2854,0.8864,0.8546
flow_2638,0x10000a4e,11,Video,34,auto,205.9096,1265.747,1117.7464,202197.5557,449.6638,1126.4838,893.3306,1255.747,362.4164,0.00071,0.069645,0.009933,0.00034924,0.018688,246,10.2126,71.0429,11415.1291,58.382,5877,6568995,100.6646,112517.4299,0.7441,0.8616
flow_2650,0x10000a5a,11,Video,34,auto,211.0566,1277.7023,1045.7987,164768.7739,405.9172,1155.9132,743.3242,1260.0,516.6758,0.000528,0.121203,0.00656,0.00045658,0.021368,344,23.693,38.8284,24778.1284,34.7041,5290,5532274,152.4314,159412.5282,0.8893,0.9421
flow_2662,0x10000a66,11,Video,34,auto,124.9894,1272.671,1127.1189,74940.5549,273.7527,1063.6558,880.1662,1260.0,379.8338,0.000901,0.051671,0.014076,0.00092375,0.030393,80,27.8555,55.1865,31396.4746,36.5606,2597,2927127,71.0328,80062.4036,0.7849,0.941
flow_2674,0x10000a72,11,Video,34,auto,250.9254,1270.7827,974.0186,143168.4326,378.376,1174.9384,751.006,1260.0,508.994,0.000943,0.103872,0.011034,0.00059988,0.024492,117,13.046,64.2027,12706.9992,36.7975,3334,3247378,90.6041,88250.035,0.7301,0.9315
flow_2686,0x10000a7e,11,Video,34,auto,129.9633,1266.3069,1157.3683,161767.9382,402.2039,1096.9254,717.346,1256.3069,538.9609,0.000974,0.069357,0.009291,0.00033451,0.01829,131,21.0518,75.7181,24364.7093,19.3622,2083,2410798,107.581,124510.7804,0.8373,0.8771
flow_2698,0x10000a8a,11,Video,34,auto,203.3656,1265.6595,951.3503,194015.3746,440.4718,1192.7238,682.9392,1255.6595,572.7203,0.000243,0.083615,0.003344,0.00042563,0.020631,538,18.8024,50.1707,17887.6878,58.0062,17348,16504025,299.0715,284521.7623,0.8356,0.9719
flow_2710,0x10000a96,11,Video,34,auto,232.276,1270.4922,1024.1215,65012.2174,254.9749,1179.4716,808.3299,1260.0,451.6701,0.000234,0.123968,0.004698,0.000976,0.031241,649,25.4955,57.4213,26110.5192,46.2535,9845,10082476,212.8489,217983.1032,0.8213,0.9754
flow_2722,0x10000aa2,11,Video,34,auto,207.2156,1256.0465,1149.4947,189174.1226,434.9415,1062.4973,661.7972,1246.0465,584.2493,0.000917,0.066845,0.007353,0.00097978,0.031301,105,21.5163,57.4233,24732.9029,25.7165,3497,4019782,135.9829,156311.5985,0.7687,0.8647
flow_2734,0x10000aae,11,Video,34,auto,157.5652,1248.3445,944.622,70578.6783,265.6665,1051.5578,881.9836,1238.3445,356.3609,0.000878,0.124391,0.008421,0.00131264,0.03623,328,27.1275,72.3989,25625.2654,56.0565,6656,6287404,118.7373,112161.8997,0.8399,0.9304
flow_2746,0x10000aba,11,Video,34,auto,189.0725,1248.3662,980.0977,98835.888,314.3818,1143.2814,757.7935,1238.3662,480.5726,0.000209,0.088427,0.008851,0.00140171,0.037439,135,15.6478,56.6616,15336.4195,37.4501,4231,4146793,112.9771,110728.5911,0.8843,0.9189
flow_2758,0x10000ac6,11,Video,34,auto,217.5898,1261.6849,952.4817,202014.6783,449.4604,1130.4675,668.8077,1251.6849,582.8772,0.000365,0.081702,0.010311,0.00038086,0.019516,157,25.5736,44.8428,24358.3416,33.62,3260,3105090,96.9661,92358.4133,0.7484,0.8636
flow_2770,0x10000ad2,11,Video,34,auto,147.8612,1270.1968,1111.9043,196168.8476,442.9095,1080.682,776.8998,1260.0,483.1002,0.000893,0.138634,0.007335,0.00068369,0.026147,150,20.2261,77.4604,22489.4797,33.2664,4535,5042485,136.3237,151578.8844,0.8969,0.9425
flow_2782,0x10000ade,11,Video,34,auto,249.7275,1272.7858,905.1111,136652.9792,369.666,1096.072,743.6826,1260.0,516.3174,0.000573,0.129202,0.004093,0.00097294,0.031192,122,16.9711,87.3294,15360.753,17.5913,4298,3890167,244.3248,221141.0394,0.8553,0.8641
flow_2794,0x10000aea,11,Video,34,auto,258.5391,1268.0331,902.9934,90950.7164,301.5804,1181.8969,833.4529,1258.0331,424.5802,0.000186,0.117509,0.01181,0.00127817,0.035752,189,14.2585,70.7617,12875.3367,42.777,3621,3269739,84.6484,76436.9095,0.8509,0.928
flow_2806,0x10000af6,11,Video,34,auto,258.1692,1240.8681,997.1857,119683.833,345.9535,1057.1234,661.7346,1230.8681,569.1335,0.000929,0.101543,0.00434,0.00037007,0.019237,265,15.301,69.3211,15257.9005,27.6357,6367,6349081,230.3901,229741.7015,0.8214,0.8992
flow_2818,0x10000b02,11,Video,34,auto,220.937,1258.1493,1069.5502,183726.8694,428.6337,1139.5251,880.5901,1248.1493,367.5592,0.000292,0.054912,0.004783,0.00097673,0.031253,136,15.8168,42.9177,16916.845,17.3592,3629,3881397,209.053,223592.6145,0.8458,0.9134
flow_2830,0x10000b0e,11,Video,34,auto,178.3299,1241.5796,1036.1577,192311.0473,438.5328,1156.9866,799.6589,1231.5796,431.9207,0.000274,0.144738,0.005521,0.00112757,0.033579,300,15.6604,42.5617,16226.6177,57.4049,10396,10771895,181.0995,187647.6554,0.8458,0.905
flow_2842,0x10000b1a,11,Video,34,auto,248.2029,1260.4514,919.9788,87418.3187,295.6659,1092.4771,802.3939,1250.4514,448.0575,0.000608,0.113986,0.014418,0.00050333,0.022435,176,22.525,85.8915,20722.5025,52.8736,3667,3373562,69.3541,63804.268,0.9078,0.8997
flow_2854,0x10000b26,11,Video,34,auto,144.5883,1266.9384,1046.4667,188847.1079,434.5654,1060.131,877.2875,1256.9384,379.6509,0.000219,0.120987,0.005284,0.00050301,0.022428,538,28.4939,75.148,29817.9048,59.8931,11334,11860653,189.237,198030.2576,0.9131,0.9373
flow_2866,0x10000b32,11,Video,34,auto,220.8221,1243.8608,1044.085,157517.573,396.8848,1088.1506,759.8874,1233.8608,473.9734,0.000359,0.064161,0.010486,0.00021818,0.014771,165,18.8934,66.2035,19726.368,46.1662,4402,4596062,95.3512,99554.7257,0.754,0.9557
flow_2878,0x10000b3e,11,Video,34,auto,141.5272,1278.0486,1199.9533,87496.4488,295.798,1176.4507,726.2772,1260.0,533.7228,0.000233,0.090808,0.003986,0.00010122,0.010061,406,22.6092,40.2704,27129.9525,39.8502,9996,11994733,250.8393,300995.4013,0.8553,0.9521
flow_2890,0x10000b4a,11,Video,34,auto,167.469,1241.952,1115.4227,125776.4833,354.6498,1109.4419,768.6762,1231.952,463.2758,0.000631,0.131539,0.00675,0.00016467,0.012832,375,18.6858,65.3667,20842.5134,49.8746,7388,8240742,148.1316,165229.3814,0.8805,0.8755
flow_2902,0x10000b56,11,Video,34,auto,203.6238,1260.9391,956.7043,127647.1011,357.2773,1113.8487,897.7405,1250.9391,353.1986,0.001,0.104159,0.003781,0.00102984,0.032091,672,17.0164,44.9819,16279.7042,44.6675,11812,11300591,264.4429,252993.6808,0.8367,0.9725
flow_2914,0x10000b62,11,Video,34,auto,171.0104,1258.2488,1016.6146,108508.0987,329.4057,1052.686,741.8286,1248.2488,506.4202,0.000533,0.067254,0.007722,0.00065478,0.025589,331,16.6655,69.1063,16942.347,40.2198,5208,5294528,129.4884,131639.8129,0.8448,0.8735
flow_2926,0x10000b6e,11,Video,34,auto,240.39,1254.0292,1151.2964,124595.5504,352.9809,1062.5789,797.6194,1244.0292,446.4099,0.000265,0.099704,0.012141,0.0002725,0.016507,157,14.7893,82.7904,17026.8745,47.9667,3950,4547620,82.3488,94807.8966,0.8944,0.9356
flow_2938,0x10000b7a,11,Video,34,auto,220.2248,1279.8843,1008.009,172689.3321,415.5591,1103.1547,781.2689,1260.0,478.7311,0.000941,0.137386,0.005855,0.0013719,0.037039,180,15.2157,56.45,15337.5182,31.2548,5337,5379744,170.7577,172125.2802,0.8809,0.8573
flow_2950,0x10000b86,11,Video,34,auto,157.6906,1245.085,912.056,159786.5272,399.7331,1151.4595,817.6652,1235.085,417.4197,0.000204,0.109902,0.010413,0.00031119,0.01764,145,24.5306,71.2265,22373.3019,47.1636,4529,4130701,96.0274,87582.3584,0.8849,0.949
flow_2962,0x10000b92,11,Video,34,auto,171.4853,1270.8155,1001.5232,156720.941,395.88,1195.0747,673.3165,1260.0,586.6835,0.000383,0.116844,0.00471,0.00076585,0.027674,138,16.4284,53.4335,16453.3884,20.349,4320,4326580,212.2952,212618.5672,0.7558,0.8775
flow_2974,0x10000b9e,11,Video,34,auto,153.2838,1249.8141,1019.1132,73706.3948,271.4892,1053.4664,878.5919,1239.8141,361.2223,0.000709,0.051302,0.013363,0.0012623,0.035529,150,18.3046,75.2864,18654.5039,58.7131,4393,4476964,74.8215,76251.599,0.8334,0.9373
flow_2986,0x10000baa,11,Video,34,auto,248.6222,1274.6766,1071.9501,86905.2832,294.797,1152.1906,880.4181,1260.0,379.5819,0.000497,0.130433,0.014676,0.00132342,0.036379,83,18.6307,51.6414,19971.2247,35.4509,2415,2588759,68.1223,73023.7208,0.8084,0.8899
flow_2998,0x10000bb6,11,Video,34,auto,243.3867,1273.8133,958.3732,77681.7081,278.7144,1175.7263,813.2115,1260.0,446.7885,0.000216,0.121948,0.01046,0.00053778,0.02319,73,16.9323,53.2407,16227.4731,19.7917,1892,1813242,95.5956,91616.2504,0.8865,0.9093
flow_3010,0x10000bc2,11,Video,34,auto,151.4595,1248.9724,1068.8846,87509.3817,295.8198,1104.3522,763.4151,1238.9724,475.5573,0.00072,0.076579,0.01021,0.00128994,0.035916,177,18.3905,67.4026,19657.3029,28.8383,2824,3018530,97.9253,104670.8011,0.9099,0.8848
flow_3022,0x10000bce,11,Video,34,auto,146.7137,1270.146,1118.5631,64918.5054,254.7911,1167.2103,750.104,1260.0,509.896,0.000442,0.11638,0.012481,0.00059847,0.024464,110,18.5125,74.0719,20707.4524,30.6195,2453,2743835,80.1123,89610.6518,0.843,0.9691
flow_3034,0x10000bda,11,Video,34,auto,129.9471,1270.8731,1062.333,107349.5382,327.6424,1178.3031,809.7829,1260.0,450.2171,0.000798,0.097722,0.00953,0.00052203,0.022848,217,15.3712,55.3427,16329.2822,32.1507,3373,3583249,104.9121,111451.5808,0.8358,0.9375
flow_3046,0x10000be6,11,Video,34,auto,123.8374,1256.1657,944.4515,196793.9945,443.6147,1120.3649,883.3128,1246.1657,362.8529,0.000704,0.148987,0.00528,0.00035631,0.018876,261,10.9824,51.7103,10372.3432,45.5924,8635,8155338,189.3957,178875.0034,0.8966,0.918
flow_3058,0x10000bf2,11,Video,34,auto,217.018,1262.2382,1185.3439,134468.3812,366.6993,1094.0312,789.2922,1252.2382,462.946,0.000417,0.052226,0.003851,0.00018755,0.013695,267,13.6358,80.4047,16163.1012,15.6156,4054,4805384,259.6128,307730.4388,0.7903,0.9673
flow_3070,0x10000bfe,11,Video,34,auto,216.6672,1267.553,1040.0378,143290.483,378.5373,1151.2864,872.0727,1257.553,385.4803,0.000641,0.079026,0.014746,0.00054983,0.023448,122,28.4797,68.2754,29619.9749,52.5808,3565,3707734,67.8004,70514.9784,0.8617,0.8624
flow_3082,0x10000c0a,11,Video,34,auto,152.5492,1277.7346,1105.427,66355.951,257.5965,1164.4273,884.3796,1260.0,375.6204,0.000174,0.085824,0.006388,0.00102552,0.032024,87,16.1968,73.1016,17904.3785,12.3217,1928,2131263,156.472,172968.3763,0.7789,0.957
flow_3094,0x10000c16,11,Video,34,auto,187.0938,1255.8164,1071.9833,83153.1587,288.3629,1106.4492,772.7814,1245.8164,473.035,0.000239,0.092511,0.011045,0.00051814,0.022763,121,27.0761,47.7874,29025.1482,37.5057,3395,3639383,90.5195,97035.3943,0.8319,0.9043
flow_3106,0x10000c22,11,Video,34,auto,214.49,1250.5332,1039.4821,173095.5227,416.0475,1152.404,723.7499,1240.5332,516.7833,0.000761,0.088539,0.012325,0.00012605,0.011227,84,28.1424,49.1212,29253.5044,26.5013,2150,2234886,81.128,84331.0551,0.9199,0.9266
flow_3118,0x10000c2e,11,Video,34,auto,171.2862,1253.4875,1084.1431,163608.8163,404.4859,1176.1396,720.0387,1243.4875,523.4489,0.000139,0.131381,0.004948,0.00126273,0.035535,106,22.8299,61.2744,24750.831,12.9661,2620,2840454,202.066,219068.4368,0.8329,0.8533
flow_3130,0x10000c3a,11,Video,34,auto,197.0885,1267.3723,1134.371,68893.733,262.4762,1081.9202,825.826,1257.3723,431.5463,0.000124,0.136848,0.007029,0.00028179,0.016787,458,16.0878,46.8004,18249.5439,52.2228,7429,8427242,142.2559,161370.9866,0.7614,0.8836
flow_3142,0x10000c46,11,Video,34,auto,255.4564,1279.6404,1087.8562,101138.3342,318.0225,1148.8117,883.4673,1260.0,376.5327,0.000974,0.140221,0.011006,0.00020133,0.014189,72,27.5645,47.1286,29986.2399,22.4053,2035,2213787,90.8266,98806.2626,0.9047,0.8734
flow_3154,0x10000c52,11,Video,34,auto,217.4325,1245.4523,1063.592,170057.4588,412.3802,1165.3416,833.2802,1235.4523,402.1722,0.000924,0.093597,0.007765,0.00052028,0.02281,180,12.3147,77.3178,13097.8371,40.1569,5171,5499834,128.77,136958.7385,0.723,0.9777
flow_3166,0x10000c5e,11,Video,34,auto,251.6097,1241.8339,1119.2307,107000.3883,327.1091,1078.5162,788.836,1231.8339,442.9979,0.00099,0.12392,0.003255,0.00049291,0.022202,794,11.7425,88.0811,13142.5874,59.2767,18210,20381190,307.2035,343831.6017,0.893,0.9231
flow_3178,0x10000c6a,11,Video,34,auto,189.5674,1241.1013,954.2525,148153.0681,384.9066,1118.1184,673.3692,1231.1013,557.7321,0.00058,0.10866,0.00307,0.00010117,0.010058,568,28.6938,57.3143,27381.1099,28.9447,9428,8996693,325.7247,310823.5918,0.8059,0.8996
flow_3190,0x10000c76,11,Video,34,auto,155.2615,1275.2464,1138.9247,100191.6396,316.5306,1128.3717,876.0838,1260.0,383.9162,0.000216,0.103828,0.011645,0.00078498,0.028017,93,28.9316,67.5819,32950.9239,17.9287,1539,1752805,85.84,97765.3388,0.7212,0.911
flow_3202,0x10000c82,11,Video,34,auto,210.2132,1265.5472,1133.6355,72333.5936,268.9491,1096.115,823.2661,1255.5472,432.2812,0.000806,0.097098,0.010105,0.00127888,0.035761,132,10.2046,55.0317,11568.2576,37.6199,3722,4219391,98.9371,112158.5524,0.7444,0.8811
flow_3214,0x10000c8e,11,Video,34,auto,161.6643,1260.7354,932.6701,79732.8523,282.3701,1154.0594,788.4669,1250.7354,462.2685,0.000557,0.064132,0.008193,0.00075343,0.027449,126,17.9566,84.6389,16747.6068,24.5544,2996,2794279,122.015,113799.6824,0.9084,0.9194
flow_3226,0x10000c9a,11,Video,34,auto,183.6363,1250.5103,1146.9796,150930.4349,388.4977,1072.9686,759.6618,1240.5103,480.8486,0.000271,0.124287,0.012062,0.0008262,0.028744,185,16.1515,58.0672,18525.4835,44.3925,3680,4220884,82.897,95081.1,0.8547,0.9737
flow_3238,0x10000ca6,11,Video,34,auto,239.5403,1241.3527,1084.4574,67138.9408,259.1118,1065.0861,824.1277,1231.3527,407.225,0.000943,0.1256,0.007619,0.00089534,0.029922,97,21.9068,81.6354,23757.0432,20.7157,2719,2948639,131.2534,142338.7097,0.7601,0.9435
flow_3250,0x10000cb2,11,Video,34,auto,132.2481,1242.4078,1120.6201,107743.7326,328.2434,1116.1469,832.0896,1232.4078,400.3182,0.000866,0.095126,0.009277,0.00064553,0.025407,228,18.0372,49.358,20212.8948,53.9915,5819,6520888,107.7762,120776.214,0.8661,0.9309
flow_3262,0x10000cbe,11,Video,34,auto,189.4034,1246.6787,929.551,88218.345,297.0157,1178.9844,838.3007,1236.6787,398.378,0.000526,0.113229,0.005262,0.00026636,0.016321,366,28.9348,80.9333,26896.3912,39.9513,7592,7057151,190.0315,176643.9553,0.8503,0.968
flow_3274,0x10000cca,11,Video,34,auto,235.3441,1263.938,934.735,80869.3823,284.3754,1060.3262,812.5318,1253.938,441.4062,0.000222,0.052385,0.010387,0.00048624,0.022051,156,28.9752,44.3609,27084.1082,24.4305,2352,2198496,96.273,89989.6878,0.7731,0.9538
flow_3286,0x10000cd6,11,Video,34,auto,246.8863,1257.9688,1075.5963,96096.677,309.9946,1073.4214,772.5503,1247.9688,475.4185,0.000571,0.105829,0.003212,0.00039773,0.019943,302,12.9648,89.8621,13944.9315,33.3088,10371,11155009,311.3594,334896.9634,0.8583,0.9572
flow_3298,0x10000ce2,11,Video,34,auto,140.9479,1268.9605,1004.054,173382.5449,416.3923,1079.9522,668.79,1258.9605,590.1705,0.000242,0.102812,0.013157,0.00099136,0.031486,59,15.1453,73.7204,15206.6815,14.0016,1064,1068313,75.9914,76299.3911,0.781,0.9554
flow_3310,0x10000cee,11,Video,34,auto,237.2099,1252.886,1029.6601,64013.9363,253.0098,1133.6004,677.346,1242.886,565.5401,0.000345,0.061169,0.003712,0.00033481,0.018298,287,15.0228,36.7765,15468.4024,26.3248,7091,7301320,269.366,277355.4424,0.8985,0.9347
flow_3322,0x10000cfa,11,Video,34,auto,124.6107,1245.4162,1180.261,179181.5574,423.2984,1193.0238,818.5467,1235.4162,416.8695,0.000678,0.098841,0.010749,0.00024856,0.015766,97,11.6999,62.7139,13808.9224,30.112,2801,3305911,93.0193,109787.0718,0.8716,0.9579
flow_3334,0x10000d06,11,Video,34,auto,185.6206,1246.0591,1035.1743,187869.0495,433.4386,1117.5313,710.8316,1236.0591,525.2274,0.000767,0.076782,0.005694,0.00011326,0.010642,336,24.2329,46.175,25085.3078,49.8215,8750,9057775,175.6268,181804.3899,0.751,0.9044
flow_3346,0x10000d12,11,Video,34,auto,151.5363,1240.6337,1149.2319,137214.0833,370.4242,1170.3519,686.6764,1230.6337,543.9573,0.000373,0.142608,0.014431,0.00025014,0.015816,69,16.8819,75.6827,19401.2328,27.0195,1872,2151362,69.2832,79622.4665,0.7823,0.9074
flow_3358,0x10000d1e,11,Video,34,auto,197.239,1264.8235,1070.0192,107991.8528,328.6211,1127.3467,781.678,1254.8235,473.1455,0.000276,0.147783,0.01261,0.00095018,0.030825,224,29.9771,63.8809,32076.023,58.3367,4626,4949908,79.2983,84850.7062,0.7653,0.9437
flow_3370,0x10000d2a,11,Video,34,auto,180.505,1266.8336,1145.6625,67639.6074,260.0762,1119.951,833.0504,1256.8336,423.7832,0.0002,0.066719,0.007313,0.00015834,0.012584,241,25.2773,85.0132,28959.2772,51.9013,7096,8129620,136.721,156636.0661,0.7805,0.9466
flow_3382,0x10000d36,11,Video,34,auto,218.6821,1259.1229,1012.7745,158115.1862,397.637,1117.4843,773.2885,1249.1229,475.8344,0.000302,0.103143,0.014141,0.00057685,0.024018,42,22.083,38.9021,22365.1255,12.41,877,888203,70.6686,71571.2981,0.8111,0.9279
flow_3394,0x10000d42,11,Video,34,auto,178.7691,1257.925,1018.3111,202098.7626,449.554,1159.4607,870.4053,1247.925,377.5197,0.000798,0.097076,0.013724,0.000453,0.021284,99,21.6362,62.8984,22032.3322,40.5448,2954,3008091,72.8577,74191.8272,0.7224,0.9761
flow_3406,0x10000d4e,11,Video,34,auto,172.6455,1264.5496,1171.1692,187485.3222,432.9958,1180.8256,682.1619,1254.5496,572.3878,0.000123,0.069719,0.010897,0.00013528,0.011631,136,25.5201,63.7874,29888.3197,35.7337,3279,3840263,91.7622,107469.0228,0.7728,0.8682
flow_3418,0x10000d5a,11,Video,34,auto,143.9613,1247.666,1022.259,66358.3761,257.6012,1164.9822,729.5366,1237.666,508.1294,0.00043,0.142098,0.014024,0.00027507,0.016585,44,13.029,62.2496,13319.0565,20.0862,1432,1463874,71.2926,72879.5065,0.8948,0.8708
flow_3430,0x10000d66,11,Video,34,auto,130.8968,1265.1639,1071.7608,176018.1507,419.5452,1059.9426,876.3681,1255.1639,378.7958,0.00046,0.064228,0.006082,0.00037274,0.019307,138,10.1078,66.7488,10833.154,16.7265,2750,2947342,164.4094,176207.4969,0.7469,0.8621
flow_3442,0x10000d72,11,Video,34,auto,137.0459,1268.8135,1086.0593,74292.3732,272.5663,1109.6174,783.9212,1258.8135,474.8922,0.000758,0.067387,0.011299,0.00054724,0.023393,166,13.0844,81.9368,14210.4823,42.8136,3789,4115078,88.5,96116.2381,0.9152,0.8811
flow_3454,0x10000d7e,11,Video,34,auto,219.0183,1246.5172,996.9541,123702.1636,351.7132,1153.811,754.89,1236.5172,481.6272,0.000511,0.050075,0.007456,0.00045466,0.021323,103,10.3489,50.2043,10317.3866,21.0532,2823,2814401,134.0889,133680.4851,0.8081,0.9074
flow_3466,0x10000d8a,11,Video,34,auto,122.7534,1243.3442,1111.3893,141600.0314,376.2978,1129.4752,757.6917,1233.3442,475.6525,0.000475,0.082498,0.011997,0.00089151,0.029858,209,14.1801,87.8075,15759.6585,58.1702,4848,5388015,83.3417,92625.0422,0.8612,0.9226
flow_3478,0x10000d96,11,Video,34,auto,206.9544,1263.9146,1108.4998,64805.3326,254.5689,1078.7805,843.0881,1253.9146,410.8265,0.000758,0.09166,0.009896,8.679e-05,0.009316,82,17.2073,59.9487,19074.2836,24.6275,2488,2757947,101.0252,111986.4199,0.8922,0.8695
flow_3490,0x10000da2,11,Video,34,auto,256.3439,1273.0406,1089.4087,79670.5936,282.2598,1050.3348,752.4708,1260.0,507.5292,0.000523,0.113223,0.005723,0.00092617,0.030433,456,24.1599,80.4141,26320.0119,41.1005,7182,7824133,174.7423,190365.7523,0.8142,0.9257
flow_3502,0x10000dae,11,Video,34,auto,166.7287,1266.4572,1078.3411,69847.309,264.2864,1181.8413,755.4297,1256.4572,501.0275,0.000653,0.076586,0.014808,0.00108282,0.032906,94,19.4444,67.5866,20967.6981,42.2347,2852,3075428,67.5275,72817.6227,0.8953,0.8678
flow_3514,0x10000dba,11,Video,34,auto,136.5499,1250.2737,909.0987,163277.2736,404.0758,1194.2337,803.9373,1240.2737,436.3364,0.000825,0.082676,0.012272,0.00107437,0.032778,35,28.9516,83.8138,26319.9043,12.1129,987,897280,81.4836,74076.6011,0.721,0.9675
flow_3526,0x10000dc6,11,Video,34,auto,251.503,1248.0347,1004.5996,125126.5404,353.7323,1148.4369,684.0877,1238.0347,553.947,0.000844,0.098808,0.011252,0.00018402,0.013566,49,11.5316,88.5996,11584.6216,16.291,1447,1453655,88.8222,89230.7555,0.8107,0.8998
flow_3538,0x10000dd2,11,Video,34,auto,176.6855,1245.5685,1060.3851,121163.8811,348.086,1128.5853,771.5451,1235.5685,464.0233,0.000145,0.144165,0.009214,0.00119698,0.034597,273,11.0691,66.4335,11737.5523,40.1862,4361,4624339,108.5198,115072.7181,0.8578,0.9176
flow_3550,0x10000dde,11,Video,34,auto,136.4934,1269.5154,989.7386,149381.0121,386.4984,1067.1011,814.9676,1259.5154,444.5478,0.000296,0.135402,0.013361,0.00041975,0.020488,83,11.5619,46.6482,11443.3007,35.1134,2627,2600043,74.8147,74047.0236,0.7202,0.9083
flow_3562,0x10000dea,11,Video,34,auto,206.4926,1275.9506,1138.8903,78918.6128,280.9246,1204.1285,892.5116,1260.0,367.4884,0.000728,0.11715,0.014483,0.00132686,0.036426,50,25.741,54.8604,29316.2121,15.2323,1051,1196973,68.9983,78581.4184,0.8441,0.9262
flow_3574,0x10000df6,11,Video,34,auto,221.7484,1253.2305,1073.0916,186443.5807,431.7911,1146.4797,798.9249,1243.2305,444.3056,0.000675,0.147305,0.009844,0.00040757,0.020188,346,19.1115,67.5784,20508.3434,58.663,5958,6393479,101.5632,108986.5703,0.8632,0.8891
flow_3586,0x10000e02,11,Video,34,auto,215.936,1261.974,1175.7093,77561.2999,278.4983,1104.9559,730.8289,1251.974,521.1451,0.000376,0.066517,0.004403,0.00068218,0.026119,191,17.8152,68.6013,20945.5505,13.0508,2964,3484802,227.1119,267017.5455,0.7625,0.9683
flow_3598,0x10000e0e,11,Video,34,auto,214.7091,1259.6944,1062.4219,113537.9488,336.9539,1154.5681,809.3744,1249.6944,440.32,0.000983,0.107544,0.011526,0.00051272,0.022643,179,16.74,63.8403,17784.9665,50.3031,4364,4636409,86.7542,92169.5169,0.8354,0.8901
flow_3610,0x10000e1a,11,Video,34,auto,125.0477,1254.3646,1027.9394,105871.5613,325.3791,1078.0586,827.1942,1244.3646,417.1704,0.000533,0.082613,0.012654,0.00021943,0.014813,183,28.6825,38.5007,29483.8303,39.2625,3102,3188667,79.0066,81214.0029,0.8845,0.8753
flow_3622,0x10000e26,11,Video,34,auto,172.1406,1272.5617,1042.1864,80699.1836,284.076,1214.2607,718.2913,1260.0,541.7087,0.000291,0.068166,0.00546,0.00139517,0.037352,655,10.6631,60.0742,11112.9753,59.1777,10839,11296258,183.1601,190886.9428,0.7793,0.9631
flow_3634,0x10000e32,11,Video,34,auto,249.3437,1276.2544,969.6867,72369.3584,269.0155,1165.1393,693.5997,1260.0,566.4003,0.000235,0.131609,0.012613,0.00031308,0.017694,114,26.4353,40.1599,25633.9127,22.0084,1744,1691133,79.2425,76840.3282,0.8039,0.9015
flow_3646,0x10000e3e,11,Video,34,auto,147.1869,1243.7009,988.9847,68170.3422,261.0945,1102.5773,841.7552,1233.7009,391.9457,0.000304,0.106638,0.003645,0.00056229,0.023713,533,27.0525,62.5259,26754.5221,35.6332,9776,9668314,274.351,271328.9358,0.9171,0.978
flow_3658,0x10000e4a,11,Video,34,auto,246.4465,1271.7111,943.0259,90643.006,301.0698,1219.7921,710.4121,1260.0,549.5879,0.000446,0.122734,0.012928,0.00059996,0.024494,182,10.2206,77.8105,9638.2914,48.1592,3725,3512771,77.3476,72940.7599,0.8579,0.8656
flow_3670,0x10000e56,11,Video,34,auto,156.0302,1267.0998,1050.6845,159473.7898,399.3417,1078.1274,766.3681,1257.0998,490.7317,0.000751,0.075841,0.006229,0.00018102,0.013454,208,18.8609,42.3352,19816.8714,37.4146,6006,6310411,160.5257,168661.8405,0.7224,0.8997
flow_3682,0x10000e62,11,Video,34,auto,130.3134,1268.6166,1183.7622,197021.6274,443.8712,1055.7565,666.949,1258.6166,591.6676,0.000993,0.074691,0.012836,0.00071868,0.026808,153,21.1037,46.4888,24981.7228,50.1833,3909,4627326,77.8944,92208.3964,0.8413,0.9034
flow_3694,0x10000e6e,11,Video,34,auto,255.7737,1279.4815,1164.7003,70398.0346,265.3263,1054.6526,804.3358,1260.0,455.6642,0.000691,0.135907,0.004985,0.00119425,0.034558,354,12.1035,89.0392,14096.9241,59.7192,11979,13951944,200.5888,233625.7892,0.7341,0.9512
flow_3706,0x10000e7a,11,Video,34,auto,201.3723,1264.6928,1170.9186,72941.5727,270.077,1204.8934,771.1341,1254.6928,483.5587,0.000938,0.144373,0.003324,0.00123206,0.035101,761,15.7295,53.0436,18417.9124,52.0702,15663,18340097,300.8057,352218.9645,0.7651,0.9681
flow_3718,0x10000e86,11,Video,34,auto,135.129,1259.5726,1137.8243,197463.6153,444.3688,1095.0658,821.7841,1249.5726,427.7885,0.000831,0.099834,0.014962,0.00019547,0.013981,158,14.3592,65.5815,16338.2396,44.1269,2949,3355443,66.8299,76040.7079,0.7701,0.9276
flow_3730,0x10000e92,11,Video,34,auto,195.3049,1275.2917,1044.6162,177827.598,421.6961,1129.4486,725.7309,1260.0,534.2691,0.00085,0.101022,0.004895,0.00077177,0.027781,154,22.9312,64.967,23954.3268,25.56,5221,5453941,204.2645,213377.9806,0.8784,0.8934
flow_3742,0x10000e9e,11,Video,34,auto,145.1233,1268.4391,924.5666,196769.4068,443.587,1078.9758,716.1853,1258.4391,542.2538,0.000784,0.052064,0.003122,0.00075664,0.027507,368,25.7434,79.2133,23801.4576,36.8205,11793,10903414,320.2834,296123.2958,0.7336,0.8868
flow_3754,0x10000eaa,11,Video,34,auto,217.8482,1252.9405,1116.7007,202238.7975,449.7097,1105.7925,704.9098,1242.9405,538.0306,0.000534,0.136168,0.008782,0.00084247,0.029025,191,12.5182,48.3943,13979.0509,58.2325,6630,7403725,113.8539,127140.6872,0.7789,0.9707
flow_3766,0x10000eb6,11,Video,34,auto,187.9371,1255.5694,970.5688,75492.7733,274.7595,1180.219,810.4549,1245.5694,435.1145,0.000924,0.072393,0.008699,0.00093645,0.030601,93,20.8809,50.4682,20266.3173,27.4997,3161,3067967,114.9467,111563.6545,0.7516,0.9785
flow_3778,0x10000ec2,11,Video,34,auto,192.3374,1244.6885,955.765,102914.6695,320.8032,1164.3671,889.7646,1234.6885,344.9239,0.000172,0.090148,0.009887,0.00042133,0.020526,171,17.1276,44.3458,16369.9807,51.0657,5164,4935570,101.1247,96651.4048,0.8287,0.9582
flow_3790,0x10000ece,11,Video,34,auto,124.3792,1255.7089,921.504,117038.8254,342.1094,1054.4738,838.9298,1245.7089,406.779,0.000813,0.105245,0.00594,0.00056358,0.02374,286,13.4654,36.2351,12408.418,54.3798,9154,8435448,168.3345,155120.954,0.8929,0.9352
flow_3802,0x10000eda,11,Video,34,auto,168.652,1245.7042,1000.4653,200817.403,448.1265,1167.5622,730.6419,1235.7042,505.0623,0.000463,0.058026,0.007951,0.0003007,0.017341,255,22.1013,45.8238,22111.5721,52.0809,6549,6552047,125.7467,125805.1854,0.8104,0.9101
flow_3814,0x10000ee6,11,Video,34,auto,130.2174,1254.0344,1154.7891,125947.6542,354.891,1190.9484,651.0976,1244.0344,592.9368,0.000944,0.067679,0.010017,0.00053005,0.023023,206,27.1813,53.4234,31388.6492,38.1958,3813,4403210,99.8276,115279.8328,0.81,0.9394
flow_3826,0x10000ef2,11,Video,34,auto,223.9614,1277.8523,1071.6342,92007.9524,303.3281,1085.4982,780.8474,1260.0,479.1526,0.000497,0.071217,0.008528,0.00044647,0.02113,239,21.2102,65.6298,22729.6094,32.1931,3774,4044347,117.2301,125627.8171,0.8534,0.9428
flow_3838,0x10000efe,11,Video,34,auto,257.2625,1249.1992,1149.7016,68318.1299,261.3774,1173.1333,794.1818,1239.1992,445.0174,0.000816,0.133271,0.013677,0.00069414,0.026347,227,23.3107,84.324,26800.3405,50.231,3672,4221704,73.1022,84045.7564,0.9072,0.9497
flow_3850,0x10000f0a,11,Video,34,auto,155.3452,1247.6533,1108.3705,145633.4108,381.6195,1064.8857,816.2069,1237.6533,421.4464,0.000178,0.077231,0.010399,0.00097646,0.031248,204,28.1785,73.0635,31232.2054,50.5702,4863,5390005,96.1633,106584.5982,0.7308,0.9087
flow_3862,0x10000f16,11,Video,34,auto,245.8209,1268.8204,1161.4437,103080.2857,321.0612,1111.2772,764.8697,1258.8204,493.9506,0.000102,0.102877,0.004099,0.00014688,0.012119,557,13.5482,75.783,15735.5232,37.855,9236,10727093,243.9834,283372.9843,0.8264,0.9512
flow_3874,0x10000f22,11,Video,34,auto,152.6637,1279.6041,937.7682,171599.1307,414.2453,1193.5325,899.1757,1260.0,360.8243,0.000751,0.130797,0.005927,0.00010817,0.010401,144,25.4361,57.5427,23853.164,28.8001,4858,4555677,168.6799,158182.6607,0.864,0.8501
flow_3886,0x10000f2e,11,Video,34,auto,120.2697,1266.5421,1059.8033,188084.9518,433.6876,1152.9733,877.2739,1256.5421,379.2682,0.000716,0.053326,0.003907,0.00057536,0.023987,681,27.296,50.384,28928.3705,53.5867,13717,14537321,255.9776,271285.883,0.9163,0.9654
flow_3898,0x10000f3a,11,Video,34,auto,165.5635,1266.8732,929.2318,182577.3197,427.2907,1177.2079,871.098,1256.8732,385.7751,0.000663,0.057892,0.004343,0.0003189,0.017858,393,20.372,89.6536,18930.3246,59.5943,13723,12751848,230.2738,213977.7742,0.9074,0.9292
flow_3910,0x10000f46,11,Video,34,auto,155.1152,1266.6694,958.3829,130668.3493,361.4808,1073.8825,806.1887,1256.6694,450.4806,0.000348,0.066872,0.003393,0.00023766,0.015416,172,18.373,49.0118,17608.3275,17.679,5210,4993175,294.7,282435.4827,0.7809,0.9532
flow_3922,0x10000f52,11,Video,34,auto,208.9101,1255.1553,1090.2468,73395.4105,270.9159,1079.7253,650.0033,1245.1553,595.1519,0.000954,0.129935,0.004188,0.00036106,0.019001,316,29.974,74.6111,32679.0771,22.9344,5476,5970191,238.7677,260315.7439,0.8247,0.9772
flow_3934,0x10000f5e,11,Video,34,auto,190.6243,1242.3435,969.7932,113247.9479,336.5233,1083.7659,678.2651,1232.3435,554.0785,0.000841,0.126943,0.005541,0.00043765,0.02092,81,10.6146,39.1738,10293.991,13.7619,2483,2407996,180.4253,174975.1562,0.8723,0.9011
flow_3946,0x10000f6a,11,Video,34,auto,150.5251,1259.1486,1041.1285,114229.5786,337.9787,1145.3447,806.3616,1249.1486,442.7869,0.000472,0.128725,0.005603,0.00104343,0.032302,74,20.986,58.2768,21849.0942,12.7508,2275,2368567,178.4209,185759.0314,0.7485,0.9653
flow_3958,0x10000f76,11,Video,34,auto,169.6389,1272.7249,1078.1926,114285.764,338.0618,1138.2622,676.4014,1260.0,583.5986,0.000641,0.050736,0.014165,0.00031523,0.017755,79,22.2479,52.5167,23987.5102,34.0799,2405,2593053,70.5694,76087.423,0.8501,0.9534
flow_3970,0x10000f82,11,Video,34,auto,167.2681,1275.4154,1038.7722,94644.2524,307.6431,1131.0353,672.2404,1260.0,587.7596,0.000376,0.136802,0.008514,0.00052849,0.022989,210,25.0111,43.0504,25980.8243,32.1653,3777,3923442,117.4246,121977.3408,0.7371,0.898
flow_3982,0x10000f8e,11,Video,34,auto,235.9297,1250.3254,1052.8342,69635.1875,263.8848,1098.1923,763.5755,1240.3254,476.7499,0.000392,0.050292,0.007008,0.00017798,0.013341,113,20.7986,55.6446,21897.489,22.1602,3162,3329061,142.6884,150227.2317,0.912,0.856
flow_3994,0x10000f9a,11,Video,34,auto,239.5636,1249.9115,961.7361,80811.827,284.2742,1120.6654,764.6346,1239.9115,475.2769,0.000333,0.070061,0.013621,0.00134433,0.036665,106,26.4573,40.3257,25444.9776,34.4685,2530,2433192,73.4004,70591.7862,0.7521,0.8766
flow_4006,0x10000fa6,11,Web,0,auto,112.5731,1225.8867,605.9036,256243.2574,506.2048,477.9146,105.7214,1230.0,1124.2786,0.001426,2.317655,0.061244,0.16471507,0.405851,76,8.1626,30.1228,4945.7534,34.2236,558,338094,16.3045,9878.9605,0.4319,0.3218
flow_4018,0x10000fb2,11,Web,0,auto,90.076,1240.7362,496.0507,210374.8382,458.6664,393.3501,119.6269,1170.7601,1051.1332,0.004763,2.785636,0.08498,0.13798968,0.37147,32,5.6455,15.5508,2800.4539,32.687,384,190483,11.7478,5827.4883,0.4376,0.1344
flow_4030,0x10000fbe,11,Web,0,auto,84.366,1248.9425,598.8031,254242.7788,504.2249,354.9041,199.4737,1163.155,963.6812,0.003395,1.414628,0.166037,0.06835018,0.261439,12,7.6094,29.857,4556.5548,13.6376,82,49101,6.0128,3600.4121,0.4334,0.2549
flow_4042,0x10000fca,11,Web,0,auto,126.2471,1272.6364,618.0159,114669.7238,338.6292,582.7005,137.3956,1134.5251,997.1296,0.004094,0.478333,0.070483,0.10672818,0.326693,32,7.2537,18.0674,4482.9239,12.9633,183,113096,14.1167,8724.297,0.4634,0.1364
flow_4054,0x10000fd6,11,Web,0,auto,124.1792,1253.067,750.3541,169617.7587,411.8468,439.1907,197.3747,1149.4706,952.0959,0.002589,3.459591,0.076478,0.01518478,0.123227,15,8.9755,24.4625,6734.8348,14.5937,190,142567,13.0193,9769.1002,0.4779,0.1663
flow_4066,0x10000fe2,11,Web,0,auto,92.0361,1259.6309,737.6334,266295.3006,516.0381,375.601,120.0432,1230.0,1109.9568,0.004804,2.812232,0.094206,0.19667536,0.443481,34,8.0408,21.6344,5931.1265,22.9208,243,179244,10.6017,7820.1294,0.2915,0.3223
flow_4078,0x10000fee,11,Web,0,auto,84.4002,1274.0805,683.0424,206366.1885,454.2755,411.7026,115.7515,1230.0,1114.2485,0.002357,2.693718,0.166469,0.08370078,0.289311,14,3.7756,13.452,2578.8943,17.8959,107,73085,5.979,4083.9024,0.4141,0.3592
flow_4090,0x10000ffa,11,Web,0,auto,116.0955,1278.8035,643.8714,229928.9796,479.5091,449.0158,174.023,1230.0,1055.977,0.002807,3.389561,0.135974,0.11276617,0.335807,27,5.4719,12.9961,3523.184,21.0656,154,99156,7.3105,4707.0211,0.428,0.3272
flow_4102,0x10001006,11,Web,0,auto,126.875,1269.0991,473.9606,153528.9938,391.8278,311.6203,191.1945,1173.8731,982.6786,0.004067,2.305275,0.147381,0.10944491,0.330825,10,4.4482,16.6302,2108.2745,14.3392,97,45974,6.7647,3206.1727,0.3049,0.3478
flow_4114,0x10001012,11,Web,0,auto,104.7118,1226.6737,503.2905,172993.4396,415.9248,587.5706,114.4377,1230.0,1115.5623,0.002332,0.573365,0.075276,0.01164306,0.107903,19,4.4544,20.0788,2241.8694,11.4481,152,76500,13.2773,6682.3113,0.2806,0.1275
flow_4126,0x1000101e,11,Web,0,auto,91.5145,1225.8492,683.6065,161777.6595,402.2159,582.1109,151.5972,1176.5565,1024.9592,0.003097,3.076839,0.073154,0.01671447,0.129284,33,8.1774,17.4823,5590.1151,31.3187,428,292583,13.666,9342.1222,0.4392,0.1868
flow_4138,0x1000102a,11,Web,0,auto,101.4827,1254.9302,790.0839,186154.0798,431.4558,420.8958,146.7389,1230.0,1083.2611,0.004759,1.032164,0.074984,0.02420515,0.15558,27,7.887,18.7878,6231.4251,11.4689,152,120092,13.2532,10471.1104,0.3649,0.345
flow_4150,0x10001036,11,Web,0,auto,126.6901,1273.5983,685.6293,130015.2869,360.5763,323.9574,110.9156,1230.0,1119.0844,0.001759,1.779002,0.088892,0.00897132,0.094717,23,5.734,18.2718,3931.3799,28.8821,324,222143,11.218,7691.3849,0.2898,0.1247
flow_4162,0x10001042,11,Web,0,auto,101.8175,1274.5482,513.4623,245025.399,495.0004,428.5815,160.3248,1194.4495,1034.1247,0.003908,0.955173,0.146787,0.01816248,0.134768,14,8.2475,28.8834,4234.8053,10.9978,74,37996,6.7286,3454.8851,0.3582,0.1208
flow_4174,0x1000104e,11,Web,0,auto,81.0304,1230.8602,624.3268,114349.4332,338.1559,306.1539,192.8573,1230.0,1037.1427,0.004617,2.413895,0.089841,0.14667833,0.382986,25,4.0053,16.1082,2500.6134,22.7616,253,157954,11.1152,6939.4958,0.2881,0.1422
flow_4186,0x1000105a,11,Web,0,auto,114.9617,1257.6493,682.3645,255131.3697,505.1053,361.9158,133.0997,1116.364,983.2643,0.001879,1.855654,0.154874,0.02321825,0.152375,17,7.8201,24.7609,5336.1906,21.1685,136,92801,6.4246,4383.9101,0.291,0.1623
flow_4198,0x10001066,11,Web,0,auto,95.3735,1266.2409,770.5671,154620.2093,393.2178,296.4155,104.3333,1230.0,1125.6667,0.001413,2.425756,0.052662,0.14147726,0.376135,39,3.6359,31.2904,2801.7232,16.4593,312,240416,18.9558,14606.6903,0.3768,0.1589
flow_4210,0x10001072,11,Web,0,auto,90.2101,1230.7726,794.0941,194837.8617,441.4044,556.2717,157.5521,1230.0,1072.4479,0.001116,0.865577,0.055549,0.11062343,0.332601,22,4.1825,16.6024,3321.3099,15.1034,271,215199,17.943,14248.3665,0.2932,0.3782
flow_4222,0x1000107e,11,Web,0,auto,83.4367,1265.0976,724.4713,106701.1025,326.6513,646.9848,197.9156,1230.0,1032.0844,0.001983,2.471475,0.102747,0.04287524,0.207063,15,4.0961,20.8898,2967.4819,18.3139,178,128955,9.7194,7041.3589,0.4673,0.2789
flow_4234,0x1000108a,11,Web,0,auto,81.1312,1233.2843,644.1326,194999.5391,441.5875,285.8351,137.5636,1213.0,1075.4364,0.001532,3.338305,0.179117,0.01538236,0.124026,15,7.8419,20.381,5051.2287,13.9228,77,49598,5.5305,3562.3537,0.4763,0.2488
flow_4246,0x10001096,11,Web,0,auto,105.7298,1276.7945,683.2122,180076.5218,424.3542,304.5402,186.1519,1195.0993,1008.9474,0.002667,1.958677,0.173909,0.03206107,0.179056,13,3.6372,19.8478,2484.9856,25.859,148,101115,5.7233,3910.2369,0.2882,0.1577
flow_4258,0x100010a2,11,Web,0,auto,96.4145,1277.7479,729.3567,115909.692,340.4551,268.7426,161.6602,1180.7269,1019.0667,0.001433,2.667757,0.161189,0.0622248,0.249449,14,7.2274,12.2779,5271.3639,14.775,91,66371,6.1591,4492.1151,0.4164,0.3686
flow_4270,0x100010ae,11,Web,0,auto,83.8931,1227.9815,684.1327,184972.8892,430.0847,311.8514,160.1586,1230.0,1069.8414,0.001332,2.649575,0.05576,0.13272685,0.364317,33,7.1853,25.2445,4915.6833,13.0087,233,159402,17.911,12253.446,0.334,0.3711
flow_4282,0x100010ba,11,Web,0,auto,99.9927,1246.156,574.8591,266496.6748,516.2332,478.2251,146.357,1171.895,1025.538,0.002022,2.75386,0.098154,0.04130143,0.203228,8,5.4905,15.8534,3156.257,11.3953,116,66683,10.1797,5851.8204,0.4275,0.3548
flow_4294,0x100010c6,11,Web,0,auto,127.3816,1249.3876,456.5182,189740.7757,435.5924,554.7825,149.9668,1192.1669,1042.2001,0.003202,2.493648,0.127692,0.05459055,0.233646,10,4.9387,19.6938,2254.6049,17.0728,133,60716,7.7902,3556.3044,0.4125,0.2278
flow_4306,0x100010d2,11,Web,0,auto,105.1202,1252.1074,494.3032,183711.2467,428.6155,445.6497,117.0982,1230.0,1112.9018,0.003046,0.837617,0.127949,0.06571268,0.256345,25,4.8401,26.8174,2392.4592,32.2582,252,124564,7.812,3861.4668,0.3648,0.337
flow_4318,0x100010de,11,Web,0,auto,98.1808,1232.9834,561.2399,107544.006,327.939,340.0997,190.2248,1137.7471,947.5222,0.002322,0.798439,0.048233,0.05028881,0.224252,115,7.2718,12.996,4081.2407,29.8552,618,346846,20.6999,11617.597,0.4252,0.371
flow_4330,0x100010ea,11,Web,0,auto,113.5493,1249.3543,533.6783,199124.1027,446.2332,597.5046,179.5086,1189.0115,1009.5029,0.004608,1.598381,0.165826,0.01464348,0.12101,24,5.9151,28.7595,3156.7732,33.1267,199,106201,6.0072,3205.9081,0.4179,0.2643
flow_4342,0x100010f6,11,Web,0,auto,99.743,1258.8498,733.0822,112444.8716,335.328,602.5937,108.9489,1230.0,1121.0511,0.004289,1.819171,0.179951,0.11760655,0.342938,15,8.0381,29.4098,5892.6124,15.8257,87,63778,5.4974,4030.0223,0.4061,0.206
flow_4354,0x10001102,11,Web,0,auto,81.6465,1220.0865,552.175,145434.3681,381.3586,435.8953,184.8399,1224.9168,1040.0769,0.001334,1.412201,0.082841,0.08582966,0.292967,59,6.4692,16.9253,3572.1501,24.809,299,165100,12.0521,6654.8405,0.4323,0.2077
flow_4366,0x1000110e,11,Web,0,auto,94.0781,1233.2823,667.174,219571.0081,468.584,323.6678,127.603,1230.0,1102.397,0.003673,0.667013,0.050853,0.07118148,0.266799,85,8.9909,31.9804,5998.4637,30.2643,595,396968,19.6601,13116.6921,0.4006,0.3698
flow_4378,0x1000111a,11,Web,0,auto,116.4091,1232.5387,584.632,264172.9331,513.9776,616.3069,192.0348,1230.0,1037.9652,0.003237,2.050104,0.142227,0.01015755,0.100785,9,7.0414,17.2885,4116.5988,10.6563,74,43262,6.9442,4059.7428,0.3081,0.1453
flow_4390,0x10001126,11,Web,0,auto,101.5094,1268.7133,605.9337,170411.8509,412.8097,350.1537,101.4192,1163.4957,1062.0764,0.004229,3.237634,0.143831,0.05976651,0.244472,29,4.0062,15.7533,2427.4651,25.7203,178,107856,6.9206,4193.4187,0.4008,0.2293
flow_4402,0x10001132,11,Web,0,auto,103.9764,1275.1416,615.808,142621.1017,377.6521,566.4104,180.0848,1223.2894,1043.2046,0.003536,3.086839,0.044017,0.13469786,0.367012,27,4.2643,24.8776,2625.9751,16.1113,366,225385,22.7169,13989.2216,0.4318,0.1577
flow_4414,0x1000113e,11,Web,0,auto,108.1579,1247.4526,522.8492,183136.2965,427.9443,545.5099,137.8215,1230.0,1092.1785,0.001678,0.466928,0.111004,0.021668,0.147201,24,5.7608,21.0968,3012.0299,24.6185,221,115549,8.977,4693.5889,0.3042,0.1914
flow_4426,0x1000114a,11,Web,0,auto,118.1581,1233.9281,653.8713,269152.3167,518.7989,269.9698,165.7648,1230.0,1064.2352,0.002691,2.902332,0.133997,0.11984536,0.346187,7,4.4203,13.5936,2890.3193,9.7529,72,47078,7.3824,4827.0707,0.3649,0.1457
flow_4438,0x10001156,11,Web,0,auto,126.2794,1245.6326,691.9472,255882.8066,505.8486,458.5214,146.0968,1108.6911,962.5944,0.004522,0.985875,0.103984,0.14209227,0.376951,16,8.102,29.1059,5606.159,20.867,200,138389,9.5845,6631.9432,0.2959,0.1737
flow_4450,0x10001162,11,Web,0,auto,103.821,1236.318,521.2623,165084.3122,406.3057,439.1559,130.9047,1230.0,1099.0953,0.001582,2.613018,0.113828,0.05032341,0.224329,35,8.6155,28.663,4490.9195,25.5497,224,116762,8.7672,4569.9953,0.4288,0.3692
flow_4462,0x1000116e,11,Web,0,auto,82.425,1261.6393,478.6129,116031.6277,340.6342,347.1445,134.1462,1230.0,1095.8538,0.002826,1.729824,0.147918,0.03372076,0.183632,13,8.2089,14.4479,3928.8849,23.3127,157,75142,6.7345,3223.2258,0.411,0.1212
flow_4474,0x1000117a,11,Web,0,auto,105.0574,1228.7012,543.7599,107163.9918,327.3591,370.0276,106.442,1174.271,1067.8289,0.002741,2.482182,0.156553,0.01099206,0.104843,13,5.4146,15.5265,2944.2224,13.1521,84,45675,6.3868,3472.8297,0.327,0.3585
flow_4486,0x10001186,11,Web,0,auto,85.2711,1269.5246,632.8893,201700.9481,449.1113,307.5278,179.4019,1126.918,947.516,0.003092,0.719503,0.159711,0.09110933,0.301843,18,6.3107,12.413,3993.9612,21.8239,136,86072,6.2317,3943.9367,0.3762,0.1757
flow_4498,0x10001192,11,Web,0,auto,110.8086,1252.788,811.8527,217651.8141,466.5317,468.4113,199.7359,1230.0,1030.2641,0.001599,2.370943,0.171018,0.15649257,0.395591,17,3.9295,12.3403,3190.1963,31.9272,186,151004,5.8258,4729.6385,0.3403,0.2802
flow_4510,0x1000119e,11,Web,0,auto,100.1168,1248.703,847.0977,156737.0929,395.9004,612.971,174.2072,1226.1024,1051.8951,0.004609,0.866886,0.173499,0.11902551,0.345001,13,8.6147,28.1961,7297.4891,21.8508,125,105887,5.7206,4845.9085,0.3899,0.332
flow_4522,0x100011aa,11,Web,0,auto,116.6822,1261.8113,753.2622,214117.2474,462.728,256.4021,149.5974,1213.7435,1064.1461,0.004712,3.359579,0.075878,0.12001641,0.346434,14,5.1451,26.612,3875.6186,12.8768,169,127301,13.1244,9886.1111,0.2854,0.3027
flow_4534,0x100011b6,11,Web,0,auto,115.2513,1232.922,480.7835,233911.9499,483.6444,254.6174,160.8191,1192.5668,1031.7478,0.002693,0.608819,0.063179,0.07177868,0.267915,29,3.5287,30.561,1696.5535,17.1174,270,129811,15.7734,7583.5492,0.384,0.2331
flow_4546,0x100011c2,11,Web,0,auto,111.5287,1273.5966,453.3274,207572.8893,455.6017,458.6348,162.1119,1230.0,1067.8881,0.003636,2.974672,0.055266,0.02717122,0.164837,97,8.8929,21.0936,4031.4115,30.4922,551,249783,18.0702,8191.7144,0.3507,0.2353
flow_4558,0x100011ce,11,Web,0,auto,85.251,1242.3655,696.0862,128329.985,358.2317,358.3899,179.5216,1110.3059,930.7843,0.004574,2.831932,0.08545,0.0451408,0.212464,30,7.3864,27.913,5141.5409,13.0579,152,105805,11.6404,8102.7425,0.3167,0.2236
flow_4570,0x100011da,11,Web,0,auto,119.8268,1261.4594,489.2426,247486.4128,497.4801,280.0514,113.6914,1156.2139,1042.5226,0.001764,3.238442,0.097335,0.02001845,0.141487,19,8.8815,23.9627,4345.1856,21.8929,224,109590,10.2316,5005.728,0.3037,0.1529
flow_4582,0x100011e6,11,Web,0,auto,104.9034,1276.8883,654.5547,111783.4027,334.3402,322.6317,184.5333,1230.0,1045.4667,0.003676,2.706727,0.126651,0.10235021,0.319922,28,7.1686,25.4736,4692.2522,32.5239,256,167566,7.8711,5152.0808,0.3592,0.2367
flow_4594,0x100011f2,11,Web,0,auto,112.9693,1248.6182,842.8291,199797.4698,446.9871,474.4907,134.9046,1230.0,1095.0954,0.004983,1.250164,0.058382,0.19549264,0.442145,82,4.6189,27.174,3892.91,26.5418,454,382644,17.1051,14416.6696,0.4628,0.1368
flow_4606,0x100011fe,11,Web,0,auto,99.6291,1268.1188,573.8094,115005.3137,339.1243,491.0997,184.0612,1203.5767,1019.5155,0.002794,0.924041,0.178777,0.19276228,0.439047,28,5.1537,15.9349,2957.215,29.2384,163,93530,5.5749,3198.8721,0.3034,0.2294
flow_4618,0x1000120a,11,Web,0,auto,81.2417,1266.1045,573.0702,106446.5903,326.2615,509.4614,160.5664,1137.973,977.4066,0.001725,2.704617,0.061154,0.0072896,0.085379,75,8.4008,20.2815,4814.2388,34.9917,572,327796,16.3467,9367.827,0.4726,0.2318
flow_4630,0x10001216,11,Web,0,auto,124.4712,1236.1909,616.6988,116060.3296,340.6763,622.1958,126.9323,1230.0,1103.0677,0.002595,1.474841,0.063548,0.20343957,0.451043,26,4.56,24.5515,2812.1533,14.3865,226,139373,15.7092,9687.7906,0.2972,0.2924
flow_4642,0x10001222,11,Web,0,auto,114.1417,1264.837,776.2987,143024.5235,378.1858,533.5483,119.2047,1130.9171,1011.7124,0.004173,2.198622,0.106637,0.05316874,0.230583,12,3.9685,25.9341,3080.7427,13.4138,125,97037,9.3188,7234.1236,0.3775,0.2839
flow_4654,0x1000122e,11,Web,0,auto,122.5396,1263.2738,833.6708,248939.1178,498.938,623.4598,142.8931,1172.7504,1029.8573,0.00499,0.83268,0.121577,0.11551481,0.339875,17,4.3151,12.8128,3597.3938,16.3437,134,111711,8.1989,6835.1291,0.4754,0.2339
flow_4666,0x1000123a,11,Web,0,auto,129.4314,1257.082,739.2215,238871.6292,488.745,520.6916,144.0374,1230.0,1085.9626,0.002221,1.188717,0.076375,0.04485831,0.211798,62,6.3786,24.0072,4715.2059,28.5429,373,275729,13.0681,9660.1625,0.4661,0.2199
flow_4678,0x10001246,11,Web,0,auto,107.9335,1273.5382,712.5735,115349.8944,339.632,563.9245,105.3009,1211.9871,1106.6862,0.00251,2.334253,0.157053,0.03418,0.184878,15,6.8549,12.3784,4884.6177,24.4064,155,110448,6.3508,4525.3754,0.3824,0.3634
flow_4690,0x10001252,11,Web,0,auto,92.3984,1278.2698,775.3646,266882.1933,516.6064,421.204,122.6947,1179.8263,1057.1316,0.004305,1.026005,0.125104,0.17176898,0.41445,26,5.644,23.8895,4376.1367,29.6249,236,182986,7.9663,6176.7608,0.3675,0.1914
flow_4702,0x1000125e,11,Web,0,auto,100.885,1224.6022,616.5882,168354.3261,410.31,561.4847,134.8374,1138.0044,1003.1669,0.004113,1.563503,0.044368,0.15390143,0.392303,56,6.9132,17.2754,4262.5998,34.0296,766,472306,22.5098,13879.2765,0.4534,0.1663
flow_4714,0x1000126a,11,Web,0,auto,112.5235,1227.1085,838.7262,147548.7168,384.1207,323.9087,195.2871,1230.0,1034.7129,0.00295,2.73619,0.161206,0.14528198,0.381159,11,6.3969,23.7255,5365.2168,16.3154,101,84711,6.1905,5192.0949,0.3402,0.1554
flow_4726,0x10001276,11,Web,0,auto,104.2064,1240.8933,592.7353,196820.0829,443.6441,507.997,186.5416,1230.0,1043.4584,0.004749,2.18059,0.109077,0.14069971,0.3751,10,5.7022,14.6803,3379.8871,12.1854,111,65793,9.1093,5399.34,0.3436,0.2844
flow_4738,0x10001282,11,Web,0,auto,104.5387,1223.2542,594.3877,162645.0693,403.2928,446.8403,148.26,1230.0,1081.74,0.00453,2.574435,0.176734,0.04171333,0.204238,9,7.2464,26.124,4307.1687,14.7904,83,49334,5.6117,3335.5323,0.4105,0.17
flow_4750,0x1000128e,11,Web,0,auto,112.7528,1265.4319,659.8294,197953.9135,444.9201,590.2593,188.5897,1197.8291,1009.2394,0.00419,0.449755,0.057044,0.03723792,0.192971,50,8.289,22.8367,5469.3308,20.3025,355,234239,17.4856,11537.4684,0.3627,0.3264
flow_4762,0x1000129a,11,Web,0,auto,87.6319,1223.7131,711.6391,210776.6092,459.1041,607.0386,102.9985,1230.0,1127.0015,0.00235,1.521925,0.130254,0.16164288,0.402048,27,7.0642,23.0712,5027.1887,17.9848,138,98206,7.6731,5460.4998,0.4743,0.2573
flow_4774,0x100012a6,11,Web,0,auto,93.3001,1244.9751,649.915,148168.119,384.9261,630.054,167.9375,1229.3773,1061.4398,0.001031,0.579361,0.116719,0.13216992,0.363552,16,7.7569,28.0672,5041.3226,23.8788,204,132582,8.5432,5552.3004,0.4018,0.3443
flow_4786,0x100012b2,11,Web,0,auto,124.8833,1276.1217,831.6475,121780.0799,348.97,465.8121,117.9167,1230.0,1112.0833,0.003954,3.423247,0.175648,0.08861409,0.297681,11,6.5069,14.3479,5411.4782,17.3723,98,81501,5.6412,4691.4336,0.3555,0.1547
flow_4798,0x100012be,11,Web,0,auto,89.2429,1258.208,688.1234,247702.0402,497.6967,500.1506,127.1598,1230.0,1102.8402,0.002159,3.178022,0.054875,0.05732559,0.239428,53,5.3946,26.905,3712.1198,34.4165,627,431453,18.218,12536.2267,0.283,0.1246
flow_4810,0x100012ca,11,Web,0,auto,98.788,1232.505,750.7874,241852.6693,491.7852,572.0925,110.2415,1142.7024,1032.461,0.00472,2.324197,0.078373,0.09187738,0.303113,31,5.5194,24.3668,4143.8851,27.1544,346,259772,12.742,9566.4847,0.2976,0.3577
flow_4822,0x100012d6,11,Web,0,auto,121.47,1262.1033,778.3292,167010.0853,408.6687,291.6651,189.7654,1230.0,1040.2346,0.003149,0.838999,0.063802,0.02404539,0.155066,13,5.9529,17.8209,4633.3499,10.4624,163,126867,15.5796,12126.0049,0.3471,0.1898
flow_4834,0x100012e2,11,Web,0,auto,124.9387,1279.1986,475.3054,203642.7151,451.2679,635.3557,144.3974,1213.9637,1069.5662,0.002498,2.761292,0.133776,0.06021727,0.245392,16,5.1052,12.1238,2426.5443,22.9616,171,81277,7.4472,3539.6854,0.2808,0.2368
flow_4846,0x100012ee,11,Web,0,auto,117.228,1235.3492,745.2024,149075.3614,386.1028,355.3088,137.9361,1219.8195,1081.8835,0.001055,1.215609,0.135731,0.04938068,0.222218,16,8.8839,20.5403,6620.32,24.3486,179,133391,7.3516,5478.3872,0.3984,0.3066
flow_4858,0x100012fa,11,Web,0,auto,110.4176,1220.9793,574.2865,200887.7441,448.205,335.2528,199.7842,1230.0,1030.2158,0.003516,2.053444,0.147293,0.11524275,0.339474,28,5.8498,22.7094,3359.45,30.2903,205,117728,6.7678,3886.6556,0.3511,0.1882
flow_4870,0x10001306,11,Web,0,auto,89.6718,1248.8307,647.0862,158475.3256,398.0896,271.8509,123.1195,1178.3383,1055.2188,0.002858,1.712926,0.06823,0.0946978,0.30773,41,3.9256,14.4522,2540.2259,19.6163,287,185713,14.6307,9467.2635,0.294,0.1311
flow_4882,0x10001312,11,Web,0,auto,94.4641,1271.1188,846.4974,263138.0873,512.9699,522.9117,170.0579,1115.4914,945.4335,0.002948,2.266222,0.167971,0.01321414,0.114953,13,4.3301,31.1894,3665.3912,20.8384,124,104965,5.9506,5037.098,0.4639,0.1577
flow_4894,0x1000131e,11,Web,0,auto,107.4484,1234.5451,538.9977,177118.0086,420.8539,645.0823,123.4321,1230.0,1106.5679,0.002516,2.554101,0.170147,0.05654792,0.237798,14,8.2931,16.9588,4469.9443,32.3514,190,102409,5.873,3165.5239,0.4203,0.208
flow_4906,0x1000132a,11,Web,0,auto,102.4536,1267.0378,695.2797,162262.2363,402.8179,479.4569,121.4743,1230.0,1108.5257,0.003167,2.953507,0.091382,0.02398371,0.154867,23,5.254,24.0879,3653.0169,20.0441,219,152266,10.9259,7596.5475,0.3399,0.2741
flow_4918,0x10001336,11,Web,0,auto,98.3086,1230.5885,673.7716,244439.815,494.4086,572.2905,145.6587,1230.0,1084.3413,0.001742,0.479018,0.167883,0.18958787,0.435417,20,3.9614,12.6962,2669.085,27.063,161,108477,5.9491,4008.3118,0.2849,0.1963
flow_4930,0x10001342,11,Web,0,auto,87.9068,1235.0707,718.0205,207523.8344,455.5478,587.2196,100.4815,1230.0,1129.5185,0.003246,1.195562,0.123831,0.01845833,0.135861,5,7.0068,23.023,5031.0056,6.5958,53,38055,8.0354,5769.5655,0.4379,0.1813
flow_4942,0x1000134e,11,Web,0,auto,81.8574,1268.3931,568.5099,252698.3614,502.6911,344.9994,166.4419,1230.0,1063.5581,0.001082,2.289012,0.044435,0.01054983,0.102712,59,8.3526,21.0602,4748.5234,25.1814,566,321776,22.4769,12778.3231,0.4774,0.1254
flow_4954,0x1000135a,11,Web,0,auto,113.4108,1222.4195,582.7956,168049.7642,409.9387,552.3161,177.2919,1225.1779,1047.886,0.004495,1.585259,0.106423,0.05208745,0.228227,26,8.6238,28.8117,5025.9198,23.9548,225,131129,9.3927,5474.028,0.3579,0.1263
flow_4966,0x10001366,11,Web,0,auto,127.9298,1242.0381,815.9995,115191.9024,339.3993,638.413,177.7061,1230.0,1052.2939,0.001303,2.896136,0.099051,0.10077017,0.317443,26,3.9334,31.7589,3209.6513,18.7207,188,153407,10.0424,8194.5155,0.3309,0.2373
flow_4978,0x10001372,11,Web,0,auto,129.7009,1244.7325,796.8229,107128.4803,327.3049,324.9692,158.8086,1104.5634,945.7547,0.003237,1.239652,0.114226,0.12868649,0.358729,18,5.4095,26.3316,4310.4216,24.1764,211,168129,8.7275,6954.266,0.3874,0.2522
flow_4990,0x1000137e,11,Web,0,auto,118.9759,1258.0648,462.5884,185135.9562,430.2743,643.9545,149.876,1230.0,1080.124,0.001189,1.212771,0.124787,0.16324685,0.404038,17,7.8539,24.5197,3633.1123,28.0753,224,103619,7.9786,3690.757,0.3864,0.2132
flow_5002,0x1000138a,11,Web,0,auto,116.1973,1225.7154,536.7217,152558.0384,390.5868,600.0818,181.7975,1124.7912,942.9937,0.003224,2.993079,0.116252,0.06423957,0.253455,23,6.2993,15.5101,3380.9476,31.8759,274,147061,8.5958,4613.5467,0.3156,0.1816
flow_5014,0x10001396,11,Web,0,auto,109.6935,1239.5582,801.9711,249187.661,499.187,552.6093,116.9675,1230.0,1113.0325,0.00485,1.521212,0.08544,0.02655735,0.162964,16,4.4616,20.2318,3578.07,8.0881,94,75385,11.622,9320.4757,0.3923,0.2578
flow_5026,0x100013a2,11,Web,0,auto,93.6676,1231.9802,496.0237,166145.5222,407.6095,467.3421,128.3094,1207.262,1078.9526,0.004866,1.19887,0.097595,0.04801268,0.219118,18,8.5155,20.1097,4223.9,22.5112,230,114085,10.2171,5067.9227,0.3635,0.2693
flow_5038,0x100013ae,11,Web,0,auto,129.7721,1278.3854,503.8247,186257.7027,431.5758,489.5049,178.2921,1230.0,1051.7079,0.002885,1.514099,0.142297,0.10633603,0.326092,23,8.5541,31.3474,4309.7555,34.5407,242,121925,7.0062,3529.8946,0.2874,0.1298
flow_5050,0x100013ba,11,Web,0,auto,100.6628,1221.9824,475.4562,108230.4396,328.984,573.8768,108.3334,1199.6846,1091.3512,0.003226,2.059928,0.126144,0.07710356,0.277675,14,5.1056,21.1252,2427.4663,20.3037,160,76072,7.8803,3746.7059,0.3664,0.2122
flow_5062,0x100013c6,11,Web,0,auto,81.2655,1262.4436,652.3268,200087.192,447.3111,638.0222,112.9495,1230.0,1117.0505,0.003818,1.804985,0.065133,0.02188785,0.147945,25,6.5247,14.0588,4256.2166,18.1881,279,181999,15.3397,10006.4659,0.2906,0.2164
flow_5074,0x100013d2,11,Web,0,auto,87.6787,1258.4717,770.2703,104464.6825,323.21,386.6795,122.2245,1230.0,1107.7755,0.002322,1.793807,0.142423,0.01566032,0.125141,7,7.0491,21.8478,5429.6819,14.2813,100,77027,7.0021,5393.5458,0.4085,0.2854
flow_5086,0x100013de,11,Web,0,auto,120.6014,1249.0997,480.899,265262.3563,515.0363,607.6461,131.8026,1230.0,1098.1974,0.001974,1.972794,0.074833,0.04789117,0.218841,20,3.8724,22.6948,1862.2444,13.923,186,89447,13.3592,6424.4238,0.324,0.1639
flow_5098,0x100013ea,11,Web,0,auto,89.468,1222.7665,511.9864,136751.4251,369.7992,475.4583,176.6803,1230.0,1053.3197,0.004833,3.124263,0.112105,0.05744523,0.239677,12,6.7417,26.9053,3451.6368,19.0542,169,86525,8.8695,4541.0017,0.293,0.3732
flow_5110,0x100013f6,11,Web,0,auto,112.3656,1249.5367,457.0192,201586.1612,448.9835,313.6362,196.0547,1230.0,1033.9453,0.002494,0.586613,0.085875,0.10470189,0.323577,31,7.7359,14.6068,3535.4417,32.0608,373,170468,11.6342,5317.0269,0.3259,0.3255
flow_5122,0x10001402,11,Web,0,auto,91.0863,1244.5537,807.5087,239405.7613,489.2911,504.9968,127.6831,1137.3762,1009.6931,0.001716,3.341831,0.128297,0.05605397,0.236757,26,5.7151,14.5196,4614.9854,33.391,260,209952,7.7865,6287.6777,0.2969,0.2941
flow_5134,0x1000140e,11,Web,0,auto,96.6734,1248.408,690.0931,186125.3689,431.4225,400.8189,126.3943,1230.0,1103.6057,0.002587,2.198767,0.097792,0.14181287,0.37658,25,3.6988,21.4743,2552.4913,33.2473,339,233941,10.1963,7036.3893,0.3528,0.1435
flow_5146,0x1000141a,11,Web,0,auto,81.4337,1255.5918,814.1799,174857.3304,418.1595,367.4847,130.8125,1178.276,1047.4635,0.002754,0.566781,0.073107,0.1860276,0.431309,48,3.5636,31.5842,2901.4267,19.1985,262,213315,13.6469,11111.0282,0.4362,0.1888
flow_5158,0x10001426,11,Web,0,auto,96.2736,1223.374,608.1119,230622.8593,480.2321,253.1288,100.0107,1152.8305,1052.8198,0.001785,2.396364,0.062446,0.05265413,0.229465,54,4.4333,29.7443,2695.9526,24.502,392,238379,15.9987,9728.9476,0.3238,0.3522
flow_5170,0x10001432,11,Web,0,auto,106.2593,1249.2404,655.003,126095.2634,355.0989,331.6342,139.4015,1230.0,1090.5985,0.001927,0.652097,0.077411,0.05244888,0.229017,11,6.7287,28.4909,4407.332,7.6098,98,64190,12.8781,8435.1645,0.3769,0.3101
flow_5182,0x1000143e,11,Web,0,auto,97.8131,1239.4652,589.288,108679.0547,329.6651,426.321,153.1554,1120.9333,967.7779,0.002486,3.457602,0.104239,0.05368885,0.231709,26,4.1694,27.9752,2456.9884,23.0023,220,129643,9.5642,5636.0816,0.4393,0.3099
flow_5194,0x1000144a,11,Web,0,auto,125.6088,1233.3196,589.9499,123395.5262,351.277,264.659,141.2439,1129.612,988.3681,0.002199,3.032358,0.046022,0.100636,0.317232,44,6.2546,18.8964,3689.9119,17.2723,375,221231,21.711,12808.3957,0.2963,0.3503
flow_5206,0x10001456,11,Web,0,auto,129.0995,1234.6692,690.7961,193885.0475,440.3238,341.8007,196.2095,1230.0,1033.7905,0.001894,3.440847,0.071539,0.03143024,0.177286,14,3.9356,30.6727,2718.7173,6.3827,89,61480,13.9439,9632.2843,0.4513,0.297
flow_5218,0x10001462,11,Web,0,auto,123.9076,1279.2625,513.6565,197404.5562,444.3023,612.7898,127.4423,1230.0,1102.5577,0.003807,1.85942,0.063946,0.02364357,0.153765,26,4.1152,21.8171,2113.7823,23.2201,363,186457,15.633,8029.9982,0.2975,0.3171
flow_5230,0x1000146e,11,Web,0,auto,90.0189,1275.4798,681.594,153087.5509,391.264,325.29,165.5001,1230.0,1064.4999,0.004598,1.412351,0.115314,0.10311879,0.321121,19,7.5495,17.9918,5145.6694,28.5649,247,168353,8.647,5893.7097,0.3807,0.2581
flow_5242,0x1000147a,11,Web,0,auto,90.3063,1255.2136,552.2681,104286.1436,322.9337,367.3146,155.8686,1230.0,1074.1314,0.002258,2.622642,0.076125,0.12065393,0.347353,27,5.4885,29.1946,3031.1382,11.9082,156,86153,13.1002,7234.7601,0.4278,0.303
flow_5254,0x10001486,11,Web,0,auto,92.6683,1261.4522,815.0866,163058.8014,403.8054,520.2646,124.5218,1230.0,1105.4782,0.003375,2.998461,0.136552,0.03658438,0.19127,16,6.5175,23.3861,5312.3334,28.6217,209,170353,7.3021,5951.8739,0.4159,0.2414
flow_5266,0x10001492,11,Web,0,auto,110.2393,1222.6606,547.7093,182433.276,427.1221,416.1318,161.1295,1121.4021,960.2726,0.002231,1.073091,0.121794,0.01675729,0.12945,10,7.3875,20.8926,4046.1813,15.8403,130,71202,8.2069,4494.9932,0.3805,0.124
flow_5278,0x1000149e,11,Web,0,auto,118.4757,1248.4335,567.3504,180442.9764,424.7858,554.6476,138.0775,1198.3101,1060.2326,0.0016,2.769448,0.132899,0.08106371,0.284717,11,3.7967,15.0355,2154.0848,14.9175,112,63543,7.508,4259.6279,0.3392,0.1456
flow_5290,0x100014aa,11,Web,0,auto,110.9096,1271.6954,702.1497,189066.8667,434.8182,609.4335,150.0857,1230.0,1079.9143,0.001476,0.972689,0.103662,0.04459196,0.211168,15,7.2592,24.8408,5097.0305,12.771,123,86364,9.6312,6762.5341,0.3034,0.3761
flow_5302,0x100014b6,11,Web,0,auto,128.0866,1269.6203,740.1976,116730.1368,341.6579,556.1544,163.6979,1213.7407,1050.0429,0.00415,1.775377,0.138394,0.12018987,0.346684,24,4.5142,26.558,3341.3811,28.0813,202,149519,7.1934,5324.505,0.3595,0.3732
flow_5314,0x100014c2,11,Web,0,auto,94.064,1244.0771,540.5146,180956.1987,425.3895,267.778,189.4466,1201.7871,1012.3405,0.002313,1.678633,0.085903,0.10761186,0.328042,40,7.9521,18.539,4298.2384,33.1602,386,208638,11.6405,6291.8256,0.3633,0.3543
flow_5326,0x100014ce,11,Web,0,auto,111.3313,1276.0313,696.4725,229998.1057,479.5812,532.9266,143.3527,1200.7995,1057.4468,0.003555,2.400765,0.089825,0.03862143,0.196523,17,3.9817,25.9952,2773.1277,9.2551,103,71736,11.129,7750.9372,0.3864,0.3475
flow_5338,0x100014da,11,Web,0,auto,83.1244,1273.5282,615.9713,133961.8124,366.0079,464.0962,113.2987,1103.3603,990.0616,0.001097,3.47105,0.15141,0.15608872,0.395081,13,4.513,21.9604,2779.8949,20.2671,133,81924,6.5624,4042.2238,0.396,0.3339
flow_5350,0x100014e6,11,Web,0,auto,84.8871,1254.2696,545.3092,114571.6009,338.4843,491.5447,135.1799,1190.7494,1055.5695,0.00464,0.741719,0.102511,0.12017599,0.346664,21,7.9275,18.7864,4322.9648,23.9956,234,127602,9.7518,5317.7263,0.3704,0.2055
flow_5362,0x100014f2,11,Web,0,auto,95.5643,1261.9256,521.7274,213653.1991,462.2264,293.8452,157.2826,1230.0,1072.7174,0.002747,2.094318,0.178392,0.07911553,0.281275,8,4.8232,26.6209,2516.4126,10.4358,58,30260,5.5578,2899.6315,0.317,0.1739
flow_5374,0x100014fe,11,Web,0,auto,102.9646,1252.3169,839.129,175625.7029,419.0772,532.4997,121.2309,1230.0,1108.7691,0.001712,1.535168,0.102799,0.11024915,0.332038,13,3.7864,19.6258,3177.24,8.3623,81,67969,9.6863,8128.0313,0.3203,0.3201
flow_5386,0x1000150a,11,Web,0,auto,95.3989,1278.6352,466.2258,108810.5394,329.8644,578.1728,140.4321,1230.0,1089.5679,0.003371,2.530186,0.113549,0.11867857,0.344498,22,7.3385,14.4307,3421.4211,22.5261,198,92312,8.7898,4097.9955,0.3336,0.1688
flow_5398,0x10001516,11,Web,0,auto,126.509,1222.746,458.9303,186350.7272,431.6836,426.316,120.4508,1139.6906,1019.2398,0.004412,0.784292,0.137349,0.15180972,0.389628,4,7.258,22.8607,3330.9136,6.6475,48,22028,7.2208,3313.7402,0.2959,0.356
flow_5410,0x10001522,11,Web,0,auto,86.2179,1249.1403,480.9015,197207.6863,444.0807,312.5808,162.2579,1230.0,1067.7421,0.002137,1.83914,0.104504,0.017078,0.130683,17,7.3166,29.853,3518.5708,19.4367,185,88966,9.5181,4577.2084,0.4246,0.2588
flow_5422,0x1000152e,11,Web,0,auto,123.2013,1223.1844,822.2591,206973.4689,454.9434,593.2969,144.7908,1142.6078,997.817,0.004451,1.678562,0.116522,0.05277979,0.229739,10,8.7473,23.9194,7192.5781,8.2093,70,57558,8.5269,7011.2787,0.382,0.1301
flow_5434,0x1000153a,11,Web,0,auto,87.2544,1240.4472,469.7638,165918.5295,407.331,351.6787,198.9669,1156.8831,957.9162,0.001685,0.547414,0.110611,0.01285307,0.113371,28,8.9654,13.4033,4211.614,28.1289,254,119320,9.0298,4241.894,0.3687,0.3724
flow_5446,0x10001546,11,Web,0,auto,126.3304,1239.3167,799.1674,228803.1571,478.3337,629.5595,124.1778,1230.0,1105.8222,0.003638,2.677013,0.066024,0.02667056,0.163311,43,8.3897,17.2439,6704.8146,34.8353,527,421161,15.1283,12090.0523,0.379,0.2577
flow_5458,0x10001552,11,Web,0,auto,108.8862,1279.3726,821.1137,210425.9912,458.7221,408.774,172.711,1230.0,1057.289,0.003169,1.463665,0.04185,0.07239998,0.269072,26,6.9244,17.5553,5685.6908,8.6986,207,169970,23.7968,19539.852,0.3248,0.2731
flow_5470,0x1000155e,11,Web,0,auto,124.435,1261.0418,552.9591,113650.3823,337.1207,647.308,193.5789,1230.0,1036.4211,0.003139,2.235592,0.108977,0.16025849,0.400323,44,5.301,26.4979,2931.2188,27.4645,252,139345,9.1755,5073.6493,0.4772,0.3172
flow_5482,0x1000156a,11,Web,0,auto,84.1152,1252.2839,736.9222,160075.5552,400.0944,288.1897,176.4666,1230.0,1053.5334,0.00231,0.46822,0.168845,0.01306466,0.114301,8,5.952,22.4442,4386.1831,13.5871,80,58953,5.888,4338.9059,0.3221,0.2209
flow_5494,0x10001576,11,Web,0,auto,114.0917,1246.8104,833.6651,204202.6046,451.8878,261.6692,110.1658,1230.0,1119.8342,0.004834,1.160301,0.071395,0.00999603,0.09998,18,8.5064,14.6984,7091.5298,9.3529,131,109210,14.0063,11676.5565,0.2953,0.3746
flow_5506,0x10001582,11,Web,0,auto,101.8942,1227.9361,805.42,229153.2,478.6995,555.4871,141.5799,1230.0,1088.4201,0.003312,0.72824,0.061671,0.15014347,0.387484,47,4.8632,30.088,3916.8852,31.4325,509,409958,16.1934,13042.488,0.4551,0.304
flow_5518,0x1000158e,11,Web,0,auto,97.436,1222.667,505.2913,154489.1015,393.051,478.3734,148.6175,1230.0,1081.3825,0.004198,0.56356,0.043813,0.17439787,0.41761,35,3.7114,30.3779,1875.3436,21.3012,486,245571,22.8156,11528.4784,0.4139,0.2443
flow_5530,0x1000159a,11,Web,0,auto,117.4432,1249.0225,551.5281,137493.9776,370.8018,383.9581,141.5084,1230.0,1088.4916,0.00268,1.082098,0.059054,0.11816011,0.343744,20,4.6692,13.6852,2575.204,9.2314,156,86038,16.8988,9320.1269,0.4569,0.1387
flow_5542,0x100015a6,11,Web,0,auto,125.6387,1272.0458,625.4023,233694.8439,483.4199,367.1028,157.5164,1230.0,1072.4836,0.00145,0.883263,0.051671,0.20336533,0.45096,42,5.3999,31.3609,3377.1191,17.2779,334,208884,19.3311,12089.6928,0.2851,0.3612
flow_5554,0x100015b2,11,Web,0,auto,103.4534,1274.2547,493.6647,230869.1459,480.4884,441.0742,145.4893,1230.0,1084.5107,0.002899,3.046485,0.073651,0.01704482,0.130556,28,6.2241,25.0234,3072.6293,24.5614,333,164390,13.5579,6693.0283,0.3762,0.3365
flow_5566,0x100015be,11,Web,0,auto,122.6817,1275.8979,569.3323,197266.4506,444.1469,333.4751,165.992,1230.0,1064.008,0.003591,2.678124,0.162824,0.11148602,0.333895,7,8.6013,26.4628,4896.9966,13.3067,81,46115,6.0872,3465.5426,0.3336,0.3539
flow_5578,0x100015ca,11,Web,0,auto,124.807,1233.8648,795.5069,187320.1933,432.805,620.2759,183.8446,1230.0,1046.1554,0.002349,1.078782,0.16666,0.01891514,0.137532,4,8.0031,30.3483,6366.5446,6.8321,40,31820,5.8547,4657.4123,0.4288,0.3379
flow_5590,0x100015d6,11,Web,0,auto,129.116,1247.0046,539.894,159544.4274,399.4301,321.8478,166.1414,1106.5771,940.4357,0.002762,0.490234,0.044842,0.0500923,0.223813,56,8.4466,20.5682,4560.2544,27.8982,622,335814,22.2953,12037.1106,0.3125,0.1397
flow_5602,0x100015e2,11,Web,0,auto,99.9955,1275.564,678.4321,239169.9814,489.0501,499.6155,144.6889,1230.0,1085.3111,0.004091,0.485069,0.070826,0.20438897,0.452094,45,6.7534,27.4309,4581.7332,28.3175,399,270694,14.0902,9559.2569,0.3584,0.1316
flow_5614,0x100015ee,11,Web,0,auto,91.1893,1272.1826,770.1818,184584.5659,429.6331,301.5982,173.8571,1230.0,1056.1429,0.00311,1.054364,0.137238,0.04129054,0.203201,19,5.7346,12.8032,4416.6754,32.5818,237,182533,7.274,5602.2933,0.4696,0.3682
flow_5626,0x100015fa,11,Web,0,auto,116.602,1232.1483,597.425,177592.773,421.4176,455.0018,180.1505,1230.0,1049.8495,0.00459,3.242813,0.100678,0.11266496,0.335656,34,5.0577,29.5728,3021.6137,28.7508,285,170266,9.9128,5922.1375,0.3987,0.1691
flow_5638,0x10001606,11,Web,0,auto,80.796,1278.4154,723.182,256141.5053,506.1042,566.4887,170.4225,1121.8496,951.4272,0.001578,1.049679,0.108702,0.1372348,0.370452,8,7.1562,26.7904,5175.1999,12.8307,118,85335,9.1967,6650.8677,0.4603,0.2535
flow_5650,0x10001612,11,Web,0,auto,111.0324,1279.3203,639.405,122775.8477,350.3938,548.7839,150.4692,1230.0,1079.5308,0.004525,1.261254,0.076052,0.06493847,0.25483,18,6.2973,19.9069,4026.4965,8.5227,112,71613,13.1413,8402.6013,0.36,0.2874
flow_5662,0x1000161e,11,Web,0,auto,114.8902,1232.7103,487.2672,111166.2747,333.4161,638.2507,128.0899,1230.0,1101.9101,0.003102,3.053187,0.152072,0.03186018,0.178494,18,5.4854,31.4017,2672.8727,20.0863,132,64319,6.5716,3202.1274,0.3586,0.1519
flow_5674,0x1000162a,11,Web,0,auto,91.2757,1263.1871,716.6358,175973.1284,419.4915,473.6471,132.3182,1230.0,1097.6818,0.002285,3.211138,0.051668,0.02510448,0.158444,21,5.987,23.1035,4290.5298,13.3101,257,184175,19.3087,13837.2723,0.3391,0.1899
flow_5686,0x10001636,11,Web,0,auto,99.2282,1250.7545,786.7857,202033.8537,449.4818,337.0397,196.3693,1166.4663,970.097,0.003471,1.418129,0.057082,0.14923354,0.386308,41,5.1524,27.578,4053.7988,23.0873,404,317861,17.4988,13767.8036,0.4506,0.3375
flow_5698,0x10001642,11,Web,0,auto,122.375,1226.9424,777.6695,120422.6598,347.0197,260.9128,120.87,1198.036,1077.166,0.00262,2.88106,0.162153,0.04539522,0.213062,7,7.7526,31.1976,6028.9573,10.8537,66,51326,6.0809,4728.8938,0.3398,0.1285
flow_5710,0x1000164e,11,Web,0,auto,120.5414,1229.8058,743.8421,240541.5591,490.4504,304.951,102.4594,1230.0,1127.5406,0.003286,1.479541,0.094028,0.01329523,0.115305,22,4.4391,23.0748,3301.9914,27.9332,297,220921,10.6325,7908.9019,0.4327,0.2027
flow_5722,0x1000165a,11,Web,0,auto,83.708,1246.5592,518.3038,112650.744,335.6348,367.5337,164.1497,1230.0,1065.8503,0.004625,2.630723,0.051852,0.11926395,0.345346,12,3.7067,23.0045,1921.1775,8.4505,162,83965,19.1704,9936.0469,0.4439,0.2145
flow_5734,0x10001666,11,Web,0,auto,113.4166,1277.5724,797.4534,173781.759,416.8714,286.7724,184.0249,1174.2839,990.259,0.004017,2.142088,0.046723,0.00716025,0.084618,27,5.0082,16.429,3993.7908,9.6882,207,165072,21.3661,17038.3767,0.454,0.2588
flow_5746,0x10001672,11,Web,0,auto,115.9508,1271.4914,753.823,161399.076,401.745,375.953,117.5626,1223.2327,1105.6701,0.002204,2.401431,0.067752,0.0070004,0.083668,35,4.8406,24.8785,3648.9353,28.3544,418,315098,14.742,11112.8525,0.4393,0.2127
flow_5758,0x1000167e,11,Web,0,auto,100.8817,1234.1418,733.3396,241806.1567,491.7379,635.4692,176.5625,1230.0,1053.4375,0.002571,3.204794,0.106085,0.01689034,0.129963,50,4.022,18.2115,2949.5117,33.9998,320,234668,9.4118,6902.0479,0.3913,0.2033
flow_5770,0x1000168a,11,Web,0,auto,93.2595,1248.8228,831.6731,144586.2591,380.245,303.5878,176.1205,1230.0,1053.8795,0.001974,0.540216,0.152963,0.03169788,0.178039,4,8.1756,24.4306,6799.4498,6.3574,41,34098,6.4491,5363.4872,0.3981,0.1745
flow_5782,0x10001696,11,Web,0,auto,114.8754,1279.2021,564.3433,113574.2487,337.0078,527.2995,163.5897,1210.231,1046.6414,0.001077,1.546856,0.063462,0.01951844,0.139708,52,6.3275,14.8718,3570.8862,31.5567,497,280478,15.7494,8888.0732,0.467,0.2165
flow_5794,0x100016a2,11,Web,0,auto,125.9423,1256.0853,848.4794,216020.7198,464.7803,284.9973,148.7515,1151.6199,1002.8684,0.001322,2.252431,0.090072,0.06204747,0.249093,35,3.5292,30.3954,2994.4551,19.0843,211,179029,11.0562,9380.9686,0.3505,0.1373
flow_5806,0x100016ae,11,Web,0,auto,92.4605,1268.7054,533.4224,158215.8656,397.7636,591.9093,126.3533,1230.0,1103.6467,0.001707,1.022394,0.073154,0.03432195,0.185262,12,5.9198,12.386,3157.7339,9.1538,125,66677,13.6555,7284.0741,0.2869,0.3151
flow_5818,0x100016ba,11,Web,0,auto,117.6592,1233.7549,775.9706,228637.1054,478.1601,284.3851,197.1896,1166.4843,969.2947,0.00302,1.518392,0.123131,0.07998609,0.282818,21,4.9463,18.9817,3838.204,34.7204,281,218047,8.0932,6280.0764,0.4565,0.2839
flow_5830,0x100016c6,11,Web,0,auto,91.7575,1278.4072,468.5823,194588.6306,441.122,380.7051,172.6609,1230.0,1057.3391,0.004287,3.000439,0.171803,0.14173416,0.376476,19,5.0715,15.5071,2376.4308,23.1977,135,63258,5.8195,2726.9032,0.4145,0.139
flow_5842,0x100016d2,11,Web,0,auto,106.5625,1246.3819,638.2643,113785.4759,337.321,418.4025,182.9084,1230.0,1047.0916,0.001719,2.559705,0.111386,0.18694199,0.432368,24,3.7478,27.0256,2392.116,19.1808,172,109781,8.9673,5723.4799,0.4239,0.3609
flow_5854,0x100016de,11,Web,0,auto,115.8798,1239.0021,524.3394,164514.0308,405.6033,343.5605,133.5534,1230.0,1096.4466,0.001687,1.176781,0.075737,0.17820506,0.422143,12,8.6201,29.2146,4519.8671,8.9735,118,61872,13.1498,6894.9777,0.4117,0.3011
flow_5866,0x100016ea,11,Web,0,auto,127.1826,1258.7269,470.3983,221719.2224,470.8707,536.697,170.3476,1141.4087,971.0611,0.001083,2.959035,0.14439,0.08886278,0.298099,19,6.7594,31.2367,3179.6282,28.0865,194,91257,6.9072,3249.1427,0.3091,0.1977
flow_5878,0x100016f6,11,Web,0,auto,92.6397,1234.4333,591.6062,157436.012,396.7821,512.3039,168.9847,1230.0,1061.0153,0.003138,1.129335,0.07426,0.18941835,0.435222,16,7.9869,22.4449,4725.0841,10.9995,148,87557,13.4551,7960.0785,0.4715,0.372
flow_5890,0x10001702,11,Web,0,auto,108.9016,1245.7236,599.0372,255489.7095,505.4599,277.596,156.9899,1143.1713,986.1814,0.003307,1.494367,0.053706,0.01103299,0.105038,100,8.8572,18.4633,5305.7854,29.0854,541,324079,18.6004,11142.3315,0.4759,0.225
flow_5902,0x1000170e,11,Web,0,auto,123.2799,1224.8743,800.0431,163779.9072,404.6973,438.7276,102.3604,1230.0,1127.6396,0.003812,2.450339,0.064506,0.05977733,0.244494,91,7.6701,27.0272,6136.395,29.9461,464,371220,15.4945,12396.2519,0.4673,0.2682
flow_5914,0x1000171a,11,Web,0,auto,89.43,1247.8528,638.1817,154829.5427,393.4839,348.2341,174.3572,1213.0256,1038.6684,0.004135,0.63135,0.165568,0.13292424,0.364588,8,6.6928,17.4467,4271.1952,15.5876,94,59989,6.0304,3848.5036,0.3506,0.2679
flow_5926,0x10001726,11,Web,0,auto,129.8669,1245.3874,570.1993,183118.3849,427.9233,612.9999,127.9657,1230.0,1102.0343,0.002585,1.614247,0.059977,0.08469335,0.291021,12,8.3644,17.7071,4769.3482,7.8675,131,74696,16.6507,9494.2089,0.3726,0.2256
flow_5938,0x10001732,11,Web,0,auto,123.8656,1245.376,504.0801,242604.12,492.5486,479.3686,194.3112,1230.0,1035.6888,0.001398,1.364579,0.150099,0.03643835,0.190888,15,5.9274,28.3757,2987.8891,30.1349,200,100816,6.6368,3345.491,0.3284,0.2293
flow_5950,0x1000173e,11,Web,0,auto,106.4572,1246.8105,572.7889,173619.5798,416.6768,258.6114,124.184,1201.9911,1077.8071,0.001735,0.879551,0.116225,0.18720515,0.432672,15,5.4004,31.549,3093.2954,21.5909,185,105965,8.5684,4907.8611,0.351,0.3645
flow_5962,0x1000174a,11,Web,0,auto,121.4066,1278.9797,489.5811,114625.5468,338.5639,449.9848,197.0472,1230.0,1032.9528,0.001897,1.391209,0.046213,0.02310409,0.152,44,8.574,17.626,4197.6598,28.7319,621,304029,21.6136,10581.5789,0.4655,0.1745
flow_5974,0x10001756,11,Web,0,auto,117.4895,1222.8307,784.1215,218580.2016,467.5256,305.5776,131.4027,1230.0,1098.5973,0.00102,2.502949,0.106061,0.1216259,0.348749,22,6.949,31.6953,5448.8907,32.9498,310,243077,9.4083,7377.1995,0.3457,0.3638
flow_5986,0x10001762,11,Web,0,auto,97.6574,1231.9036,567.7432,103040.9339,320.9999,385.0479,172.2168,1230.0,1057.7832,0.00156,1.435937,0.076443,0.091235,0.302051,9,4.2482,31.4038,2411.9097,8.2797,108,61316,13.044,7405.6092,0.4352,0.213
flow_5998,0x1000176e,11,Web,0,auto,127.3811,1252.1604,550.346,218897.305,467.8646,514.6296,187.5324,1230.0,1042.4676,0.002113,2.210394,0.101435,0.18330844,0.428145,31,6.1938,16.6074,3408.7159,17.8583,176,96860,9.8554,5423.8205,0.2821,0.3571
flow_6010,0x1000177a,11,Email,0,auto,113.332,1140.1643,380.3389,16065.3613,126.7492,266.054,122.5635,426.0121,303.4486,0.055633,3.261238,0.369026,1.2162909,1.102856,7,3.8994,10.151,1483.085,17.7619,48,18256,2.7024,1027.8174,0.5521,0.3698
flow_6022,0x10001786,11,Email,0,auto,99.5137,971.4523,229.5858,51405.0876,226.7269,179.599,152.867,441.1422,288.2753,0.048462,8.589075,0.629021,2.71209314,1.646843,2,4.4494,13.3768,1021.51,11.7128,18,4132,1.5368,352.7776,0.6124,0.4088
flow_6034,0x10001792,11,Email,0,auto,105.7423,691.2486,379.0666,55543.2835,235.6762,271.3084,142.7225,529.4974,386.7749,0.045666,11.705335,0.578043,2.20660321,1.485464,9,2.7555,8.334,1044.5054,20.8032,35,13267,1.6824,637.739,0.4377,0.3761
flow_6046,0x1000179e,11,Email,0,auto,128.7571,962.4349,282.7821,21501.5926,146.6342,242.8358,131.7254,543.9831,412.2577,0.037478,5.364171,0.923951,3.23054718,1.797372,2,2.007,13.6273,567.5432,13.9272,15,4241,1.077,304.5122,0.5945,0.4333
flow_6058,0x100017aa,11,Email,0,auto,136.749,1172.5652,355.3866,38265.1322,195.6148,229.8413,100.5081,455.7742,355.2661,0.054785,8.415823,0.925077,2.99358272,1.730197,2,4.0923,13.9966,1454.3382,13.9503,15,5330,1.0752,382.0693,0.4623,0.378
flow_6070,0x100017b6,11,Email,0,auto,84.8671,875.9,254.6416,26751.6226,163.5592,182.967,101.8379,539.7454,437.9075,0.046617,11.052803,0.428612,1.5128847,1.229994,9,3.5638,13.8107,907.4869,17.3238,40,10185,2.309,587.9179,0.4718,0.4348
flow_6082,0x100017c2,11,Email,0,auto,84.5654,1094.1803,265.3276,47624.6935,218.2308,238.7625,131.9379,389.7945,257.8567,0.039801,7.123312,0.663452,2.96511836,1.721952,2,3.7848,13.8688,1004.2215,12.409,18,4775,1.4506,384.8028,0.4493,0.6149
flow_6094,0x100017ce,11,Email,0,auto,90.8158,895.8194,220.3804,48081.5592,219.2751,195.2166,151.9097,450.7349,298.8252,0.043422,4.777956,0.630363,2.31880515,1.522762,6,3.9563,5.3521,871.8905,22.9154,36,7933,1.571,346.1861,0.3885,0.616
flow_6106,0x100017da,11,Email,0,auto,98.0765,623.1559,413.471,48110.1547,219.3403,193.2659,123.3008,395.1254,271.8246,0.059402,2.754235,0.265154,2.09778801,1.448374,15,3.8334,9.1981,1584.9917,12.3603,46,19019,3.7216,1538.7139,0.4691,0.3537
flow_6118,0x100017e6,11,Email,0,auto,97.7634,767.4092,416.7493,32572.0043,180.4772,299.7052,138.2499,548.6057,410.3558,0.036042,10.233211,0.600992,2.89726872,1.702137,4,2.5392,12.2614,1058.2132,15.5936,25,10418,1.6032,668.0937,0.4565,0.3528
flow_6130,0x100017f2,11,Email,0,auto,96.3992,1106.0694,338.0271,53492.3416,231.2841,223.3778,137.7836,464.3232,326.5396,0.057063,3.619139,0.468087,2.26822458,1.506063,15,3.6623,7.2275,1237.9524,25.0459,53,17915,2.1161,715.2865,0.5835,0.5778
flow_6142,0x100017fe,11,Email,0,auto,135.4576,1124.3401,236.0761,19283.1025,138.8636,196.2031,111.6822,466.614,354.9318,0.051772,10.703167,0.404928,1.11440222,1.055653,10,4.6136,5.8611,1089.1499,25.5586,63,14872,2.4649,581.8783,0.4075,0.5777
flow_6154,0x1000180a,11,Email,0,auto,106.5948,930.1672,239.9132,32232.565,179.5343,277.134,156.6031,486.8731,330.27,0.046343,11.35938,0.901129,1.81577348,1.347506,2,3.0437,13.633,730.2171,10.7052,15,3598,1.4012,336.0971,0.5579,0.5353
flow_6166,0x10001816,11,Email,0,auto,89.0958,989.5703,377.103,29496.396,171.7451,183.6514,157.9258,446.9511,289.0253,0.057487,6.078176,0.63658,1.54790266,1.244147,2,3.9412,12.5111,1486.247,11.3999,17,6410,1.4912,562.2833,0.3891,0.3689
flow_6178,0x10001822,11,Email,0,auto,110.6081,1059.2641,246.409,9528.1512,97.6122,246.6597,121.5764,397.0475,275.4711,0.050828,8.155294,0.872607,1.30331302,1.141627,3,3.2987,11.6256,812.827,20.893,23,5667,1.1008,271.2397,0.4381,0.3546
flow_6190,0x1000182e,11,Email,0,auto,138.9215,880.6197,394.5956,22871.2633,151.2325,198.9011,145.4649,503.9876,358.5227,0.054947,9.758688,0.741657,0.37040812,0.608612,2,3.7221,10.883,1468.7255,11.7117,15,5918,1.2808,505.3052,0.532,0.3827
flow_6202,0x1000183a,11,Email,0,auto,126.2045,1112.8194,289.2591,39771.9948,199.4292,228.677,141.5175,497.6256,356.1082,0.041722,10.539347,0.418805,0.41119801,0.641247,16,2.7645,6.5653,799.6565,22.5658,53,15330,2.3487,679.3463,0.4631,0.6469
flow_6214,0x10001846,11,Email,0,auto,125.0685,689.7127,316.0556,9311.628,96.4968,266.4552,102.7716,435.9282,333.1566,0.026079,5.653622,0.331638,2.24101057,1.497001,7,4.7309,9.9188,1495.2207,13.0003,39,12326,2.9999,948.1304,0.5087,0.3928
flow_6226,0x10001852,11,Email,0,auto,85.5872,1130.6098,318.9181,8540.9217,92.4171,206.9816,134.5944,444.017,309.4225,0.026145,6.855168,0.495432,2.90887613,1.705543,5,4.6356,8.6818,1478.3667,12.3805,24,7654,1.9385,618.2315,0.501,0.501
flow_6238,0x1000185e,11,Email,0,auto,120.4486,790.2611,392.8603,9229.958,96.0727,265.2787,127.2481,393.018,265.7699,0.025985,3.830272,0.25922,1.94192626,1.39353,4,2.7307,13.6582,1072.7711,8.4617,32,12571,3.7818,1485.6369,0.6015,0.4723
flow_6250,0x1000186a,11,Email,0,auto,100.8934,1157.5235,348.3327,33244.7393,182.3314,228.0361,102.1044,449.197,347.0926,0.044097,8.219048,0.630919,1.32923733,1.152926,8,4.21,9.6273,1466.4894,25.7874,40,13933,1.5511,540.3034,0.5942,0.3864
flow_6262,0x10001876,11,Email,0,auto,139.619,895.4474,403.7111,14348.3312,119.7845,216.5235,113.2807,494.6043,381.3236,0.048263,4.871676,0.696985,2.16423662,1.471134,13,3.9108,11.4609,1578.8377,29.6055,42,16955,1.4187,572.6985,0.4744,0.4178
flow_6274,0x10001882,11,Email,0,auto,97.6702,1095.1048,251.3599,38516.2455,196.2556,269.7544,112.5555,372.6294,260.0739,0.037574,8.936053,0.889346,1.8121933,1.346177,2,3.3943,6.5638,853.189,16.4808,18,4524,1.0922,274.5016,0.6107,0.4882
flow_6286,0x1000188e,11,Email,0,auto,81.3498,714.3991,330.6571,8698.2185,93.2642,296.2861,110.0032,538.2348,428.2316,0.047769,11.84361,0.297381,0.51130639,0.715057,30,2.6303,6.8718,869.7146,28.8323,96,31743,3.3296,1100.9543,0.5062,0.6023
flow_6298,0x1000189a,11,Email,0,auto,99.8605,823.7597,228.1303,22986.9753,151.6146,225.0855,145.8335,393.3006,247.4672,0.018111,9.87618,0.297977,1.81315433,1.346534,11,4.5529,11.7773,1038.6573,17.9112,60,13687,3.3499,764.1568,0.4387,0.5785
flow_6310,0x100018a6,11,Email,0,auto,113.7067,902.1992,369.6004,24153.6794,155.4145,228.6644,145.1343,434.7494,289.6151,0.048078,8.984815,0.666569,1.11221833,1.054618,6,4.4197,8.5093,1633.5333,24.5158,36,13305,1.4684,542.7118,0.4439,0.3585
flow_6322,0x100018b2,11,Email,0,auto,106.6723,624.6911,387.0098,9126.2603,95.5315,211.413,122.0636,413.0873,291.0237,0.048107,3.919522,0.356743,1.32714987,1.15202,25,4.4253,13.6682,1712.646,29.134,81,31347,2.7803,1075.9578,0.382,0.4167
flow_6334,0x100018be,11,Email,0,auto,131.9138,753.1771,344.0699,22905.2771,151.3449,211.0976,149.9778,434.1421,284.1643,0.019199,11.665138,0.510087,2.84466621,1.686614,6,4.6765,12.4341,1609.0288,17.7875,34,11698,1.9115,657.6532,0.424,0.4468
flow_6346,0x100018ca,11,Email,0,auto,95.9364,1177.1695,309.1784,33581.7732,183.2533,203.8566,102.5272,514.9359,412.4087,0.025424,7.89913,0.794078,0.52059384,0.721522,3,3.4137,13.4178,1055.4361,11.1111,15,4637,1.35,417.3323,0.4647,0.5897
flow_6358,0x100018d6,11,Email,0,auto,131.4553,955.3798,369.9901,40795.9803,201.9801,174.9836,107.4153,388.7962,281.3809,0.015689,4.049856,0.819326,1.44509081,1.202119,2,3.3802,13.3713,1250.654,11.7881,15,5549,1.2725,470.7296,0.4143,0.3568
flow_6370,0x100018e2,11,Email,0,auto,111.3466,1033.5387,414.9766,12068.2007,109.8554,291.169,125.3215,409.2268,283.9052,0.040826,6.39702,0.888622,2.47205578,1.572277,8,2.244,12.5301,931.19,29.6034,33,13694,1.1147,462.5827,0.5865,0.5854
flow_6382,0x100018ee,11,Email,0,auto,110.4745,1014.7123,295.2952,56661.2218,238.0362,212.9844,101.3496,521.2652,419.9156,0.055902,7.399788,0.274377,0.94004348,0.969558,18,3.5855,9.6882,1058.7699,19.0522,69,20375,3.6216,1069.4275,0.389,0.3839
flow_6394,0x100018fa,11,Email,0,auto,82.1715,1040.7547,294.2576,50324.9698,224.3323,206.9923,130.3879,514.001,383.6131,0.056395,10.432389,0.806883,0.7962721,0.892341,3,2.6214,12.4514,771.373,9.3052,15,4413,1.612,474.2517,0.6132,0.3718
flow_6406,0x10001906,11,Email,0,auto,122.6176,660.0682,321.7221,22157.5215,148.854,232.2491,150.3981,539.1852,388.7871,0.01266,5.083682,0.895837,1.85711316,1.362759,5,2.3667,8.4518,761.4166,23.6906,26,8364,1.0975,353.052,0.3927,0.3905
flow_6418,0x10001912,11,Email,0,auto,132.6896,1148.5883,368.2606,19104.382,138.2186,254.7246,121.0706,386.3244,265.2538,0.050699,9.581919,0.858397,2.74567277,1.657007,5,2.1451,6.2891,789.97,25.0012,29,10679,1.1599,427.139,0.4428,0.3729
flow_6430,0x1000191e,11,Email,0,auto,130.0842,748.1124,373.4801,20190.9739,142.0949,238.7056,105.2541,420.2931,315.0391,0.056128,8.507274,0.482461,1.09591976,1.046862,4,4.0248,6.578,1503.1998,8.9905,18,6722,2.0021,747.6795,0.4031,0.5161
flow_6442,0x1000192a,11,Email,0,auto,89.9111,815.8919,226.063,54842.4438,234.1846,236.3575,117.9002,452.794,334.8938,0.042477,9.460978,0.490149,2.34998246,1.532965,8,3.9928,6.7349,902.6237,28.7964,58,13111,2.0141,455.3007,0.4505,0.5703
flow_6454,0x10001936,11,Email,0,auto,136.8626,643.8657,300.9266,16224.4933,127.3754,270.7006,157.2246,441.7281,284.5035,0.037941,11.042079,0.458414,2.32136015,1.523601,5,3.8885,8.9538,1170.1666,8.3185,18,5416,2.1639,651.082,0.4287,0.4172
flow_6466,0x10001942,11,Email,0,auto,109.2476,866.6378,261.6971,15642.9604,125.0718,282.1755,157.588,400.9087,243.3207,0.017784,2.831273,0.929694,1.15753537,1.075888,5,3.3309,13.9395,871.6784,24.9835,26,6804,1.0407,272.3398,0.4446,0.5893
flow_6478,0x1000194e,11,Email,0,auto,125.6368,1158.3068,273.1068,29811.1191,172.659,173.9572,151.7531,413.6361,261.8829,0.029601,2.923939,0.699419,0.47107889,0.686352,4,4.5409,11.3797,1240.1634,18.1146,25,6827,1.3801,376.8773,0.4268,0.4897
flow_6490,0x1000195a,11,Email,0,auto,104.0557,1052.9328,278.5322,18661.4726,136.607,189.2707,157.009,473.0343,316.0252,0.015228,11.944039,0.906591,1.06810701,1.033493,5,4.4229,9.1084,1231.9242,16.2404,17,4735,1.0468,291.5562,0.5167,0.5296
flow_6502,0x10001966,11,Email,0,auto,129.285,815.0654,263.6321,22860.9499,151.1984,250.0412,148.2308,421.1793,272.9486,0.014824,10.97066,0.67919,1.97376545,1.404908,5,3.6005,6.4875,949.1979,18.8352,27,7118,1.4335,377.9092,0.5319,0.5254
flow_6514,0x10001972,11,Email,0,auto,136.882,890.9804,302.4648,14254.2651,119.3912,258.0925,104.5972,407.4168,302.8196,0.023719,11.810876,0.65697,2.06864596,1.438279,6,2.8632,10.2842,866.0214,25.397,38,11493,1.4962,452.5332,0.386,0.4679
flow_6526,0x1000197e,11,Email,0,auto,104.9793,950.2296,227.6251,12386.4957,111.2946,228.6261,127.8804,485.6226,357.7422,0.043041,11.022668,0.779721,0.98605086,0.993001,3,2.2101,12.8539,503.0707,10.1618,15,3414,1.4761,335.9637,0.549,0.6084
flow_6538,0x1000198a,11,Email,0,auto,104.9734,919.7078,406.4883,29262.1962,171.062,240.7312,131.9462,503.3251,371.3789,0.016871,11.205123,0.321063,1.3149235,1.146701,14,2.082,9.8611,846.3173,23.2508,72,29267,3.0967,1258.7531,0.5047,0.5003
flow_6550,0x10001996,11,Email,0,auto,122.8226,885.1241,277.8904,25125.7345,158.511,269.592,159.2006,517.5467,358.3461,0.040504,6.257734,0.767483,0.46852163,0.684486,7,3.9476,12.0341,1097.0134,24.5812,32,8892,1.3018,361.7398,0.3807,0.6292
flow_6562,0x100019a2,11,Email,0,auto,114.8734,714.4924,329.3785,26333.6903,162.2766,228.1577,152.4524,513.7385,361.2861,0.043032,11.633995,0.742373,3.18953189,1.785926,5,2.9652,7.2365,976.6612,25.4514,34,11198,1.3359,439.9759,0.5755,0.4616
flow_6574,0x100019ae,11,Email,0,auto,110.2927,723.3426,282.8127,33389.4377,182.7278,291.5377,128.2527,449.877,321.6243,0.036358,10.334254,0.70573,1.45598227,1.206641,8,2.0786,8.0153,587.8616,21.397,30,8484,1.4021,396.5036,0.6148,0.5472
flow_6586,0x100019ba,11,Email,0,auto,112.0472,1134.6516,332.1743,11638.4108,107.8815,210.7482,120.3563,441.8292,321.4729,0.031283,3.378985,0.588515,1.96363572,1.401298,4,3.8512,10.1772,1279.2857,8.3991,15,4982,1.7859,593.1582,0.5395,0.5569
flow_6598,0x100019c6,11,Email,0,auto,127.4124,1015.0699,409.0673,16261.7671,127.5216,288.7367,127.5481,373.3014,245.7533,0.038288,9.742245,0.764658,1.2184239,1.103822,4,3.0751,12.386,1257.9362,17.7462,23,9408,1.2961,530.1428,0.4775,0.413
flow_6610,0x100019d2,11,Email,0,auto,90.6379,821.6889,230.4187,55625.1567,235.8499,243.7474,108.9767,534.4641,425.4873,0.031007,9.621842,0.412264,1.90546874,1.380387,17,2.0694,11.8458,476.8388,28.6434,69,15898,2.4089,555.0309,0.52,0.5521
flow_6622,0x100019de,11,Email,0,auto,91.9586,1044.3974,264.8637,11353.7564,106.554,285.398,151.6387,486.1952,334.5565,0.017214,2.774666,0.346774,2.03025727,1.424871,6,2.8545,5.515,756.0632,10.6666,30,7945,2.8125,744.8459,0.5561,0.6246
flow_6634,0x100019ea,11,Email,0,auto,96.2263,1077.7722,338.5839,37533.6369,193.736,198.6689,152.397,449.4989,297.1019,0.044125,7.584729,0.299145,1.29925621,1.139849,12,4.7102,8.2627,1594.7899,25.3221,84,28441,3.3173,1123.1696,0.4354,0.3807
flow_6646,0x100019f6,11,Email,0,auto,85.2557,736.743,320.4758,17209.9949,131.1869,168.0557,117.9187,359.6554,241.7366,0.035345,8.60833,0.319045,2.17014218,1.47314,19,2.9808,13.3779,955.2817,25.7011,80,25638,3.1127,997.5439,0.5814,0.5345
flow_6658,0x10001a02,11,Email,0,auto,117.9769,821.444,360.1652,56230.285,237.1293,201.7724,108.1263,457.5506,349.4243,0.0177,11.760899,0.776769,1.48639852,1.219179,6,4.1504,8.0672,1494.8333,22.9242,29,10444,1.265,455.5884,0.5739,0.3761
flow_6670,0x10001a0e,11,Email,0,auto,94.201,859.0911,392.8403,34337.9244,185.3049,173.0656,148.4309,426.3997,277.9688,0.015499,6.776658,0.288629,0.47827194,0.691572,9,2.1961,8.8057,862.701,16.5224,57,22391,3.4499,1355.1906,0.5177,0.6131
flow_6682,0x10001a1a,11,Email,0,auto,126.4933,1061.595,220.6727,20212.9495,142.1723,211.0332,104.4693,448.2437,343.7744,0.017524,2.637679,0.273338,1.90843054,1.38146,27,2.5286,10.0925,557.9844,26.1831,95,20963,3.6283,800.6319,0.4719,0.4543
flow_6694,0x10001a26,11,Email,0,auto,105.7931,741.9993,347.6623,33276.2416,182.4178,181.2209,133.3513,532.3471,398.9958,0.030158,7.495734,0.380314,2.15124766,1.466713,6,4.5688,9.1991,1588.3908,12.5629,33,11472,2.6268,913.1638,0.4499,0.6071
flow_6706,0x10001a32,11,Email,0,auto,84.5471,738.8488,230.0656,57238.9703,239.2467,260.3839,130.2545,410.0618,279.8073,0.054378,5.451971,0.933477,1.719668,1.311361,4,4.1115,6.2692,945.9162,14.6866,15,3450,1.0213,234.908,0.4627,0.6458
flow_6718,0x10001a3e,11,Email,0,auto,107.7422,824.2771,324.5888,23638.9837,153.7497,180.0643,158.3645,478.6387,320.2742,0.019695,4.764866,0.874731,0.69640715,0.83451,4,3.531,5.925,1146.1218,22.0637,25,8114,1.1331,367.7535,0.6077,0.3733
flow_6730,0x10001a4a,11,Email,0,auto,122.5793,1134.0407,419.3889,26900.3149,164.0132,195.5501,128.6992,540.6816,411.9824,0.038381,9.364878,0.270347,0.42087281,0.648747,18,2.5046,7.9456,1050.3897,26.9771,99,41519,3.6698,1539.0469,0.5464,0.3628
flow_6742,0x10001a56,11,Email,0,auto,121.1132,856.6261,385.8038,21691.0937,147.279,287.1465,144.9052,528.2141,383.3089,0.041716,11.381163,0.859069,0.37630648,0.613438,7,3.9592,9.8718,1527.48,29.6632,34,13117,1.1462,442.1981,0.5086,0.4566
flow_6754,0x10001a62,11,Email,0,auto,89.9458,694.0509,336.3207,54244.0171,232.9035,236.0877,147.9569,455.4425,307.4856,0.034851,10.397714,0.426355,0.61116269,0.781769,4,2.6605,5.8773,894.7895,10.3293,24,8071,2.3235,781.3723,0.5971,0.3521
flow_6766,0x10001a6e,11,Email,0,auto,131.337,1011.9253,399.7523,55310.4182,235.1817,211.6459,128.818,378.9522,250.1342,0.010363,10.421801,0.873302,0.56808157,0.753712,4,2.9756,13.3389,1189.5113,11.1684,15,5996,1.3431,536.8721,0.4831,0.5385
flow_6778,0x10001a7a,11,Email,0,auto,124.6706,682.8755,315.7486,13090.292,114.4128,259.5524,123.0255,548.762,425.7366,0.04577,11.48032,0.938341,2.5894217,1.609168,4,3.568,7.4004,1126.5787,22.3855,23,7262,1.0275,324.4065,0.5629,0.4394
flow_6790,0x10001a86,11,Email,0,auto,112.4321,849.2767,225.7769,40904.4348,202.2484,172.5949,110.1171,428.4522,318.3351,0.050449,11.780494,0.704376,2.07061415,1.438963,6,3.1139,13.5463,703.0491,14.6935,20,4515,1.3611,307.2792,0.449,0.6361
flow_6802,0x10001a92,11,Email,0,auto,103.7636,1163.3735,228.4241,26505.5787,162.8053,275.0689,139.3718,522.8572,383.4853,0.05812,9.821976,0.544218,0.69487323,0.833591,8,2.0801,10.92,475.152,14.6217,26,5939,1.7782,406.1783,0.5911,0.4561
flow_6814,0x10001a9e,11,Email,0,auto,136.1835,940.341,343.8824,39967.2738,199.9182,210.435,117.7838,388.8608,271.077,0.010692,4.701492,0.569216,1.38009102,1.174773,8,3.6078,6.9478,1240.6712,29.2972,51,17538,1.7408,598.6235,0.4432,0.3984
flow_6826,0x10001aaa,11,Email,0,auto,130.2541,704.2458,396.8386,11560.2298,107.5185,276.9645,116.3789,361.9503,245.5714,0.021232,4.822337,0.52475,1.10484306,1.051115,4,4.1901,7.4314,1662.8062,14.5916,27,10714,1.8504,734.2581,0.4532,0.5906
flow_6838,0x10001ab6,11,Email,0,auto,95.9109,838.396,240.4085,56906.1305,238.5501,207.558,159.2565,500.9189,341.6624,0.016776,4.509772,0.577716,2.10806174,1.451917,6,4.1228,8.3106,991.166,21.4724,37,8895,1.7231,414.2521,0.529,0.6304
flow_6850,0x10001ac2,11,Email,0,auto,80.2667,920.2792,257.0584,16926.8682,130.1033,225.6681,111.7195,372.2265,260.507,0.012095,7.026384,0.890222,2.14678639,1.465192,6,3.8389,10.6365,986.8331,21.1049,23,5912,1.0898,280.1244,0.3979,0.5619
flow_6862,0x10001ace,11,Email,0,auto,122.5851,945.9817,382.0361,32484.2528,180.2339,287.3613,100.86,458.1967,357.3367,0.048163,10.404136,0.578082,0.87348703,0.934605,4,4.74,9.9406,1810.8576,12.9068,22,8404,1.7045,651.13,0.5548,0.4783
flow_6874,0x10001ada,11,Email,0,auto,115.7606,779.0886,276.8953,25707.2982,160.335,228.2857,147.394,477.1009,329.7069,0.051873,9.040953,0.408644,2.56092203,1.600288,6,2.7211,9.6446,753.4525,13.0967,32,8860,2.4434,676.5077,0.4725,0.5055
flow_6886,0x10001ae6,11,Email,0,auto,110.8701,801.5377,288.8793,13204.1927,114.9095,209.271,146.7731,462.5121,315.7389,0.033917,10.402938,0.716523,1.24143486,1.114197,2,2.6911,11.6947,777.4156,11.5509,16,4622,1.3852,400.1403,0.385,0.5839
flow_6898,0x10001af2,11,Email,0,auto,103.4408,1147.1576,391.0022,39665.4614,199.1619,241.8744,122.7371,425.3006,302.5636,0.048601,5.880042,0.901595,0.37417804,0.611701,4,3.5378,12.9251,1383.299,25.9347,28,10948,1.0796,422.1369,0.3902,0.4924
flow_6910,0x10001afe,11,Email,0,auto,109.7321,745.7157,330.0269,11243.621,106.0359,291.7162,108.1415,412.9774,304.8359,0.017078,5.339438,0.314839,2.87597874,1.695871,9,3.769,6.769,1243.8747,15.6008,49,16171,3.1409,1036.5471,0.6149,0.6171
flow_6922,0x10001b0a,11,Email,0,auto,89.6741,857.869,313.5838,15143.2271,123.0578,211.8029,109.9516,453.0122,343.0607,0.050853,4.691122,0.890251,0.55847207,0.74731,4,3.678,11.1088,1153.3631,29.1749,32,10034,1.0968,343.9257,0.5678,0.409
flow_6934,0x10001b16,11,Email,0,auto,125.4519,682.8611,348.7572,23267.1304,152.5357,230.3172,153.2104,439.6404,286.43,0.020234,7.372416,0.665715,0.7492168,0.865573,2,2.9257,10.8772,1020.3746,11.0569,16,5580,1.4471,504.6611,0.4535,0.4141
flow_6946,0x10001b22,11,Email,0,auto,104.3468,1082.6859,253.9404,11565.5647,107.5433,270.6814,129.7295,366.9437,237.2141,0.014727,7.116073,0.777721,0.38546211,0.620856,5,3.4848,13.8544,884.9229,16.4724,21,5332,1.2749,323.6922,0.4675,0.5179
flow_6958,0x10001b2e,11,Email,0,auto,87.871,917.4946,383.8375,27735.5894,166.5401,298.5817,138.2131,458.1751,319.962,0.03531,3.246705,0.936972,2.68847186,1.639656,2,2.5012,5.6404,960.0734,11.3884,15,5757,1.3171,505.5145,0.4929,0.4171
flow_6970,0x10001b3a,11,Email,0,auto,81.0551,957.4584,222.6042,54335.6019,233.1,229.4313,132.9818,415.7459,282.764,0.026235,9.388328,0.555784,0.49321602,0.702293,10,4.0104,8.3624,892.7421,20.0666,36,8013,1.794,399.3195,0.3805,0.4552
flow_6982,0x10001b46,11,Email,0,auto,129.5817,938.7469,230.7832,51896.5912,227.8082,262.9542,104.9311,467.4843,362.5532,0.017047,3.648163,0.612646,2.52627856,1.589427,8,2.6166,8.3089,603.8703,21.4344,34,7846,1.5862,366.0474,0.4842,0.6086
flow_6994,0x10001b52,11,Email,0,auto,86.1036,642.1763,276.7149,24519.8534,156.5882,187.6864,101.9908,503.7077,401.7169,0.049956,6.423506,0.689268,0.46497234,0.681889,5,2.1565,11.8883,596.7462,14.2522,20,5534,1.4033,388.2912,0.5022,0.4816
flow_7006,0x10001b5e,11,Email,0,auto,101.1042,737.0965,401.3628,53051.4256,230.329,162.3918,149.3727,514.5441,365.1714,0.027014,11.197358,0.639985,1.27962077,1.131203,5,4.9958,7.6717,2005.1275,11.7381,18,7224,1.5335,615.4335,0.5152,0.414
flow_7018,0x10001b6a,11,Email,0,auto,125.7414,648.762,374.6613,49147.6641,221.6927,168.8107,129.2264,519.3762,390.1498,0.040578,4.576521,0.385882,0.87389748,0.934825,9,3.7718,9.6082,1413.1644,20.8702,54,20231,2.5874,969.3725,0.4698,0.3737
flow_7030,0x10001b76,11,Email,0,auto,127.4434,1134.0917,299.8256,17873.3786,133.6914,196.9298,154.6548,428.6707,274.0159,0.046585,8.39884,0.592258,0.88601728,0.941285,8,2.4039,9.0277,720.7367,24.015,40,11993,1.6656,499.3968,0.5952,0.4974
flow_7042,0x10001b82,11,Email,0,auto,128.4919,789.3602,303.3527,8359.8053,91.432,166.8519,134.9017,521.5334,386.6317,0.032415,10.955756,0.281034,2.80455805,1.674681,16,2.3013,7.1303,698.0948,20.883,74,22448,3.5436,1074.9413,0.5786,0.6453
flow_7054,0x10001b8e,11,Email,0,auto,125.7979,1133.1528,361.0937,30207.4442,173.8029,176.5302,112.6138,500.7221,388.1082,0.04027,2.63838,0.689154,1.25311843,1.119428,8,3.5119,10.5926,1268.1103,26.3298,38,13721,1.4432,521.1209,0.5296,0.6352
flow_7066,0x10001b9a,11,Email,0,auto,87.603,850.7628,278.6605,17102.6276,130.777,199.0925,105.7489,374.2453,268.4964,0.056351,9.91171,0.368607,1.56624122,1.251496,15,2.2133,9.294,616.7697,24.7863,67,18670,2.7031,753.2385,0.5891,0.4363
flow_7078,0x10001ba6,11,Email,0,auto,125.0455,980.1987,359.485,31003.3882,176.0778,297.0741,107.1171,480.8883,373.7712,0.025019,11.446767,0.489496,0.54716207,0.739704,6,3.5287,6.399,1268.5208,23.2427,47,16895,2.0221,726.8953,0.4314,0.6447
flow_7090,0x10001bb2,11,Email,0,auto,121.6666,1020.3692,306.795,53774.7897,231.8939,278.091,112.7692,486.7279,373.9587,0.043048,9.909209,0.359546,1.56352903,1.250412,14,4.3236,5.2759,1326.4639,18.6692,51,15646,2.7318,838.0644,0.3993,0.5638
flow_7102,0x10001bbe,11,Email,0,auto,107.166,1068.7671,290.8422,19311.5927,138.9662,298.046,132.7516,496.7048,363.9531,0.042128,8.419475,0.623502,0.73649863,0.858195,3,3.8815,11.6632,1128.9014,13.8285,22,6398,1.5909,462.6675,0.6065,0.4192
flow_7114,0x10001bca,11,Email,0,auto,83.4424,646.8876,310.6945,39212.9245,198.0225,179.9589,144.4636,383.7469,239.2833,0.038787,5.53607,0.330534,2.24645983,1.498819,11,3.4122,7.1588,1060.1522,18.9108,57,17709,3.0141,936.4479,0.4702,0.5267
flow_7126,0x10001bd6,11,Email,0,auto,95.8614,950.6623,389.5132,10715.2153,103.5143,213.236,116.6643,471.6133,354.9491,0.049323,8.743759,0.400494,1.85341309,1.361401,13,3.6478,6.1677,1420.8602,24.8695,62,24149,2.493,971.0276,0.4562,0.5465
flow_7138,0x10001be2,11,Email,0,auto,119.0946,808.3379,233.7471,44003.5855,209.7703,277.5236,120.959,474.8001,353.8411,0.053934,10.436347,0.78606,0.68131332,0.825417,6,3.2837,10.1257,767.5445,16.1142,20,4674,1.2411,290.0548,0.5744,0.3846
flow_7150,0x10001bee,11,Email,0,auto,80.9093,763.5623,238.0016,57364.2686,239.5084,215.8916,155.5175,465.7013,310.1838,0.053051,4.817974,0.328138,0.56961225,0.754727,15,2.8162,11.5063,670.27,24.4865,74,17612,3.0221,719.2546,0.4425,0.609
flow_7162,0x10001bfa,11,Email,0,auto,103.7672,1148.9829,354.301,17505.9099,132.3099,261.7742,144.4089,529.7039,385.295,0.023153,3.473299,0.659133,1.88237383,1.371996,8,2.2719,10.404,804.9397,21.2756,32,11337,1.5041,532.8635,0.52,0.5098
flow_7174,0x10001c06,11,Email,0,auto,139.3179,659.2464,224.7502,9628.6573,98.1257,203.3761,150.4185,455.2551,304.8366,0.024439,4.752388,0.289974,2.92050912,1.70895,10,2.5373,13.3998,570.2609,19.6252,67,15058,3.414,767.2778,0.4359,0.3995
flow_7186,0x10001c12,11,Email,0,auto,110.1184,1034.47,360.284,10753.682,103.7,271.6081,114.1103,386.7741,272.6639,0.010773,5.111943,0.496758,1.15570715,1.075038,7,3.155,10.5298,1136.6828,19.2051,38,13690,1.9786,712.8323,0.5828,0.3671
flow_7198,0x10001c1e,11,Email,0,auto,93.9941,844.3369,255.7872,9471.398,97.3211,172.0207,124.7549,361.7557,237.0008,0.025452,8.317226,0.693477,0.69272175,0.832299,11,4.285,12.2317,1096.0588,27.1349,39,9975,1.4373,367.608,0.4198,0.5366
flow_7210,0x10001c2a,11,Email,0,auto,86.2111,992.4669,355.7299,16090.4656,126.8482,199.6686,134.7124,540.591,405.8786,0.020552,10.71679,0.442645,1.88623545,1.373403,5,4.2401,12.6531,1508.33,15.2538,34,12094,2.229,792.8508,0.6034,0.3844
flow_7222,0x10001c36,11,Email,0,auto,116.6828,984.4124,290.789,8908.9919,94.3875,235.9377,125.7527,414.6478,288.8951,0.028211,10.586087,0.361613,2.6093555,1.61535,4,3.1054,6.405,903.0144,9.4172,26,7560,2.7609,802.7862,0.442,0.5271
flow_7234,0x10001c42,11,Email,0,auto,101.7747,935.5436,320.348,18076.3024,134.4481,232.95,142.6438,451.6811,309.0372,0.051706,10.858016,0.53939,2.29275081,1.514183,8,3.416,11.3608,1094.3164,28.2167,52,16658,1.8429,590.3597,0.4808,0.4474
flow_7246,0x10001c4e,11,Email,0,auto,138.724,629.8872,408.8557,20936.3916,144.6941,267.9061,139.5566,421.0161,281.4595,0.051764,3.327806,0.412183,2.39313778,1.546977,13,3.9214,8.6581,1603.2879,19.3789,47,19216,2.4253,991.5953,0.3961,0.3648
flow_7258,0x10001c5a,11,Email,0,auto,117.5708,765.7254,295.8421,9923.917,99.6189,188.0588,128.8323,452.8749,324.0426,0.022005,10.497634,0.926457,2.32720582,1.525518,3,2.5191,11.3399,745.2508,8.0437,15,4437,1.8648,551.6138,0.4021,0.3933
flow_7270,0x10001c66,11,Email,0,auto,134.4143,1163.4954,292.0745,30740.8665,175.3307,201.188,157.442,420.6433,263.2013,0.057023,3.979991,0.469177,0.4264401,0.653024,12,2.4697,8.3824,721.3423,18.3361,39,11390,2.1269,621.1782,0.6039,0.413
flow_7282,0x10001c72,11,Email,0,auto,102.8838,648.9434,311.3062,11594.4021,107.6773,225.8881,148.9268,529.372,380.4451,0.040865,6.061633,0.567294,0.8882675,0.942479,2,2.8858,8.0755,898.3662,8.6293,15,4669,1.7383,541.066,0.5246,0.5368
flow_7294,0x10001c7e,11,Email,0,auto,124.6216,1082.4054,320.242,25648.0314,160.15,283.7542,117.7491,355.2485,237.4994,0.01506,6.870384,0.324145,3.23994676,1.799985,18,3.0041,8.7005,962.0359,25.3435,78,24978,3.0777,985.5778,0.399,0.4186
flow_7306,0x10001c8a,11,Email,0,auto,100.3077,780.6645,327.9023,31352.7041,177.0669,223.1306,132.7393,418.7539,286.0146,0.052285,7.779257,0.506458,2.6350803,1.623293,8,2.2283,7.4856,730.6566,24.5565,48,15739,1.9547,640.9302,0.4865,0.3837
flow_7318,0x10001c96,11,Email,0,auto,102.7028,1045.0741,229.1171,16703.2623,129.2411,206.217,101.3566,396.9505,295.5938,0.04392,4.1354,0.77421,3.18259556,1.783983,6,3.7751,8.0673,864.9444,19.0917,24,5498,1.2571,287.9778,0.3869,0.5017
flow_7330,0x10001ca2,11,Email,0,auto,88.4967,1078.8339,225.5769,8312.7798,91.1744,261.7705,151.9211,409.7706,257.8495,0.040357,10.796572,0.606319,3.00371363,1.733123,3,3.8074,5.8621,858.8525,9.5724,15,3383,1.567,353.4134,0.3865,0.3548
flow_7342,0x10001cae,11,Email,0,auto,111.6887,1081.2263,396.0047,48605.3598,220.4662,175.2055,115.0084,506.7844,391.776,0.042988,6.275852,0.949789,1.02794406,1.013876,5,3.3902,6.3165,1342.5217,26.2462,27,10692,1.0287,407.3735,0.609,0.5147
flow_7354,0x10001cba,11,Email,0,auto,131.5992,832.8276,367.2836,50554.4341,224.8431,252.5699,113.7506,367.2313,253.4807,0.020234,4.966623,0.746043,2.63602804,1.623585,2,2.2496,10.2279,826.2229,9.9149,15,5509,1.5129,555.63,0.5192,0.5977
flow_7366,0x10001cc6,11,Email,0,auto,119.496,1049.121,307.8122,41295.5173,203.213,253.9378,117.7083,391.4208,273.7125,0.036036,5.364742,0.666008,3.19135587,1.786437,3,2.5409,5.0548,782.1271,11.9059,17,5232,1.4279,439.4451,0.616,0.5803
flow_7378,0x10001cd2,11,Email,0,auto,86.0615,886.7981,342.3879,50049.4322,223.7173,165.4074,103.4614,462.8324,359.371,0.047981,4.851469,0.536933,1.14746175,1.071196,9,2.3241,13.3116,795.743,23.8432,44,15065,1.8454,631.8362,0.5677,0.4091
flow_7390,0x10001cde,11,Email,0,auto,120.5687,1140.6107,410.8885,16567.2261,128.7137,235.8804,137.3667,394.4491,257.0824,0.019243,4.362093,0.642825,3.18363972,1.784276,2,2.0296,11.4244,833.9515,12.0976,18,7395,1.4879,611.2791,0.4886,0.3549
flow_7402,0x10001cea,11,Email,0,auto,131.9788,772.473,400.5342,36370.9544,190.7117,237.0788,128.3719,486.9665,358.5946,0.044347,4.911354,0.38599,1.21520443,1.102363,9,2.8814,5.8249,1154.0831,23.7442,61,24432,2.569,1028.9663,0.4637,0.5946
flow_7414,0x10001cf6,11,Email,0,auto,96.98,1081.1588,387.607,9631.1993,98.1387,205.431,130.955,509.5272,378.5723,0.016016,6.279843,0.857386,2.26516293,1.505046,2,4.1402,11.4908,1604.7812,9.5486,15,5814,1.5709,608.8882,0.5231,0.4635
flow_7426,0x10001d02,11,Email,0,auto,110.1734,612.5968,273.2093,42426.8867,205.9779,282.8417,145.8776,444.1015,298.2239,0.040309,6.117671,0.654573,0.79338769,0.890723,9,3.4277,11.9445,936.4919,26.2501,40,10928,1.5238,416.3039,0.5989,0.3928
flow_7438,0x10001d0e,11,Email,0,auto,111.5598,1000.2483,365.1853,36658.5632,191.4643,219.7482,126.7654,520.7377,393.9723,0.039886,6.905721,0.342153,1.12677787,1.061498,7,3.2025,5.2834,1169.5095,18.5346,54,19720,2.9135,1063.9581,0.4161,0.4128
flow_7450,0x10001d1a,11,Email,0,auto,80.8708,878.3991,352.3888,30730.5608,175.3013,220.3203,144.994,377.0442,232.0502,0.05557,8.325586,0.872867,3.082657,1.75575,7,2.243,12.3694,790.4084,20.9756,24,8457,1.1442,403.1835,0.5371,0.4967
flow_7462,0x10001d26,11,Email,0,auto,102.2958,665.0677,339.0084,11894.7656,109.0631,255.9336,116.1733,378.5464,262.3731,0.021704,5.394138,0.297626,1.49871913,1.224222,17,4.279,7.9715,1450.6177,29.8933,100,33900,3.3452,1134.0315,0.4727,0.3543
flow_7474,0x10001d32,11,Email,0,auto,86.5421,1015.7523,245.2519,15253.2746,123.5041,281.6173,126.8905,482.3821,355.4916,0.029406,8.635041,0.836992,1.49075498,1.220965,7,2.6942,10.6391,660.7642,21.4873,25,6131,1.1635,285.3309,0.3901,0.5089
flow_7486,0x10001d3e,11,Email,0,auto,131.5803,696.6765,258.4764,48195.1899,219.534,208.004,110.0091,363.2232,253.2141,0.030785,7.766274,0.519651,1.77003063,1.330425,11,2.4518,11.2898,633.7301,23.6659,45,11631,1.9015,491.4673,0.532,0.5799
flow_7498,0x10001d4a,11,Email,0,auto,80.822,1169.4235,261.2242,12743.7041,112.888,177.22,145.3517,543.6637,398.312,0.045025,10.945521,0.492893,0.6083675,0.779979,10,3.1816,12.7567,831.1013,22.1134,44,11493,1.9897,519.7308,0.4744,0.3581
flow_7510,0x10001d56,11,Email,0,auto,106.2545,637.1435,285.1768,55628.0664,235.856,280.9202,148.3531,512.7785,364.4253,0.034391,7.604545,0.881684,0.46198374,0.679694,5,2.9898,6.9321,852.6084,16.2152,18,5133,1.1101,316.555,0.5103,0.5612
flow_7522,0x10001d62,11,Email,0,auto,124.8007,647.125,404.9184,25155.1723,158.6038,216.1074,134.6536,427.8232,293.1696,0.024524,3.025506,0.553773,0.966892,0.983307,13,2.1322,9.1642,863.3647,24.7479,44,17816,1.7779,719.8997,0.5314,0.4538
flow_7534,0x10001d6e,11,Email,0,auto,104.5432,962.7411,355.7952,44301.5582,210.4794,253.0088,149.6996,492.203,342.5034,0.051627,6.471545,0.795848,2.87816578,1.696516,2,2.2727,9.8478,808.6086,9.6623,15,5336,1.5524,552.2495,0.4007,0.5456
flow_7546,0x10001d7a,11,Email,0,auto,114.6949,1055.4729,328.4257,21146.4521,145.4182,286.5223,122.3022,466.0472,343.745,0.056044,10.336233,0.474551,1.3529115,1.163147,6,2.182,12.6778,716.6166,18.3444,38,12480,2.0715,680.3177,0.5364,0.5454
flow_7558,0x10001d86,11,Email,0,auto,104.8755,908.0666,317.5065,47597.0645,218.1675,175.8776,148.0106,370.9952,222.9847,0.029483,9.356561,0.593953,0.44815065,0.669441,2,3.0631,11.1205,972.5699,10.404,17,5397,1.634,518.7414,0.395,0.6335
flow_7570,0x10001d92,11,Email,0,auto,100.9629,790.7695,255.6387,19381.5181,139.2175,271.0487,158.9755,350.3396,191.3641,0.018076,8.619574,0.621217,3.04372112,1.744626,6,2.1015,8.9075,537.2162,13.4681,21,5368,1.5592,398.5701,0.4455,0.4462
flow_7582,0x10001d9e,11,Email,0,auto,130.3535,1017.3186,270.1867,13975.3579,118.2174,246.8281,102.8699,367.8098,264.9399,0.037181,2.833189,0.275076,0.55766922,0.746773,9,3.9785,5.2503,1074.9392,11.6768,42,11347,3.5969,971.7594,0.4348,0.5579
flow_7594,0x10001daa,11,Email,0,auto,135.0704,688.1125,402.5556,10534.738,102.6389,181.6927,142.714,494.4625,351.7485,0.057556,10.591286,0.892942,0.6512823,0.807021,6,2.7852,12.6834,1121.1874,22.1849,24,9661,1.0818,435.4767,0.4068,0.4282
flow_7606,0x10001db6,11,Email,0,auto,114.8929,791.2039,399.7014,54554.045,233.5681,297.1554,101.3488,488.8498,387.5009,0.028519,7.04377,0.280935,1.93942357,1.392632,31,3.2348,5.4776,1292.9567,28.6068,101,40369,3.5306,1411.1672,0.5935,0.5758
flow_7618,0x10001dc2,11,Email,0,auto,122.2031,909.6627,412.7928,36461.8366,190.9498,286.2885,129.7058,464.2702,334.5644,0.034631,6.509063,0.797264,1.47215665,1.213325,4,3.7222,9.732,1536.4914,24.9606,31,12796,1.242,512.6488,0.5703,0.5175
flow_7630,0x10001dce,11,Email,0,auto,137.3955,742.6461,333.8999,20971.385,144.815,215.5014,100.139,496.0783,395.9393,0.017382,9.087658,0.300741,1.03759194,1.018623,14,2.4574,12.0465,820.5159,27.0736,90,30050,3.3243,1109.9372,0.5757,0.3886
flow_7642,0x10001dda,11,Email,0,auto,139.3347,620.9945,295.9368,31605.6921,177.7799,227.8257,109.8031,524.6689,414.8658,0.050032,11.460806,0.654736,0.47202775,0.687043,8,4.3397,9.6256,1284.2667,17.7339,27,7990,1.5225,450.5493,0.5234,0.5175
flow_7654,0x10001de6,11,Email,0,auto,129.9549,1047.3172,339.492,39608.1691,199.018,218.1055,151.8747,539.8173,387.9426,0.011165,6.703855,0.344595,0.83168365,0.911967,13,2.4242,11.5191,823.0109,21.8976,63,21387,2.877,976.6831,0.5992,0.3559
flow_7666,0x10001df2,11,Email,0,auto,97.8892,1138.9303,409.1561,34925.144,186.8827,221.7121,132.0976,512.918,380.8204,0.022055,11.232783,0.339587,3.22863472,1.79684,14,2.0352,10.6561,832.7132,21.1274,62,25367,2.9346,1200.6699,0.6089,0.5834
flow_7678,0x10001dfe,11,Email,0,auto,94.9054,772.8406,231.4586,25425.6813,159.4543,297.0049,122.3049,506.5217,384.2168,0.045499,3.819985,0.818024,2.81415176,1.677543,8,2.3778,6.2762,550.3524,28.9554,35,8101,1.2088,279.7753,0.5748,0.4964
flow_7690,0x10001e0a,11,Email,0,auto,117.4892,896.9126,415.219,18505.0194,136.0332,212.1986,103.6216,426.9064,323.2848,0.042989,7.826534,0.549317,2.43617149,1.560824,2,4.958,9.5569,2058.6462,8.9116,16,6643,1.7954,745.4291,0.426,0.5775
flow_7702,0x10001e16,11,Email,0,auto,139.6907,607.8123,343.6109,24977.74,158.0435,160.5653,122.3401,540.1888,417.8487,0.013413,7.716317,0.702325,2.83423238,1.683518,3,3.7651,12.5657,1293.7286,13.7861,19,6528,1.3782,473.5197,0.5613,0.5211
flow_7714,0x10001e22,11,Email,0,auto,132.5053,658.5393,251.3579,23186.3623,152.2707,204.3135,131.6849,354.1782,222.4933,0.057989,4.181687,0.81344,3.04059041,1.743729,2,4.639,13.6362,1166.0416,13.0818,16,4021,1.2231,307.373,0.5237,0.4976
flow_7726,0x10001e2e,11,Email,0,auto,122.7092,602.5396,408.1515,10678.2376,103.3356,222.0517,145.1531,460.5527,315.3996,0.038535,6.453558,0.507109,0.45748896,0.676379,8,3.3263,10.2365,1357.6183,17.3973,34,13877,1.9543,797.6538,0.5637,0.6126
flow_7738,0x10001e3a,11,Email,0,auto,129.0108,760.8987,391.6245,39295.4714,198.2309,161.5325,158.6664,521.7844,363.118,0.032782,8.831392,0.653326,3.19194505,1.786602,3,3.4079,6.259,1334.6261,9.531,15,5874,1.5738,616.3054,0.4569,0.6225
flow_7750,0x10001e46,11,Email,0,auto,137.6342,743.7267,221.775,30795.9227,175.4877,219.0508,110.1237,361.3436,251.2199,0.026352,3.960417,0.767292,0.43792597,0.66176,6,2.451,12.509,543.5669,22.651,29,6431,1.2803,283.9163,0.5998,0.4305
flow_7762,0x10001e52,11,Email,0,auto,111.9944,879.7941,305.7368,11896.6164,109.0716,256.2731,141.1064,457.4553,316.3489,0.01518,10.830794,0.91705,0.51656914,0.718727,2,3.6442,5.9696,1114.156,11.801,15,4586,1.2711,388.6124,0.4863,0.4319
flow_7774,0x10001e5e,11,Email,0,auto,83.8675,851.3857,304.3046,16313.7454,127.7253,240.5852,100.8924,446.5571,345.6647,0.01804,5.91932,0.389574,1.98250208,1.408014,16,3.3633,5.2071,1023.4659,27.7684,71,21605,2.5569,778.0427,0.4645,0.5847
flow_7786,0x10001e6a,11,Email,0,auto,118.9176,1025.0486,408.9219,8558.5379,92.5124,273.3102,142.9338,429.9924,287.0585,0.052514,4.333949,0.674521,1.00191921,1.000959,3,2.8518,10.6928,1166.1585,11.3645,16,6542,1.4079,575.6504,0.38,0.3509
flow_7798,0x10001e76,11,Email,0,auto,134.2886,939.5455,389.3834,26570.4549,163.0045,297.1457,128.0307,387.0447,259.0139,0.042923,11.636219,0.470954,0.99908443,0.999542,7,3.2497,10.4412,1265.3785,24.8144,52,20247,2.0956,815.9362,0.4071,0.4823
flow_7810,0x10001e82,11,Email,0,auto,88.9828,960.4185,356.1646,53765.6166,231.8741,229.1525,104.9752,384.3944,279.4192,0.022371,4.999888,0.316393,0.54012026,0.734929,10,4.5911,11.3316,1635.191,11.8937,37,13178,3.1109,1107.9789,0.5337,0.5315
flow_7822,0x10001e8e,11,Email,0,auto,105.7534,877.1702,269.2129,33980.2792,184.3374,286.6623,125.008,401.4922,276.4842,0.038542,6.426145,0.709417,3.09640228,1.75966,4,3.098,11.8982,834.0279,19.6717,27,7268,1.3725,369.4644,0.4419,0.637
flow_7834,0x10001e9a,11,Email,0,auto,95.8109,782.2202,279.2165,21774.3063,147.5612,227.323,101.0992,403.1045,302.0053,0.058428,8.8816,0.307078,1.2436272,1.11518,13,2.6583,13.6854,742.2302,27.3489,89,24850,3.2542,908.6302,0.5076,0.5862
flow_7846,0x10001ea6,11,Email,0,auto,105.7943,1014.5438,351.9355,11323.6568,106.4127,239.2697,144.7355,517.1297,372.3942,0.017563,6.489078,0.705305,1.37093168,1.170868,9,3.6238,5.7228,1275.339,22.5114,31,10910,1.3771,484.6442,0.485,0.5166
flow_7858,0x10001eb2,11,Email,0,auto,102.6627,1133.4037,334.1897,10538.3456,102.6564,189.0711,154.1839,495.1952,341.0113,0.042676,4.73077,0.483543,1.76509158,1.328567,7,4.9294,6.452,1647.3406,24.3211,50,16709,2.0558,687.0154,0.4438,0.5901
flow_7870,0x10001ebe,11,Email,0,auto,97.0554,636.8176,362.3192,44970.8843,212.0634,217.9393,131.1167,448.1247,317.008,0.053049,3.521688,0.548818,1.03630677,1.017992,5,4.768,7.8637,1727.5522,16.2208,29,10507,1.7878,647.7498,0.4416,0.4528
flow_7882,0x10001eca,11,Email,0,auto,80.4087,706.8565,342.224,53363.8962,231.0063,173.0836,131.9071,541.7493,409.8422,0.059163,4.985919,0.746559,0.65256114,0.807813,2,4.5412,13.4064,1554.092,12.8228,17,5817,1.3258,453.6452,0.4115,0.4979
flow_7894,0x10001ed6,11,Email,0,auto,139.3821,1135.5666,320.68,28191.04,167.9019,198.0531,156.0523,506.9168,350.8646,0.042003,3.018997,0.920923,1.71625335,1.310059,4,2.865,12.5225,918.7416,28.8257,31,9941,1.0754,344.8658,0.4113,0.5724
flow_7906,0x10001ee2,11,Email,0,auto,106.8218,729.0591,278.1325,20331.4224,142.5883,237.5406,151.5219,418.8954,267.3734,0.040462,7.821158,0.947499,2.58454124,1.607651,6,3.3265,13.0667,925.2016,26.3399,27,7509,1.0251,285.0804,0.5066,0.4952
flow_7918,0x10001eee,11,Email,0,auto,92.3017,726.9878,419.6001,24949.2516,157.9533,223.0261,142.8998,377.6081,234.7083,0.029776,7.027754,0.613914,1.21777215,1.103527,4,4.9355,11.5386,2070.9255,10.0047,16,6713,1.5992,670.9851,0.3922,0.3739
flow_7930,0x10001efa,11,Email,0,auto,95.4294,751.8198,328.8345,9073.4293,95.2546,262.5629,129.5229,525.8853,396.3624,0.029994,3.209329,0.91406,0.85016997,0.922047,3,3.7122,5.2574,1220.7007,19.845,21,6905,1.0582,347.9473,0.6065,0.4879
flow_7942,0x10001f06,11,Email,0,auto,136.2316,1089.1945,365.3737,55333.9639,235.2317,162.3162,139.5495,471.7873,332.2378,0.044573,5.093971,0.517732,0.93957616,0.969317,7,2.1717,8.6566,793.4869,28.7576,55,20095,1.9125,698.7725,0.4172,0.4374
flow_7954,0x10001f12,11,Email,0,auto,133.1443,625.0764,260.0969,20707.888,143.9024,237.8801,129.9842,495.4859,365.5016,0.025175,9.553426,0.867922,3.0075697,1.734235,2,4.0378,13.4381,1050.2125,12.9097,15,3901,1.1619,302.1749,0.5335,0.5066
flow_7966,0x10001f1e,11,Email,0,auto,130.7978,686.273,280.5629,41696.0293,204.1961,188.8118,117.071,523.8837,406.8126,0.018995,2.612382,0.362592,1.72425363,1.313108,3,2.9705,10.0325,833.4012,9.593,26,7294,2.7103,760.3489,0.5213,0.5218
flow_7978,0x10001f2a,11,Email,0,auto,132.2403,881.8192,375.6881,12069.5813,109.8616,220.049,127.1079,376.4942,249.3863,0.035253,11.372717,0.374999,1.82739384,1.351811,10,2.5738,5.7055,966.9469,21.8805,58,21789,2.6508,995.8165,0.5024,0.4186
flow_7990,0x10001f36,11,Email,0,auto,125.9348,1069.2963,249.8796,33730.3026,183.6581,299.7142,120.1393,357.0929,236.9536,0.052047,8.312954,0.835702,0.45711638,0.676104,6,3.7895,7.3695,946.9123,17.7299,21,5247,1.1844,295.9415,0.6173,0.4695
flow_8002,0x10001f42,11,ICMP,48,auto,104.0,104.0,104.0,0.0295,0.1717,104.0,104.0,104.0,0.0,0.485229,0.514771,0.5,5.455e-05,0.007386,32,1.0,2.0,104.0,32.0153,64,6656,1.999,207.9008,0.5,0.5
flow_8014,0x10001f4e,11,ICMP,48,auto,104.0,104.0,104.0,0.0283,0.1683,104.0,104.0,104.0,0.0,0.490341,0.509659,0.5,2.333e-05,0.00483,10,1.0,2.0,104.0,10.042,20,2080,1.9916,207.1306,0.5,0.5
flow_8026,0x10001f5a,11,ICMP,48,auto,104.0,104.0,104.0,0.3026,0.5501,104.0,104.0,104.0,0.0,0.476414,0.523586,0.5,0.00013908,0.011793,36,1.0,2.0,104.0,36.1161,72,7488,1.9936,207.3314,0.5,0.5
flow_8038,0x10001f66,11,ICMP,48,auto,104.0,104.0,104.0,0.1039,0.3223,104.0,104.0,104.0,0.0,0.485595,0.514405,0.5,5.188e-05,0.007203,20,1.0,2.0,104.0,20.4107,40,4160,1.9598,203.8146,0.5,0.5
flow_8050,0x10001f72,11,ICMP,48,auto,112.0,112.0,112.0,0.3228,0.5682,112.0,112.0,112.0,0.0,0.981515,1.018485,1.0,8.542e-05,0.009242,19,1.0,2.0,112.0,38.7962,38,4256,0.9795,109.7015,0.5,0.5
flow_8062,0x10001f7e,11,ICMP,48,auto,104.0,104.0,104.0,0.237,0.4868,104.0,104.0,104.0,0.0,0.480619,0.519381,0.5,9.39e-05,0.00969,16,1.0,2.0,104.0,16.0324,32,3328,1.996,207.5799,0.5,0.5
flow_8074,0x10001f8a,11,ICMP,48,auto,96.0,96.0,96.0,0.1838,0.4287,96.0,96.0,96.0,0.0,0.485649,0.514351,0.5,5.149e-05,0.007175,27,1.0,2.0,96.0,27.7028,55,5280,1.9854,190.5947,0.5,0.5
flow_8086,0x10001f96,11,ICMP,48,auto,96.0,96.0,96.0,0.0938,0.3062,96.0,96.0,96.0,0.0,0.986351,1.013649,1.0,4.657e-05,0.006824,14,1.0,2.0,96.0,28.4062,28,2688,0.9857,94.6271,0.5,0.5
flow_8098,0x10001fa2,11,ICMP,48,auto,96.0,96.0,96.0,0.5803,0.7618,96.0,96.0,96.0,0.0,0.986653,1.013347,1.0,4.454e-05,0.006673,9,1.0,2.0,96.0,19.1353,19,1824,0.9929,95.3212,0.5,0.5
flow_8110,0x10001fae,11,ICMP,48,auto,96.0,96.0,96.0,0.0885,0.2975,96.0,96.0,96.0,0.0,0.488538,0.511462,0.5,3.285e-05,0.005731,35,1.0,2.0,96.0,35.5474,71,6816,1.9973,191.7438,0.5,0.5
flow_8122,0x10001fba,11,ICMP,48,auto,96.0,96.0,96.0,0.094,0.3065,96.0,96.0,96.0,0.0,0.4924,0.5076,0.5,1.444e-05,0.0038,23,1.0,2.0,96.0,23.6722,47,4512,1.9854,190.6031,0.5,0.5
flow_8134,0x10001fc6,11,ICMP,48,auto,96.0,96.0,96.0,0.1685,0.4105,96.0,96.0,96.0,0.0,0.982483,1.017517,1.0,7.671e-05,0.008758,10,1.0,2.0,96.0,21.3556,21,2016,0.9833,94.4013,0.5,0.5
flow_8146,0x10001fd2,11,ICMP,48,auto,104.0,104.0,104.0,0.3108,0.5575,104.0,104.0,104.0,0.0,0.492702,0.507298,0.5,1.331e-05,0.003649,31,1.0,2.0,104.0,31.2932,62,6448,1.9813,206.0512,0.5,0.5
flow_8158,0x10001fde,11,ICMP,48,auto,104.0,104.0,104.0,0.3799,0.6163,104.0,104.0,104.0,0.0,0.981032,1.018968,1.0,8.994e-05,0.009484,11,1.0,2.0,104.0,22.226,22,2288,0.9898,102.9426,0.5,0.5
flow_8170,0x10001fea,11,ICMP,48,auto,104.0,104.0,104.0,0.0895,0.2991,104.0,104.0,104.0,0.0,0.478043,0.521957,0.5,0.00012053,0.010979,27,1.0,2.0,104.0,27.6056,55,5720,1.9924,207.2045,0.5,0.5
flow_8182,0x10001ff6,11,ICMP,48,auto,112.0,112.0,112.0,0.1382,0.3717,112.0,112.0,112.0,0.0,0.493832,0.506168,0.5,9.51e-06,0.003084,19,1.0,2.0,112.0,19.2663,38,4256,1.9724,220.9037,0.5,0.5
flow_8194,0x10002002,11,ICMP,48,auto,112.0,112.0,112.0,0.0359,0.1896,112.0,112.0,112.0,0.0,0.978053,1.021947,1.0,0.00012042,0.010973,8,1.0,2.0,112.0,16.8189,16,1792,0.9513,106.547,0.5,0.5
flow_8206,0x1000200e,11,ICMP,48,auto,104.0,104.0,104.0,0.1499,0.3872,104.0,104.0,104.0,0.0,0.47495,0.52505,0.5,0.00015687,0.012525,29,1.0,2.0,104.0,29.4911,58,6032,1.9667,204.5361,0.5,0.5
flow_8218,0x1000201a,11,ICMP,48,auto,96.0,96.0,96.0,0.0527,0.2296,96.0,96.0,96.0,0.0,0.493509,0.506491,0.5,1.053e-05,0.003245,10,1.0,2.0,96.0,10.2824,20,1920,1.9451,186.7263,0.5,0.5
flow_8230,0x10002026,11,ICMP,48,auto,112.0,112.0,112.0,0.0814,0.2853,112.0,112.0,112.0,0.0,0.989338,1.010662,1.0,2.842e-05,0.005331,19,1.0,2.0,112.0,38.624,38,4256,0.9838,110.1905,0.5,0.5
flow_8242,0x10002032,11,ICMP,48,auto,104.0,104.0,104.0,0.4771,0.6907,104.0,104.0,104.0,0.0,0.477324,0.522676,0.5,0.00012855,0.011338,32,1.0,2.0,104.0,32.6908,65,6760,1.9883,206.7861,0.5,0.5
flow_8254,0x1000203e,11,ICMP,48,auto,112.0,112.0,112.0,0.0108,0.1038,112.0,112.0,112.0,0.0,0.986275,1.013725,1.0,4.709e-05,0.006863,13,1.0,2.0,112.0,27.1651,27,3024,0.9939,111.3191,0.5,0.5
flow_8266,0x1000204a,11,ICMP,48,auto,96.0,96.0,96.0,0.2562,0.5062,96.0,96.0,96.0,0.0,0.99498,1.00502,1.0,6.3e-06,0.00251,16,1.0,2.0,96.0,33.7273,33,3168,0.9784,93.9297,0.5,0.5
flow_8278,0x10002056,11,ICMP,48,auto,104.0,104.0,104.0,0.3143,0.5606,104.0,104.0,104.0,0.0,0.976157,1.023843,1.0,0.00014213,0.011922,9,1.0,2.0,104.0,19.0126,19,1976,0.9993,103.9313,0.5,0.5
flow_8290,0x10002062,11,ICMP,48,auto,112.0,112.0,112.0,0.1897,0.4355,112.0,112.0,112.0,0.0,0.478751,0.521249,0.5,0.00011288,0.010625,34,1.0,2.0,112.0,34.7109,69,7728,1.9878,222.6392,0.5,0.5
flow_8302,0x1000206e,11,ICMP,48,auto,112.0,112.0,112.0,0.5314,0.729,112.0,112.0,112.0,0.0,0.990322,1.009678,1.0,2.342e-05,0.004839,14,1.0,2.0,112.0,29.6626,29,3248,0.9777,109.498,0.5,0.5
flow_8314,0x1000207a,11,ICMP,48,auto,104.0,104.0,104.0,0.1866,0.432,104.0,104.0,104.0,0.0,0.483273,0.516727,0.5,6.995e-05,0.008363,16,1.0,2.0,104.0,16.532,33,3432,1.9961,207.5979,0.5,0.5
flow_8326,0x10002086,11,ICMP,48,auto,96.0,96.0,96.0,0.0678,0.2604,96.0,96.0,96.0,0.0,0.494407,0.505593,0.5,7.82e-06,0.002796,35,1.0,2.0,96.0,35.7713,71,6816,1.9848,190.5439,0.5,0.5
flow_8338,0x10002092,11,ICMP,48,auto,112.0,112.0,112.0,0.0783,0.2798,112.0,112.0,112.0,0.0,0.484932,0.515068,0.5,5.676e-05,0.007534,32,1.0,2.0,112.0,32.1224,64,7168,1.9924,223.1462,0.5,0.5
flow_8350,0x1000209e,11,ICMP,48,auto,96.0,96.0,96.0,0.0395,0.1988,96.0,96.0,96.0,0.0,0.979038,1.020962,1.0,0.00010985,0.010481,19,1.0,2.0,96.0,39.6361,39,3744,0.984,94.4595,0.5,0.5
flow_8362,0x100020aa,11,ICMP,48,auto,112.0,112.0,112.0,0.2602,0.5101,112.0,112.0,112.0,0.0,0.984316,1.015684,1.0,6.15e-05,0.007842,15,1.0,2.0,112.0,30.041,30,3360,0.9986,111.8473,0.5,0.5
flow_8374,0x100020b6,11,ICMP,48,auto,112.0,112.0,112.0,0.4976,0.7054,112.0,112.0,112.0,0.0,0.481069,0.518931,0.5,8.959e-05,0.009465,18,1.0,2.0,112.0,18.4617,36,4032,1.95,218.3978,0.5,0.5
flow_8386,0x100020c2,11,ICMP,48,auto,96.0,96.0,96.0,0.1788,0.4229,96.0,96.0,96.0,0.0,0.482468,0.517532,0.5,7.684e-05,0.008766,26,1.0,2.0,96.0,26.1944,52,4992,1.9852,190.5752,0.5,0.5
flow_8398,0x100020ce,11,ICMP,48,auto,96.0,96.0,96.0,0.0984,0.3137,96.0,96.0,96.0,0.0,0.980795,1.019205,1.0,9.221e-05,0.009602,11,1.0,2.0,96.0,23.1778,23,2208,0.9923,95.2637,0.5,0.5
flow_8410,0x100020da,11,ICMP,48,auto,112.0,112.0,112.0,0.2518,0.5018,112.0,112.0,112.0,0.0,0.980419,1.019581,1.0,9.586e-05,0.009791,6,1.0,2.0,112.0,13.0561,13,1456,0.9957,111.5187,0.5,0.5
flow_8422,0x100020e6,11,ICMP,48,auto,96.0,96.0,96.0,0.4131,0.6428,96.0,96.0,96.0,0.0,0.986131,1.013869,1.0,4.809e-05,0.006935,7,1.0,2.0,96.0,15.6905,15,1440,0.956,91.7755,0.5,0.5
flow_8434,0x100020f2,11,ICMP,48,auto,104.0,104.0,104.0,0.1877,0.4333,104.0,104.0,104.0,0.0,0.992824,1.007176,1.0,1.287e-05,0.003588,15,1.0,2.0,104.0,30.8299,30,3120,0.9731,101.2006,0.5,0.5
flow_8446,0x100020fe,11,ICMP,48,auto,104.0,104.0,104.0,0.4144,0.6437,104.0,104.0,104.0,0.0,0.47756,0.52244,0.5,0.00012589,0.01122,14,1.0,2.0,104.0,14.4781,28,2912,1.934,201.1311,0.5,0.5
flow_8458,0x1000210a,11,ICMP,48,auto,96.0,96.0,96.0,0.0506,0.2249,96.0,96.0,96.0,0.0,0.491476,0.508524,0.5,1.817e-05,0.004262,39,1.0,2.0,96.0,39.5845,79,7584,1.9957,191.5899,0.5,0.5
flow_8470,0x10002116,11,ICMP,48,auto,104.0,104.0,104.0,0.0365,0.1912,104.0,104.0,104.0,0.0,0.980999,1.019001,1.0,9.026e-05,0.0095,17,1.0,2.0,104.0,35.6032,35,3640,0.9831,102.2379,0.5,0.5
flow_8482,0x10002122,11,ICMP,48,auto,96.0,96.0,96.0,0.3572,0.5977,96.0,96.0,96.0,0.0,0.981286,1.018714,1.0,8.755e-05,0.009357,13,1.0,2.0,96.0,26.6803,26,2496,0.9745,93.552,0.5,0.5
flow_8494,0x1000212e,11,ICMP,48,auto,96.0,96.0,96.0,0.4714,0.6866,96.0,96.0,96.0,0.0,0.493597,0.506403,0.5,1.025e-05,0.003201,39,1.0,2.0,96.0,39.674,79,7584,1.9912,191.1582,0.5,0.5
flow_8506,0x1000213a,11,ICMP,48,auto,112.0,112.0,112.0,0.0117,0.1082,112.0,112.0,112.0,0.0,0.486653,0.513347,0.5,4.453e-05,0.006673,14,1.0,2.0,112.0,14.6625,29,3248,1.9778,221.5181,0.5,0.5
flow_8518,0x10002146,11,ICMP,48,auto,96.0,96.0,96.0,0.5024,0.7088,96.0,96.0,96.0,0.0,0.483547,0.516453,0.5,6.768e-05,0.008227,34,1.0,2.0,96.0,34.9871,69,6624,1.9722,189.3268,0.5,0.5
flow_8530,0x10002152,11,ICMP,48,auto,96.0,96.0,96.0,0.4338,0.6586,96.0,96.0,96.0,0.0,0.48658,0.51342,0.5,4.502e-05,0.00671,10,1.0,2.0,96.0,10.0668,20,1920,1.9867,190.7257,0.5,0.5
flow_8542,0x1000215e,11,ICMP,48,auto,96.0,96.0,96.0,0.4414,0.6644,96.0,96.0,96.0,0.0,0.477814,0.522186,0.5,0.00012305,0.011093,25,1.0,2.0,96.0,25.4125,50,4800,1.9675,188.8837,0.5,0.5
flow_8554,0x1000216a,11,ICMP,48,auto,96.0,96.0,96.0,0.1678,0.4096,96.0,96.0,96.0,0.0,0.983467,1.016533,1.0,6.834e-05,0.008267,15,1.0,2.0,96.0,31.7889,31,2976,0.9752,93.6176,0.5,0.5
flow_8566,0x10002176,11,ICMP,48,auto,104.0,104.0,104.0,0.0644,0.2537,104.0,104.0,104.0,0.0,0.992771,1.007229,1.0,1.306e-05,0.003614,19,1.0,2.0,104.0,39.3122,39,4056,0.9921,103.1741,0.5,0.5
flow_8578,0x10002182,11,ICMP,48,auto,96.0,96.0,96.0,0.3904,0.6248,96.0,96.0,96.0,0.0,0.478072,0.521928,0.5,0.0001202,0.010964,34,1.0,2.0,96.0,34.0032,68,6528,1.9998,191.9822,0.5,0.5
flow_8590,0x1000218e,11,ICMP,48,auto,112.0,112.0,112.0,0.1186,0.3443,112.0,112.0,112.0,0.0,0.986554,1.013446,1.0,4.52e-05,0.006723,8,1.0,2.0,112.0,17.9994,17,1904,0.9445,105.7815,0.5,0.5
flow_8602,0x1000219a,11,ICMP,48,auto,104.0,104.0,104.0,0.1123,0.3351,104.0,104.0,104.0,0.0,0.994909,1.005091,1.0,6.48e-06,0.002545,5,1.0,2.0,104.0,11.7888,11,1144,0.9331,97.0412,0.5,0.5
flow_8614,0x100021a6,11,ICMP,48,auto,96.0,96.0,96.0,0.0694,0.2635,96.0,96.0,96.0,0.0,0.488141,0.511859,0.5,3.516e-05,0.00593,37,1.0,2.0,96.0,37.3942,74,7104,1.9789,189.9762,0.5,0.5
flow_8626,0x100021b2,11,ICMP,48,auto,104.0,104.0,104.0,0.2236,0.4728,104.0,104.0,104.0,0.0,0.985884,1.014116,1.0,4.982e-05,0.007058,12,1.0,2.0,104.0,25.277,25,2600,0.989,102.8602,0.5,0.5
flow_8638,0x100021be,11,ICMP,48,auto,112.0,112.0,112.0,0.1987,0.4458,112.0,112.0,112.0,0.0,0.477646,0.522354,0.5,0.00012492,0.011177,23,1.0,2.0,112.0,23.3967,46,5152,1.9661,220.2019,0.5,0.5
flow_8650,0x100021ca,11,ICMP,48,auto,112.0,112.0,112.0,0.2973,0.5453,112.0,112.0,112.0,0.0,0.994197,1.005803,1.0,8.42e-06,0.002902,17,1.0,2.0,112.0,34.8374,34,3808,0.976,109.3078,0.5,0.5
flow_8662,0x100021d6,11,ICMP,48,auto,96.0,96.0,96.0,0.3593,0.5994,96.0,96.0,96.0,0.0,0.494576,0.505424,0.5,7.36e-06,0.002712,16,1.0,2.0,96.0,16.9389,33,3168,1.9482,187.0248,0.5,0.5
flow_8674,0x100021e2,11,ICMP,48,auto,96.0,96.0,96.0,0.3399,0.583,96.0,96.0,96.0,0.0,0.47731,0.52269,0.5,0.00012871,0.011345,26,1.0,2.0,96.0,26.1957,52,4992,1.9851,190.5656,0.5,0.5
flow_8686,0x100021ee,11,ICMP,48,auto,96.0,96.0,96.0,0.019,0.1377,96.0,96.0,96.0,0.0,0.980578,1.019422,1.0,9.431e-05,0.009711,14,1.0,2.0,96.0,29.3961,29,2784,0.9865,94.7065,0.5,0.5
flow_8698,0x100021fa,11,ICMP,48,auto,112.0,112.0,112.0,0.5169,0.719,112.0,112.0,112.0,0.0,0.992849,1.007151,1.0,1.278e-05,0.003575,12,1.0,2.0,112.0,25.2739,25,2800,0.9892,110.786,0.5,0.5
flow_8710,0x10002206,11,ICMP,48,auto,96.0,96.0,96.0,0.3744,0.6119,96.0,96.0,96.0,0.0,0.988667,1.011333,1.0,3.211e-05,0.005666,10,1.0,2.0,96.0,21.647,21,2016,0.9701,93.1309,0.5,0.5
flow_8722,0x10002212,11,ICMP,48,auto,96.0,96.0,96.0,0.041,0.2026,96.0,96.0,96.0,0.0,0.989829,1.010171,1.0,2.586e-05,0.005086,19,1.0,2.0,96.0,39.8428,39,3744,0.9788,93.9692,0.5,0.5
flow_8734,0x1000221e,11,ICMP,48,auto,96.0,96.0,96.0,0.0135,0.1161,96.0,96.0,96.0,0.0,0.487126,0.512874,0.5,4.144e-05,0.006437,10,1.0,2.0,96.0,10.9751,21,2016,1.9134,183.6892,0.5,0.5
flow_8746,0x1000222a,11,ICMP,48,auto,112.0,112.0,112.0,0.1734,0.4165,112.0,112.0,112.0,0.0,0.988622,1.011378,1.0,3.237e-05,0.005689,5,1.0,2.0,112.0,10.5682,10,1120,0.9462,105.9785,0.5,0.5
flow_8758,0x10002236,11,ICMP,48,auto,104.0,104.0,104.0,0.4774,0.6909,104.0,104.0,104.0,0.0,0.476764,0.523236,0.5,0.00013498,0.011618,33,1.0,2.0,104.0,33.4224,66,6864,1.9747,205.3714,0.5,0.5
flow_8770,0x10002242,11,ICMP,48,auto,104.0,104.0,104.0,0.0188,0.137,104.0,104.0,104.0,0.0,0.478075,0.521925,0.5,0.00012018,0.010963,28,1.0,2.0,104.0,28.6276,57,5928,1.9911,207.0731,0.5,0.5
flow_8782,0x1000224e,11,ICMP,48,auto,96.0,96.0,96.0,0.017,0.1303,96.0,96.0,96.0,0.0,0.978298,1.021702,1.0,0.00011775,0.010851,8,1.0,2.0,96.0,17.6827,17,1632,0.9614,92.2938,0.5,0.5
flow_8794,0x1000225a,11,ICMP,48,auto,96.0,96.0,96.0,0.0177,0.1331,96.0,96.0,96.0,0.0,0.980225,1.019775,1.0,9.776e-05,0.009887,11,1.0,2.0,96.0,23.7126,23,2208,0.9699,93.115,0.5,0.5
flow_8806,0x10002266,11,ICMP,48,auto,112.0,112.0,112.0,0.0135,0.1163,112.0,112.0,112.0,0.0,0.984202,1.015798,1.0,6.24e-05,0.007899,10,1.0,2.0,112.0,20.7048,20,2240,0.966,108.1874,0.5,0.5
flow_8818,0x10002272,11,ICMP,48,auto,104.0,104.0,104.0,0.0386,0.1965,104.0,104.0,104.0,0.0,0.491325,0.508675,0.5,1.881e-05,0.004338,32,1.0,2.0,104.0,32.1347,64,6656,1.9916,207.1282,0.5,0.5
flow_8830,0x1000227e,11,ICMP,48,auto,112.0,112.0,112.0,0.1298,0.3603,112.0,112.0,112.0,0.0,0.991559,1.008441,1.0,1.781e-05,0.00422,14,1.0,2.0,112.0,28.3433,28,3136,0.9879,110.6436,0.5,0.5
flow_8842,0x1000228a,11,ICMP,48,auto,96.0,96.0,96.0,0.0188,0.1369,96.0,96.0,96.0,0.0,0.978398,1.021602,1.0,0.00011666,0.010801,14,1.0,2.0,96.0,28.4853,28,2688,0.983,94.3644,0.5,0.5
flow_8854,0x10002296,11,ICMP,48,auto,104.0,104.0,104.0,0.2469,0.4969,104.0,104.0,104.0,0.0,0.495294,0.504706,0.5,5.54e-06,0.002353,37,1.0,2.0,104.0,37.952,75,7800,1.9762,205.5227,0.5,0.5
flow_8866,0x100022a2,11,ICMP,48,auto,96.0,96.0,96.0,0.077,0.2774,96.0,96.0,96.0,0.0,0.478728,0.521272,0.5,0.00011312,0.010636,38,1.0,2.0,96.0,38.0905,76,7296,1.9952,191.5436,0.5,0.5
flow_8878,0x100022ae,11,ICMP,48,auto,96.0,96.0,96.0,0.2559,0.5059,96.0,96.0,96.0,0.0,0.493393,0.506607,0.5,1.091e-05,0.003304,35,1.0,2.0,96.0,35.9056,71,6816,1.9774,189.8311,0.5,0.5
flow_8890,0x100022ba,11,ICMP,48,auto,112.0,112.0,112.0,0.3863,0.6216,112.0,112.0,112.0,0.0,0.491544,0.508456,0.5,1.787e-05,0.004228,17,1.0,2.0,112.0,17.6445,35,3920,1.9836,222.165,0.5,0.5
flow_8902,0x100022c6,11,ICMP,48,auto,104.0,104.0,104.0,0.0323,0.1797,104.0,104.0,104.0,0.0,0.481581,0.518419,0.5,8.481e-05,0.009209,37,1.0,2.0,104.0,37.1302,74,7696,1.993,207.2709,0.5,0.5
flow_8914,0x100022d2,11,ICMP,48,auto,96.0,96.0,96.0,0.1387,0.3724,96.0,96.0,96.0,0.0,0.994517,1.005483,1.0,7.52e-06,0.002742,7,1.0,2.0,96.0,15.6475,15,1440,0.9586,92.0276,0.5,0.5
flow_8926,0x100022de,11,ICMP,48,auto,104.0,104.0,104.0,0.3274,0.5722,104.0,104.0,104.0,0.0,0.491585,0.508415,0.5,1.77e-05,0.004208,10,1.0,2.0,104.0,10.0791,20,2080,1.9843,206.3672,0.5,0.5
flow_8938,0x100022ea,11,ICMP,48,auto,104.0,104.0,104.0,0.3197,0.5654,104.0,104.0,104.0,0.0,0.488175,0.511825,0.5,3.496e-05,0.005913,10,1.0,2.0,104.0,10.7266,21,2184,1.9577,203.6051,0.5,0.5
flow_8950,0x100022f6,11,ICMP,48,auto,112.0,112.0,112.0,0.0865,0.294,112.0,112.0,112.0,0.0,0.489993,0.510007,0.5,2.504e-05,0.005004,32,1.0,2.0,112.0,32.0228,64,7168,1.9986,223.8405,0.5,0.5
flow_8962,0x10002302,11,ICMP,48,auto,104.0,104.0,104.0,0.0709,0.2662,104.0,104.0,104.0,0.0,0.982161,1.017839,1.0,7.956e-05,0.00892,16,1.0,2.0,104.0,33.5854,33,3432,0.9826,102.1871,0.5,0.5
flow_8974,0x1000230e,11,ICMP,48,auto,104.0,104.0,104.0,0.2145,0.4632,104.0,104.0,104.0,0.0,0.494895,0.505105,0.5,6.51e-06,0.002552,38,1.0,2.0,104.0,38.6697,77,8008,1.9912,207.0869,0.5,0.5
flow_8986,0x1000231a,11,ICMP,48,auto,96.0,96.0,96.0,0.2556,0.5056,96.0,96.0,96.0,0.0,0.995166,1.004834,1.0,5.84e-06,0.002417,8,1.0,2.0,96.0,16.633,16,1536,0.9619,92.3464,0.5,0.5
flow_8998,0x10002326,11,ICMP,48,auto,112.0,112.0,112.0,0.07,0.2646,112.0,112.0,112.0,0.0,0.993786,1.006214,1.0,9.65e-06,0.003107,12,1.0,2.0,112.0,24.4924,24,2688,0.9799,109.7484,0.5,0.5
flow_9010,0x10002332,11,ICMP,48,auto,96.0,96.0,96.0,0.6241,0.79,96.0,96.0,96.0,0.0,0.978916,1.021084,1.0,0.00011113,0.010542,9,1.0,2.0,96.0,18.4994,18,1728,0.973,93.4083,0.5,0.5
flow_9022,0x1000233e,11,ICMP,48,auto,112.0,112.0,112.0,0.5741,0.7577,112.0,112.0,112.0,0.0,0.48349,0.51651,0.5,6.815e-05,0.008255,35,1.0,2.0,112.0,35.6991,71,7952,1.9888,222.7507,0.5,0.5
flow_9034,0x1000234a,11,ICMP,48,auto,96.0,96.0,96.0,0.4393,0.6628,96.0,96.0,96.0,0.0,0.97627,1.02373,1.0,0.00014078,0.011865,7,1.0,2.0,96.0,15.5755,15,1440,0.963,92.4528,0.5,0.5
flow_9046,0x10002356,11,ICMP,48,auto,112.0,112.0,112.0,0.0416,0.204,112.0,112.0,112.0,0.0,0.985776,1.014224,1.0,5.058e-05,0.007112,13,1.0,2.0,112.0,27.1671,27,3024,0.9938,111.3111,0.5,0.5
flow_9058,0x10002362,11,ICMP,48,auto,104.0,104.0,104.0,0.4114,0.6414,104.0,104.0,104.0,0.0,0.476235,0.523765,0.5,0.0001412,0.011883,11,1.0,2.0,104.0,11.8091,23,2392,1.9477,202.5559,0.5,0.5
flow_9070,0x1000236e,11,ICMP,48,auto,96.0,96.0,96.0,0.1505,0.388,96.0,96.0,96.0,0.0,0.990443,1.009557,1.0,2.284e-05,0.004779,9,1.0,2.0,96.0,19.3278,19,1824,0.983,94.372,0.5,0.5
flow_9082,0x1000237a,11,ICMP,48,auto,112.0,112.0,112.0,0.2142,0.4628,112.0,112.0,112.0,0.0,0.988117,1.011883,1.0,3.53e-05,0.005941,7,1.0,2.0,112.0,15.0056,15,1680,0.9996,111.9581,0.5,0.5
flow_9094,0x10002386,11,ICMP,48,auto,104.0,104.0,104.0,0.3692,0.6076,104.0,104.0,104.0,0.0,0.986736,1.013264,1.0,4.399e-05,0.006632,12,1.0,2.0,104.0,25.3883,25,2600,0.9847,102.4093,0.5,0.5
flow_9106,0x10002392,11,ICMP,48,auto,104.0,104.0,104.0,0.0276,0.1662,104.0,104.0,104.0,0.0,0.975679,1.024321,1.0,0.00014787,0.01216,6,1.0,2.0,104.0,13.6673,13,1352,0.9512,98.9219,0.5,0.5
flow_9118,0x1000239e,11,ICMP,48,auto,96.0,96.0,96.0,0.0384,0.1961,96.0,96.0,96.0,0.0,0.986902,1.013098,1.0,4.289e-05,0.006549,9,1.0,2.0,96.0,19.5194,19,1824,0.9734,93.4455,0.5,0.5
flow_9130,0x100023aa,11,ICMP,48,auto,104.0,104.0,104.0,0.4855,0.6968,104.0,104.0,104.0,0.0,0.484694,0.515306,0.5,5.857e-05,0.007653,33,1.0,2.0,104.0,33.7543,67,6968,1.9849,206.4327,0.5,0.5
flow_9142,0x100023b6,11,ICMP,48,auto,112.0,112.0,112.0,0.0652,0.2553,112.0,112.0,112.0,0.0,0.983192,1.016808,1.0,7.063e-05,0.008404,8,1.0,2.0,112.0,16.5106,16,1792,0.9691,108.5365,0.5,0.5
flow_9154,0x100023c2,11,ICMP,48,auto,104.0,104.0,104.0,0.1133,0.3366,104.0,104.0,104.0,0.0,0.986281,1.013719,1.0,4.705e-05,0.006859,7,1.0,2.0,104.0,15.5961,15,1560,0.9618,100.0253,0.5,0.5
flow_9166,0x100023ce,11,ICMP,48,auto,96.0,96.0,96.0,0.0146,0.1207,96.0,96.0,96.0,0.0,0.475823,0.524177,0.5,0.00014614,0.012089,22,1.0,2.0,96.0,22.1217,44,4224,1.989,190.9439,0.5,0.5
flow_9178,0x100023da,11,ICMP,48,auto,96.0,96.0,96.0,0.1301,0.3607,96.0,96.0,96.0,0.0,0.491941,0.508059,0.5,1.624e-05,0.00403,38,1.0,2.0,96.0,38.6459,77,7392,1.9924,191.2751,0.5,0.5
flow_9190,0x100023e6,11,ICMP,48,auto,96.0,96.0,96.0,0.3274,0.5722,96.0,96.0,96.0,0.0,0.482378,0.517622,0.5,7.763e-05,0.008811,35,1.0,2.0,96.0,35.6158,71,6816,1.9935,191.3756,0.5,0.5
flow_9202,0x100023f2,11,ICMP,48,auto,104.0,104.0,104.0,0.402,0.634,104.0,104.0,104.0,0.0,0.492996,0.507004,0.5,1.226e-05,0.003502,11,1.0,2.0,104.0,11.4429,22,2288,1.9226,199.9498,0.5,0.5
flow_9214,0x100023fe,11,ICMP,48,auto,96.0,96.0,96.0,0.2424,0.4924,96.0,96.0,96.0,0.0,0.991385,1.008615,1.0,1.855e-05,0.004307,14,1.0,2.0,96.0,28.5782,28,2688,0.9798,94.0578,0.5,0.5
flow_9226,0x1000240a,11,ICMP,48,auto,112.0,112.0,112.0,0.4442,0.6665,112.0,112.0,112.0,0.0,0.980405,1.019595,1.0,9.599e-05,0.009797,7,1.0,2.0,112.0,14.7033,14,1568,0.9522,106.643,0.5,0.5
flow_9238,0x10002416,11,ICMP,48,auto,104.0,104.0,104.0,0.1612,0.4015,104.0,104.0,104.0,0.0,0.493271,0.506729,0.5,1.132e-05,0.003365,17,1.0,2.0,104.0,17.2183,34,3536,1.9746,205.3631,0.5,0.5
flow_9250,0x10002422,11,ICMP,48,auto,112.0,112.0,112.0,0.0635,0.252,112.0,112.0,112.0,0.0,0.987458,1.012542,1.0,3.932e-05,0.006271,8,1.0,2.0,112.0,16.7353,16,1792,0.9561,107.0791,0.5,0.5
flow_9262,0x1000242e,11,ICMP,48,auto,104.0,104.0,104.0,0.2261,0.4755,104.0,104.0,104.0,0.0,0.49144,0.50856,0.5,1.832e-05,0.00428,14,1.0,2.0,104.0,14.5711,29,3016,1.9902,206.9845,0.5,0.5
flow_9274,0x1000243a,11,ICMP,48,auto,104.0,104.0,104.0,0.2158,0.4645,104.0,104.0,104.0,0.0,0.484999,0.515001,0.5,5.626e-05,0.007501,10,1.0,2.0,104.0,10.5184,21,2184,1.9965,207.6365,0.5,0.5
flow_9286,0x10002446,11,ICMP,48,auto,112.0,112.0,112.0,0.3129,0.5594,112.0,112.0,112.0,0.0,0.975885,1.024115,1.0,0.00014538,0.012057,14,1.0,2.0,112.0,28.3444,28,3136,0.9878,110.6391,0.5,0.5
flow_9298,0x10002452,11,ICMP,48,auto,104.0,104.0,104.0,0.0783,0.2798,104.0,104.0,104.0,0.0,0.986988,1.013012,1.0,4.233e-05,0.006506,17,1.0,2.0,104.0,35.0507,35,3640,0.9986,103.8495,0.5,0.5
flow_9310,0x1000245e,11,ICMP,48,auto,104.0,104.0,104.0,0.476,0.6899,104.0,104.0,104.0,0.0,0.485365,0.514635,0.5,5.355e-05,0.007318,27,1.0,2.0,104.0,27.9277,55,5720,1.9694,204.8148,0.5,0.5
flow_9322,0x1000246a,11,ICMP,48,auto,112.0,112.0,112.0,0.3243,0.5695,112.0,112.0,112.0,0.0,0.987805,1.012195,1.0,3.718e-05,0.006097,7,1.0,2.0,112.0,15.4039,15,1680,0.9738,109.0633,0.5,0.5
flow_9334,0x10002476,11,ICMP,48,auto,104.0,104.0,104.0,0.2415,0.4914,104.0,104.0,104.0,0.0,0.479575,0.520425,0.5,0.0001043,0.010213,16,1.0,2.0,104.0,16.1577,32,3328,1.9805,205.9693,0.5,0.5
flow_9346,0x10002482,11,ICMP,48,auto,112.0,112.0,112.0,0.1174,0.3427,112.0,112.0,112.0,0.0,0.976994,1.023006,1.0,0.00013232,0.011503,18,1.0,2.0,112.0,36.7343,36,4032,0.98,109.761,0.5,0.5
flow_9358,0x1000248e,11,ICMP,48,auto,112.0,112.0,112.0,0.1113,0.3336,112.0,112.0,112.0,0.0,0.491756,0.508244,0.5,1.699e-05,0.004122,38,1.0,2.0,112.0,38.6466,77,8624,1.9924,223.1503,0.5,0.5
flow_9370,0x1000249a,11,ICMP,48,auto,96.0,96.0,96.0,0.0962,0.3101,96.0,96.0,96.0,0.0,0.479101,0.520899,0.5,0.00010919,0.010449,31,1.0,2.0,96.0,31.8872,63,6048,1.9757,189.6683,0.5,0.5
flow_9382,0x100024a6,11,ICMP,48,auto,104.0,104.0,104.0,0.2881,0.5368,104.0,104.0,104.0,0.0,0.486012,0.513988,0.5,4.892e-05,0.006994,21,1.0,2.0,104.0,21.4644,42,4368,1.9567,203.5001,0.5,0.5
flow_9394,0x100024b2,11,ICMP,48,auto,112.0,112.0,112.0,0.0889,0.2981,112.0,112.0,112.0,0.0,0.477736,0.522264,0.5,0.00012392,0.011132,14,1.0,2.0,112.0,14.4679,28,3136,1.9353,216.7553,0.5,0.5
flow_9406,0x100024be,11,ICMP,48,auto,112.0,112.0,112.0,0.0108,0.1038,112.0,112.0,112.0,0.0,0.980439,1.019561,1.0,9.566e-05,0.009781,15,1.0,2.0,112.0,31.2592,31,3472,0.9917,111.0714,0.5,0.5
flow_9418,0x100024ca,11,ICMP,48,auto,112.0,112.0,112.0,0.1467,0.383,112.0,112.0,112.0,0.0,0.489055,0.510945,0.5,2.995e-05,0.005473,20,1.0,2.0,112.0,20.4457,40,4480,1.9564,219.1172,0.5,0.5
flow_9430,0x100024d6,11,ICMP,48,auto,104.0,104.0,104.0,0.3781,0.6149,104.0,104.0,104.0,0.0,0.976685,1.023315,1.0,0.00013589,0.011657,10,1.0,2.0,104.0,20.3248,20,2080,0.984,102.338,0.5,0.5
flow_9442,0x100024e2,11,ICMP,48,auto,96.0,96.0,96.0,0.0252,0.1586,96.0,96.0,96.0,0.0,0.979559,1.020441,1.0,0.00010446,0.010221,12,1.0,2.0,96.0,25.5894,25,2400,0.977,93.789,0.5,0.5
flow_9454,0x100024ee,11,ICMP,48,auto,112.0,112.0,112.0,0.4586,0.6772,112.0,112.0,112.0,0.0,0.980669,1.019331,1.0,9.342e-05,0.009665,5,1.0,2.0,112.0,11.4718,11,1232,0.9589,107.3934,0.5,0.5
flow_9466,0x100024fa,11,ICMP,48,auto,96.0,96.0,96.0,0.5322,0.7295,96.0,96.0,96.0,0.0,0.991712,1.008288,1.0,1.717e-05,0.004144,13,1.0,2.0,96.0,26.6389,26,2496,0.976,93.6975,0.5,0.5
flow_9478,0x10002506,11,ICMP,48,auto,96.0,96.0,96.0,0.1787,0.4227,96.0,96.0,96.0,0.0,0.4889,0.5111,0.5,3.08e-05,0.00555,19,1.0,2.0,96.0,19.9203,39,3744,1.9578,187.9493,0.5,0.5
flow_9490,0x10002512,11,ICMP,48,auto,112.0,112.0,112.0,0.0624,0.2498,112.0,112.0,112.0,0.0,0.978521,1.021479,1.0,0.00011534,0.01074,6,1.0,2.0,112.0,13.0905,13,1456,0.9931,111.2259,0.5,0.5
flow_9502,0x1000251e,11,ICMP,48,auto,96.0,96.0,96.0,0.4355,0.6599,96.0,96.0,96.0,0.0,0.991256,1.008744,1.0,1.911e-05,0.004372,18,1.0,2.0,96.0,36.1977,36,3456,0.9945,95.4758,0.5,0.5
flow_9514,0x1000252a,11,ICMP,48,auto,112.0,112.0,112.0,0.6224,0.7889,112.0,112.0,112.0,0.0,0.493252,0.506748,0.5,1.138e-05,0.003374,32,1.0,2.0,112.0,32.3052,64,7168,1.9811,221.8839,0.5,0.5
flow_9526,0x10002536,11,ICMP,48,auto,104.0,104.0,104.0,0.0525,0.2291,104.0,104.0,104.0,0.0,0.491882,0.508118,0.5,1.648e-05,0.004059,34,1.0,2.0,104.0,34.1335,68,7072,1.9922,207.1866,0.5,0.5
flow_9538,0x10002542,11,ICMP,48,auto,96.0,96.0,96.0,0.138,0.3715,96.0,96.0,96.0,0.0,0.988999,1.011001,1.0,3.026e-05,0.005501,10,1.0,2.0,96.0,21.2347,21,2016,0.9889,94.9389,0.5,0.5
flow_9550,0x1000254e,11,ICMP,48,auto,96.0,96.0,96.0,0.1165,0.3414,96.0,96.0,96.0,0.0,0.993572,1.006428,1.0,1.033e-05,0.003214,13,1.0,2.0,96.0,27.4219,27,2592,0.9846,94.5231,0.5,0.5
flow_9562,0x1000255a,11,ICMP,48,auto,112.0,112.0,112.0,0.3984,0.6312,112.0,112.0,112.0,0.0,0.478878,0.521122,0.5,0.00011153,0.010561,39,1.0,2.0,112.0,39.5152,79,8848,1.9992,223.9137,0.5,0.5
flow_9574,0x10002566,11,ICMP,48,auto,104.0,104.0,104.0,0.1147,0.3387,104.0,104.0,104.0,0.0,0.994648,1.005352,1.0,7.16e-06,0.002676,8,1.0,2.0,104.0,17.6701,17,1768,0.9621,100.0563,0.5,0.5
flow_9586,0x10002572,11,ICMP,48,auto,104.0,104.0,104.0,0.3797,0.6162,104.0,104.0,104.0,0.0,0.994386,1.005614,1.0,7.88e-06,0.002807,10,1.0,2.0,104.0,21.7086,21,2184,0.9674,100.6053,0.5,0.5
flow_9598,0x1000257e,11,ICMP,48,auto,104.0,104.0,104.0,0.0874,0.2957,104.0,104.0,104.0,0.0,0.489879,0.510121,0.5,2.561e-05,0.005061,23,1.0,2.0,104.0,23.2523,46,4784,1.9783,205.7432,0.5,0.5
flow_9610,0x1000258a,11,ICMP,48,auto,96.0,96.0,96.0,0.1022,0.3196,96.0,96.0,96.0,0.0,0.994779,1.005221,1.0,6.81e-06,0.00261,11,1.0,2.0,96.0,22.5173,22,2112,0.977,93.7946,0.5,0.5
flow_9622,0x10002596,11,ICMP,48,auto,96.0,96.0,96.0,0.1852,0.4304,96.0,96.0,96.0,0.0,0.990018,1.009982,1.0,2.491e-05,0.004991,18,1.0,2.0,96.0,36.3473,36,3456,0.9904,95.0827,0.5,0.5
flow_9634,0x100025a2,11,ICMP,48,auto,104.0,104.0,104.0,0.1058,0.3252,104.0,104.0,104.0,0.0,0.479548,0.520452,0.5,0.00010457,0.010226,25,1.0,2.0,104.0,25.6452,51,5304,1.9887,206.8221,0.5,0.5
flow_9646,0x100025ae,11,ICMP,48,auto,96.0,96.0,96.0,0.2047,0.4525,96.0,96.0,96.0,0.0,0.487193,0.512807,0.5,4.101e-05,0.006404,39,1.0,2.0,96.0,39.0664,78,7488,1.9966,191.6736,0.5,0.5
flow_9658,0x100025ba,11,ICMP,48,auto,96.0,96.0,96.0,0.2326,0.4823,96.0,96.0,96.0,0.0,0.993118,1.006882,1.0,1.184e-05,0.003441,5,1.0,2.0,96.0,10.8288,10,960,0.9235,88.6527,0.5,0.5
flow_9670,0x100025c6,11,ICMP,48,auto,104.0,104.0,104.0,0.1415,0.3762,104.0,104.0,104.0,0.0,0.487074,0.512926,0.5,4.177e-05,0.006463,34,1.0,2.0,104.0,34.7715,69,7176,1.9844,206.3761,0.5,0.5
flow_9682,0x100025d2,11,ICMP,48,auto,112.0,112.0,112.0,0.4367,0.6609,112.0,112.0,112.0,0.0,0.985145,1.014855,1.0,5.517e-05,0.007428,15,1.0,2.0,112.0,30.4467,30,3360,0.9853,110.3568,0.5,0.5
flow_9694,0x100025de,11,ICMP,48,auto,104.0,104.0,104.0,0.419,0.6473,104.0,104.0,104.0,0.0,0.988914,1.011086,1.0,3.072e-05,0.005543,17,1.0,2.0,104.0,34.3932,34,3536,0.9886,102.811,0.5,0.5
flow_9706,0x100025ea,11,ICMP,48,auto,112.0,112.0,112.0,0.1497,0.3869,112.0,112.0,112.0,0.0,0.493179,0.506821,0.5,1.163e-05,0.00341,15,1.0,2.0,112.0,15.5935,31,3472,1.988,222.6567,0.5,0.5
flow_9718,0x100025f6,11,ICMP,48,auto,112.0,112.0,112.0,0.4763,0.6901,112.0,112.0,112.0,0.0,0.986214,1.013786,1.0,4.751e-05,0.006893,9,1.0,2.0,112.0,19.5707,19,2128,0.9708,108.7338,0.5,0.5
flow_9730,0x10002602,11,ICMP,48,auto,104.0,104.0,104.0,0.5363,0.7323,104.0,104.0,104.0,0.0,0.980036,1.019964,1.0,9.964e-05,0.009982,18,1.0,2.0,104.0,37.2934,37,3848,0.9921,103.1818,0.5,0.5
flow_9742,0x1000260e,11,ICMP,48,auto,112.0,112.0,112.0,0.0461,0.2147,112.0,112.0,112.0,0.0,0.985115,1.014885,1.0,5.539e-05,0.007442,6,1.0,2.0,112.0,13.2026,13,1456,0.9847,110.2812,0.5,0.5
flow_9754,0x1000261a,11,ICMP,48,auto,104.0,104.0,104.0,0.3482,0.5901,104.0,104.0,104.0,0.0,0.477565,0.522435,0.5,0.00012583,0.011217,19,1.0,2.0,104.0,19.6768,39,4056,1.982,206.1313,0.5,0.5
flow_9766,0x10002626,11,ICMP,48,auto,96.0,96.0,96.0,0.618,0.7861,96.0,96.0,96.0,0.0,0.988829,1.011171,1.0,3.12e-05,0.005586,15,1.0,2.0,96.0,30.1138,30,2880,0.9962,95.6371,0.5,0.5
flow_9778,0x10002632,11,ICMP,48,auto,104.0,104.0,104.0,0.3111,0.5578,104.0,104.0,104.0,0.0,0.495064,0.504936,0.5,6.09e-06,0.002468,31,1.0,2.0,104.0,31.3936,62,6448,1.9749,205.3925,0.5,0.5
flow_9790,0x1000263e,11,ICMP,48,auto,96.0,96.0,96.0,0.0348,0.1865,96.0,96.0,96.0,0.0,0.490183,0.509817,0.5,2.409e-05,0.004909,22,1.0,2.0,96.0,22.2982,44,4224,1.9733,189.4321,0.5,0.5
flow_9802,0x1000264a,11,ICMP,48,auto,96.0,96.0,96.0,0.0161,0.1268,96.0,96.0,96.0,0.0,0.982555,1.017445,1.0,7.608e-05,0.008722,6,1.0,2.0,96.0,12.0157,12,1152,0.9987,95.8747,0.5,0.5
flow_9814,0x10002656,11,ICMP,48,auto,104.0,104.0,104.0,0.1847,0.4298,104.0,104.0,104.0,0.0,0.98257,1.01743,1.0,7.595e-05,0.008715,13,1.0,2.0,104.0,26.0943,26,2704,0.9964,103.624,0.5,0.5
flow_9826,0x10002662,11,ICMP,48,auto,112.0,112.0,112.0,0.1904,0.4363,112.0,112.0,112.0,0.0,0.981751,1.018249,1.0,8.325e-05,0.009124,9,1.0,2.0,112.0,18.6252,18,2016,0.9664,108.2406,0.5,0.5
flow_9838,0x1000266e,11,ICMP,48,auto,96.0,96.0,96.0,0.257,0.507,96.0,96.0,96.0,0.0,0.493905,0.506095,0.5,9.29e-06,0.003048,21,1.0,2.0,96.0,21.7021,43,4128,1.9814,190.2123,0.5,0.5
flow_9850,0x1000267a,11,ICMP,48,auto,104.0,104.0,104.0,0.1162,0.3409,104.0,104.0,104.0,0.0,0.975691,1.024309,1.0,0.00014773,0.012154,9,1.0,2.0,104.0,19.4547,19,1976,0.9766,101.5695,0.5,0.5
flow_9862,0x10002686,11,ICMP,48,auto,112.0,112.0,112.0,0.0238,0.1544,112.0,112.0,112.0,0.0,0.482524,0.517476,0.5,7.635e-05,0.008738,23,1.0,2.0,112.0,23.736,47,5264,1.9801,221.7733,0.5,0.5
flow_9874,0x10002692,11,ICMP,48,auto,112.0,112.0,112.0,0.0237,0.154,112.0,112.0,112.0,0.0,0.477421,0.522579,0.5,0.00012745,0.01129,20,1.0,2.0,112.0,20.8725,41,4592,1.9643,220.0021,0.5,0.5
flow_9886,0x1000269e,11,ICMP,48,auto,104.0,104.0,104.0,0.5746,0.758,104.0,104.0,104.0,0.0,0.986535,1.013465,1.0,4.532e-05,0.006732,17,1.0,2.0,104.0,34.8703,34,3536,0.975,101.4044,0.5,0.5
flow_9898,0x100026aa,11,ICMP,48,auto,96.0,96.0,96.0,0.2328,0.4825,96.0,96.0,96.0,0.0,0.978505,1.021495,1.0,0.00011551,0.010747,8,1.0,2.0,96.0,17.3669,17,1632,0.9789,93.972,0.5,0.5
flow_9910,0x100026b6,11,ICMP,48,auto,96.0,96.0,96.0,0.142,0.3768,96.0,96.0,96.0,0.0,0.482778,0.517222,0.5,7.415e-05,0.008611,16,1.0,2.0,96.0,16.7806,33,3168,1.9666,188.7892,0.5,0.5
flow_9922,0x100026c2,11,ICMP,48,auto,104.0,104.0,104.0,0.3526,0.5938,104.0,104.0,104.0,0.0,0.487759,0.512241,0.5,3.746e-05,0.006121,37,1.0,2.0,104.0,37.5625,75,7800,1.9967,207.6541,0.5,0.5
flow_9934,0x100026ce,11,ICMP,48,auto,104.0,104.0,104.0,0.0372,0.1929,104.0,104.0,104.0,0.0,0.47991,0.52009,0.5,0.0001009,0.010045,18,1.0,2.0,104.0,18.0951,36,3744,1.9895,206.9065,0.5,0.5
flow_9946,0x100026da,11,ICMP,48,auto,96.0,96.0,96.0,0.4228,0.6502,96.0,96.0,96.0,0.0,0.982156,1.017844,1.0,7.96e-05,0.008922,15,1.0,2.0,96.0,31.454,31,2976,0.9856,94.6144,0.5,0.5
flow_9958,0x100026e6,11,ICMP,48,auto,96.0,96.0,96.0,0.0777,0.2787,96.0,96.0,96.0,0.0,0.979967,1.020033,1.0,0.00010033,0.010016,16,1.0,2.0,96.0,32.43,32,3072,0.9867,94.7271,0.5,0.5
flow_9970,0x100026f2,11,ICMP,48,auto,96.0,96.0,96.0,0.0364,0.1907,96.0,96.0,96.0,0.0,0.987652,1.012348,1.0,3.812e-05,0.006174,11,1.0,2.0,96.0,22.7375,22,2112,0.9676,92.8862,0.5,0.5
flow_9982,0x100026fe,11,ICMP,48,auto,112.0,112.0,112.0,0.0764,0.2765,112.0,112.0,112.0,0.0,0.47887,0.52113,0.5,0.00011162,0.010565,11,1.0,2.0,112.0,11.2771,22,2464,1.9508,218.4951,0.5,0.5
flow_9994,0x1000270a,11,ICMP,48,auto,112.0,112.0,112.0,0.0985,0.3138,112.0,112.0,112.0,0.0,0.977747,1.022253,1.0,0.0001238,0.011126,14,1.0,2.0,112.0,29.6731,29,3248,0.9773,109.4594,0.5,0.5
